date,planet,best_time_local,max_altitude_deg,solar_elong_deg,twilight_best_time_local,twilight_max_altitude_deg,visibility_rating,observation_period,sun_altitude_deg,all_day_best_time_local,all_day_max_altitude_deg
2026-01-01,Mercury,2026-01-01T05:00:00+11:00,2.2,12.06,2026-01-01T05:00:00+11:00,2.2,poor,predawn,-6.35,2026-01-01T12:30:00+11:00,71.21
2026-01-01,Venus,2026-01-01T05:00:00+11:00,-5.02,1.51,2026-01-01T05:00:00+11:00,-5.02,not visible,predawn,-6.35,2026-01-01T13:00:00+11:00,70.76
2026-01-01,Mars,2026-01-01T21:30:00+11:00,-4.41,2.2,2026-01-01T21:30:00+11:00,-4.41,not visible,evening,-6.26,2026-01-01T13:30:00+11:00,70.93
2026-01-01,Jupiter,2026-01-01T02:00:00+11:00,25.27,168.78,2026-01-01T02:00:00+11:00,25.27,good,overnight,-23.4,2026-01-01T02:00:00+11:00,25.27
2026-01-01,Saturn,2026-01-01T21:30:00+11:00,32.09,75.19,2026-01-01T21:30:00+11:00,32.09,good,evening,-6.26,2026-01-01T18:30:00+11:00,50.75
2026-01-01,Uranus,2026-01-01T22:00:00+11:00,27.7,136.9,2026-01-01T22:00:00+11:00,27.7,good,overnight,-10.33,2026-01-01T22:00:00+11:00,27.7
2026-01-01,Neptune,2026-01-01T21:30:00+11:00,32.1,78.5,2026-01-01T21:30:00+11:00,32.1,good,evening,-6.26,2026-01-01T18:30:00+11:00,48.66
2026-01-02,Mercury,2026-01-02T05:00:00+11:00,1.86,11.55,2026-01-02T05:00:00+11:00,1.86,poor,predawn,-6.48,2026-01-02T12:30:00+11:00,71.36
2026-01-02,Venus,2026-01-02T05:00:00+11:00,-5.28,1.3,2026-01-02T05:00:00+11:00,-5.28,not visible,predawn,-6.48,2026-01-02T13:00:00+11:00,70.67
2026-01-02,Mars,2026-01-02T21:30:00+11:00,-4.55,1.98,2026-01-02T21:30:00+11:00,-4.55,not visible,evening,-6.27,2026-01-02T13:30:00+11:00,70.86
2026-01-02,Jupiter,2026-01-02T02:00:00+11:00,25.25,169.93,2026-01-02T02:00:00+11:00,25.25,good,overnight,-23.5,2026-01-02T02:00:00+11:00,25.25
2026-01-02,Saturn,2026-01-02T21:30:00+11:00,31.47,74.23,2026-01-02T21:30:00+11:00,31.47,good,evening,-6.27,2026-01-02T18:00:00+11:00,50.69
2026-01-02,Uranus,2026-01-02T22:00:00+11:00,27.73,135.85,2026-01-02T22:00:00+11:00,27.73,good,overnight,-10.35,2026-01-02T22:00:00+11:00,27.73
2026-01-02,Neptune,2026-01-02T21:30:00+11:00,31.49,77.5,2026-01-02T21:30:00+11:00,31.49,good,evening,-6.27,2026-01-02T18:30:00+11:00,48.64
2026-01-03,Mercury,2026-01-03T05:00:00+11:00,1.5,11.05,2026-01-03T05:00:00+11:00,1.5,poor,predawn,-6.62,2026-01-03T12:30:00+11:00,71.47
2026-01-03,Venus,2026-01-03T05:00:00+11:00,-5.55,1.1,2026-01-03T05:00:00+11:00,-5.55,not visible,predawn,-6.62,2026-01-03T13:00:00+11:00,70.56
2026-01-03,Mars,2026-01-03T21:30:00+11:00,-4.7,1.76,2026-01-03T21:30:00+11:00,-4.7,not visible,evening,-6.28,2026-01-03T13:30:00+11:00,70.77
2026-01-03,Jupiter,2026-01-03T02:00:00+11:00,25.22,171.08,2026-01-03T02:00:00+11:00,25.22,good,overnight,-23.6,2026-01-03T02:00:00+11:00,25.22
2026-01-03,Saturn,2026-01-03T21:30:00+11:00,30.84,73.27,2026-01-03T21:30:00+11:00,30.84,good,evening,-6.28,2026-01-03T18:00:00+11:00,50.72
2026-01-03,Uranus,2026-01-03T22:00:00+11:00,27.75,134.81,2026-01-03T22:00:00+11:00,27.75,good,overnight,-10.37,2026-01-03T22:00:00+11:00,27.75
2026-01-03,Neptune,2026-01-03T21:30:00+11:00,30.88,76.49,2026-01-03T21:30:00+11:00,30.88,good,evening,-6.28,2026-01-03T18:30:00+11:00,48.6
2026-01-04,Mercury,2026-01-04T05:00:00+11:00,1.12,10.54,2026-01-04T05:00:00+11:00,1.12,poor,predawn,-6.76,2026-01-04T12:30:00+11:00,71.53
2026-01-04,Venus,2026-01-04T05:00:00+11:00,-5.83,0.93,2026-01-04T05:00:00+11:00,-5.83,not visible,predawn,-6.76,2026-01-04T13:00:00+11:00,70.43
2026-01-04,Mars,2026-01-04T21:30:00+11:00,-4.85,1.55,2026-01-04T21:30:00+11:00,-4.85,not visible,evening,-6.29,2026-01-04T13:30:00+11:00,70.69
2026-01-04,Jupiter,2026-01-04T02:00:00+11:00,25.17,172.23,2026-01-04T02:00:00+11:00,25.17,good,overnight,-23.71,2026-01-04T02:00:00+11:00,25.17
2026-01-04,Saturn,2026-01-04T21:30:00+11:00,30.21,72.32,2026-01-04T21:30:00+11:00,30.21,good,evening,-6.29,2026-01-04T18:00:00+11:00,50.73
2026-01-04,Uranus,2026-01-04T22:00:00+11:00,27.76,133.76,2026-01-04T22:00:00+11:00,27.76,good,overnight,-10.39,2026-01-04T22:00:00+11:00,27.76
2026-01-04,Neptune,2026-01-04T21:30:00+11:00,30.25,75.49,2026-01-04T21:30:00+11:00,30.25,good,evening,-6.29,2026-01-04T18:30:00+11:00,48.54
2026-01-05,Mercury,2026-01-05T05:00:00+11:00,0.73,10.02,2026-01-05T05:00:00+11:00,0.73,poor,predawn,-6.9,2026-01-05T12:30:00+11:00,71.56
2026-01-05,Venus,2026-01-05T21:30:00+11:00,-5.91,0.73,2026-01-05T21:30:00+11:00,-5.91,not visible,evening,-6.32,2026-01-05T13:30:00+11:00,70.35
2026-01-05,Mars,2026-01-05T21:30:00+11:00,-5.0,1.36,2026-01-05T21:30:00+11:00,-5.0,not visible,evening,-6.32,2026-01-05T13:30:00+11:00,70.59
2026-01-05,Jupiter,2026-01-05T02:00:00+11:00,25.1,173.38,2026-01-05T02:00:00+11:00,25.1,good,overnight,-23.83,2026-01-05T02:00:00+11:00,25.1
2026-01-05,Saturn,2026-01-05T21:30:00+11:00,29.57,71.36,2026-01-05T21:30:00+11:00,29.57,good,evening,-6.32,2026-01-05T18:00:00+11:00,50.73
2026-01-05,Uranus,2026-01-05T22:00:00+11:00,27.75,132.72,2026-01-05T22:00:00+11:00,27.75,good,overnight,-10.43,2026-01-05T22:00:00+11:00,27.75
2026-01-05,Neptune,2026-01-05T21:30:00+11:00,29.63,74.48,2026-01-05T21:30:00+11:00,29.63,good,evening,-6.32,2026-01-05T18:00:00+11:00,48.54
2026-01-06,Mercury,2026-01-06T05:00:00+11:00,0.32,9.5,2026-01-06T05:00:00+11:00,0.32,poor,predawn,-7.06,2026-01-06T12:30:00+11:00,71.55
2026-01-06,Venus,2026-01-06T21:30:00+11:00,-5.78,0.7,2026-01-06T21:30:00+11:00,-5.78,not visible,evening,-6.35,2026-01-06T13:30:00+11:00,70.29
2026-01-06,Mars,2026-01-06T21:30:00+11:00,-5.16,1.19,2026-01-06T21:30:00+11:00,-5.16,not visible,evening,-6.35,2026-01-06T13:30:00+11:00,70.5
2026-01-06,Jupiter,2026-01-06T01:30:00+11:00,25.11,174.51,2026-01-06T01:30:00+11:00,25.11,good,overnight,-24.62,2026-01-06T01:30:00+11:00,25.11
2026-01-06,Saturn,2026-01-06T21:30:00+11:00,28.93,70.41,2026-01-06T21:30:00+11:00,28.93,good,evening,-6.35,2026-01-06T18:00:00+11:00,50.7
2026-01-06,Uranus,2026-01-06T22:00:00+11:00,27.73,131.68,2026-01-06T22:00:00+11:00,27.73,good,overnight,-10.47,2026-01-06T22:00:00+11:00,27.73
2026-01-06,Neptune,2026-01-06T21:30:00+11:00,29.0,73.48,2026-01-06T21:30:00+11:00,29.0,good,evening,-6.35,2026-01-06T18:00:00+11:00,48.59
2026-01-07,Mercury,2026-01-07T05:00:00+11:00,-0.11,8.98,2026-01-07T05:00:00+11:00,-0.11,not visible,predawn,-7.21,2026-01-07T12:30:00+11:00,71.49
2026-01-07,Venus,2026-01-07T21:30:00+11:00,-5.66,0.76,2026-01-07T21:30:00+11:00,-5.66,not visible,evening,-6.38,2026-01-07T13:30:00+11:00,70.21
2026-01-07,Mars,2026-01-07T21:30:00+11:00,-5.32,1.06,2026-01-07T21:30:00+11:00,-5.32,not visible,evening,-6.38,2026-01-07T13:30:00+11:00,70.39
2026-01-07,Jupiter,2026-01-07T01:30:00+11:00,25.12,175.66,2026-01-07T01:30:00+11:00,25.12,good,overnight,-24.75,2026-01-07T01:30:00+11:00,25.12
2026-01-07,Saturn,2026-01-07T21:30:00+11:00,28.29,69.46,2026-01-07T21:30:00+11:00,28.29,good,evening,-6.38,2026-01-07T18:00:00+11:00,50.66
2026-01-07,Uranus,2026-01-07T22:00:00+11:00,27.69,130.64,2026-01-07T22:00:00+11:00,27.69,good,overnight,-10.51,2026-01-07T22:00:00+11:00,27.69
2026-01-07,Neptune,2026-01-07T21:30:00+11:00,28.36,72.48,2026-01-07T21:30:00+11:00,28.36,good,evening,-6.38,2026-01-07T18:00:00+11:00,48.61
2026-01-08,Mercury,2026-01-08T05:00:00+11:00,-0.56,8.45,2026-01-08T05:00:00+11:00,-0.56,not visible,predawn,-7.38,2026-01-08T12:30:00+11:00,71.4
2026-01-08,Venus,2026-01-08T21:30:00+11:00,-5.55,0.88,2026-01-08T21:30:00+11:00,-5.55,not visible,evening,-6.43,2026-01-08T13:30:00+11:00,70.11
2026-01-08,Mars,2026-01-08T21:30:00+11:00,-5.49,0.97,2026-01-08T21:30:00+11:00,-5.49,not visible,evening,-6.43,2026-01-08T13:30:00+11:00,70.29
2026-01-08,Jupiter,2026-01-08T01:30:00+11:00,25.12,176.81,2026-01-08T01:30:00+11:00,25.12,good,overnight,-24.88,2026-01-08T01:30:00+11:00,25.12
2026-01-08,Saturn,2026-01-08T21:30:00+11:00,27.65,68.51,2026-01-08T21:30:00+11:00,27.65,good,evening,-6.43,2026-01-08T18:00:00+11:00,50.6
2026-01-08,Uranus,2026-01-08T21:30:00+11:00,27.72,129.62,2026-01-08T21:30:00+11:00,27.72,good,evening,-6.43,2026-01-08T21:30:00+11:00,27.72
2026-01-08,Neptune,2026-01-08T21:30:00+11:00,27.72,71.47,2026-01-08T21:30:00+11:00,27.72,good,evening,-6.43,2026-01-08T18:00:00+11:00,48.62
2026-01-09,Mercury,2026-01-09T05:00:00+11:00,-1.03,7.92,2026-01-09T05:00:00+11:00,-1.03,not visible,predawn,-7.54,2026-01-09T13:00:00+11:00,71.37
2026-01-09,Venus,2026-01-09T21:30:00+11:00,-5.45,1.04,2026-01-09T21:30:00+11:00,-5.45,not visible,evening,-6.48,2026-01-09T13:30:00+11:00,70.0
2026-01-09,Mars,2026-01-09T21:30:00+11:00,-5.65,0.94,2026-01-09T21:30:00+11:00,-5.65,not visible,evening,-6.48,2026-01-09T13:30:00+11:00,70.17
2026-01-09,Jupiter,2026-01-09T01:30:00+11:00,25.09,177.96,2026-01-09T01:30:00+11:00,25.09,good,overnight,-25.02,2026-01-09T01:30:00+11:00,25.09
2026-01-09,Saturn,2026-01-09T21:30:00+11:00,27.0,67.56,2026-01-09T21:30:00+11:00,27.0,good,evening,-6.48,2026-01-09T18:00:00+11:00,50.52
2026-01-09,Uranus,2026-01-09T21:30:00+11:00,27.76,128.57,2026-01-09T21:30:00+11:00,27.76,good,evening,-6.48,2026-01-09T21:30:00+11:00,27.76
2026-01-09,Neptune,2026-01-09T21:30:00+11:00,27.08,70.47,2026-01-09T21:30:00+11:00,27.08,good,evening,-6.48,2026-01-09T18:00:00+11:00,48.61
2026-01-10,Mercury,2026-01-10T05:00:00+11:00,-1.52,7.39,2026-01-10T05:00:00+11:00,-1.52,not visible,predawn,-7.71,2026-01-10T13:00:00+11:00,71.39
2026-01-10,Venus,2026-01-10T21:30:00+11:00,-5.36,1.23,2026-01-10T21:30:00+11:00,-5.36,not visible,evening,-6.53,2026-01-10T13:30:00+11:00,69.87
2026-01-10,Mars,2026-01-10T21:30:00+11:00,-5.83,0.98,2026-01-10T21:30:00+11:00,-5.83,not visible,evening,-6.53,2026-01-10T13:30:00+11:00,70.06
2026-01-10,Jupiter,2026-01-10T01:30:00+11:00,25.06,179.09,2026-01-10T01:30:00+11:00,25.06,good,overnight,-25.16,2026-01-10T01:30:00+11:00,25.06
2026-01-10,Saturn,2026-01-10T21:30:00+11:00,26.35,66.62,2026-01-10T21:30:00+11:00,26.35,good,evening,-6.53,2026-01-10T17:30:00+11:00,50.45
2026-01-10,Uranus,2026-01-10T21:30:00+11:00,27.78,127.53,2026-01-10T21:30:00+11:00,27.78,good,evening,-6.53,2026-01-10T21:30:00+11:00,27.78
2026-01-10,Neptune,2026-01-10T21:30:00+11:00,26.43,69.47,2026-01-10T21:30:00+11:00,26.43,good,evening,-6.53,2026-01-10T18:00:00+11:00,48.58
2026-01-11,Mercury,2026-01-11T05:00:00+11:00,-2.02,6.85,2026-01-11T05:00:00+11:00,-2.02,not visible,predawn,-7.89,2026-01-11T13:00:00+11:00,71.37
2026-01-11,Venus,2026-01-11T21:30:00+11:00,-5.28,1.43,2026-01-11T21:30:00+11:00,-5.28,not visible,evening,-6.59,2026-01-11T13:30:00+11:00,69.72
2026-01-11,Mars,2026-01-11T21:30:00+11:00,-6.0,1.07,2026-01-11T21:30:00+11:00,-6.0,not visible,evening,-6.59,2026-01-11T13:30:00+11:00,69.93
2026-01-11,Jupiter,2026-01-11T01:30:00+11:00,25.0,179.61,2026-01-11T01:30:00+11:00,25.0,fair,overnight,-25.31,2026-01-11T01:30:00+11:00,25.0
2026-01-11,Saturn,2026-01-11T21:30:00+11:00,25.7,65.67,2026-01-11T21:30:00+11:00,25.7,good,evening,-6.59,2026-01-11T17:30:00+11:00,50.48
2026-01-11,Uranus,2026-01-11T21:30:00+11:00,27.79,126.5,2026-01-11T21:30:00+11:00,27.79,good,evening,-6.59,2026-01-11T21:30:00+11:00,27.79
2026-01-11,Neptune,2026-01-11T21:30:00+11:00,25.78,68.47,2026-01-11T21:30:00+11:00,25.78,good,evening,-6.59,2026-01-11T18:00:00+11:00,48.54
2026-01-12,Mercury,2026-01-12T05:00:00+11:00,-2.54,6.31,2026-01-12T05:00:00+11:00,-2.54,not visible,predawn,-8.07,2026-01-12T13:00:00+11:00,71.3
2026-01-12,Venus,2026-01-12T21:30:00+11:00,-5.21,1.64,2026-01-12T21:30:00+11:00,-5.21,not visible,evening,-6.66,2026-01-12T13:30:00+11:00,69.56
2026-01-12,Mars,2026-01-12T21:30:00+11:00,-6.18,1.2,2026-01-12T21:30:00+11:00,-6.18,not visible,evening,-6.66,2026-01-12T13:30:00+11:00,69.8
2026-01-12,Jupiter,2026-01-12T01:00:00+11:00,24.95,178.56,2026-01-12T01:00:00+11:00,24.95,fair,overnight,-25.34,2026-01-12T01:00:00+11:00,24.95
2026-01-12,Saturn,2026-01-12T21:30:00+11:00,25.05,64.73,2026-01-12T21:30:00+11:00,25.05,good,evening,-6.66,2026-01-12T17:30:00+11:00,50.48
2026-01-12,Uranus,2026-01-12T21:30:00+11:00,27.79,125.46,2026-01-12T21:30:00+11:00,27.79,good,evening,-6.66,2026-01-12T21:30:00+11:00,27.79
2026-01-12,Neptune,2026-01-12T21:30:00+11:00,25.12,67.47,2026-01-12T21:30:00+11:00,25.12,good,evening,-6.66,2026-01-12T18:00:00+11:00,48.47
2026-01-13,Mercury,2026-01-13T05:00:00+11:00,-3.09,5.77,2026-01-13T05:00:00+11:00,-3.09,not visible,predawn,-8.25,2026-01-13T13:00:00+11:00,71.19
2026-01-13,Venus,2026-01-13T21:30:00+11:00,-5.14,1.86,2026-01-13T21:30:00+11:00,-5.14,not visible,evening,-6.74,2026-01-13T13:30:00+11:00,69.38
2026-01-13,Mars,2026-01-13T21:30:00+11:00,-6.37,1.37,2026-01-13T21:30:00+11:00,-6.37,not visible,evening,-6.74,2026-01-13T13:30:00+11:00,69.67
2026-01-13,Jupiter,2026-01-13T01:00:00+11:00,24.97,177.42,2026-01-13T01:00:00+11:00,24.97,fair,overnight,-25.5,2026-01-13T01:00:00+11:00,24.97
2026-01-13,Saturn,2026-01-13T21:30:00+11:00,24.39,63.79,2026-01-13T21:30:00+11:00,24.39,fair,evening,-6.74,2026-01-13T17:30:00+11:00,50.48
2026-01-13,Uranus,2026-01-13T21:30:00+11:00,27.78,124.42,2026-01-13T21:30:00+11:00,27.78,good,evening,-6.74,2026-01-13T21:30:00+11:00,27.78
2026-01-13,Neptune,2026-01-13T21:30:00+11:00,24.46,66.47,2026-01-13T21:30:00+11:00,24.46,fair,evening,-6.74,2026-01-13T17:30:00+11:00,48.5
2026-01-14,Mercury,2026-01-14T05:30:00+11:00,0.85,5.22,2026-01-14T05:30:00+11:00,0.85,poor,predawn,-4.05,2026-01-14T13:00:00+11:00,71.03
2026-01-14,Venus,2026-01-14T05:30:00+11:00,-4.75,1.94,2026-01-14T05:30:00+11:00,-4.75,not visible,predawn,-4.05,2026-01-14T13:30:00+11:00,69.19
2026-01-14,Mars,2026-01-14T05:30:00+11:00,-2.62,1.43,2026-01-14T05:30:00+11:00,-2.62,not visible,predawn,-4.05,2026-01-14T13:30:00+11:00,69.53
2026-01-14,Jupiter,2026-01-14T01:00:00+11:00,24.98,176.27,2026-01-14T01:00:00+11:00,24.98,fair,overnight,-25.66,2026-01-14T01:00:00+11:00,24.98
2026-01-14,Saturn,2026-01-14T21:30:00+11:00,23.73,62.84,2026-01-14T21:30:00+11:00,23.73,fair,evening,-6.82,2026-01-14T17:30:00+11:00,50.45
2026-01-14,Uranus,2026-01-14T21:30:00+11:00,27.75,123.38,2026-01-14T21:30:00+11:00,27.75,good,evening,-6.82,2026-01-14T21:30:00+11:00,27.75
2026-01-14,Neptune,2026-01-14T21:30:00+11:00,23.8,65.47,2026-01-14T21:30:00+11:00,23.8,fair,evening,-6.82,2026-01-14T17:30:00+11:00,48.54
2026-01-15,Mercury,2026-01-15T05:30:00+11:00,0.25,4.69,2026-01-15T05:30:00+11:00,0.25,poor,predawn,-4.24,2026-01-15T13:00:00+11:00,70.82
2026-01-15,Venus,2026-01-15T21:30:00+11:00,-5.05,2.31,2026-01-15T21:30:00+11:00,-5.05,not visible,evening,-6.91,2026-01-15T13:30:00+11:00,68.98
2026-01-15,Mars,2026-01-15T05:30:00+11:00,-2.62,1.62,2026-01-15T05:30:00+11:00,-2.62,not visible,predawn,-4.24,2026-01-15T13:30:00+11:00,69.39
2026-01-15,Jupiter,2026-01-15T01:00:00+11:00,24.97,175.12,2026-01-15T01:00:00+11:00,24.97,fair,overnight,-25.83,2026-01-15T01:00:00+11:00,24.97
2026-01-15,Saturn,2026-01-15T21:30:00+11:00,23.07,61.91,2026-01-15T21:30:00+11:00,23.07,fair,evening,-6.91,2026-01-15T17:30:00+11:00,50.41
2026-01-15,Uranus,2026-01-15T21:30:00+11:00,27.7,122.35,2026-01-15T21:30:00+11:00,27.7,good,evening,-6.91,2026-01-15T21:00:00+11:00,27.72
2026-01-15,Neptune,2026-01-15T21:30:00+11:00,23.13,64.47,2026-01-15T21:30:00+11:00,23.13,fair,evening,-6.91,2026-01-15T17:30:00+11:00,48.56
2026-01-16,Mercury,2026-01-16T05:30:00+11:00,-0.37,4.16,2026-01-16T05:30:00+11:00,-0.37,not visible,predawn,-4.43,2026-01-16T13:00:00+11:00,70.58
2026-01-16,Venus,2026-01-16T21:30:00+11:00,-5.01,2.54,2026-01-16T21:30:00+11:00,-5.01,not visible,evening,-7.01,2026-01-16T13:30:00+11:00,68.75
2026-01-16,Mars,2026-01-16T05:30:00+11:00,-2.62,1.82,2026-01-16T05:30:00+11:00,-2.62,not visible,predawn,-4.43,2026-01-16T13:30:00+11:00,69.24
2026-01-16,Jupiter,2026-01-16T01:00:00+11:00,24.94,173.97,2026-01-16T01:00:00+11:00,24.94,fair,overnight,-26.01,2026-01-16T01:00:00+11:00,24.94
2026-01-16,Saturn,2026-01-16T21:30:00+11:00,22.41,60.97,2026-01-16T21:30:00+11:00,22.41,fair,evening,-7.01,2026-01-16T17:30:00+11:00,50.35
2026-01-16,Uranus,2026-01-16T21:30:00+11:00,27.64,121.31,2026-01-16T21:30:00+11:00,27.64,good,evening,-7.01,2026-01-16T21:00:00+11:00,27.77
2026-01-16,Neptune,2026-01-16T21:30:00+11:00,22.46,63.47,2026-01-16T21:30:00+11:00,22.46,fair,evening,-7.01,2026-01-16T17:30:00+11:00,48.56
2026-01-17,Mercury,2026-01-17T05:30:00+11:00,-1.01,3.64,2026-01-17T05:30:00+11:00,-1.01,not visible,predawn,-4.63,2026-01-17T13:00:00+11:00,70.28
2026-01-17,Venus,2026-01-17T21:30:00+11:00,-4.99,2.77,2026-01-17T21:30:00+11:00,-4.99,not visible,evening,-7.11,2026-01-17T13:30:00+11:00,68.52
2026-01-17,Mars,2026-01-17T05:30:00+11:00,-2.62,2.03,2026-01-17T05:30:00+11:00,-2.62,not visible,predawn,-4.63,2026-01-17T13:00:00+11:00,69.09
2026-01-17,Jupiter,2026-01-17T01:00:00+11:00,24.89,172.82,2026-01-17T01:00:00+11:00,24.89,fair,overnight,-26.19,2026-01-17T01:00:00+11:00,24.89
2026-01-17,Saturn,2026-01-17T21:30:00+11:00,21.74,60.03,2026-01-17T21:30:00+11:00,21.74,fair,evening,-7.11,2026-01-17T17:30:00+11:00,50.27
2026-01-17,Uranus,2026-01-17T21:30:00+11:00,27.57,120.28,2026-01-17T21:30:00+11:00,27.57,good,evening,-7.11,2026-01-17T21:00:00+11:00,27.8
2026-01-17,Neptune,2026-01-17T21:30:00+11:00,21.78,62.48,2026-01-17T21:30:00+11:00,21.78,fair,evening,-7.11,2026-01-17T17:30:00+11:00,48.54
2026-01-18,Mercury,2026-01-18T05:30:00+11:00,-1.67,3.16,2026-01-18T05:30:00+11:00,-1.67,not visible,predawn,-4.83,2026-01-18T13:00:00+11:00,69.95
2026-01-18,Venus,2026-01-18T21:30:00+11:00,-4.97,3.01,2026-01-18T21:30:00+11:00,-4.97,not visible,evening,-7.22,2026-01-18T13:30:00+11:00,68.26
2026-01-18,Mars,2026-01-18T05:30:00+11:00,-2.63,2.25,2026-01-18T05:30:00+11:00,-2.63,not visible,predawn,-4.83,2026-01-18T13:00:00+11:00,68.98
2026-01-18,Jupiter,2026-01-18T01:00:00+11:00,24.83,171.67,2026-01-18T01:00:00+11:00,24.83,fair,overnight,-26.38,2026-01-18T01:00:00+11:00,24.83
2026-01-18,Saturn,2026-01-18T21:30:00+11:00,21.07,59.1,2026-01-18T21:30:00+11:00,21.07,fair,evening,-7.22,2026-01-18T17:30:00+11:00,50.18
2026-01-18,Uranus,2026-01-18T21:30:00+11:00,27.49,119.24,2026-01-18T21:30:00+11:00,27.49,good,evening,-7.22,2026-01-18T21:00:00+11:00,27.82
2026-01-18,Neptune,2026-01-18T21:30:00+11:00,21.11,61.48,2026-01-18T21:30:00+11:00,21.11,fair,evening,-7.22,2026-01-18T17:30:00+11:00,48.51
2026-01-19,Mercury,2026-01-19T05:30:00+11:00,-2.35,2.72,2026-01-19T05:30:00+11:00,-2.35,not visible,predawn,-5.03,2026-01-19T13:30:00+11:00,69.71
2026-01-19,Venus,2026-01-19T21:30:00+11:00,-4.97,3.24,2026-01-19T21:30:00+11:00,-4.97,not visible,evening,-7.34,2026-01-19T13:30:00+11:00,68.0
2026-01-19,Mars,2026-01-19T05:30:00+11:00,-2.63,2.47,2026-01-19T05:30:00+11:00,-2.63,not visible,predawn,-5.03,2026-01-19T13:00:00+11:00,68.85
2026-01-19,Jupiter,2026-01-19T00:30:00+11:00,24.82,170.54,2026-01-19T00:30:00+11:00,24.82,fair,overnight,-25.64,2026-01-19T00:30:00+11:00,24.82
2026-01-19,Saturn,2026-01-19T21:30:00+11:00,20.41,58.16,2026-01-19T21:30:00+11:00,20.41,fair,evening,-7.34,2026-01-19T17:00:00+11:00,50.19
2026-01-19,Uranus,2026-01-19T21:30:00+11:00,27.39,118.21,2026-01-19T21:30:00+11:00,27.39,good,evening,-7.34,2026-01-19T21:00:00+11:00,27.82
2026-01-19,Neptune,2026-01-19T21:30:00+11:00,20.43,60.48,2026-01-19T21:30:00+11:00,20.43,fair,evening,-7.34,2026-01-19T17:30:00+11:00,48.46
2026-01-20,Mercury,2026-01-20T05:30:00+11:00,-3.04,2.35,2026-01-20T05:30:00+11:00,-3.04,not visible,predawn,-5.24,2026-01-20T13:30:00+11:00,69.48
2026-01-20,Venus,2026-01-20T21:30:00+11:00,-4.97,3.47,2026-01-20T21:30:00+11:00,-4.97,not visible,evening,-7.46,2026-01-20T13:30:00+11:00,67.72
2026-01-20,Mars,2026-01-20T05:30:00+11:00,-2.64,2.7,2026-01-20T05:30:00+11:00,-2.64,not visible,predawn,-5.24,2026-01-20T13:00:00+11:00,68.72
2026-01-20,Jupiter,2026-01-20T00:30:00+11:00,24.83,169.39,2026-01-20T00:30:00+11:00,24.83,fair,overnight,-25.83,2026-01-20T00:30:00+11:00,24.83
2026-01-20,Saturn,2026-01-20T21:30:00+11:00,19.74,57.23,2026-01-20T21:30:00+11:00,19.74,fair,evening,-7.46,2026-01-20T17:00:00+11:00,50.2
2026-01-20,Uranus,2026-01-20T21:30:00+11:00,27.28,117.18,2026-01-20T21:30:00+11:00,27.28,good,evening,-7.46,2026-01-20T21:00:00+11:00,27.81
2026-01-20,Neptune,2026-01-20T21:30:00+11:00,19.75,59.49,2026-01-20T21:30:00+11:00,19.75,fair,evening,-7.46,2026-01-20T17:30:00+11:00,48.39
2026-01-21,Mercury,2026-01-21T05:30:00+11:00,-3.76,2.11,2026-01-21T05:30:00+11:00,-3.76,not visible,predawn,-5.45,2026-01-21T13:30:00+11:00,69.2
2026-01-21,Venus,2026-01-21T21:30:00+11:00,-4.99,3.71,2026-01-21T21:30:00+11:00,-4.99,not visible,evening,-7.59,2026-01-21T13:30:00+11:00,67.42
2026-01-21,Mars,2026-01-21T05:30:00+11:00,-2.65,2.92,2026-01-21T05:30:00+11:00,-2.65,not visible,predawn,-5.45,2026-01-21T13:00:00+11:00,68.59
2026-01-21,Jupiter,2026-01-21T00:30:00+11:00,24.84,168.24,2026-01-21T00:30:00+11:00,24.84,fair,overnight,-26.03,2026-01-21T00:30:00+11:00,24.84
2026-01-21,Saturn,2026-01-21T21:30:00+11:00,19.07,56.3,2026-01-21T21:30:00+11:00,19.07,fair,evening,-7.59,2026-01-21T17:00:00+11:00,50.19
2026-01-21,Uranus,2026-01-21T21:30:00+11:00,27.15,116.15,2026-01-21T21:30:00+11:00,27.15,good,evening,-7.59,2026-01-21T21:00:00+11:00,27.79
2026-01-21,Neptune,2026-01-21T21:30:00+11:00,19.06,58.49,2026-01-21T21:30:00+11:00,19.06,fair,evening,-7.59,2026-01-21T17:00:00+11:00,48.44
2026-01-22,Mercury,2026-01-22T05:30:00+11:00,-4.49,2.06,2026-01-22T05:30:00+11:00,-4.49,not visible,predawn,-5.66,2026-01-22T13:30:00+11:00,68.88
2026-01-22,Venus,2026-01-22T21:30:00+11:00,-5.01,3.94,2026-01-22T21:30:00+11:00,-5.01,not visible,evening,-7.73,2026-01-22T13:30:00+11:00,67.12
2026-01-22,Mars,2026-01-22T05:30:00+11:00,-2.66,3.15,2026-01-22T05:30:00+11:00,-2.66,not visible,predawn,-5.66,2026-01-22T13:00:00+11:00,68.45
2026-01-22,Jupiter,2026-01-22T00:30:00+11:00,24.82,167.1,2026-01-22T00:30:00+11:00,24.82,fair,overnight,-26.23,2026-01-22T00:30:00+11:00,24.82
2026-01-22,Saturn,2026-01-22T21:30:00+11:00,18.39,55.37,2026-01-22T21:30:00+11:00,18.39,fair,evening,-7.73,2026-01-22T17:00:00+11:00,50.17
2026-01-22,Uranus,2026-01-22T21:30:00+11:00,27.01,115.12,2026-01-22T21:30:00+11:00,27.01,good,evening,-7.73,2026-01-22T21:00:00+11:00,27.75
2026-01-22,Neptune,2026-01-22T21:30:00+11:00,18.38,57.5,2026-01-22T21:30:00+11:00,18.38,fair,evening,-7.73,2026-01-22T17:00:00+11:00,48.47
2026-01-23,Mercury,2026-01-23T05:30:00+11:00,-5.24,2.2,2026-01-23T05:30:00+11:00,-5.24,not visible,predawn,-5.88,2026-01-23T13:30:00+11:00,68.51
2026-01-23,Venus,2026-01-23T21:30:00+11:00,-5.04,4.18,2026-01-23T21:30:00+11:00,-5.04,not visible,evening,-7.87,2026-01-23T13:30:00+11:00,66.8
2026-01-23,Mars,2026-01-23T05:30:00+11:00,-2.68,3.38,2026-01-23T05:30:00+11:00,-2.68,not visible,predawn,-5.88,2026-01-23T13:00:00+11:00,68.31
2026-01-23,Jupiter,2026-01-23T00:30:00+11:00,24.79,165.95,2026-01-23T00:30:00+11:00,24.79,fair,overnight,-26.44,2026-01-23T00:30:00+11:00,24.79
2026-01-23,Saturn,2026-01-23T21:30:00+11:00,17.72,54.44,2026-01-23T21:30:00+11:00,17.72,fair,evening,-7.87,2026-01-23T17:00:00+11:00,50.13
2026-01-23,Uranus,2026-01-23T21:30:00+11:00,26.86,114.09,2026-01-23T21:30:00+11:00,26.86,good,evening,-7.87,2026-01-23T20:30:00+11:00,27.77
2026-01-23,Neptune,2026-01-23T21:30:00+11:00,17.69,56.51,2026-01-23T21:30:00+11:00,17.69,fair,evening,-7.87,2026-01-23T17:00:00+11:00,48.49
2026-01-24,Mercury,2026-01-24T21:30:00+11:00,-5.32,2.81,2026-01-24T21:30:00+11:00,-5.32,not visible,evening,-8.02,2026-01-24T13:30:00+11:00,68.09
2026-01-24,Venus,2026-01-24T21:30:00+11:00,-5.08,4.41,2026-01-24T21:30:00+11:00,-5.08,not visible,evening,-8.02,2026-01-24T13:30:00+11:00,66.48
2026-01-24,Mars,2026-01-24T05:30:00+11:00,-2.7,3.61,2026-01-24T05:30:00+11:00,-2.7,not visible,predawn,-6.09,2026-01-24T13:00:00+11:00,68.16
2026-01-24,Jupiter,2026-01-24T00:30:00+11:00,24.74,164.81,2026-01-24T00:30:00+11:00,24.74,fair,overnight,-26.66,2026-01-24T00:30:00+11:00,24.74
2026-01-24,Saturn,2026-01-24T21:30:00+11:00,17.05,53.51,2026-01-24T21:30:00+11:00,17.05,fair,evening,-8.02,2026-01-24T17:00:00+11:00,50.07
2026-01-24,Uranus,2026-01-24T21:30:00+11:00,26.69,113.07,2026-01-24T21:30:00+11:00,26.69,good,evening,-8.02,2026-01-24T20:30:00+11:00,27.8
2026-01-24,Neptune,2026-01-24T21:30:00+11:00,17.0,55.51,2026-01-24T21:30:00+11:00,17.0,fair,evening,-8.02,2026-01-24T17:00:00+11:00,48.48
2026-01-25,Mercury,2026-01-25T21:30:00+11:00,-5.19,3.31,2026-01-25T21:30:00+11:00,-5.19,not visible,evening,-8.17,2026-01-25T13:30:00+11:00,67.64
2026-01-25,Venus,2026-01-25T21:30:00+11:00,-5.13,4.65,2026-01-25T21:30:00+11:00,-5.13,not visible,evening,-8.17,2026-01-25T13:30:00+11:00,66.14
2026-01-25,Mars,2026-01-25T05:30:00+11:00,-2.71,3.84,2026-01-25T05:30:00+11:00,-2.71,not visible,predawn,-6.32,2026-01-25T13:00:00+11:00,68.01
2026-01-25,Jupiter,2026-01-25T00:30:00+11:00,24.68,163.66,2026-01-25T00:30:00+11:00,24.68,fair,overnight,-26.89,2026-01-25T00:30:00+11:00,24.68
2026-01-25,Saturn,2026-01-25T21:30:00+11:00,16.37,52.59,2026-01-25T21:30:00+11:00,16.37,fair,evening,-8.17,2026-01-25T17:00:00+11:00,49.99
2026-01-25,Uranus,2026-01-25T21:30:00+11:00,26.52,112.04,2026-01-25T21:30:00+11:00,26.52,good,evening,-8.17,2026-01-25T20:30:00+11:00,27.83
2026-01-25,Neptune,2026-01-25T21:30:00+11:00,16.31,54.52,2026-01-25T21:30:00+11:00,16.31,fair,evening,-8.17,2026-01-25T17:00:00+11:00,48.46
2026-01-26,Mercury,2026-01-26T21:30:00+11:00,-5.06,3.88,2026-01-26T21:30:00+11:00,-5.06,not visible,evening,-8.33,2026-01-26T13:30:00+11:00,67.13
2026-01-26,Venus,2026-01-26T21:30:00+11:00,-5.18,4.89,2026-01-26T21:30:00+11:00,-5.18,not visible,evening,-8.33,2026-01-26T13:30:00+11:00,65.79
2026-01-26,Mars,2026-01-26T05:30:00+11:00,-2.73,4.07,2026-01-26T05:30:00+11:00,-2.73,not visible,predawn,-6.54,2026-01-26T13:00:00+11:00,67.85
2026-01-26,Jupiter,2026-01-26T00:00:00+11:00,24.69,162.55,2026-01-26T00:00:00+11:00,24.69,fair,overnight,-25.38,2026-01-26T00:00:00+11:00,24.69
2026-01-26,Saturn,2026-01-26T21:30:00+11:00,15.69,51.67,2026-01-26T21:30:00+11:00,15.69,fair,evening,-8.33,2026-01-26T17:00:00+11:00,49.9
2026-01-26,Uranus,2026-01-26T21:30:00+11:00,26.33,111.02,2026-01-26T21:30:00+11:00,26.33,good,evening,-8.33,2026-01-26T20:30:00+11:00,27.84
2026-01-26,Neptune,2026-01-26T21:30:00+11:00,15.61,53.53,2026-01-26T21:30:00+11:00,15.61,fair,evening,-8.33,2026-01-26T17:00:00+11:00,48.42
2026-01-27,Mercury,2026-01-27T21:30:00+11:00,-4.96,4.49,2026-01-27T21:30:00+11:00,-4.96,not visible,evening,-8.5,2026-01-27T13:30:00+11:00,66.59
2026-01-27,Venus,2026-01-27T21:30:00+11:00,-5.25,5.12,2026-01-27T21:30:00+11:00,-5.25,not visible,evening,-8.5,2026-01-27T14:00:00+11:00,65.47
2026-01-27,Mars,2026-01-27T05:30:00+11:00,-2.75,4.3,2026-01-27T05:30:00+11:00,-2.75,not visible,predawn,-6.76,2026-01-27T13:00:00+11:00,67.69
2026-01-27,Jupiter,2026-01-27T00:00:00+11:00,24.71,161.41,2026-01-27T00:00:00+11:00,24.71,fair,overnight,-25.61,2026-01-27T00:00:00+11:00,24.71
2026-01-27,Saturn,2026-01-27T21:30:00+11:00,15.02,50.74,2026-01-27T21:30:00+11:00,15.02,fair,evening,-8.5,2026-01-27T16:30:00+11:00,49.88
2026-01-27,Uranus,2026-01-27T21:30:00+11:00,26.12,109.99,2026-01-27T21:30:00+11:00,26.12,good,evening,-8.5,2026-01-27T20:30:00+11:00,27.83
2026-01-27,Neptune,2026-01-27T21:30:00+11:00,14.91,52.54,2026-01-27T21:30:00+11:00,14.91,poor,evening,-8.5,2026-01-27T17:00:00+11:00,48.37
2026-01-28,Mercury,2026-01-28T21:00:00+11:00,-0.03,5.12,2026-01-28T21:00:00+11:00,-0.03,not visible,evening,-4.0,2026-01-28T14:00:00+11:00,66.02
2026-01-28,Venus,2026-01-28T21:00:00+11:00,-0.46,5.35,2026-01-28T21:00:00+11:00,-0.46,not visible,evening,-4.0,2026-01-28T14:00:00+11:00,65.17
2026-01-28,Mars,2026-01-28T05:30:00+11:00,-2.78,4.53,2026-01-28T05:30:00+11:00,-2.78,not visible,predawn,-6.99,2026-01-28T13:00:00+11:00,67.53
2026-01-28,Jupiter,2026-01-28T00:00:00+11:00,24.71,160.27,2026-01-28T00:00:00+11:00,24.71,fair,overnight,-25.84,2026-01-28T00:00:00+11:00,24.71
2026-01-28,Saturn,2026-01-28T21:00:00+11:00,19.73,49.84,2026-01-28T21:00:00+11:00,19.73,fair,evening,-4.0,2026-01-28T16:30:00+11:00,49.89
2026-01-28,Uranus,2026-01-28T21:00:00+11:00,27.24,108.99,2026-01-28T21:00:00+11:00,27.24,good,evening,-4.0,2026-01-28T20:30:00+11:00,27.81
2026-01-28,Neptune,2026-01-28T21:00:00+11:00,19.56,51.57,2026-01-28T21:00:00+11:00,19.56,fair,evening,-4.0,2026-01-28T16:30:00+11:00,48.32
2026-01-29,Mercury,2026-01-29T21:00:00+11:00,0.09,5.79,2026-01-29T21:00:00+11:00,0.09,poor,evening,-4.17,2026-01-29T14:00:00+11:00,65.56
2026-01-29,Venus,2026-01-29T21:00:00+11:00,-0.52,5.59,2026-01-29T21:00:00+11:00,-0.52,not visible,evening,-4.17,2026-01-29T14:00:00+11:00,64.84
2026-01-29,Mars,2026-01-29T05:30:00+11:00,-2.8,4.76,2026-01-29T05:30:00+11:00,-2.8,not visible,predawn,-7.22,2026-01-29T13:00:00+11:00,67.35
2026-01-29,Jupiter,2026-01-29T00:00:00+11:00,24.69,159.14,2026-01-29T00:00:00+11:00,24.69,fair,overnight,-26.08,2026-01-29T00:00:00+11:00,24.69
2026-01-29,Saturn,2026-01-29T21:00:00+11:00,19.06,48.92,2026-01-29T21:00:00+11:00,19.06,fair,evening,-4.17,2026-01-29T16:30:00+11:00,49.88
2026-01-29,Uranus,2026-01-29T21:00:00+11:00,27.1,107.97,2026-01-29T21:00:00+11:00,27.1,good,evening,-4.17,2026-01-29T20:30:00+11:00,27.78
2026-01-29,Neptune,2026-01-29T21:00:00+11:00,18.88,50.58,2026-01-29T21:00:00+11:00,18.88,fair,evening,-4.17,2026-01-29T16:30:00+11:00,48.37
2026-01-30,Mercury,2026-01-30T21:00:00+11:00,0.19,6.47,2026-01-30T21:00:00+11:00,0.19,poor,evening,-4.35,2026-01-30T14:00:00+11:00,65.06
2026-01-30,Venus,2026-01-30T21:00:00+11:00,-0.59,5.83,2026-01-30T21:00:00+11:00,-0.59,not visible,evening,-4.35,2026-01-30T14:00:00+11:00,64.51
2026-01-30,Mars,2026-01-30T05:30:00+11:00,-2.83,4.99,2026-01-30T05:30:00+11:00,-2.83,not visible,predawn,-7.45,2026-01-30T13:00:00+11:00,67.18
2026-01-30,Jupiter,2026-01-30T00:00:00+11:00,24.66,158.0,2026-01-30T00:00:00+11:00,24.66,fair,overnight,-26.32,2026-01-30T00:00:00+11:00,24.66
2026-01-30,Saturn,2026-01-30T21:00:00+11:00,18.39,48.0,2026-01-30T21:00:00+11:00,18.39,fair,evening,-4.35,2026-01-30T16:30:00+11:00,49.86
2026-01-30,Uranus,2026-01-30T21:00:00+11:00,26.96,106.95,2026-01-30T21:00:00+11:00,26.96,good,evening,-4.35,2026-01-30T20:00:00+11:00,27.75
2026-01-30,Neptune,2026-01-30T21:00:00+11:00,18.19,49.59,2026-01-30T21:00:00+11:00,18.19,fair,evening,-4.35,2026-01-30T16:30:00+11:00,48.39
2026-01-31,Mercury,2026-01-31T21:00:00+11:00,0.28,7.17,2026-01-31T21:00:00+11:00,0.28,poor,evening,-4.53,2026-01-31T14:00:00+11:00,64.52
2026-01-31,Venus,2026-01-31T21:00:00+11:00,-0.67,6.07,2026-01-31T21:00:00+11:00,-0.67,not visible,evening,-4.53,2026-01-31T14:00:00+11:00,64.17
2026-01-31,Mars,2026-01-31T05:30:00+11:00,-2.85,5.21,2026-01-31T05:30:00+11:00,-2.85,not visible,predawn,-7.69,2026-01-31T13:00:00+11:00,67.0
2026-01-31,Jupiter,2026-01-31T00:00:00+11:00,24.61,156.87,2026-01-31T00:00:00+11:00,24.61,fair,overnight,-26.57,2026-01-31T00:00:00+11:00,24.61
2026-01-31,Saturn,2026-01-31T21:00:00+11:00,17.72,47.09,2026-01-31T21:00:00+11:00,17.72,fair,evening,-4.53,2026-01-31T16:30:00+11:00,49.82
2026-01-31,Uranus,2026-01-31T21:00:00+11:00,26.8,105.93,2026-01-31T21:00:00+11:00,26.8,good,evening,-4.53,2026-01-31T20:00:00+11:00,27.79
2026-01-31,Neptune,2026-01-31T21:00:00+11:00,17.5,48.61,2026-01-31T21:00:00+11:00,17.5,fair,evening,-4.53,2026-01-31T16:30:00+11:00,48.4
2026-02-01,Mercury,2026-02-01T21:00:00+11:00,0.35,7.88,2026-02-01T21:00:00+11:00,0.35,poor,evening,-4.71,2026-02-01T14:00:00+11:00,63.93
2026-02-01,Venus,2026-02-01T21:00:00+11:00,-0.76,6.3,2026-02-01T21:00:00+11:00,-0.76,not visible,evening,-4.71,2026-02-01T14:00:00+11:00,63.82
2026-02-01,Mars,2026-02-01T05:30:00+11:00,-2.88,5.44,2026-02-01T05:30:00+11:00,-2.88,not visible,predawn,-7.92,2026-02-01T13:00:00+11:00,66.81
2026-02-01,Jupiter,2026-02-01T23:30:00+11:00,24.58,154.64,2026-02-01T23:30:00+11:00,24.58,fair,overnight,-24.59,2026-02-01T23:30:00+11:00,24.58
2026-02-01,Saturn,2026-02-01T21:00:00+11:00,17.05,46.17,2026-02-01T21:00:00+11:00,17.05,fair,evening,-4.71,2026-02-01T16:30:00+11:00,49.76
2026-02-01,Uranus,2026-02-01T21:00:00+11:00,26.63,104.91,2026-02-01T21:00:00+11:00,26.63,good,evening,-4.71,2026-02-01T20:00:00+11:00,27.82
2026-02-01,Neptune,2026-02-01T21:00:00+11:00,16.81,47.62,2026-02-01T21:00:00+11:00,16.81,fair,evening,-4.71,2026-02-01T16:30:00+11:00,48.4
2026-02-02,Mercury,2026-02-02T21:00:00+11:00,0.4,8.6,2026-02-02T21:00:00+11:00,0.4,poor,evening,-4.91,2026-02-02T14:00:00+11:00,63.31
2026-02-02,Venus,2026-02-02T21:00:00+11:00,-0.86,6.54,2026-02-02T21:00:00+11:00,-0.86,not visible,evening,-4.91,2026-02-02T14:00:00+11:00,63.45
2026-02-02,Mars,2026-02-02T05:30:00+11:00,-2.91,5.67,2026-02-02T05:30:00+11:00,-2.91,not visible,predawn,-8.16,2026-02-02T13:00:00+11:00,66.62
2026-02-02,Jupiter,2026-02-02T23:30:00+11:00,24.6,153.52,2026-02-02T23:30:00+11:00,24.6,fair,overnight,-24.85,2026-02-02T23:30:00+11:00,24.6
2026-02-02,Saturn,2026-02-02T21:00:00+11:00,16.38,45.26,2026-02-02T21:00:00+11:00,16.38,fair,evening,-4.91,2026-02-02T16:30:00+11:00,49.69
2026-02-02,Uranus,2026-02-02T21:00:00+11:00,26.45,103.9,2026-02-02T21:00:00+11:00,26.45,good,evening,-4.91,2026-02-02T20:00:00+11:00,27.84
2026-02-02,Neptune,2026-02-02T21:00:00+11:00,16.12,46.63,2026-02-02T21:00:00+11:00,16.12,fair,evening,-4.91,2026-02-02T16:30:00+11:00,48.37
2026-02-03,Mercury,2026-02-03T21:00:00+11:00,0.44,9.33,2026-02-03T21:00:00+11:00,0.44,poor,evening,-5.1,2026-02-03T14:00:00+11:00,62.65
2026-02-03,Venus,2026-02-03T21:00:00+11:00,-0.96,6.78,2026-02-03T21:00:00+11:00,-0.96,not visible,evening,-5.1,2026-02-03T14:00:00+11:00,63.08
2026-02-03,Mars,2026-02-03T05:30:00+11:00,-2.94,5.9,2026-02-03T05:30:00+11:00,-2.94,not visible,predawn,-8.4,2026-02-03T13:00:00+11:00,66.43
2026-02-03,Jupiter,2026-02-03T23:30:00+11:00,24.59,152.4,2026-02-03T23:30:00+11:00,24.59,fair,overnight,-25.11,2026-02-03T23:30:00+11:00,24.59
2026-02-03,Saturn,2026-02-03T21:00:00+11:00,15.71,44.35,2026-02-03T21:00:00+11:00,15.71,fair,evening,-5.1,2026-02-03T16:30:00+11:00,49.6
2026-02-03,Uranus,2026-02-03T21:00:00+11:00,26.25,102.88,2026-02-03T21:00:00+11:00,26.25,good,evening,-5.1,2026-02-03T20:00:00+11:00,27.84
2026-02-03,Neptune,2026-02-03T21:00:00+11:00,15.43,45.65,2026-02-03T21:00:00+11:00,15.43,fair,evening,-5.1,2026-02-03T16:30:00+11:00,48.33
2026-02-04,Mercury,2026-02-04T21:00:00+11:00,0.45,10.07,2026-02-04T21:00:00+11:00,0.45,poor,evening,-5.31,2026-02-04T14:00:00+11:00,61.95
2026-02-04,Venus,2026-02-04T21:00:00+11:00,-1.07,7.02,2026-02-04T21:00:00+11:00,-1.07,not visible,evening,-5.31,2026-02-04T14:00:00+11:00,62.7
2026-02-04,Mars,2026-02-04T05:30:00+11:00,-2.97,6.13,2026-02-04T05:30:00+11:00,-2.97,not visible,predawn,-8.64,2026-02-04T13:00:00+11:00,66.23
2026-02-04,Jupiter,2026-02-04T23:30:00+11:00,24.58,151.28,2026-02-04T23:30:00+11:00,24.58,fair,overnight,-25.37,2026-02-04T23:30:00+11:00,24.58
2026-02-04,Saturn,2026-02-04T21:00:00+11:00,15.04,43.44,2026-02-04T21:00:00+11:00,15.04,fair,evening,-5.31,2026-02-04T16:00:00+11:00,49.53
2026-02-04,Uranus,2026-02-04T21:00:00+11:00,26.04,101.87,2026-02-04T21:00:00+11:00,26.04,good,evening,-5.31,2026-02-04T20:00:00+11:00,27.83
2026-02-04,Neptune,2026-02-04T21:00:00+11:00,14.73,44.66,2026-02-04T21:00:00+11:00,14.73,poor,evening,-5.31,2026-02-04T16:30:00+11:00,48.27
2026-02-05,Mercury,2026-02-05T21:00:00+11:00,0.44,10.8,2026-02-05T21:00:00+11:00,0.44,poor,evening,-5.52,2026-02-05T14:00:00+11:00,61.22
2026-02-05,Venus,2026-02-05T21:00:00+11:00,-1.19,7.25,2026-02-05T21:00:00+11:00,-1.19,not visible,evening,-5.52,2026-02-05T14:00:00+11:00,62.3
2026-02-05,Mars,2026-02-05T06:00:00+11:00,1.91,6.36,2026-02-05T06:00:00+11:00,1.91,poor,predawn,-4.07,2026-02-05T13:00:00+11:00,66.02
2026-02-05,Jupiter,2026-02-05T23:30:00+11:00,24.54,150.16,2026-02-05T23:30:00+11:00,24.54,fair,overnight,-25.64,2026-02-05T23:30:00+11:00,24.54
2026-02-05,Saturn,2026-02-05T21:00:00+11:00,14.37,42.53,2026-02-05T21:00:00+11:00,14.37,poor,evening,-5.52,2026-02-05T16:00:00+11:00,49.54
2026-02-05,Uranus,2026-02-05T21:00:00+11:00,25.82,100.86,2026-02-05T21:00:00+11:00,25.82,good,evening,-5.52,2026-02-05T20:00:00+11:00,27.8
2026-02-05,Neptune,2026-02-05T21:00:00+11:00,14.04,43.68,2026-02-05T21:00:00+11:00,14.04,poor,evening,-5.52,2026-02-05T16:00:00+11:00,48.24
2026-02-06,Mercury,2026-02-06T21:00:00+11:00,0.41,11.53,2026-02-06T21:00:00+11:00,0.41,poor,evening,-5.73,2026-02-06T14:00:00+11:00,60.47
2026-02-06,Venus,2026-02-06T21:00:00+11:00,-1.32,7.49,2026-02-06T21:00:00+11:00,-1.32,not visible,evening,-5.73,2026-02-06T14:00:00+11:00,61.9
2026-02-06,Mars,2026-02-06T06:00:00+11:00,1.89,6.59,2026-02-06T06:00:00+11:00,1.89,poor,predawn,-4.3,2026-02-06T13:00:00+11:00,65.82
2026-02-06,Jupiter,2026-02-06T23:30:00+11:00,24.5,149.05,2026-02-06T23:30:00+11:00,24.5,fair,overnight,-25.92,2026-02-06T23:30:00+11:00,24.5
2026-02-06,Saturn,2026-02-06T21:00:00+11:00,13.69,41.62,2026-02-06T21:00:00+11:00,13.69,poor,evening,-5.73,2026-02-06T16:00:00+11:00,49.54
2026-02-06,Uranus,2026-02-06T21:00:00+11:00,25.59,99.84,2026-02-06T21:00:00+11:00,25.59,good,evening,-5.73,2026-02-06T20:00:00+11:00,27.77
2026-02-06,Neptune,2026-02-06T21:00:00+11:00,13.34,42.7,2026-02-06T21:00:00+11:00,13.34,poor,evening,-5.73,2026-02-06T16:00:00+11:00,48.28
2026-02-07,Mercury,2026-02-07T21:00:00+11:00,0.36,12.25,2026-02-07T21:00:00+11:00,0.36,poor,evening,-5.95,2026-02-07T14:00:00+11:00,59.68
2026-02-07,Venus,2026-02-07T21:00:00+11:00,-1.45,7.73,2026-02-07T21:00:00+11:00,-1.45,not visible,evening,-5.95,2026-02-07T14:00:00+11:00,61.49
2026-02-07,Mars,2026-02-07T06:00:00+11:00,1.87,6.81,2026-02-07T06:00:00+11:00,1.87,poor,predawn,-4.54,2026-02-07T13:00:00+11:00,65.6
2026-02-07,Jupiter,2026-02-07T23:00:00+11:00,24.46,147.96,2026-02-07T23:00:00+11:00,24.46,fair,overnight,-23.03,2026-02-07T23:00:00+11:00,24.46
2026-02-07,Saturn,2026-02-07T21:00:00+11:00,13.02,40.71,2026-02-07T21:00:00+11:00,13.02,poor,evening,-5.95,2026-02-07T16:00:00+11:00,49.52
2026-02-07,Uranus,2026-02-07T21:00:00+11:00,25.35,98.83,2026-02-07T21:00:00+11:00,25.35,good,evening,-5.95,2026-02-07T19:30:00+11:00,27.77
2026-02-07,Neptune,2026-02-07T21:00:00+11:00,12.64,41.71,2026-02-07T21:00:00+11:00,12.64,poor,evening,-5.95,2026-02-07T16:00:00+11:00,48.31
2026-02-08,Mercury,2026-02-08T21:00:00+11:00,0.29,12.97,2026-02-08T21:00:00+11:00,0.29,poor,evening,-6.18,2026-02-08T14:30:00+11:00,58.96
2026-02-08,Venus,2026-02-08T21:00:00+11:00,-1.59,7.97,2026-02-08T21:00:00+11:00,-1.59,not visible,evening,-6.18,2026-02-08T14:00:00+11:00,61.07
2026-02-08,Mars,2026-02-08T06:00:00+11:00,1.85,7.04,2026-02-08T06:00:00+11:00,1.85,poor,predawn,-4.77,2026-02-08T13:00:00+11:00,65.39
2026-02-08,Jupiter,2026-02-08T23:00:00+11:00,24.49,146.85,2026-02-08T23:00:00+11:00,24.49,fair,overnight,-23.3,2026-02-08T23:00:00+11:00,24.49
2026-02-08,Saturn,2026-02-08T21:00:00+11:00,12.34,39.8,2026-02-08T21:00:00+11:00,12.34,poor,evening,-6.18,2026-02-08T16:00:00+11:00,49.48
2026-02-08,Uranus,2026-02-08T21:00:00+11:00,25.09,97.82,2026-02-08T21:00:00+11:00,25.09,good,evening,-6.18,2026-02-08T19:30:00+11:00,27.8
2026-02-08,Neptune,2026-02-08T21:00:00+11:00,11.94,40.73,2026-02-08T21:00:00+11:00,11.94,poor,evening,-6.18,2026-02-08T16:00:00+11:00,48.31
2026-02-09,Mercury,2026-02-09T21:00:00+11:00,0.18,13.67,2026-02-09T21:00:00+11:00,0.18,poor,evening,-6.41,2026-02-09T14:30:00+11:00,58.24
2026-02-09,Venus,2026-02-09T21:00:00+11:00,-1.74,8.2,2026-02-09T21:00:00+11:00,-1.74,not visible,evening,-6.41,2026-02-09T14:00:00+11:00,60.65
2026-02-09,Mars,2026-02-09T06:00:00+11:00,1.82,7.26,2026-02-09T06:00:00+11:00,1.82,poor,predawn,-5.01,2026-02-09T13:00:00+11:00,65.16
2026-02-09,Jupiter,2026-02-09T23:00:00+11:00,24.5,145.75,2026-02-09T23:00:00+11:00,24.5,fair,overnight,-23.58,2026-02-09T23:00:00+11:00,24.5
2026-02-09,Saturn,2026-02-09T21:00:00+11:00,11.66,38.9,2026-02-09T21:00:00+11:00,11.66,poor,evening,-6.41,2026-02-09T16:00:00+11:00,49.43
2026-02-09,Uranus,2026-02-09T21:00:00+11:00,24.82,96.82,2026-02-09T21:00:00+11:00,24.82,fair,evening,-6.41,2026-02-09T19:30:00+11:00,27.82
2026-02-09,Neptune,2026-02-09T21:00:00+11:00,11.23,39.75,2026-02-09T21:00:00+11:00,11.23,poor,evening,-6.41,2026-02-09T16:00:00+11:00,48.3
2026-02-10,Mercury,2026-02-10T21:00:00+11:00,0.05,14.34,2026-02-10T21:00:00+11:00,0.05,poor,evening,-6.64,2026-02-10T14:30:00+11:00,57.5
2026-02-10,Venus,2026-02-10T21:00:00+11:00,-1.89,8.44,2026-02-10T21:00:00+11:00,-1.89,not visible,evening,-6.64,2026-02-10T14:00:00+11:00,60.22
2026-02-10,Mars,2026-02-10T06:00:00+11:00,1.8,7.49,2026-02-10T06:00:00+11:00,1.8,poor,predawn,-5.25,2026-02-10T13:00:00+11:00,64.94
2026-02-10,Jupiter,2026-02-10T23:00:00+11:00,24.5,144.64,2026-02-10T23:00:00+11:00,24.5,fair,overnight,-23.86,2026-02-10T23:00:00+11:00,24.5
2026-02-10,Saturn,2026-02-10T21:00:00+11:00,10.99,37.99,2026-02-10T21:00:00+11:00,10.99,poor,evening,-6.64,2026-02-10T16:00:00+11:00,49.36
2026-02-10,Uranus,2026-02-10T21:00:00+11:00,24.55,95.81,2026-02-10T21:00:00+11:00,24.55,fair,evening,-6.64,2026-02-10T19:30:00+11:00,27.83
2026-02-10,Neptune,2026-02-10T21:00:00+11:00,10.53,38.77,2026-02-10T21:00:00+11:00,10.53,poor,evening,-6.64,2026-02-10T16:00:00+11:00,48.27
2026-02-11,Mercury,2026-02-11T21:00:00+11:00,-0.11,14.99,2026-02-11T21:00:00+11:00,-0.11,not visible,evening,-6.88,2026-02-11T14:30:00+11:00,56.75
2026-02-11,Venus,2026-02-11T21:00:00+11:00,-2.06,8.68,2026-02-11T21:00:00+11:00,-2.06,not visible,evening,-6.88,2026-02-11T14:00:00+11:00,59.78
2026-02-11,Mars,2026-02-11T06:00:00+11:00,1.77,7.71,2026-02-11T06:00:00+11:00,1.77,poor,predawn,-5.49,2026-02-11T13:00:00+11:00,64.71
2026-02-11,Jupiter,2026-02-11T23:00:00+11:00,24.48,143.55,2026-02-11T23:00:00+11:00,24.48,fair,overnight,-24.15,2026-02-11T23:00:00+11:00,24.48
2026-02-11,Saturn,2026-02-11T21:00:00+11:00,10.31,37.09,2026-02-11T21:00:00+11:00,10.31,poor,evening,-6.88,2026-02-11T16:00:00+11:00,49.28
2026-02-11,Uranus,2026-02-11T21:00:00+11:00,24.26,94.8,2026-02-11T21:00:00+11:00,24.26,fair,evening,-6.88,2026-02-11T19:30:00+11:00,27.83
2026-02-11,Neptune,2026-02-11T21:00:00+11:00,9.83,37.79,2026-02-11T21:00:00+11:00,9.83,poor,evening,-6.88,2026-02-11T16:00:00+11:00,48.22
2026-02-12,Mercury,2026-02-12T21:00:00+11:00,-0.31,15.6,2026-02-12T21:00:00+11:00,-0.31,not visible,evening,-7.12,2026-02-12T14:30:00+11:00,55.98
2026-02-12,Venus,2026-02-12T21:00:00+11:00,-2.22,8.92,2026-02-12T21:00:00+11:00,-2.22,not visible,evening,-7.12,2026-02-12T14:00:00+11:00,59.33
2026-02-12,Mars,2026-02-12T06:00:00+11:00,1.75,7.94,2026-02-12T06:00:00+11:00,1.75,poor,predawn,-5.73,2026-02-12T13:00:00+11:00,64.47
2026-02-12,Jupiter,2026-02-12T23:00:00+11:00,24.45,142.45,2026-02-12T23:00:00+11:00,24.45,fair,overnight,-24.44,2026-02-12T23:00:00+11:00,24.45
2026-02-12,Saturn,2026-02-12T21:00:00+11:00,9.63,36.19,2026-02-12T21:00:00+11:00,9.63,poor,evening,-7.12,2026-02-12T16:00:00+11:00,49.18
2026-02-12,Uranus,2026-02-12T21:00:00+11:00,23.96,93.8,2026-02-12T21:00:00+11:00,23.96,fair,evening,-7.12,2026-02-12T19:30:00+11:00,27.81
2026-02-12,Neptune,2026-02-12T21:00:00+11:00,9.12,36.81,2026-02-12T21:00:00+11:00,9.12,poor,evening,-7.12,2026-02-12T16:00:00+11:00,48.16
2026-02-13,Mercury,2026-02-13T21:00:00+11:00,-0.54,16.17,2026-02-13T21:00:00+11:00,-0.54,not visible,evening,-7.37,2026-02-13T14:30:00+11:00,55.21
2026-02-13,Venus,2026-02-13T21:00:00+11:00,-2.4,9.16,2026-02-13T21:00:00+11:00,-2.4,not visible,evening,-7.37,2026-02-13T14:00:00+11:00,58.88
2026-02-13,Mars,2026-02-13T06:00:00+11:00,1.72,8.16,2026-02-13T06:00:00+11:00,1.72,poor,predawn,-5.97,2026-02-13T13:00:00+11:00,64.24
2026-02-13,Jupiter,2026-02-13T23:00:00+11:00,24.41,141.35,2026-02-13T23:00:00+11:00,24.41,fair,overnight,-24.74,2026-02-13T23:00:00+11:00,24.41
2026-02-13,Saturn,2026-02-13T21:00:00+11:00,8.95,35.29,2026-02-13T21:00:00+11:00,8.95,poor,evening,-7.37,2026-02-13T15:30:00+11:00,49.17
2026-02-13,Uranus,2026-02-13T21:00:00+11:00,23.65,92.79,2026-02-13T21:00:00+11:00,23.65,fair,evening,-7.37,2026-02-13T19:30:00+11:00,27.78
2026-02-13,Neptune,2026-02-13T21:00:00+11:00,8.41,35.83,2026-02-13T21:00:00+11:00,8.41,poor,evening,-7.37,2026-02-13T15:30:00+11:00,48.15
2026-02-14,Mercury,2026-02-14T21:00:00+11:00,-0.81,16.69,2026-02-14T21:00:00+11:00,-0.81,not visible,evening,-7.63,2026-02-14T14:30:00+11:00,54.44
2026-02-14,Venus,2026-02-14T21:00:00+11:00,-2.57,9.39,2026-02-14T21:00:00+11:00,-2.57,not visible,evening,-7.63,2026-02-14T14:00:00+11:00,58.42
2026-02-14,Mars,2026-02-14T06:00:00+11:00,1.69,8.38,2026-02-14T06:00:00+11:00,1.69,poor,predawn,-6.21,2026-02-14T13:00:00+11:00,63.99
2026-02-14,Jupiter,2026-02-14T22:30:00+11:00,24.37,140.29,2026-02-14T22:30:00+11:00,24.37,fair,overnight,-21.26,2026-02-14T22:30:00+11:00,24.37
2026-02-14,Saturn,2026-02-14T21:00:00+11:00,8.28,34.39,2026-02-14T21:00:00+11:00,8.28,poor,evening,-7.63,2026-02-14T15:30:00+11:00,49.17
2026-02-14,Uranus,2026-02-14T21:00:00+11:00,23.32,91.79,2026-02-14T21:00:00+11:00,23.32,fair,evening,-7.63,2026-02-14T19:30:00+11:00,27.74
2026-02-14,Neptune,2026-02-14T21:00:00+11:00,7.71,34.85,2026-02-14T21:00:00+11:00,7.71,poor,evening,-7.63,2026-02-14T15:30:00+11:00,48.19
2026-02-15,Mercury,2026-02-15T21:00:00+11:00,-1.12,17.14,2026-02-15T21:00:00+11:00,-1.12,not visible,evening,-7.89,2026-02-15T14:30:00+11:00,53.67
2026-02-15,Venus,2026-02-15T21:00:00+11:00,-2.76,9.63,2026-02-15T21:00:00+11:00,-2.76,not visible,evening,-7.89,2026-02-15T14:00:00+11:00,57.95
2026-02-15,Mars,2026-02-15T06:00:00+11:00,1.66,8.61,2026-02-15T06:00:00+11:00,1.66,poor,predawn,-6.45,2026-02-15T13:00:00+11:00,63.75
2026-02-15,Jupiter,2026-02-15T22:30:00+11:00,24.41,139.2,2026-02-15T22:30:00+11:00,24.41,fair,overnight,-21.55,2026-02-15T22:30:00+11:00,24.41
2026-02-15,Saturn,2026-02-15T21:00:00+11:00,7.6,33.49,2026-02-15T21:00:00+11:00,7.6,poor,evening,-7.89,2026-02-15T15:30:00+11:00,49.15
2026-02-15,Uranus,2026-02-15T21:00:00+11:00,22.99,90.79,2026-02-15T21:00:00+11:00,22.99,fair,evening,-7.89,2026-02-15T19:00:00+11:00,27.76
2026-02-15,Neptune,2026-02-15T21:00:00+11:00,7.0,33.88,2026-02-15T21:00:00+11:00,7.0,poor,evening,-7.89,2026-02-15T15:30:00+11:00,48.21
2026-02-16,Mercury,2026-02-16T21:00:00+11:00,-1.48,17.52,2026-02-16T21:00:00+11:00,-1.48,not visible,evening,-8.15,2026-02-16T14:30:00+11:00,52.92
2026-02-16,Venus,2026-02-16T21:00:00+11:00,-2.95,9.87,2026-02-16T21:00:00+11:00,-2.95,not visible,evening,-8.15,2026-02-16T14:00:00+11:00,57.48
2026-02-16,Mars,2026-02-16T06:00:00+11:00,1.64,8.83,2026-02-16T06:00:00+11:00,1.64,poor,predawn,-6.69,2026-02-16T13:00:00+11:00,63.5
2026-02-16,Jupiter,2026-02-16T22:30:00+11:00,24.42,138.12,2026-02-16T22:30:00+11:00,24.42,fair,overnight,-21.85,2026-02-16T22:30:00+11:00,24.42
2026-02-16,Saturn,2026-02-16T21:00:00+11:00,6.92,32.6,2026-02-16T21:00:00+11:00,6.92,poor,evening,-8.15,2026-02-16T15:30:00+11:00,49.12
2026-02-16,Uranus,2026-02-16T21:00:00+11:00,22.65,89.79,2026-02-16T21:00:00+11:00,22.65,fair,evening,-8.15,2026-02-16T19:00:00+11:00,27.8
2026-02-16,Neptune,2026-02-16T21:00:00+11:00,6.29,32.9,2026-02-16T21:00:00+11:00,6.29,poor,evening,-8.15,2026-02-16T15:30:00+11:00,48.21
2026-02-17,Mercury,2026-02-17T21:00:00+11:00,-1.88,17.82,2026-02-17T21:00:00+11:00,-1.88,not visible,evening,-8.42,2026-02-17T14:30:00+11:00,52.19
2026-02-17,Venus,2026-02-17T21:00:00+11:00,-3.14,10.11,2026-02-17T21:00:00+11:00,-3.14,not visible,evening,-8.42,2026-02-17T14:00:00+11:00,57.01
2026-02-17,Mars,2026-02-17T06:00:00+11:00,1.61,9.05,2026-02-17T06:00:00+11:00,1.61,poor,predawn,-6.94,2026-02-17T13:00:00+11:00,63.24
2026-02-17,Jupiter,2026-02-17T22:30:00+11:00,24.42,137.04,2026-02-17T22:30:00+11:00,24.42,fair,overnight,-22.15,2026-02-17T22:30:00+11:00,24.42
2026-02-17,Saturn,2026-02-17T21:00:00+11:00,6.24,31.7,2026-02-17T21:00:00+11:00,6.24,poor,evening,-8.42,2026-02-17T15:30:00+11:00,49.08
2026-02-17,Uranus,2026-02-17T21:00:00+11:00,22.3,88.79,2026-02-17T21:00:00+11:00,22.3,fair,evening,-8.42,2026-02-17T19:00:00+11:00,27.81
2026-02-17,Neptune,2026-02-17T21:00:00+11:00,5.58,31.92,2026-02-17T21:00:00+11:00,5.58,poor,evening,-8.42,2026-02-17T15:30:00+11:00,48.2
2026-02-18,Mercury,2026-02-18T21:00:00+11:00,-2.34,18.02,2026-02-18T21:00:00+11:00,-2.34,not visible,evening,-8.69,2026-02-18T14:30:00+11:00,51.49
2026-02-18,Venus,2026-02-18T21:00:00+11:00,-3.34,10.35,2026-02-18T21:00:00+11:00,-3.34,not visible,evening,-8.69,2026-02-18T14:00:00+11:00,56.53
2026-02-18,Mars,2026-02-18T06:00:00+11:00,1.58,9.27,2026-02-18T06:00:00+11:00,1.58,poor,predawn,-7.18,2026-02-18T13:00:00+11:00,62.99
2026-02-18,Jupiter,2026-02-18T22:30:00+11:00,24.41,135.96,2026-02-18T22:30:00+11:00,24.41,fair,overnight,-22.45,2026-02-18T22:30:00+11:00,24.41
2026-02-18,Saturn,2026-02-18T21:00:00+11:00,5.56,30.81,2026-02-18T21:00:00+11:00,5.56,poor,evening,-8.69,2026-02-18T15:30:00+11:00,49.01
2026-02-18,Uranus,2026-02-18T21:00:00+11:00,21.94,87.8,2026-02-18T21:00:00+11:00,21.94,fair,evening,-8.69,2026-02-18T19:00:00+11:00,27.82
2026-02-18,Neptune,2026-02-18T21:00:00+11:00,4.87,30.95,2026-02-18T21:00:00+11:00,4.87,poor,evening,-8.69,2026-02-18T15:30:00+11:00,48.16
2026-02-19,Mercury,2026-02-19T21:00:00+11:00,-2.84,18.12,2026-02-19T21:00:00+11:00,-2.84,not visible,evening,-8.96,2026-02-19T14:30:00+11:00,50.82
2026-02-19,Venus,2026-02-19T21:00:00+11:00,-3.55,10.59,2026-02-19T21:00:00+11:00,-3.55,not visible,evening,-8.96,2026-02-19T14:00:00+11:00,56.04
2026-02-19,Mars,2026-02-19T06:00:00+11:00,1.55,9.49,2026-02-19T06:00:00+11:00,1.55,poor,predawn,-7.42,2026-02-19T13:00:00+11:00,62.72
2026-02-19,Jupiter,2026-02-19T22:30:00+11:00,24.38,134.88,2026-02-19T22:30:00+11:00,24.38,fair,overnight,-22.76,2026-02-19T22:30:00+11:00,24.38
2026-02-19,Saturn,2026-02-19T21:00:00+11:00,4.88,29.91,2026-02-19T21:00:00+11:00,4.88,poor,evening,-8.96,2026-02-19T15:30:00+11:00,48.94
2026-02-19,Uranus,2026-02-19T21:00:00+11:00,21.57,86.8,2026-02-19T21:00:00+11:00,21.57,fair,evening,-8.96,2026-02-19T19:00:00+11:00,27.81
2026-02-19,Neptune,2026-02-19T21:00:00+11:00,4.16,29.97,2026-02-19T21:00:00+11:00,4.16,poor,evening,-8.96,2026-02-19T15:30:00+11:00,48.11
2026-02-20,Mercury,2026-02-20T20:30:00+11:00,2.1,18.1,2026-02-20T20:30:00+11:00,2.1,poor,evening,-4.11,2026-02-20T14:30:00+11:00,50.2
2026-02-20,Venus,2026-02-20T20:30:00+11:00,1.63,10.82,2026-02-20T20:30:00+11:00,1.63,poor,evening,-4.11,2026-02-20T14:00:00+11:00,55.55
2026-02-20,Mars,2026-02-20T06:00:00+11:00,1.52,9.71,2026-02-20T06:00:00+11:00,1.52,poor,predawn,-7.66,2026-02-20T13:00:00+11:00,62.46
2026-02-20,Jupiter,2026-02-20T22:30:00+11:00,24.34,133.81,2026-02-20T22:30:00+11:00,24.34,fair,overnight,-23.08,2026-02-20T22:30:00+11:00,24.34
2026-02-20,Saturn,2026-02-20T20:30:00+11:00,9.71,29.04,2026-02-20T20:30:00+11:00,9.71,poor,evening,-4.11,2026-02-20T15:30:00+11:00,48.84
2026-02-20,Uranus,2026-02-20T20:30:00+11:00,23.85,85.83,2026-02-20T20:30:00+11:00,23.85,fair,evening,-4.11,2026-02-20T19:00:00+11:00,27.78
2026-02-20,Neptune,2026-02-20T20:30:00+11:00,8.96,29.02,2026-02-20T20:30:00+11:00,8.96,poor,evening,-4.11,2026-02-20T15:30:00+11:00,48.05
2026-02-21,Mercury,2026-02-21T20:30:00+11:00,1.49,17.95,2026-02-21T20:30:00+11:00,1.49,poor,evening,-4.39,2026-02-21T14:30:00+11:00,49.62
2026-02-21,Venus,2026-02-21T20:30:00+11:00,1.43,11.06,2026-02-21T20:30:00+11:00,1.43,poor,evening,-4.39,2026-02-21T14:00:00+11:00,55.06
2026-02-21,Mars,2026-02-21T06:00:00+11:00,1.49,9.93,2026-02-21T06:00:00+11:00,1.49,poor,predawn,-7.91,2026-02-21T13:00:00+11:00,62.19
2026-02-21,Jupiter,2026-02-21T22:00:00+11:00,24.3,132.77,2026-02-21T22:00:00+11:00,24.3,fair,overnight,-19.09,2026-02-21T22:00:00+11:00,24.3
2026-02-21,Saturn,2026-02-21T20:30:00+11:00,9.04,28.15,2026-02-21T20:30:00+11:00,9.04,poor,evening,-4.39,2026-02-21T15:00:00+11:00,48.77
2026-02-21,Uranus,2026-02-21T20:30:00+11:00,23.54,84.83,2026-02-21T20:30:00+11:00,23.54,fair,evening,-4.39,2026-02-21T19:00:00+11:00,27.75
2026-02-21,Neptune,2026-02-21T20:30:00+11:00,8.25,28.05,2026-02-21T20:30:00+11:00,8.25,poor,evening,-4.39,2026-02-21T15:00:00+11:00,48.05
2026-02-22,Mercury,2026-02-22T20:30:00+11:00,0.82,17.66,2026-02-22T20:30:00+11:00,0.82,poor,evening,-4.67,2026-02-22T14:30:00+11:00,49.09
2026-02-22,Venus,2026-02-22T20:30:00+11:00,1.22,11.3,2026-02-22T20:30:00+11:00,1.22,poor,evening,-4.67,2026-02-22T14:00:00+11:00,54.56
2026-02-22,Mars,2026-02-22T06:00:00+11:00,1.46,10.15,2026-02-22T06:00:00+11:00,1.46,poor,predawn,-8.15,2026-02-22T13:00:00+11:00,61.92
2026-02-22,Jupiter,2026-02-22T22:00:00+11:00,24.34,131.71,2026-02-22T22:00:00+11:00,24.34,fair,overnight,-19.4,2026-02-22T22:00:00+11:00,24.34
2026-02-22,Saturn,2026-02-22T20:30:00+11:00,8.36,27.26,2026-02-22T20:30:00+11:00,8.36,poor,evening,-4.67,2026-02-22T15:00:00+11:00,48.78
2026-02-22,Uranus,2026-02-22T20:30:00+11:00,23.21,83.84,2026-02-22T20:30:00+11:00,23.21,fair,evening,-4.67,2026-02-22T18:30:00+11:00,27.71
2026-02-22,Neptune,2026-02-22T20:30:00+11:00,7.54,27.08,2026-02-22T20:30:00+11:00,7.54,poor,evening,-4.67,2026-02-22T15:00:00+11:00,48.08
2026-02-23,Mercury,2026-02-23T20:30:00+11:00,0.09,17.24,2026-02-23T20:30:00+11:00,0.09,poor,evening,-4.95,2026-02-23T14:30:00+11:00,48.63
2026-02-23,Venus,2026-02-23T20:30:00+11:00,1.01,11.54,2026-02-23T20:30:00+11:00,1.01,poor,evening,-4.95,2026-02-23T14:00:00+11:00,54.06
2026-02-23,Mars,2026-02-23T06:00:00+11:00,1.43,10.37,2026-02-23T06:00:00+11:00,1.43,poor,predawn,-8.39,2026-02-23T13:00:00+11:00,61.64
2026-02-23,Jupiter,2026-02-23T22:00:00+11:00,24.36,130.65,2026-02-23T22:00:00+11:00,24.36,fair,overnight,-19.71,2026-02-23T22:00:00+11:00,24.36
2026-02-23,Saturn,2026-02-23T20:30:00+11:00,7.69,26.37,2026-02-23T20:30:00+11:00,7.69,poor,evening,-4.95,2026-02-23T15:00:00+11:00,48.77
2026-02-23,Uranus,2026-02-23T20:30:00+11:00,22.88,82.85,2026-02-23T20:30:00+11:00,22.88,fair,evening,-4.95,2026-02-23T18:30:00+11:00,27.75
2026-02-23,Neptune,2026-02-23T20:30:00+11:00,6.84,26.1,2026-02-23T20:30:00+11:00,6.84,poor,evening,-4.95,2026-02-23T15:00:00+11:00,48.1
2026-02-24,Mercury,2026-02-24T20:30:00+11:00,-0.7,16.66,2026-02-24T20:30:00+11:00,-0.7,not visible,evening,-5.23,2026-02-24T14:30:00+11:00,48.21
2026-02-24,Venus,2026-02-24T20:30:00+11:00,0.79,11.78,2026-02-24T20:30:00+11:00,0.79,poor,evening,-5.23,2026-02-24T14:00:00+11:00,53.56
2026-02-24,Mars,2026-02-24T06:00:00+11:00,1.4,10.59,2026-02-24T06:00:00+11:00,1.4,poor,predawn,-8.63,2026-02-24T13:00:00+11:00,61.36
2026-02-24,Jupiter,2026-02-24T22:00:00+11:00,24.37,129.59,2026-02-24T22:00:00+11:00,24.37,fair,overnight,-20.03,2026-02-24T22:00:00+11:00,24.37
2026-02-24,Saturn,2026-02-24T20:30:00+11:00,7.01,25.48,2026-02-24T20:30:00+11:00,7.01,poor,evening,-5.23,2026-02-24T15:00:00+11:00,48.74
2026-02-24,Uranus,2026-02-24T20:30:00+11:00,22.54,81.86,2026-02-24T20:30:00+11:00,22.54,fair,evening,-5.23,2026-02-24T18:30:00+11:00,27.77
2026-02-24,Neptune,2026-02-24T20:30:00+11:00,6.13,25.13,2026-02-24T20:30:00+11:00,6.13,poor,evening,-5.23,2026-02-24T15:00:00+11:00,48.1
2026-02-25,Mercury,2026-02-25T20:30:00+11:00,-1.55,15.92,2026-02-25T20:30:00+11:00,-1.55,not visible,evening,-5.52,2026-02-25T14:30:00+11:00,47.86
2026-02-25,Venus,2026-02-25T20:30:00+11:00,0.57,12.02,2026-02-25T20:30:00+11:00,0.57,poor,evening,-5.52,2026-02-25T14:00:00+11:00,53.05
2026-02-25,Mars,2026-02-25T06:00:00+11:00,1.37,10.8,2026-02-25T06:00:00+11:00,1.37,poor,predawn,-8.87,2026-02-25T13:00:00+11:00,61.07
2026-02-25,Jupiter,2026-02-25T22:00:00+11:00,24.36,128.54,2026-02-25T22:00:00+11:00,24.36,fair,overnight,-20.34,2026-02-25T22:00:00+11:00,24.36
2026-02-25,Saturn,2026-02-25T20:30:00+11:00,6.33,24.6,2026-02-25T20:30:00+11:00,6.33,poor,evening,-5.52,2026-02-25T15:00:00+11:00,48.7
2026-02-25,Uranus,2026-02-25T20:30:00+11:00,22.18,80.87,2026-02-25T20:30:00+11:00,22.18,fair,evening,-5.52,2026-02-25T18:30:00+11:00,27.79
2026-02-25,Neptune,2026-02-25T20:30:00+11:00,5.42,24.16,2026-02-25T20:30:00+11:00,5.42,poor,evening,-5.52,2026-02-25T15:00:00+11:00,48.08
2026-02-26,Mercury,2026-02-26T20:30:00+11:00,-2.44,15.03,2026-02-26T20:30:00+11:00,-2.44,not visible,evening,-5.82,2026-02-26T14:30:00+11:00,47.56
2026-02-26,Venus,2026-02-26T20:30:00+11:00,0.35,12.25,2026-02-26T20:30:00+11:00,0.35,poor,evening,-5.82,2026-02-26T14:00:00+11:00,52.54
2026-02-26,Mars,2026-02-26T06:00:00+11:00,1.34,11.02,2026-02-26T06:00:00+11:00,1.34,poor,predawn,-9.11,2026-02-26T12:30:00+11:00,60.81
2026-02-26,Jupiter,2026-02-26T22:00:00+11:00,24.34,127.49,2026-02-26T22:00:00+11:00,24.34,fair,overnight,-20.66,2026-02-26T22:00:00+11:00,24.34
2026-02-26,Saturn,2026-02-26T20:30:00+11:00,5.66,23.72,2026-02-26T20:30:00+11:00,5.66,poor,evening,-5.82,2026-02-26T15:00:00+11:00,48.65
2026-02-26,Uranus,2026-02-26T20:30:00+11:00,21.82,79.89,2026-02-26T20:30:00+11:00,21.82,fair,evening,-5.82,2026-02-26T18:30:00+11:00,27.78
2026-02-26,Neptune,2026-02-26T20:30:00+11:00,4.71,23.2,2026-02-26T20:30:00+11:00,4.71,poor,evening,-5.82,2026-02-26T15:00:00+11:00,48.05
2026-02-27,Mercury,2026-02-27T20:30:00+11:00,-3.39,13.99,2026-02-27T20:30:00+11:00,-3.39,not visible,evening,-6.11,2026-02-27T14:00:00+11:00,47.42
2026-02-27,Venus,2026-02-27T20:30:00+11:00,0.12,12.49,2026-02-27T20:30:00+11:00,0.12,poor,evening,-6.11,2026-02-27T14:00:00+11:00,52.03
2026-02-27,Mars,2026-02-27T06:30:00+11:00,6.63,11.24,2026-02-27T06:30:00+11:00,6.63,poor,predawn,-4.13,2026-02-27T12:30:00+11:00,60.57
2026-02-27,Jupiter,2026-02-27T22:00:00+11:00,24.3,126.45,2026-02-27T22:00:00+11:00,24.3,fair,overnight,-20.99,2026-02-27T22:00:00+11:00,24.3
2026-02-27,Saturn,2026-02-27T20:30:00+11:00,4.98,22.83,2026-02-27T20:30:00+11:00,4.98,poor,evening,-6.11,2026-02-27T15:00:00+11:00,48.58
2026-02-27,Uranus,2026-02-27T20:30:00+11:00,21.45,78.9,2026-02-27T20:30:00+11:00,21.45,fair,evening,-6.11,2026-02-27T18:30:00+11:00,27.77
2026-02-27,Neptune,2026-02-27T20:30:00+11:00,4.01,22.23,2026-02-27T20:30:00+11:00,4.01,poor,evening,-6.11,2026-02-27T15:00:00+11:00,48.0
2026-02-28,Mercury,2026-02-28T20:30:00+11:00,-4.39,12.8,2026-02-28T20:30:00+11:00,-4.39,not visible,evening,-6.41,2026-02-28T14:00:00+11:00,47.38
2026-02-28,Venus,2026-02-28T20:30:00+11:00,-0.11,12.73,2026-02-28T20:30:00+11:00,-0.11,not visible,evening,-6.41,2026-02-28T14:00:00+11:00,51.52
2026-02-28,Mars,2026-02-28T06:30:00+11:00,6.61,11.46,2026-02-28T06:30:00+11:00,6.61,poor,predawn,-4.36,2026-02-28T12:30:00+11:00,60.31
2026-02-28,Jupiter,2026-02-28T22:00:00+11:00,24.26,125.41,2026-02-28T22:00:00+11:00,24.26,fair,overnight,-21.31,2026-02-28T22:00:00+11:00,24.26
2026-02-28,Saturn,2026-02-28T20:30:00+11:00,4.31,21.95,2026-02-28T20:30:00+11:00,4.31,poor,evening,-6.41,2026-02-28T15:00:00+11:00,48.49
2026-02-28,Uranus,2026-02-28T20:30:00+11:00,21.07,77.92,2026-02-28T20:30:00+11:00,21.07,fair,evening,-6.41,2026-02-28T18:30:00+11:00,27.74
2026-02-28,Neptune,2026-02-28T20:30:00+11:00,3.3,21.26,2026-02-28T20:30:00+11:00,3.3,poor,evening,-6.41,2026-02-28T15:00:00+11:00,47.93
2026-03-01,Mercury,2026-03-01T20:30:00+11:00,-5.42,11.48,2026-03-01T20:30:00+11:00,-5.42,not visible,evening,-6.71,2026-03-01T14:00:00+11:00,47.41
2026-03-01,Venus,2026-03-01T20:30:00+11:00,-0.34,12.97,2026-03-01T20:30:00+11:00,-0.34,not visible,evening,-6.71,2026-03-01T14:00:00+11:00,51.0
2026-03-01,Mars,2026-03-01T06:30:00+11:00,6.59,11.67,2026-03-01T06:30:00+11:00,6.59,poor,predawn,-4.59,2026-03-01T12:30:00+11:00,60.06
2026-03-01,Jupiter,2026-03-01T21:30:00+11:00,24.29,124.39,2026-03-01T21:30:00+11:00,24.29,fair,evening,-16.91,2026-03-01T21:30:00+11:00,24.29
2026-03-01,Saturn,2026-03-01T20:30:00+11:00,3.63,21.07,2026-03-01T20:30:00+11:00,3.63,poor,evening,-6.71,2026-03-01T15:00:00+11:00,48.39
2026-03-01,Uranus,2026-03-01T20:30:00+11:00,20.68,76.94,2026-03-01T20:30:00+11:00,20.68,fair,evening,-6.71,2026-03-01T18:30:00+11:00,27.7
2026-03-01,Neptune,2026-03-01T20:30:00+11:00,2.59,20.3,2026-03-01T20:30:00+11:00,2.59,poor,evening,-6.71,2026-03-01T14:30:00+11:00,47.94
2026-03-02,Mercury,2026-03-02T20:30:00+11:00,-6.48,10.05,2026-03-02T20:30:00+11:00,-6.48,not visible,evening,-7.01,2026-03-02T14:00:00+11:00,47.47
2026-03-02,Venus,2026-03-02T20:30:00+11:00,-0.57,13.21,2026-03-02T20:30:00+11:00,-0.57,not visible,evening,-7.01,2026-03-02T14:00:00+11:00,50.48
2026-03-02,Mars,2026-03-02T06:30:00+11:00,6.57,11.89,2026-03-02T06:30:00+11:00,6.57,poor,predawn,-4.82,2026-03-02T12:30:00+11:00,59.8
2026-03-02,Jupiter,2026-03-02T21:30:00+11:00,24.31,123.36,2026-03-02T21:30:00+11:00,24.31,fair,evening,-17.23,2026-03-02T21:30:00+11:00,24.31
2026-03-02,Saturn,2026-03-02T20:30:00+11:00,2.95,20.19,2026-03-02T20:30:00+11:00,2.95,poor,evening,-7.01,2026-03-02T14:30:00+11:00,48.37
2026-03-02,Uranus,2026-03-02T20:30:00+11:00,20.28,75.96,2026-03-02T20:30:00+11:00,20.28,fair,evening,-7.01,2026-03-02T18:00:00+11:00,27.68
2026-03-02,Neptune,2026-03-02T20:30:00+11:00,1.88,19.33,2026-03-02T20:30:00+11:00,1.88,poor,evening,-7.01,2026-03-02T14:30:00+11:00,47.97
2026-03-03,Mercury,2026-03-03T20:30:00+11:00,-7.56,8.53,2026-03-03T20:30:00+11:00,-7.56,not visible,evening,-7.32,2026-03-03T14:00:00+11:00,47.56
2026-03-03,Venus,2026-03-03T20:30:00+11:00,-0.81,13.45,2026-03-03T20:30:00+11:00,-0.81,not visible,evening,-7.32,2026-03-03T14:30:00+11:00,49.96
2026-03-03,Mars,2026-03-03T06:30:00+11:00,6.55,12.1,2026-03-03T06:30:00+11:00,6.55,poor,predawn,-5.05,2026-03-03T12:30:00+11:00,59.54
2026-03-03,Jupiter,2026-03-03T21:30:00+11:00,24.33,122.33,2026-03-03T21:30:00+11:00,24.33,fair,evening,-17.55,2026-03-03T21:30:00+11:00,24.33
2026-03-03,Saturn,2026-03-03T20:30:00+11:00,2.28,19.31,2026-03-03T20:30:00+11:00,2.28,poor,evening,-7.32,2026-03-03T14:30:00+11:00,48.37
2026-03-03,Uranus,2026-03-03T20:30:00+11:00,19.87,74.98,2026-03-03T20:30:00+11:00,19.87,fair,evening,-7.32,2026-03-03T18:00:00+11:00,27.72
2026-03-03,Neptune,2026-03-03T20:30:00+11:00,1.17,18.37,2026-03-03T20:30:00+11:00,1.17,poor,evening,-7.32,2026-03-03T14:30:00+11:00,47.99
2026-03-04,Mercury,2026-03-04T20:30:00+11:00,-8.66,6.98,2026-03-04T20:30:00+11:00,-8.66,not visible,evening,-7.63,2026-03-04T13:30:00+11:00,47.77
2026-03-04,Venus,2026-03-04T20:30:00+11:00,-1.05,13.69,2026-03-04T20:30:00+11:00,-1.05,not visible,evening,-7.63,2026-03-04T14:30:00+11:00,49.47
2026-03-04,Mars,2026-03-04T06:30:00+11:00,6.53,12.31,2026-03-04T06:30:00+11:00,6.53,poor,predawn,-5.28,2026-03-04T12:30:00+11:00,59.27
2026-03-04,Jupiter,2026-03-04T21:30:00+11:00,24.33,121.3,2026-03-04T21:30:00+11:00,24.33,fair,evening,-17.87,2026-03-04T21:30:00+11:00,24.33
2026-03-04,Saturn,2026-03-04T20:30:00+11:00,1.6,18.44,2026-03-04T20:30:00+11:00,1.6,poor,evening,-7.63,2026-03-04T14:30:00+11:00,48.35
2026-03-04,Uranus,2026-03-04T20:30:00+11:00,19.45,74.0,2026-03-04T20:30:00+11:00,19.45,fair,evening,-7.63,2026-03-04T18:00:00+11:00,27.74
2026-03-04,Neptune,2026-03-04T20:30:00+11:00,0.46,17.4,2026-03-04T20:30:00+11:00,0.46,poor,evening,-7.63,2026-03-04T14:30:00+11:00,47.99
2026-03-05,Mercury,2026-03-05T20:30:00+11:00,-9.75,5.49,2026-03-05T20:30:00+11:00,-9.75,not visible,evening,-7.94,2026-03-05T13:30:00+11:00,48.14
2026-03-05,Venus,2026-03-05T20:30:00+11:00,-1.29,13.94,2026-03-05T20:30:00+11:00,-1.29,not visible,evening,-7.94,2026-03-05T14:30:00+11:00,48.96
2026-03-05,Mars,2026-03-05T06:30:00+11:00,6.51,12.53,2026-03-05T06:30:00+11:00,6.51,poor,predawn,-5.51,2026-03-05T12:30:00+11:00,59.0
2026-03-05,Jupiter,2026-03-05T21:30:00+11:00,24.31,120.28,2026-03-05T21:30:00+11:00,24.31,fair,evening,-18.2,2026-03-05T21:30:00+11:00,24.31
2026-03-05,Saturn,2026-03-05T20:30:00+11:00,0.93,17.56,2026-03-05T20:30:00+11:00,0.93,poor,evening,-7.94,2026-03-05T14:30:00+11:00,48.32
2026-03-05,Uranus,2026-03-05T20:30:00+11:00,19.03,73.02,2026-03-05T20:30:00+11:00,19.03,fair,evening,-7.94,2026-03-05T18:00:00+11:00,27.75
2026-03-05,Neptune,2026-03-05T20:30:00+11:00,-0.25,16.44,2026-03-05T20:30:00+11:00,-0.25,not visible,evening,-7.94,2026-03-05T14:30:00+11:00,47.97
2026-03-06,Mercury,2026-03-06T06:30:00+11:00,-10.12,4.92,2026-03-06T06:30:00+11:00,-10.12,not visible,predawn,-5.74,2026-03-06T13:30:00+11:00,48.51
2026-03-06,Venus,2026-03-06T20:30:00+11:00,-1.53,14.18,2026-03-06T20:30:00+11:00,-1.53,not visible,evening,-8.25,2026-03-06T14:30:00+11:00,48.46
2026-03-06,Mars,2026-03-06T06:30:00+11:00,6.49,12.74,2026-03-06T06:30:00+11:00,6.49,poor,predawn,-5.74,2026-03-06T12:30:00+11:00,58.73
2026-03-06,Jupiter,2026-03-06T21:30:00+11:00,24.29,119.26,2026-03-06T21:30:00+11:00,24.29,fair,evening,-18.53,2026-03-06T21:30:00+11:00,24.29
2026-03-06,Saturn,2026-03-06T20:30:00+11:00,0.25,16.69,2026-03-06T20:30:00+11:00,0.25,poor,evening,-8.25,2026-03-06T14:30:00+11:00,48.27
2026-03-06,Uranus,2026-03-06T20:30:00+11:00,18.6,72.04,2026-03-06T20:30:00+11:00,18.6,fair,evening,-8.25,2026-03-06T18:00:00+11:00,27.74
2026-03-06,Neptune,2026-03-06T20:30:00+11:00,-0.96,15.48,2026-03-06T20:30:00+11:00,-0.96,not visible,evening,-8.25,2026-03-06T14:30:00+11:00,47.93
2026-03-07,Mercury,2026-03-07T06:30:00+11:00,-8.49,3.89,2026-03-07T06:30:00+11:00,-8.49,not visible,predawn,-5.97,2026-03-07T13:30:00+11:00,48.86
2026-03-07,Venus,2026-03-07T20:30:00+11:00,-1.77,14.42,2026-03-07T20:30:00+11:00,-1.77,not visible,evening,-8.57,2026-03-07T14:30:00+11:00,47.96
2026-03-07,Mars,2026-03-07T06:30:00+11:00,6.46,12.95,2026-03-07T06:30:00+11:00,6.46,poor,predawn,-5.97,2026-03-07T12:30:00+11:00,58.45
2026-03-07,Jupiter,2026-03-07T21:30:00+11:00,24.25,118.25,2026-03-07T21:30:00+11:00,24.25,fair,evening,-18.86,2026-03-07T21:30:00+11:00,24.25
2026-03-07,Saturn,2026-03-07T20:30:00+11:00,-0.42,15.82,2026-03-07T20:30:00+11:00,-0.42,not visible,evening,-8.57,2026-03-07T14:30:00+11:00,48.21
2026-03-07,Uranus,2026-03-07T20:30:00+11:00,18.16,71.07,2026-03-07T20:30:00+11:00,18.16,fair,evening,-8.57,2026-03-07T18:00:00+11:00,27.72
2026-03-07,Neptune,2026-03-07T20:30:00+11:00,-1.67,14.52,2026-03-07T20:30:00+11:00,-1.67,not visible,evening,-8.57,2026-03-07T14:30:00+11:00,47.88
2026-03-08,Mercury,2026-03-08T06:30:00+11:00,-6.83,3.68,2026-03-08T06:30:00+11:00,-6.83,not visible,predawn,-6.2,2026-03-08T13:00:00+11:00,49.26
2026-03-08,Venus,2026-03-08T20:30:00+11:00,-2.01,14.66,2026-03-08T20:30:00+11:00,-2.01,not visible,evening,-8.88,2026-03-08T14:30:00+11:00,47.45
2026-03-08,Mars,2026-03-08T06:30:00+11:00,6.44,13.16,2026-03-08T06:30:00+11:00,6.44,poor,predawn,-6.2,2026-03-08T12:30:00+11:00,58.18
2026-03-08,Jupiter,2026-03-08T21:00:00+11:00,24.24,117.26,2026-03-08T21:00:00+11:00,24.24,fair,evening,-14.13,2026-03-08T21:00:00+11:00,24.24
2026-03-08,Saturn,2026-03-08T20:30:00+11:00,-1.1,14.95,2026-03-08T20:30:00+11:00,-1.1,not visible,evening,-8.88,2026-03-08T14:30:00+11:00,48.13
2026-03-08,Uranus,2026-03-08T20:30:00+11:00,17.71,70.1,2026-03-08T20:30:00+11:00,17.71,fair,evening,-8.88,2026-03-08T18:00:00+11:00,27.69
2026-03-08,Neptune,2026-03-08T20:30:00+11:00,-2.37,13.56,2026-03-08T20:30:00+11:00,-2.37,not visible,evening,-8.88,2026-03-08T14:30:00+11:00,47.8
2026-03-09,Mercury,2026-03-09T06:30:00+11:00,-5.13,4.45,2026-03-09T06:30:00+11:00,-5.13,not visible,predawn,-6.42,2026-03-09T13:00:00+11:00,49.82
2026-03-09,Venus,2026-03-09T20:30:00+11:00,-2.25,14.9,2026-03-09T20:30:00+11:00,-2.25,not visible,evening,-9.2,2026-03-09T14:30:00+11:00,46.95
2026-03-09,Mars,2026-03-09T06:30:00+11:00,6.42,13.38,2026-03-09T06:30:00+11:00,6.42,poor,predawn,-6.42,2026-03-09T12:30:00+11:00,57.89
2026-03-09,Jupiter,2026-03-09T21:00:00+11:00,24.28,116.25,2026-03-09T21:00:00+11:00,24.28,fair,evening,-14.46,2026-03-09T21:00:00+11:00,24.28
2026-03-09,Saturn,2026-03-09T20:30:00+11:00,-1.77,14.08,2026-03-09T20:30:00+11:00,-1.77,not visible,evening,-9.2,2026-03-09T14:30:00+11:00,48.04
2026-03-09,Uranus,2026-03-09T20:30:00+11:00,17.25,69.13,2026-03-09T20:30:00+11:00,17.25,fair,evening,-9.2,2026-03-09T18:00:00+11:00,27.65
2026-03-09,Neptune,2026-03-09T20:30:00+11:00,-3.08,12.6,2026-03-09T20:30:00+11:00,-3.08,not visible,evening,-9.2,2026-03-09T14:00:00+11:00,47.83
2026-03-10,Mercury,2026-03-10T06:30:00+11:00,-3.44,5.82,2026-03-10T06:30:00+11:00,-3.44,not visible,predawn,-6.65,2026-03-10T13:00:00+11:00,50.33
2026-03-10,Venus,2026-03-10T20:00:00+11:00,3.01,15.13,2026-03-10T20:00:00+11:00,3.01,poor,evening,-4.13,2026-03-10T14:30:00+11:00,46.44
2026-03-10,Mars,2026-03-10T06:30:00+11:00,6.4,13.59,2026-03-10T06:30:00+11:00,6.4,poor,predawn,-6.65,2026-03-10T12:30:00+11:00,57.61
2026-03-10,Jupiter,2026-03-10T21:00:00+11:00,24.3,115.25,2026-03-10T21:00:00+11:00,24.3,fair,evening,-14.79,2026-03-10T21:00:00+11:00,24.3
2026-03-10,Saturn,2026-03-10T20:00:00+11:00,3.07,13.23,2026-03-10T20:00:00+11:00,3.07,poor,evening,-4.13,2026-03-10T14:00:00+11:00,47.95
2026-03-10,Uranus,2026-03-10T20:00:00+11:00,20.17,68.17,2026-03-10T20:00:00+11:00,20.17,fair,evening,-4.13,2026-03-10T17:30:00+11:00,27.64
2026-03-10,Neptune,2026-03-10T20:00:00+11:00,1.73,11.67,2026-03-10T20:00:00+11:00,1.73,poor,evening,-4.13,2026-03-10T14:00:00+11:00,47.86
2026-03-11,Mercury,2026-03-11T06:30:00+11:00,-1.77,7.44,2026-03-11T06:30:00+11:00,-1.77,not visible,predawn,-6.88,2026-03-11T13:00:00+11:00,50.79
2026-03-11,Venus,2026-03-11T20:00:00+11:00,2.77,15.37,2026-03-11T20:00:00+11:00,2.77,poor,evening,-4.45,2026-03-11T14:30:00+11:00,45.93
2026-03-11,Mars,2026-03-11T06:30:00+11:00,6.38,13.8,2026-03-11T06:30:00+11:00,6.38,poor,predawn,-6.88,2026-03-11T12:30:00+11:00,57.32
2026-03-11,Jupiter,2026-03-11T21:00:00+11:00,24.31,114.25,2026-03-11T21:00:00+11:00,24.31,fair,evening,-15.11,2026-03-11T21:00:00+11:00,24.31
2026-03-11,Saturn,2026-03-11T20:00:00+11:00,2.4,12.37,2026-03-11T20:00:00+11:00,2.4,poor,evening,-4.45,2026-03-11T14:00:00+11:00,47.95
2026-03-11,Uranus,2026-03-11T20:00:00+11:00,19.76,67.2,2026-03-11T20:00:00+11:00,19.76,fair,evening,-4.45,2026-03-11T17:30:00+11:00,27.67
2026-03-11,Neptune,2026-03-11T20:00:00+11:00,1.02,10.71,2026-03-11T20:00:00+11:00,1.02,poor,evening,-4.45,2026-03-11T14:00:00+11:00,47.87
2026-03-12,Mercury,2026-03-12T06:30:00+11:00,-0.13,9.13,2026-03-12T06:30:00+11:00,-0.13,not visible,predawn,-7.1,2026-03-12T12:30:00+11:00,51.22
2026-03-12,Venus,2026-03-12T20:00:00+11:00,2.52,15.62,2026-03-12T20:00:00+11:00,2.52,poor,evening,-4.77,2026-03-12T14:30:00+11:00,45.42
2026-03-12,Mars,2026-03-12T06:30:00+11:00,6.36,14.01,2026-03-12T06:30:00+11:00,6.36,poor,predawn,-7.1,2026-03-12T12:30:00+11:00,57.03
2026-03-12,Jupiter,2026-03-12T21:00:00+11:00,24.31,113.25,2026-03-12T21:00:00+11:00,24.31,fair,evening,-15.44,2026-03-12T21:00:00+11:00,24.31
2026-03-12,Saturn,2026-03-12T20:00:00+11:00,1.72,11.51,2026-03-12T20:00:00+11:00,1.72,poor,evening,-4.77,2026-03-12T14:00:00+11:00,47.94
2026-03-12,Uranus,2026-03-12T20:00:00+11:00,19.35,66.24,2026-03-12T20:00:00+11:00,19.35,fair,evening,-4.77,2026-03-12T17:30:00+11:00,27.69
2026-03-12,Neptune,2026-03-12T20:00:00+11:00,0.31,9.76,2026-03-12T20:00:00+11:00,0.31,poor,evening,-4.77,2026-03-12T14:00:00+11:00,47.87
2026-03-13,Mercury,2026-03-13T06:30:00+11:00,1.45,10.83,2026-03-13T06:30:00+11:00,1.45,poor,predawn,-7.33,2026-03-13T12:30:00+11:00,51.8
2026-03-13,Venus,2026-03-13T20:00:00+11:00,2.28,15.86,2026-03-13T20:00:00+11:00,2.28,poor,evening,-5.09,2026-03-13T14:30:00+11:00,44.91
2026-03-13,Mars,2026-03-13T06:30:00+11:00,6.34,14.22,2026-03-13T06:30:00+11:00,6.34,poor,predawn,-7.33,2026-03-13T12:30:00+11:00,56.74
2026-03-13,Jupiter,2026-03-13T21:00:00+11:00,24.29,112.26,2026-03-13T21:00:00+11:00,24.29,fair,evening,-15.77,2026-03-13T21:00:00+11:00,24.29
2026-03-13,Saturn,2026-03-13T20:00:00+11:00,1.05,10.65,2026-03-13T20:00:00+11:00,1.05,poor,evening,-5.09,2026-03-13T14:00:00+11:00,47.92
2026-03-13,Uranus,2026-03-13T20:00:00+11:00,18.93,65.27,2026-03-13T20:00:00+11:00,18.93,fair,evening,-5.09,2026-03-13T17:30:00+11:00,27.69
2026-03-13,Neptune,2026-03-13T20:00:00+11:00,-0.4,8.81,2026-03-13T20:00:00+11:00,-0.4,not visible,evening,-5.09,2026-03-13T14:00:00+11:00,47.85
2026-03-14,Mercury,2026-03-14T06:30:00+11:00,2.96,12.49,2026-03-14T06:30:00+11:00,2.96,poor,predawn,-7.55,2026-03-14T12:30:00+11:00,52.31
2026-03-14,Venus,2026-03-14T20:00:00+11:00,2.04,16.1,2026-03-14T20:00:00+11:00,2.04,poor,evening,-5.41,2026-03-14T14:30:00+11:00,44.41
2026-03-14,Mars,2026-03-14T06:30:00+11:00,6.32,14.43,2026-03-14T06:30:00+11:00,6.32,poor,predawn,-7.55,2026-03-14T12:30:00+11:00,56.44
2026-03-14,Jupiter,2026-03-14T21:00:00+11:00,24.27,111.27,2026-03-14T21:00:00+11:00,24.27,fair,evening,-16.11,2026-03-14T21:00:00+11:00,24.27
2026-03-14,Saturn,2026-03-14T20:00:00+11:00,0.38,9.8,2026-03-14T20:00:00+11:00,0.38,poor,evening,-5.41,2026-03-14T14:00:00+11:00,47.88
2026-03-14,Uranus,2026-03-14T20:00:00+11:00,18.49,64.3,2026-03-14T20:00:00+11:00,18.49,fair,evening,-5.41,2026-03-14T17:30:00+11:00,27.69
2026-03-14,Neptune,2026-03-14T20:00:00+11:00,-1.11,7.86,2026-03-14T20:00:00+11:00,-1.11,not visible,evening,-5.41,2026-03-14T14:00:00+11:00,47.81
2026-03-15,Mercury,2026-03-15T06:30:00+11:00,4.38,14.08,2026-03-15T06:30:00+11:00,4.38,poor,predawn,-7.77,2026-03-15T12:30:00+11:00,52.75
2026-03-15,Venus,2026-03-15T20:00:00+11:00,1.79,16.34,2026-03-15T20:00:00+11:00,1.79,poor,evening,-5.73,2026-03-15T14:30:00+11:00,43.9
2026-03-15,Mars,2026-03-15T06:30:00+11:00,6.3,14.64,2026-03-15T06:30:00+11:00,6.3,poor,predawn,-7.77,2026-03-15T12:30:00+11:00,56.14
2026-03-15,Jupiter,2026-03-15T21:00:00+11:00,24.23,110.29,2026-03-15T21:00:00+11:00,24.23,fair,evening,-16.44,2026-03-15T21:00:00+11:00,24.23
2026-03-15,Saturn,2026-03-15T20:00:00+11:00,-0.3,8.95,2026-03-15T20:00:00+11:00,-0.3,not visible,evening,-5.73,2026-03-15T14:00:00+11:00,47.83
2026-03-15,Uranus,2026-03-15T20:00:00+11:00,18.05,63.34,2026-03-15T20:00:00+11:00,18.05,fair,evening,-5.73,2026-03-15T17:30:00+11:00,27.67
2026-03-15,Neptune,2026-03-15T20:00:00+11:00,-1.81,6.92,2026-03-15T20:00:00+11:00,-1.81,not visible,evening,-5.73,2026-03-15T14:00:00+11:00,47.75
2026-03-16,Mercury,2026-03-16T06:30:00+11:00,5.72,15.59,2026-03-16T06:30:00+11:00,5.72,poor,predawn,-8.0,2026-03-16T12:30:00+11:00,53.11
2026-03-16,Venus,2026-03-16T20:00:00+11:00,1.55,16.58,2026-03-16T20:00:00+11:00,1.55,poor,evening,-6.05,2026-03-16T14:30:00+11:00,43.39
2026-03-16,Mars,2026-03-16T06:30:00+11:00,6.28,14.85,2026-03-16T06:30:00+11:00,6.28,poor,predawn,-8.0,2026-03-16T12:30:00+11:00,55.84
2026-03-16,Jupiter,2026-03-16T20:30:00+11:00,24.25,109.33,2026-03-16T20:30:00+11:00,24.25,fair,evening,-11.47,2026-03-16T20:30:00+11:00,24.25
2026-03-16,Saturn,2026-03-16T20:00:00+11:00,-0.97,8.1,2026-03-16T20:00:00+11:00,-0.97,not visible,evening,-6.05,2026-03-16T14:00:00+11:00,47.76
2026-03-16,Uranus,2026-03-16T20:00:00+11:00,17.61,62.38,2026-03-16T20:00:00+11:00,17.61,fair,evening,-6.05,2026-03-16T17:30:00+11:00,27.63
2026-03-16,Neptune,2026-03-16T20:00:00+11:00,-2.52,5.98,2026-03-16T20:00:00+11:00,-2.52,not visible,evening,-6.05,2026-03-16T14:00:00+11:00,47.68
2026-03-17,Mercury,2026-03-17T06:30:00+11:00,6.97,17.02,2026-03-17T06:30:00+11:00,6.97,poor,predawn,-8.22,2026-03-17T12:00:00+11:00,53.45
2026-03-17,Venus,2026-03-17T20:00:00+11:00,1.31,16.82,2026-03-17T20:00:00+11:00,1.31,poor,evening,-6.37,2026-03-17T14:30:00+11:00,42.89
2026-03-17,Mars,2026-03-17T06:30:00+11:00,6.26,15.06,2026-03-17T06:30:00+11:00,6.26,poor,predawn,-8.22,2026-03-17T12:30:00+11:00,55.53
2026-03-17,Jupiter,2026-03-17T20:30:00+11:00,24.29,108.35,2026-03-17T20:30:00+11:00,24.29,fair,evening,-11.8,2026-03-17T20:30:00+11:00,24.29
2026-03-17,Saturn,2026-03-17T20:00:00+11:00,-1.64,7.26,2026-03-17T20:00:00+11:00,-1.64,not visible,evening,-6.37,2026-03-17T14:00:00+11:00,47.68
2026-03-17,Uranus,2026-03-17T20:00:00+11:00,17.15,61.41,2026-03-17T20:00:00+11:00,17.15,fair,evening,-6.37,2026-03-17T17:30:00+11:00,27.59
2026-03-17,Neptune,2026-03-17T20:00:00+11:00,-3.23,5.05,2026-03-17T20:00:00+11:00,-3.23,not visible,evening,-6.37,2026-03-17T13:30:00+11:00,47.72
2026-03-18,Mercury,2026-03-18T06:30:00+11:00,8.12,18.34,2026-03-18T06:30:00+11:00,8.12,poor,predawn,-8.44,2026-03-18T12:00:00+11:00,53.88
2026-03-18,Venus,2026-03-18T20:00:00+11:00,1.07,17.06,2026-03-18T20:00:00+11:00,1.07,poor,evening,-6.7,2026-03-18T14:30:00+11:00,42.38
2026-03-18,Mars,2026-03-18T06:30:00+11:00,6.24,15.26,2026-03-18T06:30:00+11:00,6.24,poor,predawn,-8.44,2026-03-18T12:30:00+11:00,55.23
2026-03-18,Jupiter,2026-03-18T20:30:00+11:00,24.31,107.37,2026-03-18T20:30:00+11:00,24.31,fair,evening,-12.12,2026-03-18T20:30:00+11:00,24.31
2026-03-18,Saturn,2026-03-18T20:00:00+11:00,-2.32,6.44,2026-03-18T20:00:00+11:00,-2.32,not visible,evening,-6.7,2026-03-18T14:00:00+11:00,47.58
2026-03-18,Uranus,2026-03-18T20:00:00+11:00,16.69,60.45,2026-03-18T20:00:00+11:00,16.69,fair,evening,-6.7,2026-03-18T17:00:00+11:00,27.59
2026-03-18,Neptune,2026-03-18T20:00:00+11:00,-3.94,4.13,2026-03-18T20:00:00+11:00,-3.94,not visible,evening,-6.7,2026-03-18T13:30:00+11:00,47.75
2026-03-19,Mercury,2026-03-19T06:30:00+11:00,9.17,19.57,2026-03-19T06:30:00+11:00,9.17,poor,predawn,-8.66,2026-03-19T12:00:00+11:00,54.24
2026-03-19,Venus,2026-03-19T20:00:00+11:00,0.84,17.31,2026-03-19T20:00:00+11:00,0.84,poor,evening,-7.02,2026-03-19T14:30:00+11:00,41.88
2026-03-19,Mars,2026-03-19T06:30:00+11:00,6.22,15.47,2026-03-19T06:30:00+11:00,6.22,poor,predawn,-8.66,2026-03-19T12:30:00+11:00,54.92
2026-03-19,Jupiter,2026-03-19T20:30:00+11:00,24.32,106.4,2026-03-19T20:30:00+11:00,24.32,fair,evening,-12.45,2026-03-19T20:30:00+11:00,24.32
2026-03-19,Saturn,2026-03-19T20:00:00+11:00,-2.99,5.62,2026-03-19T20:00:00+11:00,-2.99,not visible,evening,-7.02,2026-03-19T13:30:00+11:00,47.53
2026-03-19,Uranus,2026-03-19T20:00:00+11:00,16.22,59.49,2026-03-19T20:00:00+11:00,16.22,fair,evening,-7.02,2026-03-19T17:00:00+11:00,27.61
2026-03-19,Neptune,2026-03-19T20:00:00+11:00,-4.64,3.24,2026-03-19T20:00:00+11:00,-4.64,not visible,evening,-7.02,2026-03-19T13:30:00+11:00,47.76
2026-03-20,Mercury,2026-03-20T06:30:00+11:00,10.12,20.7,2026-03-20T06:30:00+11:00,10.12,poor,predawn,-8.88,2026-03-20T12:00:00+11:00,54.53
2026-03-20,Venus,2026-03-20T20:00:00+11:00,0.6,17.55,2026-03-20T20:00:00+11:00,0.6,poor,evening,-7.35,2026-03-20T14:30:00+11:00,41.38
2026-03-20,Mars,2026-03-20T06:30:00+11:00,6.2,15.68,2026-03-20T06:30:00+11:00,6.2,poor,predawn,-8.88,2026-03-20T12:30:00+11:00,54.6
2026-03-20,Jupiter,2026-03-20T20:30:00+11:00,24.31,105.44,2026-03-20T20:30:00+11:00,24.31,fair,evening,-12.78,2026-03-20T20:30:00+11:00,24.31
2026-03-20,Saturn,2026-03-20T20:00:00+11:00,-3.66,4.83,2026-03-20T20:00:00+11:00,-3.66,not visible,evening,-7.35,2026-03-20T13:30:00+11:00,47.53
2026-03-20,Uranus,2026-03-20T20:00:00+11:00,15.75,58.53,2026-03-20T20:00:00+11:00,15.75,fair,evening,-7.35,2026-03-20T17:00:00+11:00,27.63
2026-03-20,Neptune,2026-03-20T20:00:00+11:00,-5.35,2.39,2026-03-20T20:00:00+11:00,-5.35,not visible,evening,-7.35,2026-03-20T13:30:00+11:00,47.75
2026-03-21,Mercury,2026-03-21T06:30:00+11:00,10.98,21.73,2026-03-21T06:30:00+11:00,10.98,poor,predawn,-9.1,2026-03-21T12:00:00+11:00,54.76
2026-03-21,Venus,2026-03-21T20:00:00+11:00,0.37,17.79,2026-03-21T20:00:00+11:00,0.37,poor,evening,-7.67,2026-03-21T14:30:00+11:00,40.88
2026-03-21,Mars,2026-03-21T06:30:00+11:00,6.19,15.89,2026-03-21T06:30:00+11:00,6.19,poor,predawn,-9.1,2026-03-21T12:30:00+11:00,54.29
2026-03-21,Jupiter,2026-03-21T20:30:00+11:00,24.3,104.48,2026-03-21T20:30:00+11:00,24.3,fair,evening,-13.11,2026-03-21T20:30:00+11:00,24.3
2026-03-21,Saturn,2026-03-21T20:00:00+11:00,-4.33,4.07,2026-03-21T20:00:00+11:00,-4.33,not visible,evening,-7.67,2026-03-21T13:30:00+11:00,47.51
2026-03-21,Uranus,2026-03-21T20:00:00+11:00,15.27,57.58,2026-03-21T20:00:00+11:00,15.27,fair,evening,-7.67,2026-03-21T17:00:00+11:00,27.63
2026-03-21,Neptune,2026-03-21T20:00:00+11:00,-6.05,1.67,2026-03-21T20:00:00+11:00,-6.05,not visible,evening,-7.67,2026-03-21T13:30:00+11:00,47.73
2026-03-22,Mercury,2026-03-22T06:30:00+11:00,11.74,22.66,2026-03-22T06:30:00+11:00,11.74,poor,predawn,-9.31,2026-03-22T12:00:00+11:00,54.94
2026-03-22,Venus,2026-03-22T20:00:00+11:00,0.14,18.03,2026-03-22T20:00:00+11:00,0.14,poor,evening,-7.99,2026-03-22T14:30:00+11:00,40.38
2026-03-22,Mars,2026-03-22T06:30:00+11:00,6.17,16.09,2026-03-22T06:30:00+11:00,6.17,poor,predawn,-9.31,2026-03-22T12:30:00+11:00,53.97
2026-03-22,Jupiter,2026-03-22T20:30:00+11:00,24.28,103.52,2026-03-22T20:30:00+11:00,24.28,fair,evening,-13.44,2026-03-22T20:30:00+11:00,24.28
2026-03-22,Saturn,2026-03-22T20:00:00+11:00,-5.01,3.36,2026-03-22T20:00:00+11:00,-5.01,not visible,evening,-7.99,2026-03-22T13:30:00+11:00,47.48
2026-03-22,Uranus,2026-03-22T20:00:00+11:00,14.78,56.62,2026-03-22T20:00:00+11:00,14.78,poor,evening,-7.99,2026-03-22T17:00:00+11:00,27.62
2026-03-22,Neptune,2026-03-22T20:00:00+11:00,-6.76,1.31,2026-03-22T20:00:00+11:00,-6.76,not visible,evening,-7.99,2026-03-22T13:30:00+11:00,47.69
2026-03-23,Mercury,2026-03-23T07:00:00+11:00,17.92,23.52,2026-03-23T07:00:00+11:00,17.92,fair,predawn,-4.05,2026-03-23T12:00:00+11:00,55.06
2026-03-23,Venus,2026-03-23T20:00:00+11:00,-0.09,18.27,2026-03-23T20:00:00+11:00,-0.09,not visible,evening,-8.32,2026-03-23T14:30:00+11:00,39.88
2026-03-23,Mars,2026-03-23T07:00:00+11:00,11.65,16.31,2026-03-23T07:00:00+11:00,11.65,poor,predawn,-4.05,2026-03-23T12:30:00+11:00,53.65
2026-03-23,Jupiter,2026-03-23T20:30:00+11:00,24.24,102.56,2026-03-23T20:30:00+11:00,24.24,fair,evening,-13.76,2026-03-23T20:30:00+11:00,24.24
2026-03-23,Saturn,2026-03-23T07:00:00+11:00,-5.41,3.06,2026-03-23T07:00:00+11:00,-5.41,not visible,predawn,-4.05,2026-03-23T13:30:00+11:00,47.44
2026-03-23,Uranus,2026-03-23T20:00:00+11:00,14.28,55.67,2026-03-23T20:00:00+11:00,14.28,poor,evening,-8.32,2026-03-23T17:00:00+11:00,27.6
2026-03-23,Neptune,2026-03-23T07:00:00+11:00,-3.29,1.35,2026-03-23T07:00:00+11:00,-3.29,not visible,predawn,-4.05,2026-03-23T13:30:00+11:00,47.63
2026-03-24,Mercury,2026-03-24T07:00:00+11:00,18.5,24.27,2026-03-24T07:00:00+11:00,18.5,fair,predawn,-4.26,2026-03-24T12:00:00+11:00,55.14
2026-03-24,Venus,2026-03-24T20:00:00+11:00,-0.31,18.52,2026-03-24T20:00:00+11:00,-0.31,not visible,evening,-8.64,2026-03-24T14:30:00+11:00,39.39
2026-03-24,Mars,2026-03-24T07:00:00+11:00,11.64,16.51,2026-03-24T07:00:00+11:00,11.64,poor,predawn,-4.26,2026-03-24T12:30:00+11:00,53.33
2026-03-24,Jupiter,2026-03-24T20:00:00+11:00,24.28,101.63,2026-03-24T20:00:00+11:00,24.28,fair,evening,-8.64,2026-03-24T20:00:00+11:00,24.28
2026-03-24,Saturn,2026-03-24T07:00:00+11:00,-4.81,2.51,2026-03-24T07:00:00+11:00,-4.81,not visible,predawn,-4.26,2026-03-24T13:30:00+11:00,47.38
2026-03-24,Uranus,2026-03-24T20:00:00+11:00,13.78,54.71,2026-03-24T20:00:00+11:00,13.78,poor,evening,-8.64,2026-03-24T17:00:00+11:00,27.57
2026-03-24,Neptune,2026-03-24T07:00:00+11:00,-2.6,1.84,2026-03-24T07:00:00+11:00,-2.6,not visible,predawn,-4.26,2026-03-24T13:00:00+11:00,47.56
2026-03-25,Mercury,2026-03-25T07:00:00+11:00,19.0,24.94,2026-03-25T07:00:00+11:00,19.0,fair,predawn,-4.48,2026-03-25T12:00:00+11:00,55.18
2026-03-25,Venus,2026-03-25T20:00:00+11:00,-0.54,18.76,2026-03-25T20:00:00+11:00,-0.54,not visible,evening,-8.97,2026-03-25T14:30:00+11:00,38.9
2026-03-25,Mars,2026-03-25T07:00:00+11:00,11.62,16.72,2026-03-25T07:00:00+11:00,11.62,poor,predawn,-4.48,2026-03-25T12:30:00+11:00,53.01
2026-03-25,Jupiter,2026-03-25T20:00:00+11:00,24.31,100.68,2026-03-25T20:00:00+11:00,24.31,fair,evening,-8.97,2026-03-25T20:00:00+11:00,24.31
2026-03-25,Saturn,2026-03-25T07:00:00+11:00,-4.21,2.18,2026-03-25T07:00:00+11:00,-4.21,not visible,predawn,-4.48,2026-03-25T13:30:00+11:00,47.3
2026-03-25,Uranus,2026-03-25T20:00:00+11:00,13.27,53.76,2026-03-25T20:00:00+11:00,13.27,poor,evening,-8.97,2026-03-25T17:00:00+11:00,27.52
2026-03-25,Neptune,2026-03-25T07:00:00+11:00,-1.92,2.6,2026-03-25T07:00:00+11:00,-1.92,not visible,predawn,-4.48,2026-03-25T13:00:00+11:00,47.6
2026-03-26,Mercury,2026-03-26T07:00:00+11:00,19.41,25.53,2026-03-26T07:00:00+11:00,19.41,fair,predawn,-4.69,2026-03-26T11:30:00+11:00,55.23
2026-03-26,Venus,2026-03-26T20:00:00+11:00,-0.75,19.0,2026-03-26T20:00:00+11:00,-0.75,not visible,evening,-9.29,2026-03-26T14:30:00+11:00,38.41
2026-03-26,Mars,2026-03-26T07:00:00+11:00,11.6,16.92,2026-03-26T07:00:00+11:00,11.6,poor,predawn,-4.69,2026-03-26T12:30:00+11:00,52.68
2026-03-26,Jupiter,2026-03-26T20:00:00+11:00,24.34,99.74,2026-03-26T20:00:00+11:00,24.34,fair,evening,-9.29,2026-03-26T20:00:00+11:00,24.34
2026-03-26,Saturn,2026-03-26T07:00:00+11:00,-3.6,2.16,2026-03-26T07:00:00+11:00,-3.6,not visible,predawn,-4.69,2026-03-26T13:30:00+11:00,47.22
2026-03-26,Uranus,2026-03-26T20:00:00+11:00,12.76,52.81,2026-03-26T20:00:00+11:00,12.76,poor,evening,-9.29,2026-03-26T16:30:00+11:00,27.52
2026-03-26,Neptune,2026-03-26T07:00:00+11:00,-1.23,3.46,2026-03-26T07:00:00+11:00,-1.23,not visible,predawn,-4.69,2026-03-26T13:00:00+11:00,47.63
2026-03-27,Mercury,2026-03-27T07:00:00+11:00,19.75,26.04,2026-03-27T07:00:00+11:00,19.75,fair,predawn,-4.9,2026-03-27T11:30:00+11:00,55.26
2026-03-27,Venus,2026-03-27T19:30:00+11:00,4.37,19.24,2026-03-27T19:30:00+11:00,4.37,poor,evening,-4.1,2026-03-27T14:30:00+11:00,37.92
2026-03-27,Mars,2026-03-27T07:00:00+11:00,11.58,17.13,2026-03-27T07:00:00+11:00,11.58,poor,predawn,-4.9,2026-03-27T12:30:00+11:00,52.35
2026-03-27,Jupiter,2026-03-27T20:00:00+11:00,24.35,98.8,2026-03-27T20:00:00+11:00,24.35,fair,evening,-9.61,2026-03-27T20:00:00+11:00,24.35
2026-03-27,Saturn,2026-03-27T19:30:00+11:00,-2.85,2.73,2026-03-27T19:30:00+11:00,-2.85,not visible,evening,-4.1,2026-03-27T13:30:00+11:00,47.12
2026-03-27,Uranus,2026-03-27T19:30:00+11:00,16.14,51.88,2026-03-27T19:30:00+11:00,16.14,fair,evening,-4.1,2026-03-27T16:30:00+11:00,27.55
2026-03-27,Neptune,2026-03-27T07:00:00+11:00,-0.54,4.36,2026-03-27T07:00:00+11:00,-0.54,not visible,predawn,-4.9,2026-03-27T13:00:00+11:00,47.64
2026-03-28,Mercury,2026-03-28T07:00:00+11:00,20.02,26.48,2026-03-28T07:00:00+11:00,20.02,fair,predawn,-5.11,2026-03-28T11:30:00+11:00,55.25
2026-03-28,Venus,2026-03-28T19:30:00+11:00,4.15,19.48,2026-03-28T19:30:00+11:00,4.15,poor,evening,-4.43,2026-03-28T14:30:00+11:00,37.44
2026-03-28,Mars,2026-03-28T07:00:00+11:00,11.57,17.33,2026-03-28T07:00:00+11:00,11.57,poor,predawn,-5.11,2026-03-28T12:30:00+11:00,52.02
2026-03-28,Jupiter,2026-03-28T20:00:00+11:00,24.35,97.86,2026-03-28T20:00:00+11:00,24.35,fair,evening,-9.93,2026-03-28T20:00:00+11:00,24.35
2026-03-28,Saturn,2026-03-28T07:00:00+11:00,-2.39,3.01,2026-03-28T07:00:00+11:00,-2.39,not visible,predawn,-5.11,2026-03-28T13:00:00+11:00,47.11
2026-03-28,Uranus,2026-03-28T19:30:00+11:00,15.67,50.93,2026-03-28T19:30:00+11:00,15.67,fair,evening,-4.43,2026-03-28T16:30:00+11:00,27.56
2026-03-28,Neptune,2026-03-28T07:00:00+11:00,0.15,5.27,2026-03-28T07:00:00+11:00,0.15,poor,predawn,-5.11,2026-03-28T13:00:00+11:00,47.63
2026-03-29,Mercury,2026-03-29T07:00:00+11:00,20.22,26.85,2026-03-29T07:00:00+11:00,20.22,fair,predawn,-5.32,2026-03-29T11:30:00+11:00,55.2
2026-03-29,Venus,2026-03-29T19:30:00+11:00,3.93,19.73,2026-03-29T19:30:00+11:00,3.93,poor,evening,-4.74,2026-03-29T14:30:00+11:00,36.96
2026-03-29,Mars,2026-03-29T07:00:00+11:00,11.55,17.54,2026-03-29T07:00:00+11:00,11.55,poor,predawn,-5.32,2026-03-29T12:00:00+11:00,51.73
2026-03-29,Jupiter,2026-03-29T20:00:00+11:00,24.34,96.93,2026-03-29T20:00:00+11:00,24.34,fair,evening,-10.25,2026-03-29T20:00:00+11:00,24.34
2026-03-29,Saturn,2026-03-29T07:00:00+11:00,-1.78,3.67,2026-03-29T07:00:00+11:00,-1.78,not visible,predawn,-5.32,2026-03-29T13:00:00+11:00,47.1
2026-03-29,Uranus,2026-03-29T19:30:00+11:00,15.19,49.98,2026-03-29T19:30:00+11:00,15.19,fair,evening,-4.74,2026-03-29T16:30:00+11:00,27.56
2026-03-29,Neptune,2026-03-29T07:00:00+11:00,0.84,6.2,2026-03-29T07:00:00+11:00,0.84,poor,predawn,-5.32,2026-03-29T13:00:00+11:00,47.61
2026-03-30,Mercury,2026-03-30T07:00:00+11:00,20.35,27.15,2026-03-30T07:00:00+11:00,20.35,fair,predawn,-5.53,2026-03-30T11:30:00+11:00,55.12
2026-03-30,Venus,2026-03-30T19:30:00+11:00,3.71,19.97,2026-03-30T19:30:00+11:00,3.71,poor,evening,-5.06,2026-03-30T14:30:00+11:00,36.49
2026-03-30,Mars,2026-03-30T07:00:00+11:00,11.53,17.74,2026-03-30T07:00:00+11:00,11.53,poor,predawn,-5.53,2026-03-30T12:00:00+11:00,51.44
2026-03-30,Jupiter,2026-03-30T20:00:00+11:00,24.32,96.0,2026-03-30T20:00:00+11:00,24.32,fair,evening,-10.57,2026-03-30T20:00:00+11:00,24.32
2026-03-30,Saturn,2026-03-30T07:00:00+11:00,-1.18,4.41,2026-03-30T07:00:00+11:00,-1.18,not visible,predawn,-5.53,2026-03-30T13:00:00+11:00,47.08
2026-03-30,Uranus,2026-03-30T19:30:00+11:00,14.7,49.04,2026-03-30T19:30:00+11:00,14.7,poor,evening,-5.06,2026-03-30T16:30:00+11:00,27.55
2026-03-30,Neptune,2026-03-30T07:00:00+11:00,1.52,7.13,2026-03-30T07:00:00+11:00,1.52,poor,predawn,-5.53,2026-03-30T13:00:00+11:00,47.56
2026-03-31,Mercury,2026-03-31T07:00:00+11:00,20.42,27.4,2026-03-31T07:00:00+11:00,20.42,fair,predawn,-5.73,2026-03-31T11:30:00+11:00,54.99
2026-03-31,Venus,2026-03-31T19:30:00+11:00,3.51,20.21,2026-03-31T19:30:00+11:00,3.51,poor,evening,-5.38,2026-03-31T14:30:00+11:00,36.02
2026-03-31,Mars,2026-03-31T07:00:00+11:00,11.51,17.95,2026-03-31T07:00:00+11:00,11.51,poor,predawn,-5.73,2026-03-31T12:00:00+11:00,51.15
2026-03-31,Jupiter,2026-03-31T20:00:00+11:00,24.29,95.08,2026-03-31T20:00:00+11:00,24.29,fair,evening,-10.89,2026-03-31T20:00:00+11:00,24.29
2026-03-31,Saturn,2026-03-31T07:00:00+11:00,-0.57,5.18,2026-03-31T07:00:00+11:00,-0.57,not visible,predawn,-5.73,2026-03-31T13:00:00+11:00,47.05
2026-03-31,Uranus,2026-03-31T19:30:00+11:00,14.21,48.09,2026-03-31T19:30:00+11:00,14.21,poor,evening,-5.38,2026-03-31T16:30:00+11:00,27.53
2026-03-31,Neptune,2026-03-31T07:00:00+11:00,2.21,8.07,2026-03-31T07:00:00+11:00,2.21,poor,predawn,-5.73,2026-03-31T13:00:00+11:00,47.5
2026-04-01,Mercury,2026-04-01T07:00:00+11:00,20.44,27.58,2026-04-01T07:00:00+11:00,20.44,fair,predawn,-5.94,2026-04-01T11:30:00+11:00,54.83
2026-04-01,Venus,2026-04-01T19:30:00+11:00,3.3,20.46,2026-04-01T19:30:00+11:00,3.3,poor,evening,-5.7,2026-04-01T14:30:00+11:00,35.55
2026-04-01,Mars,2026-04-01T07:00:00+11:00,11.5,18.15,2026-04-01T07:00:00+11:00,11.5,poor,predawn,-5.94,2026-04-01T12:00:00+11:00,50.85
2026-04-01,Jupiter,2026-04-01T19:30:00+11:00,24.32,94.17,2026-04-01T19:30:00+11:00,24.32,fair,evening,-5.7,2026-04-01T19:30:00+11:00,24.32
2026-04-01,Saturn,2026-04-01T07:00:00+11:00,0.04,5.98,2026-04-01T07:00:00+11:00,0.04,poor,predawn,-5.94,2026-04-01T13:00:00+11:00,47.0
2026-04-01,Uranus,2026-04-01T19:30:00+11:00,13.71,47.15,2026-04-01T19:30:00+11:00,13.71,poor,evening,-5.7,2026-04-01T16:30:00+11:00,27.49
2026-04-01,Neptune,2026-04-01T07:00:00+11:00,2.9,9.01,2026-04-01T07:00:00+11:00,2.9,poor,predawn,-5.94,2026-04-01T12:30:00+11:00,47.45
2026-04-02,Mercury,2026-04-02T07:00:00+11:00,20.4,27.71,2026-04-02T07:00:00+11:00,20.4,fair,predawn,-6.15,2026-04-02T11:30:00+11:00,54.64
2026-04-02,Venus,2026-04-02T19:30:00+11:00,3.1,20.7,2026-04-02T19:30:00+11:00,3.1,poor,evening,-6.01,2026-04-02T14:30:00+11:00,35.08
2026-04-02,Mars,2026-04-02T07:00:00+11:00,11.48,18.36,2026-04-02T07:00:00+11:00,11.48,poor,predawn,-6.15,2026-04-02T12:00:00+11:00,50.55
2026-04-02,Jupiter,2026-04-02T19:30:00+11:00,24.36,93.25,2026-04-02T19:30:00+11:00,24.36,fair,evening,-6.01,2026-04-02T19:30:00+11:00,24.36
2026-04-02,Saturn,2026-04-02T07:00:00+11:00,0.64,6.79,2026-04-02T07:00:00+11:00,0.64,poor,predawn,-6.15,2026-04-02T13:00:00+11:00,46.93
2026-04-02,Uranus,2026-04-02T19:30:00+11:00,13.2,46.21,2026-04-02T19:30:00+11:00,13.2,poor,evening,-6.01,2026-04-02T16:30:00+11:00,27.44
2026-04-02,Neptune,2026-04-02T07:00:00+11:00,3.59,9.95,2026-04-02T07:00:00+11:00,3.59,poor,predawn,-6.15,2026-04-02T12:30:00+11:00,47.49
2026-04-03,Mercury,2026-04-03T07:00:00+11:00,20.3,27.79,2026-04-03T07:00:00+11:00,20.3,fair,predawn,-6.35,2026-04-03T11:30:00+11:00,54.41
2026-04-03,Venus,2026-04-03T19:30:00+11:00,2.91,20.94,2026-04-03T19:30:00+11:00,2.91,poor,evening,-6.33,2026-04-03T14:30:00+11:00,34.62
2026-04-03,Mars,2026-04-03T07:00:00+11:00,11.46,18.56,2026-04-03T07:00:00+11:00,11.46,poor,predawn,-6.35,2026-04-03T12:00:00+11:00,50.25
2026-04-03,Jupiter,2026-04-03T19:30:00+11:00,24.38,92.34,2026-04-03T19:30:00+11:00,24.38,fair,evening,-6.33,2026-04-03T19:30:00+11:00,24.38
2026-04-03,Saturn,2026-04-03T07:00:00+11:00,1.25,7.61,2026-04-03T07:00:00+11:00,1.25,poor,predawn,-6.35,2026-04-03T13:00:00+11:00,46.85
2026-04-03,Uranus,2026-04-03T19:30:00+11:00,12.69,45.27,2026-04-03T19:30:00+11:00,12.69,poor,evening,-6.33,2026-04-03T16:00:00+11:00,27.45
2026-04-03,Neptune,2026-04-03T07:00:00+11:00,4.28,10.89,2026-04-03T07:00:00+11:00,4.28,poor,predawn,-6.35,2026-04-03T12:30:00+11:00,47.51
2026-04-04,Mercury,2026-04-04T07:00:00+11:00,20.16,27.82,2026-04-04T07:00:00+11:00,20.16,fair,predawn,-6.56,2026-04-04T11:30:00+11:00,54.16
2026-04-04,Venus,2026-04-04T19:30:00+11:00,2.72,21.19,2026-04-04T19:30:00+11:00,2.72,poor,evening,-6.64,2026-04-04T14:30:00+11:00,34.17
2026-04-04,Mars,2026-04-04T07:00:00+11:00,11.44,18.76,2026-04-04T07:00:00+11:00,11.44,poor,predawn,-6.56,2026-04-04T12:00:00+11:00,49.95
2026-04-04,Jupiter,2026-04-04T19:30:00+11:00,24.4,91.43,2026-04-04T19:30:00+11:00,24.4,fair,evening,-6.64,2026-04-04T19:30:00+11:00,24.4
2026-04-04,Saturn,2026-04-04T07:00:00+11:00,1.86,8.44,2026-04-04T07:00:00+11:00,1.86,poor,predawn,-6.56,2026-04-04T13:00:00+11:00,46.76
2026-04-04,Uranus,2026-04-04T19:30:00+11:00,12.17,44.33,2026-04-04T19:30:00+11:00,12.17,poor,evening,-6.64,2026-04-04T16:00:00+11:00,27.47
2026-04-04,Neptune,2026-04-04T07:00:00+11:00,4.96,11.83,2026-04-04T07:00:00+11:00,4.96,poor,predawn,-6.56,2026-04-04T12:30:00+11:00,47.52
2026-04-05,Mercury,2026-04-05T06:00:00+10:00,19.97,27.8,2026-04-05T06:00:00+10:00,19.97,fair,predawn,-6.76,2026-04-05T10:30:00+10:00,53.87
2026-04-05,Venus,2026-04-05T18:30:00+10:00,2.53,21.43,2026-04-05T18:30:00+10:00,2.53,poor,evening,-6.95,2026-04-05T13:30:00+10:00,33.72
2026-04-05,Mars,2026-04-05T06:00:00+10:00,11.42,18.97,2026-04-05T06:00:00+10:00,11.42,poor,predawn,-6.76,2026-04-05T11:00:00+10:00,49.65
2026-04-05,Jupiter,2026-04-05T18:30:00+10:00,24.41,90.52,2026-04-05T18:30:00+10:00,24.41,fair,evening,-6.95,2026-04-05T18:30:00+10:00,24.41
2026-04-05,Saturn,2026-04-05T06:00:00+10:00,2.46,9.28,2026-04-05T06:00:00+10:00,2.46,poor,predawn,-6.76,2026-04-05T11:30:00+10:00,46.69
2026-04-05,Uranus,2026-04-05T18:30:00+10:00,11.65,43.39,2026-04-05T18:30:00+10:00,11.65,poor,evening,-6.95,2026-04-05T15:00:00+10:00,27.48
2026-04-05,Neptune,2026-04-05T06:00:00+10:00,5.65,12.77,2026-04-05T06:00:00+10:00,5.65,poor,predawn,-6.76,2026-04-05T11:30:00+10:00,47.51
2026-04-06,Mercury,2026-04-06T06:00:00+10:00,19.73,27.74,2026-04-06T06:00:00+10:00,19.73,fair,predawn,-6.96,2026-04-06T10:30:00+10:00,53.56
2026-04-06,Venus,2026-04-06T18:30:00+10:00,2.36,21.67,2026-04-06T18:30:00+10:00,2.36,poor,evening,-7.25,2026-04-06T13:30:00+10:00,33.27
2026-04-06,Mars,2026-04-06T06:00:00+10:00,11.41,19.17,2026-04-06T06:00:00+10:00,11.41,poor,predawn,-6.96,2026-04-06T11:00:00+10:00,49.34
2026-04-06,Jupiter,2026-04-06T18:30:00+10:00,24.4,89.61,2026-04-06T18:30:00+10:00,24.4,fair,evening,-7.25,2026-04-06T18:30:00+10:00,24.4
2026-04-06,Saturn,2026-04-06T06:00:00+10:00,3.07,10.12,2026-04-06T06:00:00+10:00,3.07,poor,predawn,-6.96,2026-04-06T11:30:00+10:00,46.69
2026-04-06,Uranus,2026-04-06T18:30:00+10:00,11.12,42.45,2026-04-06T18:30:00+10:00,11.12,poor,evening,-7.25,2026-04-06T15:00:00+10:00,27.48
2026-04-06,Neptune,2026-04-06T06:00:00+10:00,6.33,13.72,2026-04-06T06:00:00+10:00,6.33,poor,predawn,-6.96,2026-04-06T11:30:00+10:00,47.49
2026-04-07,Mercury,2026-04-07T06:00:00+10:00,19.45,27.63,2026-04-07T06:00:00+10:00,19.45,fair,predawn,-7.17,2026-04-07T10:30:00+10:00,53.22
2026-04-07,Venus,2026-04-07T18:30:00+10:00,2.18,21.92,2026-04-07T18:30:00+10:00,2.18,poor,evening,-7.56,2026-04-07T13:30:00+10:00,32.83
2026-04-07,Mars,2026-04-07T06:00:00+10:00,11.39,19.37,2026-04-07T06:00:00+10:00,11.39,poor,predawn,-7.17,2026-04-07T11:00:00+10:00,49.03
2026-04-07,Jupiter,2026-04-07T18:30:00+10:00,24.39,88.71,2026-04-07T18:30:00+10:00,24.39,fair,evening,-7.56,2026-04-07T18:30:00+10:00,24.39
2026-04-07,Saturn,2026-04-07T06:00:00+10:00,3.67,10.96,2026-04-07T06:00:00+10:00,3.67,poor,predawn,-7.17,2026-04-07T11:30:00+10:00,46.68
2026-04-07,Uranus,2026-04-07T18:30:00+10:00,10.59,41.51,2026-04-07T18:30:00+10:00,10.59,poor,evening,-7.56,2026-04-07T15:00:00+10:00,27.47
2026-04-07,Neptune,2026-04-07T06:00:00+10:00,7.02,14.66,2026-04-07T06:00:00+10:00,7.02,poor,predawn,-7.17,2026-04-07T11:30:00+10:00,47.44
2026-04-08,Mercury,2026-04-08T06:00:00+10:00,19.13,27.49,2026-04-08T06:00:00+10:00,19.13,fair,predawn,-7.37,2026-04-08T10:30:00+10:00,52.86
2026-04-08,Venus,2026-04-08T18:30:00+10:00,2.02,22.16,2026-04-08T18:30:00+10:00,2.02,poor,evening,-7.86,2026-04-08T13:30:00+10:00,32.4
2026-04-08,Mars,2026-04-08T06:00:00+10:00,11.37,19.58,2026-04-08T06:00:00+10:00,11.37,poor,predawn,-7.37,2026-04-08T11:00:00+10:00,48.72
2026-04-08,Jupiter,2026-04-08T18:30:00+10:00,24.36,87.81,2026-04-08T18:30:00+10:00,24.36,fair,evening,-7.86,2026-04-08T18:30:00+10:00,24.36
2026-04-08,Saturn,2026-04-08T06:00:00+10:00,4.28,11.8,2026-04-08T06:00:00+10:00,4.28,poor,predawn,-7.37,2026-04-08T11:30:00+10:00,46.65
2026-04-08,Uranus,2026-04-08T18:30:00+10:00,10.05,40.57,2026-04-08T18:30:00+10:00,10.05,poor,evening,-7.86,2026-04-08T15:00:00+10:00,27.45
2026-04-08,Neptune,2026-04-08T06:00:00+10:00,7.7,15.6,2026-04-08T06:00:00+10:00,7.7,poor,predawn,-7.37,2026-04-08T11:30:00+10:00,47.38
2026-04-09,Mercury,2026-04-09T06:00:00+10:00,18.77,27.3,2026-04-09T06:00:00+10:00,18.77,fair,predawn,-7.57,2026-04-09T10:30:00+10:00,52.46
2026-04-09,Venus,2026-04-09T18:30:00+10:00,1.86,22.4,2026-04-09T18:30:00+10:00,1.86,poor,evening,-8.16,2026-04-09T13:30:00+10:00,31.97
2026-04-09,Mars,2026-04-09T06:00:00+10:00,11.35,19.78,2026-04-09T06:00:00+10:00,11.35,poor,predawn,-7.57,2026-04-09T11:00:00+10:00,48.41
2026-04-09,Jupiter,2026-04-09T18:30:00+10:00,24.33,86.92,2026-04-09T18:30:00+10:00,24.33,fair,evening,-8.16,2026-04-09T18:00:00+10:00,24.38
2026-04-09,Saturn,2026-04-09T06:00:00+10:00,4.89,12.65,2026-04-09T06:00:00+10:00,4.89,poor,predawn,-7.57,2026-04-09T11:30:00+10:00,46.61
2026-04-09,Uranus,2026-04-09T18:30:00+10:00,9.51,39.64,2026-04-09T18:30:00+10:00,9.51,poor,evening,-8.16,2026-04-09T15:00:00+10:00,27.41
2026-04-09,Neptune,2026-04-09T06:00:00+10:00,8.39,16.54,2026-04-09T06:00:00+10:00,8.39,poor,predawn,-7.57,2026-04-09T11:00:00+10:00,47.34
2026-04-10,Mercury,2026-04-10T06:00:00+10:00,18.37,27.08,2026-04-10T06:00:00+10:00,18.37,fair,predawn,-7.77,2026-04-10T10:30:00+10:00,52.05
2026-04-10,Venus,2026-04-10T18:30:00+10:00,1.71,22.65,2026-04-10T18:30:00+10:00,1.71,poor,evening,-8.46,2026-04-10T13:30:00+10:00,31.54
2026-04-10,Mars,2026-04-10T06:00:00+10:00,11.33,19.98,2026-04-10T06:00:00+10:00,11.33,poor,predawn,-7.77,2026-04-10T11:00:00+10:00,48.1
2026-04-10,Jupiter,2026-04-10T18:30:00+10:00,24.29,86.02,2026-04-10T18:30:00+10:00,24.29,fair,evening,-8.46,2026-04-10T18:00:00+10:00,24.42
2026-04-10,Saturn,2026-04-10T06:00:00+10:00,5.49,13.5,2026-04-10T06:00:00+10:00,5.49,poor,predawn,-7.77,2026-04-10T11:30:00+10:00,46.56
2026-04-10,Uranus,2026-04-10T18:30:00+10:00,8.96,38.71,2026-04-10T18:30:00+10:00,8.96,poor,evening,-8.46,2026-04-10T15:00:00+10:00,27.36
2026-04-10,Neptune,2026-04-10T06:00:00+10:00,9.07,17.49,2026-04-10T06:00:00+10:00,9.07,poor,predawn,-7.77,2026-04-10T11:00:00+10:00,47.38
2026-04-11,Mercury,2026-04-11T06:00:00+10:00,17.94,26.82,2026-04-11T06:00:00+10:00,17.94,fair,predawn,-7.97,2026-04-11T10:30:00+10:00,51.6
2026-04-11,Venus,2026-04-11T18:30:00+10:00,1.56,22.89,2026-04-11T18:30:00+10:00,1.56,poor,evening,-8.76,2026-04-11T13:30:00+10:00,31.13
2026-04-11,Mars,2026-04-11T06:00:00+10:00,11.31,20.19,2026-04-11T06:00:00+10:00,11.31,poor,predawn,-7.97,2026-04-11T11:00:00+10:00,47.79
2026-04-11,Jupiter,2026-04-11T18:30:00+10:00,24.23,85.14,2026-04-11T18:30:00+10:00,24.23,fair,evening,-8.76,2026-04-11T18:00:00+10:00,24.45
2026-04-11,Saturn,2026-04-11T06:00:00+10:00,6.1,14.35,2026-04-11T06:00:00+10:00,6.1,poor,predawn,-7.97,2026-04-11T11:30:00+10:00,46.49
2026-04-11,Uranus,2026-04-11T18:30:00+10:00,8.4,37.77,2026-04-11T18:30:00+10:00,8.4,poor,evening,-8.76,2026-04-11T14:30:00+10:00,27.36
2026-04-11,Neptune,2026-04-11T06:00:00+10:00,9.75,18.43,2026-04-11T06:00:00+10:00,9.75,poor,predawn,-7.97,2026-04-11T11:00:00+10:00,47.4
2026-04-12,Mercury,2026-04-12T06:00:00+10:00,17.47,26.52,2026-04-12T06:00:00+10:00,17.47,fair,predawn,-8.17,2026-04-12T10:30:00+10:00,51.14
2026-04-12,Venus,2026-04-12T18:30:00+10:00,1.42,23.13,2026-04-12T18:30:00+10:00,1.42,poor,evening,-9.05,2026-04-12T13:30:00+10:00,30.71
2026-04-12,Mars,2026-04-12T06:00:00+10:00,11.3,20.39,2026-04-12T06:00:00+10:00,11.3,poor,predawn,-8.17,2026-04-12T11:00:00+10:00,47.48
2026-04-12,Jupiter,2026-04-12T18:30:00+10:00,24.17,84.25,2026-04-12T18:30:00+10:00,24.17,fair,evening,-9.05,2026-04-12T18:00:00+10:00,24.48
2026-04-12,Saturn,2026-04-12T06:00:00+10:00,6.7,15.2,2026-04-12T06:00:00+10:00,6.7,poor,predawn,-8.17,2026-04-12T11:30:00+10:00,46.41
2026-04-12,Uranus,2026-04-12T18:30:00+10:00,7.85,36.84,2026-04-12T18:30:00+10:00,7.85,poor,evening,-9.05,2026-04-12T14:30:00+10:00,27.39
2026-04-12,Neptune,2026-04-12T06:00:00+10:00,10.43,19.37,2026-04-12T06:00:00+10:00,10.43,poor,predawn,-8.17,2026-04-12T11:00:00+10:00,47.41
2026-04-13,Mercury,2026-04-13T06:00:00+10:00,16.96,26.19,2026-04-13T06:00:00+10:00,16.96,fair,predawn,-8.37,2026-04-13T10:30:00+10:00,50.64
2026-04-13,Venus,2026-04-13T18:30:00+10:00,1.29,23.38,2026-04-13T18:30:00+10:00,1.29,poor,evening,-9.34,2026-04-13T13:30:00+10:00,30.31
2026-04-13,Mars,2026-04-13T06:00:00+10:00,11.28,20.59,2026-04-13T06:00:00+10:00,11.28,poor,predawn,-8.37,2026-04-13T11:00:00+10:00,47.16
2026-04-13,Jupiter,2026-04-13T18:30:00+10:00,24.1,83.37,2026-04-13T18:30:00+10:00,24.1,fair,evening,-9.34,2026-04-13T18:00:00+10:00,24.49
2026-04-13,Saturn,2026-04-13T06:00:00+10:00,7.3,16.05,2026-04-13T06:00:00+10:00,7.3,poor,predawn,-8.37,2026-04-13T11:30:00+10:00,46.32
2026-04-13,Uranus,2026-04-13T18:30:00+10:00,7.28,35.91,2026-04-13T18:30:00+10:00,7.28,poor,evening,-9.34,2026-04-13T14:30:00+10:00,27.4
2026-04-13,Neptune,2026-04-13T06:00:00+10:00,11.11,20.32,2026-04-13T06:00:00+10:00,11.11,poor,predawn,-8.37,2026-04-13T11:00:00+10:00,47.4
2026-04-14,Mercury,2026-04-14T06:00:00+10:00,16.42,25.83,2026-04-14T06:00:00+10:00,16.42,fair,predawn,-8.56,2026-04-14T10:30:00+10:00,50.13
2026-04-14,Venus,2026-04-14T18:00:00+10:00,6.04,23.62,2026-04-14T18:00:00+10:00,6.04,poor,evening,-4.16,2026-04-14T13:30:00+10:00,29.91
2026-04-14,Mars,2026-04-14T06:00:00+10:00,11.26,20.8,2026-04-14T06:00:00+10:00,11.26,poor,predawn,-8.56,2026-04-14T11:00:00+10:00,46.84
2026-04-14,Jupiter,2026-04-14T18:00:00+10:00,24.49,82.5,2026-04-14T18:00:00+10:00,24.49,fair,evening,-4.16,2026-04-14T18:00:00+10:00,24.49
2026-04-14,Saturn,2026-04-14T06:00:00+10:00,7.91,16.9,2026-04-14T06:00:00+10:00,7.91,poor,predawn,-8.56,2026-04-14T11:00:00+10:00,46.28
2026-04-14,Uranus,2026-04-14T18:00:00+10:00,11.07,35.0,2026-04-14T18:00:00+10:00,11.07,poor,evening,-4.16,2026-04-14T14:30:00+10:00,27.4
2026-04-14,Neptune,2026-04-14T06:00:00+10:00,11.79,21.26,2026-04-14T06:00:00+10:00,11.79,poor,predawn,-8.56,2026-04-14T11:00:00+10:00,47.37
2026-04-15,Mercury,2026-04-15T06:00:00+10:00,15.85,25.43,2026-04-15T06:00:00+10:00,15.85,fair,predawn,-8.76,2026-04-15T10:30:00+10:00,49.59
2026-04-15,Venus,2026-04-15T18:00:00+10:00,5.9,23.86,2026-04-15T18:00:00+10:00,5.9,poor,evening,-4.44,2026-04-15T13:30:00+10:00,29.51
2026-04-15,Mars,2026-04-15T06:00:00+10:00,11.24,21.0,2026-04-15T06:00:00+10:00,11.24,poor,predawn,-8.76,2026-04-15T11:00:00+10:00,46.53
2026-04-15,Jupiter,2026-04-15T18:00:00+10:00,24.49,81.63,2026-04-15T18:00:00+10:00,24.49,fair,evening,-4.44,2026-04-15T18:00:00+10:00,24.49
2026-04-15,Saturn,2026-04-15T06:00:00+10:00,8.51,17.75,2026-04-15T06:00:00+10:00,8.51,poor,predawn,-8.76,2026-04-15T11:00:00+10:00,46.28
2026-04-15,Uranus,2026-04-15T18:00:00+10:00,10.54,34.07,2026-04-15T18:00:00+10:00,10.54,poor,evening,-4.44,2026-04-15T14:30:00+10:00,27.38
2026-04-15,Neptune,2026-04-15T06:00:00+10:00,12.47,22.2,2026-04-15T06:00:00+10:00,12.47,poor,predawn,-8.76,2026-04-15T11:00:00+10:00,47.33
2026-04-16,Mercury,2026-04-16T06:00:00+10:00,15.25,25.0,2026-04-16T06:00:00+10:00,15.25,fair,predawn,-8.96,2026-04-16T10:30:00+10:00,49.03
2026-04-16,Venus,2026-04-16T18:00:00+10:00,5.77,24.1,2026-04-16T18:00:00+10:00,5.77,poor,evening,-4.73,2026-04-16T14:00:00+10:00,29.14
2026-04-16,Mars,2026-04-16T06:00:00+10:00,11.22,21.2,2026-04-16T06:00:00+10:00,11.22,poor,predawn,-8.96,2026-04-16T11:00:00+10:00,46.21
2026-04-16,Jupiter,2026-04-16T18:00:00+10:00,24.47,80.75,2026-04-16T18:00:00+10:00,24.47,fair,evening,-4.73,2026-04-16T18:00:00+10:00,24.47
2026-04-16,Saturn,2026-04-16T06:00:00+10:00,9.11,18.61,2026-04-16T06:00:00+10:00,9.11,poor,predawn,-8.96,2026-04-16T11:00:00+10:00,46.27
2026-04-16,Uranus,2026-04-16T18:00:00+10:00,10.01,33.14,2026-04-16T18:00:00+10:00,10.01,poor,evening,-4.73,2026-04-16T14:30:00+10:00,27.36
2026-04-16,Neptune,2026-04-16T06:00:00+10:00,13.14,23.14,2026-04-16T06:00:00+10:00,13.14,poor,predawn,-8.96,2026-04-16T11:00:00+10:00,47.27
2026-04-17,Mercury,2026-04-17T06:00:00+10:00,14.61,24.54,2026-04-17T06:00:00+10:00,14.61,poor,predawn,-9.15,2026-04-17T11:00:00+10:00,48.45
2026-04-17,Venus,2026-04-17T18:00:00+10:00,5.65,24.35,2026-04-17T18:00:00+10:00,5.65,poor,evening,-5.01,2026-04-17T14:00:00+10:00,28.78
2026-04-17,Mars,2026-04-17T06:00:00+10:00,11.2,21.4,2026-04-17T06:00:00+10:00,11.2,poor,predawn,-9.15,2026-04-17T11:00:00+10:00,45.89
2026-04-17,Jupiter,2026-04-17T18:00:00+10:00,24.45,79.88,2026-04-17T18:00:00+10:00,24.45,fair,evening,-5.01,2026-04-17T18:00:00+10:00,24.45
2026-04-17,Saturn,2026-04-17T06:00:00+10:00,9.71,19.46,2026-04-17T06:00:00+10:00,9.71,poor,predawn,-9.15,2026-04-17T11:00:00+10:00,46.24
2026-04-17,Uranus,2026-04-17T18:00:00+10:00,9.46,32.21,2026-04-17T18:00:00+10:00,9.46,poor,evening,-5.01,2026-04-17T14:30:00+10:00,27.32
2026-04-17,Neptune,2026-04-17T06:00:00+10:00,13.81,24.09,2026-04-17T06:00:00+10:00,13.81,poor,predawn,-9.15,2026-04-17T10:30:00+10:00,47.23
2026-04-18,Mercury,2026-04-18T06:00:00+10:00,13.95,24.05,2026-04-18T06:00:00+10:00,13.95,poor,predawn,-9.34,2026-04-18T11:00:00+10:00,47.89
2026-04-18,Venus,2026-04-18T18:00:00+10:00,5.53,24.59,2026-04-18T18:00:00+10:00,5.53,poor,evening,-5.28,2026-04-18T14:00:00+10:00,28.43
2026-04-18,Mars,2026-04-18T06:00:00+10:00,11.18,21.61,2026-04-18T06:00:00+10:00,11.18,poor,predawn,-9.34,2026-04-18T11:00:00+10:00,45.57
2026-04-18,Jupiter,2026-04-18T18:00:00+10:00,24.41,79.01,2026-04-18T18:00:00+10:00,24.41,fair,evening,-5.28,2026-04-18T17:30:00+10:00,24.5
2026-04-18,Saturn,2026-04-18T06:00:00+10:00,10.31,20.31,2026-04-18T06:00:00+10:00,10.31,poor,predawn,-9.34,2026-04-18T11:00:00+10:00,46.19
2026-04-18,Uranus,2026-04-18T18:00:00+10:00,8.92,31.29,2026-04-18T18:00:00+10:00,8.92,poor,evening,-5.28,2026-04-18T14:30:00+10:00,27.28
2026-04-18,Neptune,2026-04-18T06:00:00+10:00,14.49,25.03,2026-04-18T06:00:00+10:00,14.49,poor,predawn,-9.34,2026-04-18T10:30:00+10:00,47.27
2026-04-19,Mercury,2026-04-19T06:30:00+10:00,18.56,23.52,2026-04-19T06:30:00+10:00,18.56,fair,predawn,-4.1,2026-04-19T11:00:00+10:00,47.32
2026-04-19,Venus,2026-04-19T18:00:00+10:00,5.42,24.83,2026-04-19T18:00:00+10:00,5.42,poor,evening,-5.56,2026-04-19T14:00:00+10:00,28.09
2026-04-19,Mars,2026-04-19T06:30:00+10:00,16.45,21.82,2026-04-19T06:30:00+10:00,16.45,fair,predawn,-4.1,2026-04-19T11:00:00+10:00,45.25
2026-04-19,Jupiter,2026-04-19T18:00:00+10:00,24.37,78.15,2026-04-19T18:00:00+10:00,24.37,fair,evening,-5.56,2026-04-19T17:30:00+10:00,24.54
2026-04-19,Saturn,2026-04-19T06:30:00+10:00,16.25,21.18,2026-04-19T06:30:00+10:00,16.25,fair,predawn,-4.1,2026-04-19T11:00:00+10:00,46.14
2026-04-19,Uranus,2026-04-19T18:00:00+10:00,8.37,30.36,2026-04-19T18:00:00+10:00,8.37,poor,evening,-5.56,2026-04-19T14:00:00+10:00,27.27
2026-04-19,Neptune,2026-04-19T06:30:00+10:00,20.43,25.99,2026-04-19T06:30:00+10:00,20.43,fair,predawn,-4.1,2026-04-19T10:30:00+10:00,47.3
2026-04-20,Mercury,2026-04-20T06:30:00+10:00,17.83,22.97,2026-04-20T06:30:00+10:00,17.83,fair,predawn,-4.3,2026-04-20T11:00:00+10:00,46.72
2026-04-20,Venus,2026-04-20T18:00:00+10:00,5.32,25.07,2026-04-20T18:00:00+10:00,5.32,poor,evening,-5.83,2026-04-20T14:00:00+10:00,27.76
2026-04-20,Mars,2026-04-20T06:30:00+10:00,16.42,22.02,2026-04-20T06:30:00+10:00,16.42,fair,predawn,-4.3,2026-04-20T11:00:00+10:00,44.92
2026-04-20,Jupiter,2026-04-20T18:00:00+10:00,24.32,77.29,2026-04-20T18:00:00+10:00,24.32,fair,evening,-5.83,2026-04-20T17:30:00+10:00,24.57
2026-04-20,Saturn,2026-04-20T06:30:00+10:00,16.83,22.04,2026-04-20T06:30:00+10:00,16.83,fair,predawn,-4.3,2026-04-20T11:00:00+10:00,46.07
2026-04-20,Uranus,2026-04-20T18:00:00+10:00,7.81,29.44,2026-04-20T18:00:00+10:00,7.81,poor,evening,-5.83,2026-04-20T14:00:00+10:00,27.29
2026-04-20,Neptune,2026-04-20T06:30:00+10:00,21.08,26.93,2026-04-20T06:30:00+10:00,21.08,fair,predawn,-4.3,2026-04-20T10:30:00+10:00,47.3
2026-04-21,Mercury,2026-04-21T06:30:00+10:00,17.07,22.39,2026-04-21T06:30:00+10:00,17.07,fair,predawn,-4.49,2026-04-21T11:00:00+10:00,46.11
2026-04-21,Venus,2026-04-21T18:00:00+10:00,5.23,25.32,2026-04-21T18:00:00+10:00,5.23,poor,evening,-6.1,2026-04-21T14:00:00+10:00,27.44
2026-04-21,Mars,2026-04-21T06:30:00+10:00,16.39,22.22,2026-04-21T06:30:00+10:00,16.39,fair,predawn,-4.49,2026-04-21T11:00:00+10:00,44.6
2026-04-21,Jupiter,2026-04-21T18:00:00+10:00,24.26,76.43,2026-04-21T18:00:00+10:00,24.26,fair,evening,-6.1,2026-04-21T17:30:00+10:00,24.6
2026-04-21,Saturn,2026-04-21T06:30:00+10:00,17.41,22.89,2026-04-21T06:30:00+10:00,17.41,fair,predawn,-4.49,2026-04-21T11:00:00+10:00,45.98
2026-04-21,Uranus,2026-04-21T18:00:00+10:00,7.25,28.51,2026-04-21T18:00:00+10:00,7.25,poor,evening,-6.1,2026-04-21T14:00:00+10:00,27.31
2026-04-21,Neptune,2026-04-21T06:30:00+10:00,21.72,27.87,2026-04-21T06:30:00+10:00,21.72,fair,predawn,-4.49,2026-04-21T10:30:00+10:00,47.29
2026-04-22,Mercury,2026-04-22T06:30:00+10:00,16.28,21.78,2026-04-22T06:30:00+10:00,16.28,fair,predawn,-4.69,2026-04-22T11:00:00+10:00,45.47
2026-04-22,Venus,2026-04-22T18:00:00+10:00,5.15,25.56,2026-04-22T18:00:00+10:00,5.15,poor,evening,-6.36,2026-04-22T14:00:00+10:00,27.12
2026-04-22,Mars,2026-04-22T06:30:00+10:00,16.36,22.42,2026-04-22T06:30:00+10:00,16.36,fair,predawn,-4.69,2026-04-22T11:00:00+10:00,44.28
2026-04-22,Jupiter,2026-04-22T18:00:00+10:00,24.19,75.57,2026-04-22T18:00:00+10:00,24.19,fair,evening,-6.36,2026-04-22T17:30:00+10:00,24.61
2026-04-22,Saturn,2026-04-22T06:30:00+10:00,17.98,23.75,2026-04-22T06:30:00+10:00,17.98,fair,predawn,-4.69,2026-04-22T10:30:00+10:00,45.89
2026-04-22,Uranus,2026-04-22T18:00:00+10:00,6.68,27.59,2026-04-22T18:00:00+10:00,6.68,poor,evening,-6.36,2026-04-22T14:00:00+10:00,27.31
2026-04-22,Neptune,2026-04-22T06:30:00+10:00,22.36,28.81,2026-04-22T06:30:00+10:00,22.36,fair,predawn,-4.69,2026-04-22T10:30:00+10:00,47.26
2026-04-23,Mercury,2026-04-23T06:30:00+10:00,15.46,21.14,2026-04-23T06:30:00+10:00,15.46,fair,predawn,-4.88,2026-04-23T11:00:00+10:00,44.81
2026-04-23,Venus,2026-04-23T18:00:00+10:00,5.07,25.8,2026-04-23T18:00:00+10:00,5.07,poor,evening,-6.62,2026-04-23T14:00:00+10:00,26.81
2026-04-23,Mars,2026-04-23T06:30:00+10:00,16.33,22.63,2026-04-23T06:30:00+10:00,16.33,fair,predawn,-4.88,2026-04-23T11:00:00+10:00,43.96
2026-04-23,Jupiter,2026-04-23T18:00:00+10:00,24.11,74.72,2026-04-23T18:00:00+10:00,24.11,fair,evening,-6.62,2026-04-23T17:30:00+10:00,24.61
2026-04-23,Saturn,2026-04-23T06:30:00+10:00,18.56,24.6,2026-04-23T06:30:00+10:00,18.56,fair,predawn,-4.88,2026-04-23T10:30:00+10:00,45.89
2026-04-23,Uranus,2026-04-23T18:00:00+10:00,6.11,26.67,2026-04-23T18:00:00+10:00,6.11,poor,evening,-6.62,2026-04-23T14:00:00+10:00,27.29
2026-04-23,Neptune,2026-04-23T06:30:00+10:00,23.0,29.75,2026-04-23T06:30:00+10:00,23.0,fair,predawn,-4.88,2026-04-23T10:30:00+10:00,47.22
2026-04-24,Mercury,2026-04-24T06:30:00+10:00,14.62,20.46,2026-04-24T06:30:00+10:00,14.62,poor,predawn,-5.07,2026-04-24T11:00:00+10:00,44.14
2026-04-24,Venus,2026-04-24T18:00:00+10:00,5.0,26.05,2026-04-24T18:00:00+10:00,5.0,poor,evening,-6.88,2026-04-24T14:00:00+10:00,26.51
2026-04-24,Mars,2026-04-24T06:30:00+10:00,16.3,22.83,2026-04-24T06:30:00+10:00,16.3,fair,predawn,-5.07,2026-04-24T11:00:00+10:00,43.63
2026-04-24,Jupiter,2026-04-24T18:00:00+10:00,24.03,73.87,2026-04-24T18:00:00+10:00,24.03,fair,evening,-6.88,2026-04-24T17:30:00+10:00,24.61
2026-04-24,Saturn,2026-04-24T06:30:00+10:00,19.13,25.45,2026-04-24T06:30:00+10:00,19.13,fair,predawn,-5.07,2026-04-24T10:30:00+10:00,45.89
2026-04-24,Uranus,2026-04-24T18:00:00+10:00,5.54,25.75,2026-04-24T18:00:00+10:00,5.54,poor,evening,-6.88,2026-04-24T14:00:00+10:00,27.27
2026-04-24,Neptune,2026-04-24T06:30:00+10:00,23.63,30.69,2026-04-24T06:30:00+10:00,23.63,fair,predawn,-5.07,2026-04-24T10:30:00+10:00,47.15
2026-04-25,Mercury,2026-04-25T06:30:00+10:00,13.74,19.76,2026-04-25T06:30:00+10:00,13.74,poor,predawn,-5.26,2026-04-25T11:00:00+10:00,43.44
2026-04-25,Venus,2026-04-25T18:00:00+10:00,4.94,26.29,2026-04-25T18:00:00+10:00,4.94,poor,evening,-7.13,2026-04-25T14:00:00+10:00,26.21
2026-04-25,Mars,2026-04-25T06:30:00+10:00,16.26,23.03,2026-04-25T06:30:00+10:00,16.26,fair,predawn,-5.26,2026-04-25T10:30:00+10:00,43.33
2026-04-25,Jupiter,2026-04-25T18:00:00+10:00,23.93,73.02,2026-04-25T18:00:00+10:00,23.93,fair,evening,-7.13,2026-04-25T17:30:00+10:00,24.6
2026-04-25,Saturn,2026-04-25T06:30:00+10:00,19.7,26.31,2026-04-25T06:30:00+10:00,19.7,fair,predawn,-5.26,2026-04-25T10:30:00+10:00,45.87
2026-04-25,Uranus,2026-04-25T18:00:00+10:00,4.96,24.83,2026-04-25T18:00:00+10:00,4.96,poor,evening,-7.13,2026-04-25T14:00:00+10:00,27.23
2026-04-25,Neptune,2026-04-25T06:30:00+10:00,24.26,31.63,2026-04-25T06:30:00+10:00,24.26,fair,predawn,-5.26,2026-04-25T10:00:00+10:00,47.13
2026-04-26,Mercury,2026-04-26T06:30:00+10:00,12.84,19.03,2026-04-26T06:30:00+10:00,12.84,poor,predawn,-5.45,2026-04-26T11:00:00+10:00,42.72
2026-04-26,Venus,2026-04-26T18:00:00+10:00,4.89,26.53,2026-04-26T18:00:00+10:00,4.89,poor,evening,-7.38,2026-04-26T14:00:00+10:00,25.93
2026-04-26,Mars,2026-04-26T06:30:00+10:00,16.23,23.24,2026-04-26T06:30:00+10:00,16.23,fair,predawn,-5.45,2026-04-26T10:30:00+10:00,43.04
2026-04-26,Jupiter,2026-04-26T18:00:00+10:00,23.83,72.17,2026-04-26T18:00:00+10:00,23.83,fair,evening,-7.38,2026-04-26T17:00:00+10:00,24.59
2026-04-26,Saturn,2026-04-26T06:30:00+10:00,20.26,27.16,2026-04-26T06:30:00+10:00,20.26,fair,predawn,-5.45,2026-04-26T10:30:00+10:00,45.84
2026-04-26,Uranus,2026-04-26T18:00:00+10:00,4.38,23.91,2026-04-26T18:00:00+10:00,4.38,poor,evening,-7.38,2026-04-26T14:00:00+10:00,27.19
2026-04-26,Neptune,2026-04-26T06:30:00+10:00,24.88,32.57,2026-04-26T06:30:00+10:00,24.88,fair,predawn,-5.45,2026-04-26T10:00:00+10:00,47.17
2026-04-27,Mercury,2026-04-27T06:30:00+10:00,11.91,18.27,2026-04-27T06:30:00+10:00,11.91,poor,predawn,-5.64,2026-04-27T11:00:00+10:00,41.99
2026-04-27,Venus,2026-04-27T18:00:00+10:00,4.85,26.77,2026-04-27T18:00:00+10:00,4.85,poor,evening,-7.62,2026-04-27T14:00:00+10:00,25.65
2026-04-27,Mars,2026-04-27T06:30:00+10:00,16.2,23.44,2026-04-27T06:30:00+10:00,16.2,fair,predawn,-5.64,2026-04-27T10:30:00+10:00,42.75
2026-04-27,Jupiter,2026-04-27T18:00:00+10:00,23.71,71.33,2026-04-27T18:00:00+10:00,23.71,fair,evening,-7.62,2026-04-27T17:00:00+10:00,24.64
2026-04-27,Saturn,2026-04-27T06:30:00+10:00,20.83,28.02,2026-04-27T06:30:00+10:00,20.83,fair,predawn,-5.64,2026-04-27T10:30:00+10:00,45.79
2026-04-27,Uranus,2026-04-27T18:00:00+10:00,3.8,22.99,2026-04-27T18:00:00+10:00,3.8,poor,evening,-7.62,2026-04-27T13:30:00+10:00,27.18
2026-04-27,Neptune,2026-04-27T06:30:00+10:00,25.51,33.51,2026-04-27T06:30:00+10:00,25.51,good,predawn,-5.64,2026-04-27T10:00:00+10:00,47.19
2026-04-28,Mercury,2026-04-28T06:30:00+10:00,10.95,17.48,2026-04-28T06:30:00+10:00,10.95,poor,predawn,-5.83,2026-04-28T11:00:00+10:00,41.23
2026-04-28,Venus,2026-04-28T18:00:00+10:00,4.82,27.01,2026-04-28T18:00:00+10:00,4.82,poor,evening,-7.86,2026-04-28T14:00:00+10:00,25.38
2026-04-28,Mars,2026-04-28T06:30:00+10:00,16.16,23.65,2026-04-28T06:30:00+10:00,16.16,fair,predawn,-5.83,2026-04-28T10:30:00+10:00,42.46
2026-04-28,Jupiter,2026-04-28T18:00:00+10:00,23.59,70.49,2026-04-28T18:00:00+10:00,23.59,fair,evening,-7.86,2026-04-28T17:00:00+10:00,24.69
2026-04-28,Saturn,2026-04-28T06:30:00+10:00,21.39,28.87,2026-04-28T06:30:00+10:00,21.39,fair,predawn,-5.83,2026-04-28T10:30:00+10:00,45.73
2026-04-28,Uranus,2026-04-28T18:00:00+10:00,3.21,22.07,2026-04-28T18:00:00+10:00,3.21,poor,evening,-7.86,2026-04-28T13:30:00+10:00,27.2
2026-04-28,Neptune,2026-04-28T06:30:00+10:00,26.12,34.45,2026-04-28T06:30:00+10:00,26.12,good,predawn,-5.83,2026-04-28T10:00:00+10:00,47.2
2026-04-29,Mercury,2026-04-29T06:30:00+10:00,9.96,16.66,2026-04-29T06:30:00+10:00,9.96,poor,predawn,-6.02,2026-04-29T11:00:00+10:00,40.46
2026-04-29,Venus,2026-04-29T18:00:00+10:00,4.79,27.26,2026-04-29T18:00:00+10:00,4.79,poor,evening,-8.09,2026-04-29T14:00:00+10:00,25.12
2026-04-29,Mars,2026-04-29T06:30:00+10:00,16.13,23.85,2026-04-29T06:30:00+10:00,16.13,fair,predawn,-6.02,2026-04-29T10:30:00+10:00,42.17
2026-04-29,Jupiter,2026-04-29T18:00:00+10:00,23.47,69.66,2026-04-29T18:00:00+10:00,23.47,fair,evening,-8.09,2026-04-29T17:00:00+10:00,24.72
2026-04-29,Saturn,2026-04-29T06:30:00+10:00,21.95,29.73,2026-04-29T06:30:00+10:00,21.95,fair,predawn,-6.02,2026-04-29T10:30:00+10:00,45.65
2026-04-29,Uranus,2026-04-29T18:00:00+10:00,2.61,21.15,2026-04-29T18:00:00+10:00,2.61,poor,evening,-8.09,2026-04-29T13:30:00+10:00,27.21
2026-04-29,Neptune,2026-04-29T06:30:00+10:00,26.74,35.39,2026-04-29T06:30:00+10:00,26.74,good,predawn,-6.02,2026-04-29T10:00:00+10:00,47.19
2026-04-30,Mercury,2026-04-30T06:30:00+10:00,8.95,15.81,2026-04-30T06:30:00+10:00,8.95,poor,predawn,-6.2,2026-04-30T11:00:00+10:00,39.67
2026-04-30,Venus,2026-04-30T18:00:00+10:00,4.78,27.5,2026-04-30T18:00:00+10:00,4.78,poor,evening,-8.32,2026-04-30T14:00:00+10:00,24.87
2026-04-30,Mars,2026-04-30T06:30:00+10:00,16.09,24.05,2026-04-30T06:30:00+10:00,16.09,fair,predawn,-6.2,2026-04-30T10:30:00+10:00,41.88
2026-04-30,Jupiter,2026-04-30T18:00:00+10:00,23.33,68.82,2026-04-30T18:00:00+10:00,23.33,fair,evening,-8.32,2026-04-30T17:00:00+10:00,24.75
2026-04-30,Saturn,2026-04-30T06:30:00+10:00,22.5,30.58,2026-04-30T06:30:00+10:00,22.5,fair,predawn,-6.2,2026-04-30T10:30:00+10:00,45.56
2026-04-30,Uranus,2026-04-30T18:00:00+10:00,2.01,20.24,2026-04-30T18:00:00+10:00,2.01,poor,evening,-8.32,2026-04-30T13:30:00+10:00,27.21
2026-04-30,Neptune,2026-04-30T06:30:00+10:00,27.35,36.33,2026-04-30T06:30:00+10:00,27.35,good,predawn,-6.2,2026-04-30T10:00:00+10:00,47.16
2026-05-01,Mercury,2026-05-01T06:30:00+10:00,7.91,14.93,2026-05-01T06:30:00+10:00,7.91,poor,predawn,-6.39,2026-05-01T11:30:00+10:00,38.86
2026-05-01,Venus,2026-05-01T18:00:00+10:00,4.77,27.74,2026-05-01T18:00:00+10:00,4.77,poor,evening,-8.55,2026-05-01T14:00:00+10:00,24.63
2026-05-01,Mars,2026-05-01T06:30:00+10:00,16.06,24.26,2026-05-01T06:30:00+10:00,16.06,fair,predawn,-6.39,2026-05-01T10:30:00+10:00,41.59
2026-05-01,Jupiter,2026-05-01T18:00:00+10:00,23.18,67.99,2026-05-01T18:00:00+10:00,23.18,fair,evening,-8.55,2026-05-01T17:00:00+10:00,24.76
2026-05-01,Saturn,2026-05-01T06:30:00+10:00,23.05,31.44,2026-05-01T06:30:00+10:00,23.05,fair,predawn,-6.39,2026-05-01T10:00:00+10:00,45.52
2026-05-01,Uranus,2026-05-01T18:00:00+10:00,1.41,19.32,2026-05-01T18:00:00+10:00,1.41,poor,evening,-8.55,2026-05-01T13:30:00+10:00,27.2
2026-05-01,Neptune,2026-05-01T06:30:00+10:00,27.95,37.27,2026-05-01T06:30:00+10:00,27.95,good,predawn,-6.39,2026-05-01T10:00:00+10:00,47.11
2026-05-02,Mercury,2026-05-02T06:30:00+10:00,6.84,14.01,2026-05-02T06:30:00+10:00,6.84,poor,predawn,-6.57,2026-05-02T11:30:00+10:00,38.11
2026-05-02,Venus,2026-05-02T18:00:00+10:00,4.77,27.98,2026-05-02T18:00:00+10:00,4.77,poor,evening,-8.77,2026-05-02T14:00:00+10:00,24.4
2026-05-02,Mars,2026-05-02T06:30:00+10:00,16.02,24.46,2026-05-02T06:30:00+10:00,16.02,fair,predawn,-6.57,2026-05-02T10:30:00+10:00,41.3
2026-05-02,Jupiter,2026-05-02T18:00:00+10:00,23.03,67.16,2026-05-02T18:00:00+10:00,23.03,fair,evening,-8.77,2026-05-02T17:00:00+10:00,24.77
2026-05-02,Saturn,2026-05-02T06:30:00+10:00,23.6,32.3,2026-05-02T06:30:00+10:00,23.6,fair,predawn,-6.57,2026-05-02T10:00:00+10:00,45.53
2026-05-02,Uranus,2026-05-02T18:00:00+10:00,0.81,18.41,2026-05-02T18:00:00+10:00,0.81,poor,evening,-8.77,2026-05-02T13:30:00+10:00,27.18
2026-05-02,Neptune,2026-05-02T06:30:00+10:00,28.55,38.21,2026-05-02T06:30:00+10:00,28.55,good,predawn,-6.57,2026-05-02T10:00:00+10:00,47.05
2026-05-03,Mercury,2026-05-03T06:30:00+10:00,5.74,13.07,2026-05-03T06:30:00+10:00,5.74,poor,predawn,-6.75,2026-05-03T11:30:00+10:00,37.36
2026-05-03,Venus,2026-05-03T18:00:00+10:00,4.78,28.22,2026-05-03T18:00:00+10:00,4.78,poor,evening,-8.99,2026-05-03T14:00:00+10:00,24.18
2026-05-03,Mars,2026-05-03T06:30:00+10:00,15.99,24.67,2026-05-03T06:30:00+10:00,15.99,fair,predawn,-6.75,2026-05-03T10:30:00+10:00,41.01
2026-05-03,Jupiter,2026-05-03T18:00:00+10:00,22.87,66.33,2026-05-03T18:00:00+10:00,22.87,fair,evening,-8.99,2026-05-03T17:00:00+10:00,24.77
2026-05-03,Saturn,2026-05-03T06:30:00+10:00,24.15,33.15,2026-05-03T06:30:00+10:00,24.15,fair,predawn,-6.75,2026-05-03T10:00:00+10:00,45.52
2026-05-03,Uranus,2026-05-03T18:00:00+10:00,0.2,17.5,2026-05-03T18:00:00+10:00,0.2,poor,evening,-8.99,2026-05-03T13:30:00+10:00,27.14
2026-05-03,Neptune,2026-05-03T06:30:00+10:00,29.14,39.14,2026-05-03T06:30:00+10:00,29.14,good,predawn,-6.75,2026-05-03T09:30:00+10:00,47.04
2026-05-04,Mercury,2026-05-04T06:30:00+10:00,4.61,12.1,2026-05-04T06:30:00+10:00,4.61,poor,predawn,-6.93,2026-05-04T11:30:00+10:00,36.58
2026-05-04,Venus,2026-05-04T18:00:00+10:00,4.8,28.46,2026-05-04T18:00:00+10:00,4.8,poor,evening,-9.2,2026-05-04T14:00:00+10:00,23.97
2026-05-04,Mars,2026-05-04T06:30:00+10:00,15.95,24.87,2026-05-04T06:30:00+10:00,15.95,fair,predawn,-6.93,2026-05-04T10:30:00+10:00,40.72
2026-05-04,Jupiter,2026-05-04T18:00:00+10:00,22.71,65.51,2026-05-04T18:00:00+10:00,22.71,fair,evening,-9.2,2026-05-04T17:00:00+10:00,24.76
2026-05-04,Saturn,2026-05-04T06:30:00+10:00,24.69,34.01,2026-05-04T06:30:00+10:00,24.69,fair,predawn,-6.93,2026-05-04T10:00:00+10:00,45.49
2026-05-04,Uranus,2026-05-04T18:00:00+10:00,-0.41,16.58,2026-05-04T18:00:00+10:00,-0.41,not visible,evening,-9.2,2026-05-04T13:30:00+10:00,27.1
2026-05-04,Neptune,2026-05-04T06:30:00+10:00,29.73,40.08,2026-05-04T06:30:00+10:00,29.73,good,predawn,-6.93,2026-05-04T09:30:00+10:00,47.08
2026-05-05,Mercury,2026-05-05T06:30:00+10:00,3.46,11.09,2026-05-05T06:30:00+10:00,3.46,poor,predawn,-7.11,2026-05-05T11:30:00+10:00,35.8
2026-05-05,Venus,2026-05-05T17:30:00+10:00,8.97,28.69,2026-05-05T17:30:00+10:00,8.97,poor,evening,-4.11,2026-05-05T14:00:00+10:00,23.76
2026-05-05,Mars,2026-05-05T06:30:00+10:00,15.91,25.07,2026-05-05T06:30:00+10:00,15.91,fair,predawn,-7.11,2026-05-05T10:30:00+10:00,40.43
2026-05-05,Jupiter,2026-05-05T17:30:00+10:00,23.99,64.7,2026-05-05T17:30:00+10:00,23.99,fair,evening,-4.11,2026-05-05T16:30:00+10:00,24.76
2026-05-05,Saturn,2026-05-05T06:30:00+10:00,25.23,34.87,2026-05-05T06:30:00+10:00,25.23,good,predawn,-7.11,2026-05-05T10:00:00+10:00,45.46
2026-05-05,Uranus,2026-05-05T17:30:00+10:00,3.79,15.69,2026-05-05T17:30:00+10:00,3.79,poor,evening,-4.11,2026-05-05T13:00:00+10:00,27.08
2026-05-05,Neptune,2026-05-05T06:30:00+10:00,30.32,41.02,2026-05-05T06:30:00+10:00,30.32,good,predawn,-7.11,2026-05-05T09:30:00+10:00,47.1
2026-05-06,Mercury,2026-05-06T06:30:00+10:00,2.28,10.06,2026-05-06T06:30:00+10:00,2.28,poor,predawn,-7.29,2026-05-06T11:30:00+10:00,34.99
2026-05-06,Venus,2026-05-06T17:30:00+10:00,8.98,28.93,2026-05-06T17:30:00+10:00,8.98,poor,evening,-4.32,2026-05-06T14:00:00+10:00,23.57
2026-05-06,Mars,2026-05-06T06:30:00+10:00,15.88,25.28,2026-05-06T06:30:00+10:00,15.88,fair,predawn,-7.29,2026-05-06T10:30:00+10:00,40.14
2026-05-06,Jupiter,2026-05-06T17:30:00+10:00,23.88,63.88,2026-05-06T17:30:00+10:00,23.88,fair,evening,-4.32,2026-05-06T16:30:00+10:00,24.82
2026-05-06,Saturn,2026-05-06T06:30:00+10:00,25.77,35.72,2026-05-06T06:30:00+10:00,25.77,good,predawn,-7.29,2026-05-06T10:00:00+10:00,45.41
2026-05-06,Uranus,2026-05-06T17:30:00+10:00,3.2,14.78,2026-05-06T17:30:00+10:00,3.2,poor,evening,-4.32,2026-05-06T13:00:00+10:00,27.1
2026-05-06,Neptune,2026-05-06T06:30:00+10:00,30.9,41.96,2026-05-06T06:30:00+10:00,30.9,good,predawn,-7.29,2026-05-06T09:30:00+10:00,47.11
2026-05-07,Mercury,2026-05-07T06:30:00+10:00,1.08,9.0,2026-05-07T06:30:00+10:00,1.08,poor,predawn,-7.46,2026-05-07T11:30:00+10:00,34.18
2026-05-07,Venus,2026-05-07T17:30:00+10:00,9.0,29.17,2026-05-07T17:30:00+10:00,9.0,poor,evening,-4.52,2026-05-07T14:00:00+10:00,23.38
2026-05-07,Mars,2026-05-07T06:30:00+10:00,15.84,25.49,2026-05-07T06:30:00+10:00,15.84,fair,predawn,-7.46,2026-05-07T10:30:00+10:00,39.84
2026-05-07,Jupiter,2026-05-07T17:30:00+10:00,23.77,63.07,2026-05-07T17:30:00+10:00,23.77,fair,evening,-4.52,2026-05-07T16:30:00+10:00,24.86
2026-05-07,Saturn,2026-05-07T06:30:00+10:00,26.3,36.58,2026-05-07T06:30:00+10:00,26.3,good,predawn,-7.46,2026-05-07T10:00:00+10:00,45.34
2026-05-07,Uranus,2026-05-07T17:30:00+10:00,2.61,13.87,2026-05-07T17:30:00+10:00,2.61,poor,evening,-4.52,2026-05-07T13:00:00+10:00,27.11
2026-05-07,Neptune,2026-05-07T06:30:00+10:00,31.47,42.9,2026-05-07T06:30:00+10:00,31.47,good,predawn,-7.46,2026-05-07T09:30:00+10:00,47.09
2026-05-08,Mercury,2026-05-08T06:30:00+10:00,-0.14,7.91,2026-05-08T06:30:00+10:00,-0.14,not visible,predawn,-7.64,2026-05-08T11:30:00+10:00,33.35
2026-05-08,Venus,2026-05-08T17:30:00+10:00,9.04,29.41,2026-05-08T17:30:00+10:00,9.04,poor,evening,-4.72,2026-05-08T14:00:00+10:00,23.21
2026-05-08,Mars,2026-05-08T06:30:00+10:00,15.8,25.69,2026-05-08T06:30:00+10:00,15.8,fair,predawn,-7.64,2026-05-08T10:30:00+10:00,39.55
2026-05-08,Jupiter,2026-05-08T17:30:00+10:00,23.65,62.25,2026-05-08T17:30:00+10:00,23.65,fair,evening,-4.72,2026-05-08T16:30:00+10:00,24.9
2026-05-08,Saturn,2026-05-08T06:30:00+10:00,26.82,37.44,2026-05-08T06:30:00+10:00,26.82,good,predawn,-7.64,2026-05-08T10:00:00+10:00,45.26
2026-05-08,Uranus,2026-05-08T17:30:00+10:00,2.01,12.96,2026-05-08T17:30:00+10:00,2.01,poor,evening,-4.72,2026-05-08T13:00:00+10:00,27.12
2026-05-08,Neptune,2026-05-08T06:30:00+10:00,32.03,43.83,2026-05-08T06:30:00+10:00,32.03,good,predawn,-7.64,2026-05-08T09:30:00+10:00,47.06
2026-05-09,Mercury,2026-05-09T06:30:00+10:00,-1.39,6.8,2026-05-09T06:30:00+10:00,-1.39,not visible,predawn,-7.81,2026-05-09T11:30:00+10:00,32.51
2026-05-09,Venus,2026-05-09T17:30:00+10:00,9.08,29.65,2026-05-09T17:30:00+10:00,9.08,poor,evening,-4.92,2026-05-09T14:00:00+10:00,23.04
2026-05-09,Mars,2026-05-09T06:30:00+10:00,15.77,25.9,2026-05-09T06:30:00+10:00,15.77,fair,predawn,-7.81,2026-05-09T10:30:00+10:00,39.26
2026-05-09,Jupiter,2026-05-09T17:30:00+10:00,23.52,61.44,2026-05-09T17:30:00+10:00,23.52,fair,evening,-4.92,2026-05-09T16:30:00+10:00,24.93
2026-05-09,Saturn,2026-05-09T06:30:00+10:00,27.35,38.3,2026-05-09T06:30:00+10:00,27.35,good,predawn,-7.81,2026-05-09T10:00:00+10:00,45.17
2026-05-09,Uranus,2026-05-09T17:30:00+10:00,1.41,12.05,2026-05-09T17:30:00+10:00,1.41,poor,evening,-4.92,2026-05-09T13:00:00+10:00,27.11
2026-05-09,Neptune,2026-05-09T06:30:00+10:00,32.59,44.77,2026-05-09T06:30:00+10:00,32.59,good,predawn,-7.81,2026-05-09T09:30:00+10:00,47.01
2026-05-10,Mercury,2026-05-10T06:30:00+10:00,-2.65,5.66,2026-05-10T06:30:00+10:00,-2.65,not visible,predawn,-7.98,2026-05-10T12:00:00+10:00,31.72
2026-05-10,Venus,2026-05-10T17:30:00+10:00,9.13,29.89,2026-05-10T17:30:00+10:00,9.13,poor,evening,-5.1,2026-05-10T14:00:00+10:00,22.89
2026-05-10,Mars,2026-05-10T06:30:00+10:00,15.73,26.1,2026-05-10T06:30:00+10:00,15.73,fair,predawn,-7.98,2026-05-10T10:30:00+10:00,38.97
2026-05-10,Jupiter,2026-05-10T17:30:00+10:00,23.38,60.63,2026-05-10T17:30:00+10:00,23.38,fair,evening,-5.1,2026-05-10T16:30:00+10:00,24.95
2026-05-10,Saturn,2026-05-10T06:30:00+10:00,27.86,39.15,2026-05-10T06:30:00+10:00,27.86,good,predawn,-7.98,2026-05-10T09:30:00+10:00,45.18
2026-05-10,Uranus,2026-05-10T17:30:00+10:00,0.81,11.14,2026-05-10T17:30:00+10:00,0.81,poor,evening,-5.1,2026-05-10T13:00:00+10:00,27.08
2026-05-10,Neptune,2026-05-10T06:30:00+10:00,33.15,45.71,2026-05-10T06:30:00+10:00,33.15,good,predawn,-7.98,2026-05-10T09:30:00+10:00,46.95
2026-05-11,Mercury,2026-05-11T06:30:00+10:00,-3.94,4.49,2026-05-11T06:30:00+10:00,-3.94,not visible,predawn,-8.15,2026-05-11T12:00:00+10:00,30.98
2026-05-11,Venus,2026-05-11T17:30:00+10:00,9.19,30.12,2026-05-11T17:30:00+10:00,9.19,poor,evening,-5.29,2026-05-11T14:00:00+10:00,22.74
2026-05-11,Mars,2026-05-11T06:30:00+10:00,15.69,26.31,2026-05-11T06:30:00+10:00,15.69,fair,predawn,-8.15,2026-05-11T10:30:00+10:00,38.68
2026-05-11,Jupiter,2026-05-11T17:30:00+10:00,23.24,59.82,2026-05-11T17:30:00+10:00,23.24,fair,evening,-5.29,2026-05-11T16:30:00+10:00,24.96
2026-05-11,Saturn,2026-05-11T06:30:00+10:00,28.38,40.01,2026-05-11T06:30:00+10:00,28.38,good,predawn,-8.15,2026-05-11T09:30:00+10:00,45.18
2026-05-11,Uranus,2026-05-11T17:30:00+10:00,0.2,10.23,2026-05-11T17:30:00+10:00,0.2,poor,evening,-5.29,2026-05-11T13:00:00+10:00,27.05
2026-05-11,Neptune,2026-05-11T06:30:00+10:00,33.69,46.65,2026-05-11T06:30:00+10:00,33.69,good,predawn,-8.15,2026-05-11T09:00:00+10:00,46.96
2026-05-12,Mercury,2026-05-12T06:30:00+10:00,-5.23,3.31,2026-05-12T06:30:00+10:00,-5.23,not visible,predawn,-8.32,2026-05-12T12:00:00+10:00,30.23
2026-05-12,Venus,2026-05-12T17:30:00+10:00,9.26,30.36,2026-05-12T17:30:00+10:00,9.26,poor,evening,-5.46,2026-05-12T14:30:00+10:00,22.63
2026-05-12,Mars,2026-05-12T06:30:00+10:00,15.65,26.52,2026-05-12T06:30:00+10:00,15.65,fair,predawn,-8.32,2026-05-12T10:30:00+10:00,38.39
2026-05-12,Jupiter,2026-05-12T17:30:00+10:00,23.09,59.01,2026-05-12T17:30:00+10:00,23.09,fair,evening,-5.46,2026-05-12T16:30:00+10:00,24.97
2026-05-12,Saturn,2026-05-12T06:30:00+10:00,28.89,40.87,2026-05-12T06:30:00+10:00,28.89,good,predawn,-8.32,2026-05-12T09:30:00+10:00,45.17
2026-05-12,Uranus,2026-05-12T17:30:00+10:00,-0.41,9.32,2026-05-12T17:30:00+10:00,-0.41,not visible,evening,-5.46,2026-05-12T13:00:00+10:00,27.01
2026-05-12,Neptune,2026-05-12T06:30:00+10:00,34.23,47.58,2026-05-12T06:30:00+10:00,34.23,good,predawn,-8.32,2026-05-12T09:00:00+10:00,47.0
2026-05-13,Mercury,2026-05-13T17:30:00+10:00,-6.39,1.56,2026-05-13T17:30:00+10:00,-6.39,not visible,evening,-5.64,2026-05-13T12:00:00+10:00,29.48
2026-05-13,Venus,2026-05-13T17:30:00+10:00,9.34,30.6,2026-05-13T17:30:00+10:00,9.34,poor,evening,-5.64,2026-05-13T14:30:00+10:00,22.54
2026-05-13,Mars,2026-05-13T06:30:00+10:00,15.61,26.72,2026-05-13T06:30:00+10:00,15.61,fair,predawn,-8.49,2026-05-13T10:30:00+10:00,38.1
2026-05-13,Jupiter,2026-05-13T17:30:00+10:00,22.93,58.21,2026-05-13T17:30:00+10:00,22.93,fair,evening,-5.64,2026-05-13T16:30:00+10:00,24.96
2026-05-13,Saturn,2026-05-13T06:30:00+10:00,29.39,41.73,2026-05-13T06:30:00+10:00,29.39,good,predawn,-8.49,2026-05-13T09:30:00+10:00,45.14
2026-05-13,Uranus,2026-05-13T17:30:00+10:00,-1.02,8.41,2026-05-13T17:30:00+10:00,-1.02,not visible,evening,-5.64,2026-05-13T12:30:00+10:00,26.98
2026-05-13,Neptune,2026-05-13T06:30:00+10:00,34.76,48.52,2026-05-13T06:30:00+10:00,34.76,good,predawn,-8.49,2026-05-13T09:00:00+10:00,47.02
2026-05-14,Mercury,2026-05-14T17:30:00+10:00,-6.07,0.36,2026-05-14T17:30:00+10:00,-6.07,not visible,evening,-5.8,2026-05-14T12:00:00+10:00,28.74
2026-05-14,Venus,2026-05-14T17:30:00+10:00,9.43,30.83,2026-05-14T17:30:00+10:00,9.43,poor,evening,-5.8,2026-05-14T14:30:00+10:00,22.46
2026-05-14,Mars,2026-05-14T06:30:00+10:00,15.57,26.93,2026-05-14T06:30:00+10:00,15.57,fair,predawn,-8.65,2026-05-14T10:30:00+10:00,37.82
2026-05-14,Jupiter,2026-05-14T17:30:00+10:00,22.76,57.4,2026-05-14T17:30:00+10:00,22.76,fair,evening,-5.8,2026-05-14T16:00:00+10:00,24.96
2026-05-14,Saturn,2026-05-14T06:30:00+10:00,29.89,42.6,2026-05-14T06:30:00+10:00,29.89,good,predawn,-8.65,2026-05-14T09:30:00+10:00,45.1
2026-05-14,Uranus,2026-05-14T17:30:00+10:00,-1.63,7.5,2026-05-14T17:30:00+10:00,-1.63,not visible,evening,-5.8,2026-05-14T12:30:00+10:00,27.0
2026-05-14,Neptune,2026-05-14T06:30:00+10:00,35.29,49.46,2026-05-14T06:30:00+10:00,35.29,good,predawn,-8.65,2026-05-14T09:00:00+10:00,47.02
2026-05-15,Mercury,2026-05-15T17:30:00+10:00,-5.73,0.91,2026-05-15T17:30:00+10:00,-5.73,not visible,evening,-5.97,2026-05-15T12:00:00+10:00,27.99
2026-05-15,Venus,2026-05-15T17:30:00+10:00,9.53,31.07,2026-05-15T17:30:00+10:00,9.53,poor,evening,-5.97,2026-05-15T14:30:00+10:00,22.38
2026-05-15,Mars,2026-05-15T06:30:00+10:00,15.54,27.14,2026-05-15T06:30:00+10:00,15.54,fair,predawn,-8.81,2026-05-15T10:30:00+10:00,37.53
2026-05-15,Jupiter,2026-05-15T17:30:00+10:00,22.59,56.6,2026-05-15T17:30:00+10:00,22.59,fair,evening,-5.97,2026-05-15T16:00:00+10:00,25.01
2026-05-15,Saturn,2026-05-15T06:30:00+10:00,30.39,43.46,2026-05-15T06:30:00+10:00,30.39,good,predawn,-8.81,2026-05-15T09:30:00+10:00,45.04
2026-05-15,Uranus,2026-05-15T17:30:00+10:00,-2.25,6.6,2026-05-15T17:30:00+10:00,-2.25,not visible,evening,-5.97,2026-05-15T12:30:00+10:00,27.02
2026-05-15,Neptune,2026-05-15T06:30:00+10:00,35.81,50.4,2026-05-15T06:30:00+10:00,35.81,good,predawn,-8.81,2026-05-15T09:00:00+10:00,47.0
2026-05-16,Mercury,2026-05-16T17:30:00+10:00,-5.36,2.14,2026-05-16T17:30:00+10:00,-5.36,not visible,evening,-6.12,2026-05-16T12:00:00+10:00,27.25
2026-05-16,Venus,2026-05-16T17:30:00+10:00,9.63,31.3,2026-05-16T17:30:00+10:00,9.63,poor,evening,-6.12,2026-05-16T14:30:00+10:00,22.32
2026-05-16,Mars,2026-05-16T06:30:00+10:00,15.5,27.35,2026-05-16T06:30:00+10:00,15.5,fair,predawn,-8.97,2026-05-16T10:30:00+10:00,37.24
2026-05-16,Jupiter,2026-05-16T17:30:00+10:00,22.41,55.81,2026-05-16T17:30:00+10:00,22.41,fair,evening,-6.12,2026-05-16T16:00:00+10:00,25.07
2026-05-16,Saturn,2026-05-16T06:30:00+10:00,30.88,44.32,2026-05-16T06:30:00+10:00,30.88,good,predawn,-8.97,2026-05-16T09:30:00+10:00,44.97
2026-05-16,Uranus,2026-05-16T17:30:00+10:00,-2.87,5.69,2026-05-16T17:30:00+10:00,-2.87,not visible,evening,-6.12,2026-05-16T12:30:00+10:00,27.02
2026-05-16,Neptune,2026-05-16T06:30:00+10:00,36.31,51.34,2026-05-16T06:30:00+10:00,36.31,good,predawn,-8.97,2026-05-16T09:00:00+10:00,46.97
2026-05-17,Mercury,2026-05-17T17:30:00+10:00,-4.97,3.37,2026-05-17T17:30:00+10:00,-4.97,not visible,evening,-6.27,2026-05-17T12:30:00+10:00,26.65
2026-05-17,Venus,2026-05-17T17:30:00+10:00,9.75,31.54,2026-05-17T17:30:00+10:00,9.75,poor,evening,-6.27,2026-05-17T14:30:00+10:00,22.27
2026-05-17,Mars,2026-05-17T06:30:00+10:00,15.46,27.56,2026-05-17T06:30:00+10:00,15.46,fair,predawn,-9.13,2026-05-17T10:30:00+10:00,36.96
2026-05-17,Jupiter,2026-05-17T17:30:00+10:00,22.22,55.01,2026-05-17T17:30:00+10:00,22.22,fair,evening,-6.27,2026-05-17T16:00:00+10:00,25.11
2026-05-17,Saturn,2026-05-17T06:30:00+10:00,31.36,45.18,2026-05-17T06:30:00+10:00,31.36,good,predawn,-9.13,2026-05-17T09:30:00+10:00,44.89
2026-05-17,Uranus,2026-05-17T17:30:00+10:00,-3.5,4.79,2026-05-17T17:30:00+10:00,-3.5,not visible,evening,-6.27,2026-05-17T12:30:00+10:00,27.01
2026-05-17,Neptune,2026-05-17T06:30:00+10:00,36.82,52.27,2026-05-17T06:30:00+10:00,36.82,good,predawn,-9.13,2026-05-17T09:00:00+10:00,46.92
2026-05-18,Mercury,2026-05-18T17:30:00+10:00,-4.55,4.59,2026-05-18T17:30:00+10:00,-4.55,not visible,evening,-6.42,2026-05-18T12:30:00+10:00,26.05
2026-05-18,Venus,2026-05-18T17:30:00+10:00,9.87,31.77,2026-05-18T17:30:00+10:00,9.87,poor,evening,-6.42,2026-05-18T14:30:00+10:00,22.23
2026-05-18,Mars,2026-05-18T07:00:00+10:00,19.99,27.77,2026-05-18T07:00:00+10:00,19.99,fair,predawn,-4.13,2026-05-18T10:30:00+10:00,36.67
2026-05-18,Jupiter,2026-05-18T17:30:00+10:00,22.03,54.21,2026-05-18T17:30:00+10:00,22.03,fair,evening,-6.42,2026-05-18T16:00:00+10:00,25.14
2026-05-18,Saturn,2026-05-18T07:00:00+10:00,35.84,46.06,2026-05-18T07:00:00+10:00,35.84,good,predawn,-4.13,2026-05-18T09:00:00+10:00,44.86
2026-05-18,Uranus,2026-05-18T17:30:00+10:00,-4.13,3.88,2026-05-18T17:30:00+10:00,-4.13,not visible,evening,-6.42,2026-05-18T12:30:00+10:00,26.99
2026-05-18,Neptune,2026-05-18T07:00:00+10:00,40.88,53.23,2026-05-18T07:00:00+10:00,40.88,good,predawn,-4.13,2026-05-18T09:00:00+10:00,46.85
2026-05-19,Mercury,2026-05-19T17:30:00+10:00,-4.12,5.81,2026-05-19T17:30:00+10:00,-4.12,not visible,evening,-6.56,2026-05-19T12:30:00+10:00,25.47
2026-05-19,Venus,2026-05-19T17:30:00+10:00,10.01,32.01,2026-05-19T17:30:00+10:00,10.01,poor,evening,-6.56,2026-05-19T14:30:00+10:00,22.2
2026-05-19,Mars,2026-05-19T07:00:00+10:00,19.93,27.98,2026-05-19T07:00:00+10:00,19.93,fair,predawn,-4.29,2026-05-19T10:30:00+10:00,36.39
2026-05-19,Jupiter,2026-05-19T17:30:00+10:00,21.83,53.42,2026-05-19T17:30:00+10:00,21.83,fair,evening,-6.56,2026-05-19T16:00:00+10:00,25.17
2026-05-19,Saturn,2026-05-19T07:00:00+10:00,36.25,46.93,2026-05-19T07:00:00+10:00,36.25,good,predawn,-4.29,2026-05-19T09:00:00+10:00,44.87
2026-05-19,Uranus,2026-05-19T17:30:00+10:00,-4.76,2.98,2026-05-19T17:30:00+10:00,-4.76,not visible,evening,-6.56,2026-05-19T12:30:00+10:00,26.96
2026-05-19,Neptune,2026-05-19T07:00:00+10:00,41.28,54.17,2026-05-19T07:00:00+10:00,41.28,good,predawn,-4.29,2026-05-19T08:30:00+10:00,46.89
2026-05-20,Mercury,2026-05-20T17:30:00+10:00,-3.67,7.02,2026-05-20T17:30:00+10:00,-3.67,not visible,evening,-6.69,2026-05-20T12:30:00+10:00,24.91
2026-05-20,Venus,2026-05-20T17:30:00+10:00,10.15,32.24,2026-05-20T17:30:00+10:00,10.15,poor,evening,-6.69,2026-05-20T14:30:00+10:00,22.18
2026-05-20,Mars,2026-05-20T07:00:00+10:00,19.87,28.19,2026-05-20T07:00:00+10:00,19.87,fair,predawn,-4.45,2026-05-20T10:30:00+10:00,36.1
2026-05-20,Jupiter,2026-05-20T17:30:00+10:00,21.62,52.63,2026-05-20T17:30:00+10:00,21.62,fair,evening,-6.69,2026-05-20T16:00:00+10:00,25.19
2026-05-20,Saturn,2026-05-20T07:00:00+10:00,36.66,47.79,2026-05-20T07:00:00+10:00,36.66,good,predawn,-4.45,2026-05-20T09:00:00+10:00,44.86
2026-05-20,Uranus,2026-05-20T17:30:00+10:00,-5.39,2.07,2026-05-20T17:30:00+10:00,-5.39,not visible,evening,-6.69,2026-05-20T12:30:00+10:00,26.91
2026-05-20,Neptune,2026-05-20T07:00:00+10:00,41.67,55.11,2026-05-20T07:00:00+10:00,41.67,good,predawn,-4.45,2026-05-20T08:30:00+10:00,46.93
2026-05-21,Mercury,2026-05-21T17:30:00+10:00,-3.2,8.2,2026-05-21T17:30:00+10:00,-3.2,not visible,evening,-6.82,2026-05-21T12:30:00+10:00,24.36
2026-05-21,Venus,2026-05-21T17:30:00+10:00,10.3,32.47,2026-05-21T17:30:00+10:00,10.3,poor,evening,-6.82,2026-05-21T14:30:00+10:00,22.17
2026-05-21,Mars,2026-05-21T07:00:00+10:00,19.81,28.41,2026-05-21T07:00:00+10:00,19.81,fair,predawn,-4.6,2026-05-21T10:30:00+10:00,35.82
2026-05-21,Jupiter,2026-05-21T17:30:00+10:00,21.41,51.84,2026-05-21T17:30:00+10:00,21.41,fair,evening,-6.82,2026-05-21T16:00:00+10:00,25.2
2026-05-21,Saturn,2026-05-21T07:00:00+10:00,37.05,48.66,2026-05-21T07:00:00+10:00,37.05,good,predawn,-4.6,2026-05-21T09:00:00+10:00,44.85
2026-05-21,Uranus,2026-05-21T07:00:00+10:00,-5.84,1.57,2026-05-21T07:00:00+10:00,-5.84,not visible,predawn,-4.6,2026-05-21T12:00:00+10:00,26.87
2026-05-21,Neptune,2026-05-21T07:00:00+10:00,42.05,56.05,2026-05-21T07:00:00+10:00,42.05,good,predawn,-4.6,2026-05-21T08:30:00+10:00,46.94
2026-05-22,Mercury,2026-05-22T17:30:00+10:00,-2.72,9.36,2026-05-22T17:30:00+10:00,-2.72,not visible,evening,-6.95,2026-05-22T13:00:00+10:00,23.86
2026-05-22,Venus,2026-05-22T17:30:00+10:00,10.46,32.7,2026-05-22T17:30:00+10:00,10.46,poor,evening,-6.95,2026-05-22T14:30:00+10:00,22.17
2026-05-22,Mars,2026-05-22T07:00:00+10:00,19.75,28.62,2026-05-22T07:00:00+10:00,19.75,fair,predawn,-4.76,2026-05-22T10:00:00+10:00,35.54
2026-05-22,Jupiter,2026-05-22T17:30:00+10:00,21.19,51.06,2026-05-22T17:30:00+10:00,21.19,fair,evening,-6.95,2026-05-22T16:00:00+10:00,25.21
2026-05-22,Saturn,2026-05-22T07:00:00+10:00,37.44,49.52,2026-05-22T07:00:00+10:00,37.44,good,predawn,-4.76,2026-05-22T09:00:00+10:00,44.81
2026-05-22,Uranus,2026-05-22T07:00:00+10:00,-5.22,0.67,2026-05-22T07:00:00+10:00,-5.22,not visible,predawn,-4.76,2026-05-22T12:00:00+10:00,26.9
2026-05-22,Neptune,2026-05-22T07:00:00+10:00,42.42,56.98,2026-05-22T07:00:00+10:00,42.42,good,predawn,-4.76,2026-05-22T08:30:00+10:00,46.94
2026-05-23,Mercury,2026-05-23T17:30:00+10:00,-2.23,10.49,2026-05-23T17:30:00+10:00,-2.23,not visible,evening,-7.07,2026-05-23T13:00:00+10:00,23.48
2026-05-23,Venus,2026-05-23T17:30:00+10:00,10.63,32.93,2026-05-23T17:30:00+10:00,10.63,poor,evening,-7.07,2026-05-23T14:30:00+10:00,22.18
2026-05-23,Mars,2026-05-23T07:00:00+10:00,19.69,28.83,2026-05-23T07:00:00+10:00,19.69,fair,predawn,-4.91,2026-05-23T10:00:00+10:00,35.29
2026-05-23,Jupiter,2026-05-23T17:30:00+10:00,20.97,50.27,2026-05-23T17:30:00+10:00,20.97,fair,evening,-7.07,2026-05-23T16:00:00+10:00,25.2
2026-05-23,Saturn,2026-05-23T07:00:00+10:00,37.81,50.39,2026-05-23T07:00:00+10:00,37.81,good,predawn,-4.91,2026-05-23T09:00:00+10:00,44.77
2026-05-23,Uranus,2026-05-23T07:00:00+10:00,-4.61,0.3,2026-05-23T07:00:00+10:00,-4.61,not visible,predawn,-4.91,2026-05-23T12:00:00+10:00,26.92
2026-05-23,Neptune,2026-05-23T07:00:00+10:00,42.77,57.92,2026-05-23T07:00:00+10:00,42.77,good,predawn,-4.91,2026-05-23T08:30:00+10:00,46.93
2026-05-24,Mercury,2026-05-24T17:30:00+10:00,-1.72,11.59,2026-05-24T17:30:00+10:00,-1.72,not visible,evening,-7.18,2026-05-24T13:00:00+10:00,23.13
2026-05-24,Venus,2026-05-24T17:30:00+10:00,10.81,33.16,2026-05-24T17:30:00+10:00,10.81,poor,evening,-7.18,2026-05-24T14:30:00+10:00,22.2
2026-05-24,Mars,2026-05-24T07:00:00+10:00,19.63,29.04,2026-05-24T07:00:00+10:00,19.63,fair,predawn,-5.05,2026-05-24T10:00:00+10:00,35.05
2026-05-24,Jupiter,2026-05-24T17:30:00+10:00,20.73,49.49,2026-05-24T17:30:00+10:00,20.73,fair,evening,-7.18,2026-05-24T15:30:00+10:00,25.24
2026-05-24,Saturn,2026-05-24T07:00:00+10:00,38.18,51.25,2026-05-24T07:00:00+10:00,38.18,good,predawn,-5.05,2026-05-24T09:00:00+10:00,44.71
2026-05-24,Uranus,2026-05-24T07:00:00+10:00,-3.99,1.16,2026-05-24T07:00:00+10:00,-3.99,not visible,predawn,-5.05,2026-05-24T12:00:00+10:00,26.92
2026-05-24,Neptune,2026-05-24T07:00:00+10:00,43.11,58.86,2026-05-24T07:00:00+10:00,43.11,good,predawn,-5.05,2026-05-24T08:30:00+10:00,46.89
2026-05-25,Mercury,2026-05-25T17:30:00+10:00,-1.22,12.66,2026-05-25T17:30:00+10:00,-1.22,not visible,evening,-7.29,2026-05-25T13:00:00+10:00,22.8
2026-05-25,Venus,2026-05-25T17:30:00+10:00,10.99,33.39,2026-05-25T17:30:00+10:00,10.99,poor,evening,-7.29,2026-05-25T14:30:00+10:00,22.23
2026-05-25,Mars,2026-05-25T07:00:00+10:00,19.57,29.25,2026-05-25T07:00:00+10:00,19.57,fair,predawn,-5.2,2026-05-25T10:00:00+10:00,34.8
2026-05-25,Jupiter,2026-05-25T17:30:00+10:00,20.5,48.71,2026-05-25T17:30:00+10:00,20.5,fair,evening,-7.29,2026-05-25T15:30:00+10:00,25.3
2026-05-25,Saturn,2026-05-25T07:00:00+10:00,38.54,52.12,2026-05-25T07:00:00+10:00,38.54,good,predawn,-5.2,2026-05-25T09:00:00+10:00,44.63
2026-05-25,Uranus,2026-05-25T07:00:00+10:00,-3.39,2.06,2026-05-25T07:00:00+10:00,-3.39,not visible,predawn,-5.2,2026-05-25T12:00:00+10:00,26.91
2026-05-25,Neptune,2026-05-25T07:00:00+10:00,43.44,59.8,2026-05-25T07:00:00+10:00,43.44,good,predawn,-5.2,2026-05-25T08:30:00+10:00,46.84
2026-05-26,Mercury,2026-05-26T17:30:00+10:00,-0.7,13.69,2026-05-26T17:30:00+10:00,-0.7,not visible,evening,-7.39,2026-05-26T13:00:00+10:00,22.49
2026-05-26,Venus,2026-05-26T17:30:00+10:00,11.18,33.62,2026-05-26T17:30:00+10:00,11.18,poor,evening,-7.39,2026-05-26T14:30:00+10:00,22.28
2026-05-26,Mars,2026-05-26T07:00:00+10:00,19.51,29.47,2026-05-26T07:00:00+10:00,19.51,fair,predawn,-5.34,2026-05-26T10:00:00+10:00,34.55
2026-05-26,Jupiter,2026-05-26T17:30:00+10:00,20.25,47.93,2026-05-26T17:30:00+10:00,20.25,fair,evening,-7.39,2026-05-26T15:30:00+10:00,25.35
2026-05-26,Saturn,2026-05-26T07:00:00+10:00,38.89,52.99,2026-05-26T07:00:00+10:00,38.89,good,predawn,-5.34,2026-05-26T08:30:00+10:00,44.56
2026-05-26,Uranus,2026-05-26T07:00:00+10:00,-2.78,2.96,2026-05-26T07:00:00+10:00,-2.78,not visible,predawn,-5.34,2026-05-26T12:00:00+10:00,26.9
2026-05-26,Neptune,2026-05-26T07:00:00+10:00,43.75,60.74,2026-05-26T07:00:00+10:00,43.75,good,predawn,-5.34,2026-05-26T08:00:00+10:00,46.79
2026-05-27,Mercury,2026-05-27T17:30:00+10:00,-0.19,14.68,2026-05-27T17:30:00+10:00,-0.19,not visible,evening,-7.49,2026-05-27T13:00:00+10:00,22.22
2026-05-27,Venus,2026-05-27T17:30:00+10:00,11.39,33.85,2026-05-27T17:30:00+10:00,11.39,poor,evening,-7.49,2026-05-27T14:30:00+10:00,22.33
2026-05-27,Mars,2026-05-27T07:00:00+10:00,19.45,29.68,2026-05-27T07:00:00+10:00,19.45,fair,predawn,-5.47,2026-05-27T10:00:00+10:00,34.31
2026-05-27,Jupiter,2026-05-27T17:30:00+10:00,20.0,47.15,2026-05-27T17:30:00+10:00,20.0,fair,evening,-7.49,2026-05-27T15:30:00+10:00,25.39
2026-05-27,Saturn,2026-05-27T07:00:00+10:00,39.23,53.86,2026-05-27T07:00:00+10:00,39.23,good,predawn,-5.47,2026-05-27T08:30:00+10:00,44.58
2026-05-27,Uranus,2026-05-27T07:00:00+10:00,-2.18,3.86,2026-05-27T07:00:00+10:00,-2.18,not visible,predawn,-5.47,2026-05-27T12:00:00+10:00,26.87
2026-05-27,Neptune,2026-05-27T07:00:00+10:00,44.05,61.67,2026-05-27T07:00:00+10:00,44.05,good,predawn,-5.47,2026-05-27T08:00:00+10:00,46.84
2026-05-28,Mercury,2026-05-28T17:30:00+10:00,0.33,15.63,2026-05-28T17:30:00+10:00,0.33,poor,evening,-7.58,2026-05-28T13:00:00+10:00,21.97
2026-05-28,Venus,2026-05-28T17:30:00+10:00,11.6,34.07,2026-05-28T17:30:00+10:00,11.6,poor,evening,-7.58,2026-05-28T14:30:00+10:00,22.39
2026-05-28,Mars,2026-05-28T07:00:00+10:00,19.39,29.9,2026-05-28T07:00:00+10:00,19.39,fair,predawn,-5.61,2026-05-28T10:00:00+10:00,34.06
2026-05-28,Jupiter,2026-05-28T17:30:00+10:00,19.75,46.37,2026-05-28T17:30:00+10:00,19.75,fair,evening,-7.58,2026-05-28T15:30:00+10:00,25.43
2026-05-28,Saturn,2026-05-28T07:00:00+10:00,39.56,54.73,2026-05-28T07:00:00+10:00,39.56,good,predawn,-5.61,2026-05-28T08:30:00+10:00,44.59
2026-05-28,Uranus,2026-05-28T07:00:00+10:00,-1.58,4.76,2026-05-28T07:00:00+10:00,-1.58,not visible,predawn,-5.61,2026-05-28T12:00:00+10:00,26.82
2026-05-28,Neptune,2026-05-28T07:00:00+10:00,44.34,62.61,2026-05-28T07:00:00+10:00,44.34,good,predawn,-5.61,2026-05-28T08:00:00+10:00,46.87
2026-05-29,Mercury,2026-05-29T17:30:00+10:00,0.85,16.53,2026-05-29T17:30:00+10:00,0.85,poor,evening,-7.66,2026-05-29T13:30:00+10:00,21.85
2026-05-29,Venus,2026-05-29T17:30:00+10:00,11.81,34.3,2026-05-29T17:30:00+10:00,11.81,poor,evening,-7.66,2026-05-29T14:30:00+10:00,22.47
2026-05-29,Mars,2026-05-29T07:00:00+10:00,19.33,30.11,2026-05-29T07:00:00+10:00,19.33,fair,predawn,-5.74,2026-05-29T10:00:00+10:00,33.82
2026-05-29,Jupiter,2026-05-29T17:30:00+10:00,19.49,45.6,2026-05-29T17:30:00+10:00,19.49,fair,evening,-7.66,2026-05-29T15:30:00+10:00,25.46
2026-05-29,Saturn,2026-05-29T07:00:00+10:00,39.88,55.6,2026-05-29T07:00:00+10:00,39.88,good,predawn,-5.74,2026-05-29T08:30:00+10:00,44.58
2026-05-29,Uranus,2026-05-29T07:00:00+10:00,-0.98,5.66,2026-05-29T07:00:00+10:00,-0.98,not visible,predawn,-5.74,2026-05-29T11:30:00+10:00,26.77
2026-05-29,Neptune,2026-05-29T07:00:00+10:00,44.61,63.55,2026-05-29T07:00:00+10:00,44.61,good,predawn,-5.74,2026-05-29T08:00:00+10:00,46.88
2026-05-30,Mercury,2026-05-30T17:30:00+10:00,1.36,17.39,2026-05-30T17:30:00+10:00,1.36,poor,evening,-7.74,2026-05-30T13:30:00+10:00,21.76
2026-05-30,Venus,2026-05-30T17:30:00+10:00,12.04,34.53,2026-05-30T17:30:00+10:00,12.04,poor,evening,-7.74,2026-05-30T14:30:00+10:00,22.55
2026-05-30,Mars,2026-05-30T07:00:00+10:00,19.27,30.33,2026-05-30T07:00:00+10:00,19.27,fair,predawn,-5.87,2026-05-30T10:00:00+10:00,33.58
2026-05-30,Jupiter,2026-05-30T17:30:00+10:00,19.22,44.83,2026-05-30T17:30:00+10:00,19.22,fair,evening,-7.74,2026-05-30T15:30:00+10:00,25.48
2026-05-30,Saturn,2026-05-30T07:00:00+10:00,40.19,56.47,2026-05-30T07:00:00+10:00,40.19,good,predawn,-5.87,2026-05-30T08:30:00+10:00,44.56
2026-05-30,Uranus,2026-05-30T07:00:00+10:00,-0.39,6.56,2026-05-30T07:00:00+10:00,-0.39,not visible,predawn,-5.87,2026-05-30T11:30:00+10:00,26.8
2026-05-30,Neptune,2026-05-30T07:00:00+10:00,44.87,64.49,2026-05-30T07:00:00+10:00,44.87,good,predawn,-5.87,2026-05-30T08:00:00+10:00,46.88
2026-05-31,Mercury,2026-05-31T17:30:00+10:00,1.87,18.2,2026-05-31T17:30:00+10:00,1.87,poor,evening,-7.82,2026-05-31T13:30:00+10:00,21.69
2026-05-31,Venus,2026-05-31T17:30:00+10:00,12.27,34.75,2026-05-31T17:30:00+10:00,12.27,poor,evening,-7.82,2026-05-31T14:30:00+10:00,22.65
2026-05-31,Mars,2026-05-31T07:00:00+10:00,19.21,30.54,2026-05-31T07:00:00+10:00,19.21,fair,predawn,-5.99,2026-05-31T10:00:00+10:00,33.34
2026-05-31,Jupiter,2026-05-31T17:30:00+10:00,18.95,44.06,2026-05-31T17:30:00+10:00,18.95,fair,evening,-7.82,2026-05-31T15:30:00+10:00,25.49
2026-05-31,Saturn,2026-05-31T07:00:00+10:00,40.49,57.34,2026-05-31T07:00:00+10:00,40.49,good,predawn,-5.99,2026-05-31T08:30:00+10:00,44.52
2026-05-31,Uranus,2026-05-31T07:00:00+10:00,0.2,7.46,2026-05-31T07:00:00+10:00,0.2,poor,predawn,-5.99,2026-05-31T11:30:00+10:00,26.82
2026-05-31,Neptune,2026-05-31T07:00:00+10:00,45.11,65.43,2026-05-31T07:00:00+10:00,45.11,excellent,predawn,-5.99,2026-05-31T08:00:00+10:00,46.86
2026-06-01,Mercury,2026-06-01T17:30:00+10:00,2.38,18.97,2026-06-01T17:30:00+10:00,2.38,poor,evening,-7.89,2026-06-01T13:30:00+10:00,21.65
2026-06-01,Venus,2026-06-01T17:30:00+10:00,12.51,34.97,2026-06-01T17:30:00+10:00,12.51,poor,evening,-7.89,2026-06-01T14:30:00+10:00,22.75
2026-06-01,Mars,2026-06-01T07:00:00+10:00,19.16,30.76,2026-06-01T07:00:00+10:00,19.16,fair,predawn,-6.12,2026-06-01T10:00:00+10:00,33.1
2026-06-01,Jupiter,2026-06-01T17:30:00+10:00,18.67,43.29,2026-06-01T17:30:00+10:00,18.67,fair,evening,-7.89,2026-06-01T15:30:00+10:00,25.49
2026-06-01,Saturn,2026-06-01T07:00:00+10:00,40.78,58.21,2026-06-01T07:00:00+10:00,40.78,good,predawn,-6.12,2026-06-01T08:30:00+10:00,44.47
2026-06-01,Uranus,2026-06-01T07:00:00+10:00,0.79,8.36,2026-06-01T07:00:00+10:00,0.79,poor,predawn,-6.12,2026-06-01T11:30:00+10:00,26.83
2026-06-01,Neptune,2026-06-01T07:00:00+10:00,45.33,66.37,2026-06-01T07:00:00+10:00,45.33,excellent,predawn,-6.12,2026-06-01T08:00:00+10:00,46.82
2026-06-02,Mercury,2026-06-02T17:30:00+10:00,2.88,19.69,2026-06-02T17:30:00+10:00,2.88,poor,evening,-7.95,2026-06-02T13:30:00+10:00,21.64
2026-06-02,Venus,2026-06-02T17:30:00+10:00,12.76,35.2,2026-06-02T17:30:00+10:00,12.76,poor,evening,-7.95,2026-06-02T14:30:00+10:00,22.87
2026-06-02,Mars,2026-06-02T07:00:00+10:00,19.1,30.98,2026-06-02T07:00:00+10:00,19.1,fair,predawn,-6.24,2026-06-02T10:00:00+10:00,32.86
2026-06-02,Jupiter,2026-06-02T17:30:00+10:00,18.39,42.52,2026-06-02T17:30:00+10:00,18.39,fair,evening,-7.95,2026-06-02T15:00:00+10:00,25.5
2026-06-02,Saturn,2026-06-02T07:00:00+10:00,41.06,59.08,2026-06-02T07:00:00+10:00,41.06,good,predawn,-6.24,2026-06-02T08:30:00+10:00,44.4
2026-06-02,Uranus,2026-06-02T07:00:00+10:00,1.37,9.26,2026-06-02T07:00:00+10:00,1.37,poor,predawn,-6.24,2026-06-02T11:30:00+10:00,26.82
2026-06-02,Neptune,2026-06-02T07:00:00+10:00,45.55,67.31,2026-06-02T07:00:00+10:00,45.55,excellent,predawn,-6.24,2026-06-02T08:00:00+10:00,46.77
2026-06-03,Mercury,2026-06-03T17:30:00+10:00,3.37,20.36,2026-06-03T17:30:00+10:00,3.37,poor,evening,-8.01,2026-06-03T13:30:00+10:00,21.65
2026-06-03,Venus,2026-06-03T17:30:00+10:00,13.02,35.42,2026-06-03T17:30:00+10:00,13.02,poor,evening,-8.01,2026-06-03T14:30:00+10:00,22.99
2026-06-03,Mars,2026-06-03T07:00:00+10:00,19.04,31.19,2026-06-03T07:00:00+10:00,19.04,fair,predawn,-6.35,2026-06-03T10:00:00+10:00,32.62
2026-06-03,Jupiter,2026-06-03T17:30:00+10:00,18.1,41.75,2026-06-03T17:30:00+10:00,18.1,fair,evening,-8.01,2026-06-03T15:00:00+10:00,25.57
2026-06-03,Saturn,2026-06-03T07:00:00+10:00,41.32,59.96,2026-06-03T07:00:00+10:00,41.32,good,predawn,-6.35,2026-06-03T08:30:00+10:00,44.32
2026-06-03,Uranus,2026-06-03T07:00:00+10:00,1.95,10.16,2026-06-03T07:00:00+10:00,1.95,poor,predawn,-6.35,2026-06-03T11:30:00+10:00,26.8
2026-06-03,Neptune,2026-06-03T07:00:00+10:00,45.74,68.24,2026-06-03T07:00:00+10:00,45.74,excellent,predawn,-6.35,2026-06-03T07:30:00+10:00,46.74
2026-06-04,Mercury,2026-06-04T17:30:00+10:00,3.85,20.98,2026-06-04T17:30:00+10:00,3.85,poor,evening,-8.06,2026-06-04T13:30:00+10:00,21.69
2026-06-04,Venus,2026-06-04T17:30:00+10:00,13.28,35.64,2026-06-04T17:30:00+10:00,13.28,poor,evening,-8.06,2026-06-04T15:00:00+10:00,23.15
2026-06-04,Mars,2026-06-04T07:00:00+10:00,18.98,31.41,2026-06-04T07:00:00+10:00,18.98,fair,predawn,-6.46,2026-06-04T10:00:00+10:00,32.39
2026-06-04,Jupiter,2026-06-04T17:30:00+10:00,17.8,40.98,2026-06-04T17:30:00+10:00,17.8,fair,evening,-8.06,2026-06-04T15:00:00+10:00,25.63
2026-06-04,Saturn,2026-06-04T07:00:00+10:00,41.58,60.83,2026-06-04T07:00:00+10:00,41.58,good,predawn,-6.46,2026-06-04T08:00:00+10:00,44.33
2026-06-04,Uranus,2026-06-04T07:00:00+10:00,2.53,11.06,2026-06-04T07:00:00+10:00,2.53,poor,predawn,-6.46,2026-06-04T11:30:00+10:00,26.78
2026-06-04,Neptune,2026-06-04T07:00:00+10:00,45.92,69.18,2026-06-04T07:00:00+10:00,45.92,excellent,predawn,-6.46,2026-06-04T07:30:00+10:00,46.79
2026-06-05,Mercury,2026-06-05T17:30:00+10:00,4.32,21.55,2026-06-05T17:30:00+10:00,4.32,poor,evening,-8.11,2026-06-05T13:30:00+10:00,21.75
2026-06-05,Venus,2026-06-05T17:30:00+10:00,13.55,35.86,2026-06-05T17:30:00+10:00,13.55,poor,evening,-8.11,2026-06-05T15:00:00+10:00,23.32
2026-06-05,Mars,2026-06-05T07:00:00+10:00,18.93,31.63,2026-06-05T07:00:00+10:00,18.93,fair,predawn,-6.57,2026-06-05T10:00:00+10:00,32.15
2026-06-05,Jupiter,2026-06-05T17:30:00+10:00,17.51,40.22,2026-06-05T17:30:00+10:00,17.51,fair,evening,-8.11,2026-06-05T15:00:00+10:00,25.68
2026-06-05,Saturn,2026-06-05T07:00:00+10:00,41.82,61.71,2026-06-05T07:00:00+10:00,41.82,good,predawn,-6.57,2026-06-05T08:00:00+10:00,44.34
2026-06-05,Uranus,2026-06-05T07:00:00+10:00,3.1,11.96,2026-06-05T07:00:00+10:00,3.1,poor,predawn,-6.57,2026-06-05T11:30:00+10:00,26.74
2026-06-05,Neptune,2026-06-05T07:00:00+10:00,46.08,70.12,2026-06-05T07:00:00+10:00,46.08,excellent,predawn,-6.57,2026-06-05T07:30:00+10:00,46.82
2026-06-06,Mercury,2026-06-06T17:30:00+10:00,4.78,22.08,2026-06-06T17:30:00+10:00,4.78,poor,evening,-8.15,2026-06-06T14:00:00+10:00,21.88
2026-06-06,Venus,2026-06-06T17:30:00+10:00,13.83,36.07,2026-06-06T17:30:00+10:00,13.83,poor,evening,-8.15,2026-06-06T15:00:00+10:00,23.5
2026-06-06,Mars,2026-06-06T07:00:00+10:00,18.87,31.85,2026-06-06T07:00:00+10:00,18.87,fair,predawn,-6.68,2026-06-06T10:00:00+10:00,31.92
2026-06-06,Jupiter,2026-06-06T17:30:00+10:00,17.2,39.46,2026-06-06T17:30:00+10:00,17.2,fair,evening,-8.15,2026-06-06T15:00:00+10:00,25.72
2026-06-06,Saturn,2026-06-06T07:00:00+10:00,42.06,62.59,2026-06-06T07:00:00+10:00,42.06,good,predawn,-6.68,2026-06-06T08:00:00+10:00,44.34
2026-06-06,Uranus,2026-06-06T07:00:00+10:00,3.67,12.86,2026-06-06T07:00:00+10:00,3.67,poor,predawn,-6.68,2026-06-06T11:30:00+10:00,26.68
2026-06-06,Neptune,2026-06-06T07:00:00+10:00,46.23,71.06,2026-06-06T07:00:00+10:00,46.23,excellent,predawn,-6.68,2026-06-06T07:30:00+10:00,46.83
2026-06-07,Mercury,2026-06-07T17:30:00+10:00,5.23,22.55,2026-06-07T17:30:00+10:00,5.23,poor,evening,-8.19,2026-06-07T14:00:00+10:00,22.05
2026-06-07,Venus,2026-06-07T17:30:00+10:00,14.12,36.29,2026-06-07T17:30:00+10:00,14.12,poor,evening,-8.19,2026-06-07T15:00:00+10:00,23.69
2026-06-07,Mars,2026-06-07T07:00:00+10:00,18.81,32.07,2026-06-07T07:00:00+10:00,18.81,fair,predawn,-6.78,2026-06-07T10:00:00+10:00,31.69
2026-06-07,Jupiter,2026-06-07T17:30:00+10:00,16.89,38.7,2026-06-07T17:30:00+10:00,16.89,fair,evening,-8.19,2026-06-07T15:00:00+10:00,25.76
2026-06-07,Saturn,2026-06-07T07:00:00+10:00,42.28,63.47,2026-06-07T07:00:00+10:00,42.28,good,predawn,-6.78,2026-06-07T08:00:00+10:00,44.33
2026-06-07,Uranus,2026-06-07T07:00:00+10:00,4.23,13.76,2026-06-07T07:00:00+10:00,4.23,poor,predawn,-6.78,2026-06-07T11:00:00+10:00,26.71
2026-06-07,Neptune,2026-06-07T07:00:00+10:00,46.36,72.0,2026-06-07T07:00:00+10:00,46.36,excellent,predawn,-6.78,2026-06-07T07:30:00+10:00,46.83
2026-06-08,Mercury,2026-06-08T17:30:00+10:00,5.66,22.98,2026-06-08T17:30:00+10:00,5.66,poor,evening,-8.22,2026-06-08T14:00:00+10:00,22.24
2026-06-08,Venus,2026-06-08T17:30:00+10:00,14.41,36.51,2026-06-08T17:30:00+10:00,14.41,poor,evening,-8.22,2026-06-08T15:00:00+10:00,23.89
2026-06-08,Mars,2026-06-08T07:00:00+10:00,18.76,32.29,2026-06-08T07:00:00+10:00,18.76,fair,predawn,-6.87,2026-06-08T10:00:00+10:00,31.46
2026-06-08,Jupiter,2026-06-08T17:30:00+10:00,16.58,37.94,2026-06-08T17:30:00+10:00,16.58,fair,evening,-8.22,2026-06-08T15:00:00+10:00,25.78
2026-06-08,Saturn,2026-06-08T07:00:00+10:00,42.48,64.34,2026-06-08T07:00:00+10:00,42.48,good,predawn,-6.87,2026-06-08T08:00:00+10:00,44.3
2026-06-08,Uranus,2026-06-08T07:00:00+10:00,4.79,14.66,2026-06-08T07:00:00+10:00,4.79,poor,predawn,-6.87,2026-06-08T11:00:00+10:00,26.72
2026-06-08,Neptune,2026-06-08T07:00:00+10:00,46.47,72.94,2026-06-08T07:00:00+10:00,46.47,excellent,predawn,-6.87,2026-06-08T07:30:00+10:00,46.8
2026-06-09,Mercury,2026-06-09T17:30:00+10:00,6.08,23.35,2026-06-09T17:30:00+10:00,6.08,poor,evening,-8.25,2026-06-09T14:00:00+10:00,22.44
2026-06-09,Venus,2026-06-09T17:30:00+10:00,14.71,36.72,2026-06-09T17:30:00+10:00,14.71,poor,evening,-8.25,2026-06-09T15:00:00+10:00,24.11
2026-06-09,Mars,2026-06-09T07:00:00+10:00,18.71,32.51,2026-06-09T07:00:00+10:00,18.71,fair,predawn,-6.97,2026-06-09T10:00:00+10:00,31.24
2026-06-09,Jupiter,2026-06-09T17:30:00+10:00,16.26,37.18,2026-06-09T17:30:00+10:00,16.26,fair,evening,-8.25,2026-06-09T15:00:00+10:00,25.8
2026-06-09,Saturn,2026-06-09T07:00:00+10:00,42.68,65.23,2026-06-09T07:00:00+10:00,42.68,good,predawn,-6.97,2026-06-09T08:00:00+10:00,44.25
2026-06-09,Uranus,2026-06-09T07:00:00+10:00,5.34,15.56,2026-06-09T07:00:00+10:00,5.34,poor,predawn,-6.97,2026-06-09T11:00:00+10:00,26.73
2026-06-09,Neptune,2026-06-09T07:00:00+10:00,46.57,73.88,2026-06-09T07:00:00+10:00,46.57,excellent,predawn,-6.97,2026-06-09T07:30:00+10:00,46.77
2026-06-10,Mercury,2026-06-10T17:30:00+10:00,6.48,23.68,2026-06-10T17:30:00+10:00,6.48,poor,evening,-8.27,2026-06-10T14:00:00+10:00,22.66
2026-06-10,Venus,2026-06-10T17:30:00+10:00,15.01,36.93,2026-06-10T17:30:00+10:00,15.01,fair,evening,-8.27,2026-06-10T15:00:00+10:00,24.33
2026-06-10,Mars,2026-06-10T07:00:00+10:00,18.65,32.74,2026-06-10T07:00:00+10:00,18.65,fair,predawn,-7.06,2026-06-10T10:00:00+10:00,31.01
2026-06-10,Jupiter,2026-06-10T17:30:00+10:00,15.94,36.42,2026-06-10T17:30:00+10:00,15.94,fair,evening,-8.27,2026-06-10T15:00:00+10:00,25.82
2026-06-10,Saturn,2026-06-10T07:00:00+10:00,42.86,66.11,2026-06-10T07:00:00+10:00,42.86,good,predawn,-7.06,2026-06-10T08:00:00+10:00,44.2
2026-06-10,Uranus,2026-06-10T07:00:00+10:00,5.89,16.46,2026-06-10T07:00:00+10:00,5.89,poor,predawn,-7.06,2026-06-10T11:00:00+10:00,26.73
2026-06-10,Neptune,2026-06-10T07:00:00+10:00,46.65,74.83,2026-06-10T07:00:00+10:00,46.65,excellent,predawn,-7.06,2026-06-10T07:30:00+10:00,46.71
2026-06-11,Mercury,2026-06-11T17:30:00+10:00,6.86,23.95,2026-06-11T17:30:00+10:00,6.86,poor,evening,-8.28,2026-06-11T14:00:00+10:00,22.9
2026-06-11,Venus,2026-06-11T17:30:00+10:00,15.32,37.15,2026-06-11T17:30:00+10:00,15.32,fair,evening,-8.28,2026-06-11T15:00:00+10:00,24.55
2026-06-11,Mars,2026-06-11T07:00:00+10:00,18.6,32.96,2026-06-11T07:00:00+10:00,18.6,fair,predawn,-7.14,2026-06-11T10:00:00+10:00,30.79
2026-06-11,Jupiter,2026-06-11T17:30:00+10:00,15.61,35.66,2026-06-11T17:30:00+10:00,15.61,fair,evening,-8.28,2026-06-11T15:00:00+10:00,25.82
2026-06-11,Saturn,2026-06-11T07:00:00+10:00,43.03,66.99,2026-06-11T07:00:00+10:00,43.03,good,predawn,-7.14,2026-06-11T08:00:00+10:00,44.12
2026-06-11,Uranus,2026-06-11T07:00:00+10:00,6.44,17.36,2026-06-11T07:00:00+10:00,6.44,poor,predawn,-7.14,2026-06-11T11:00:00+10:00,26.71
2026-06-11,Neptune,2026-06-11T07:00:00+10:00,46.71,75.77,2026-06-11T07:00:00+10:00,46.71,excellent,predawn,-7.14,2026-06-11T07:00:00+10:00,46.71
2026-06-12,Mercury,2026-06-12T17:30:00+10:00,7.22,24.17,2026-06-12T17:30:00+10:00,7.22,poor,evening,-8.29,2026-06-12T14:00:00+10:00,23.15
2026-06-12,Venus,2026-06-12T17:30:00+10:00,15.64,37.36,2026-06-12T17:30:00+10:00,15.64,fair,evening,-8.29,2026-06-12T15:00:00+10:00,24.79
2026-06-12,Mars,2026-06-12T07:00:00+10:00,18.55,33.19,2026-06-12T07:00:00+10:00,18.55,fair,predawn,-7.22,2026-06-12T10:00:00+10:00,30.57
2026-06-12,Jupiter,2026-06-12T17:30:00+10:00,15.28,34.9,2026-06-12T17:30:00+10:00,15.28,fair,evening,-8.29,2026-06-12T14:30:00+10:00,25.86
2026-06-12,Saturn,2026-06-12T07:00:00+10:00,43.18,67.87,2026-06-12T07:00:00+10:00,43.18,good,predawn,-7.22,2026-06-12T07:30:00+10:00,44.11
2026-06-12,Uranus,2026-06-12T07:00:00+10:00,6.98,18.26,2026-06-12T07:00:00+10:00,6.98,poor,predawn,-7.22,2026-06-12T11:00:00+10:00,26.69
2026-06-12,Neptune,2026-06-12T07:00:00+10:00,46.76,76.71,2026-06-12T07:00:00+10:00,46.76,excellent,predawn,-7.22,2026-06-12T07:00:00+10:00,46.76
2026-06-13,Mercury,2026-06-13T17:30:00+10:00,7.56,24.34,2026-06-13T17:30:00+10:00,7.56,poor,evening,-8.3,2026-06-13T14:00:00+10:00,23.42
2026-06-13,Venus,2026-06-13T17:30:00+10:00,15.96,37.57,2026-06-13T17:30:00+10:00,15.96,fair,evening,-8.3,2026-06-13T15:00:00+10:00,25.04
2026-06-13,Mars,2026-06-13T07:00:00+10:00,18.5,33.41,2026-06-13T07:00:00+10:00,18.5,fair,predawn,-7.3,2026-06-13T10:00:00+10:00,30.35
2026-06-13,Jupiter,2026-06-13T17:30:00+10:00,14.95,34.15,2026-06-13T17:30:00+10:00,14.95,poor,evening,-8.3,2026-06-13T14:30:00+10:00,25.93
2026-06-13,Saturn,2026-06-13T07:00:00+10:00,43.33,68.76,2026-06-13T07:00:00+10:00,43.33,good,predawn,-7.3,2026-06-13T07:30:00+10:00,44.13
2026-06-13,Uranus,2026-06-13T07:00:00+10:00,7.52,19.16,2026-06-13T07:00:00+10:00,7.52,poor,predawn,-7.3,2026-06-13T11:00:00+10:00,26.65
2026-06-13,Neptune,2026-06-13T07:00:00+10:00,46.78,77.65,2026-06-13T07:00:00+10:00,46.78,excellent,predawn,-7.3,2026-06-13T07:00:00+10:00,46.78
2026-06-14,Mercury,2026-06-14T17:30:00+10:00,7.87,24.45,2026-06-14T17:30:00+10:00,7.87,poor,evening,-8.3,2026-06-14T14:00:00+10:00,23.7
2026-06-14,Venus,2026-06-14T17:30:00+10:00,16.29,37.77,2026-06-14T17:30:00+10:00,16.29,fair,evening,-8.3,2026-06-14T15:00:00+10:00,25.3
2026-06-14,Mars,2026-06-14T07:00:00+10:00,18.45,33.64,2026-06-14T07:00:00+10:00,18.45,fair,predawn,-7.37,2026-06-14T10:00:00+10:00,30.13
2026-06-14,Jupiter,2026-06-14T17:30:00+10:00,14.61,33.4,2026-06-14T17:30:00+10:00,14.61,poor,evening,-8.3,2026-06-14T14:30:00+10:00,25.99
2026-06-14,Saturn,2026-06-14T07:00:00+10:00,43.45,69.65,2026-06-14T07:00:00+10:00,43.45,good,predawn,-7.37,2026-06-14T07:30:00+10:00,44.14
2026-06-14,Uranus,2026-06-14T07:00:00+10:00,8.05,20.06,2026-06-14T07:00:00+10:00,8.05,poor,predawn,-7.37,2026-06-14T11:00:00+10:00,26.6
2026-06-14,Neptune,2026-06-14T07:00:00+10:00,46.79,78.59,2026-06-14T07:00:00+10:00,46.79,excellent,predawn,-7.37,2026-06-14T07:00:00+10:00,46.79
2026-06-15,Mercury,2026-06-15T17:30:00+10:00,8.16,24.51,2026-06-15T17:30:00+10:00,8.16,poor,evening,-8.29,2026-06-15T14:00:00+10:00,23.99
2026-06-15,Venus,2026-06-15T17:30:00+10:00,16.62,37.98,2026-06-15T17:30:00+10:00,16.62,fair,evening,-8.29,2026-06-15T15:00:00+10:00,25.56
2026-06-15,Mars,2026-06-15T07:00:00+10:00,18.4,33.86,2026-06-15T07:00:00+10:00,18.4,fair,predawn,-7.44,2026-06-15T10:00:00+10:00,29.92
2026-06-15,Jupiter,2026-06-15T17:30:00+10:00,14.26,32.64,2026-06-15T17:30:00+10:00,14.26,poor,evening,-8.29,2026-06-15T14:30:00+10:00,26.04
2026-06-15,Saturn,2026-06-15T07:00:00+10:00,43.57,70.53,2026-06-15T07:00:00+10:00,43.57,good,predawn,-7.44,2026-06-15T07:30:00+10:00,44.13
2026-06-15,Uranus,2026-06-15T07:00:00+10:00,8.57,20.96,2026-06-15T07:00:00+10:00,8.57,poor,predawn,-7.44,2026-06-15T10:30:00+10:00,26.61
2026-06-15,Neptune,2026-06-15T07:00:00+10:00,46.79,79.54,2026-06-15T07:00:00+10:00,46.79,excellent,predawn,-7.44,2026-06-15T07:00:00+10:00,46.79
2026-06-16,Mercury,2026-06-16T17:30:00+10:00,8.41,24.51,2026-06-16T17:30:00+10:00,8.41,poor,evening,-8.28,2026-06-16T14:00:00+10:00,24.29
2026-06-16,Venus,2026-06-16T17:30:00+10:00,16.96,38.19,2026-06-16T17:30:00+10:00,16.96,fair,evening,-8.28,2026-06-16T15:00:00+10:00,25.83
2026-06-16,Mars,2026-06-16T07:00:00+10:00,18.35,34.09,2026-06-16T07:00:00+10:00,18.35,fair,predawn,-7.51,2026-06-16T10:00:00+10:00,29.7
2026-06-16,Jupiter,2026-06-16T17:30:00+10:00,13.91,31.89,2026-06-16T17:30:00+10:00,13.91,poor,evening,-8.28,2026-06-16T14:30:00+10:00,26.09
2026-06-16,Saturn,2026-06-16T07:00:00+10:00,43.67,71.42,2026-06-16T07:00:00+10:00,43.67,good,predawn,-7.51,2026-06-16T07:30:00+10:00,44.11
2026-06-16,Uranus,2026-06-16T07:00:00+10:00,9.09,21.86,2026-06-16T07:00:00+10:00,9.09,poor,predawn,-7.51,2026-06-16T10:30:00+10:00,26.63
2026-06-16,Neptune,2026-06-16T07:00:00+10:00,46.76,80.48,2026-06-16T07:00:00+10:00,46.76,excellent,predawn,-7.51,2026-06-16T07:00:00+10:00,46.76
2026-06-17,Mercury,2026-06-17T17:30:00+10:00,8.64,24.45,2026-06-17T17:30:00+10:00,8.64,poor,evening,-8.27,2026-06-17T14:00:00+10:00,24.6
2026-06-17,Venus,2026-06-17T17:30:00+10:00,17.31,38.39,2026-06-17T17:30:00+10:00,17.31,fair,evening,-8.27,2026-06-17T15:00:00+10:00,26.12
2026-06-17,Mars,2026-06-17T07:00:00+10:00,18.3,34.32,2026-06-17T07:00:00+10:00,18.3,fair,predawn,-7.57,2026-06-17T10:00:00+10:00,29.49
2026-06-17,Jupiter,2026-06-17T17:30:00+10:00,13.56,31.14,2026-06-17T17:30:00+10:00,13.56,poor,evening,-8.27,2026-06-17T14:30:00+10:00,26.12
2026-06-17,Saturn,2026-06-17T07:00:00+10:00,43.76,72.31,2026-06-17T07:00:00+10:00,43.76,good,predawn,-7.57,2026-06-17T07:30:00+10:00,44.07
2026-06-17,Uranus,2026-06-17T07:00:00+10:00,9.61,22.76,2026-06-17T07:00:00+10:00,9.61,poor,predawn,-7.57,2026-06-17T10:30:00+10:00,26.64
2026-06-17,Neptune,2026-06-17T07:00:00+10:00,46.72,81.43,2026-06-17T07:00:00+10:00,46.72,excellent,predawn,-7.57,2026-06-17T07:00:00+10:00,46.72
2026-06-18,Mercury,2026-06-18T17:30:00+10:00,8.83,24.34,2026-06-18T17:30:00+10:00,8.83,poor,evening,-8.25,2026-06-18T14:00:00+10:00,24.91
2026-06-18,Venus,2026-06-18T17:30:00+10:00,17.66,38.59,2026-06-18T17:30:00+10:00,17.66,fair,evening,-8.25,2026-06-18T15:00:00+10:00,26.41
2026-06-18,Mars,2026-06-18T07:00:00+10:00,18.26,34.55,2026-06-18T07:00:00+10:00,18.26,fair,predawn,-7.62,2026-06-18T10:00:00+10:00,29.28
2026-06-18,Jupiter,2026-06-18T17:30:00+10:00,13.2,30.39,2026-06-18T17:30:00+10:00,13.2,poor,evening,-8.25,2026-06-18T14:30:00+10:00,26.15
2026-06-18,Saturn,2026-06-18T07:00:00+10:00,43.83,73.2,2026-06-18T07:00:00+10:00,43.83,good,predawn,-7.62,2026-06-18T07:30:00+10:00,44.02
2026-06-18,Uranus,2026-06-18T07:00:00+10:00,10.12,23.66,2026-06-18T07:00:00+10:00,10.12,poor,predawn,-7.62,2026-06-18T10:30:00+10:00,26.64
2026-06-18,Neptune,2026-06-18T07:00:00+10:00,46.66,82.37,2026-06-18T07:00:00+10:00,46.66,excellent,predawn,-7.62,2026-06-18T07:00:00+10:00,46.66
2026-06-19,Mercury,2026-06-19T17:30:00+10:00,8.99,24.16,2026-06-19T17:30:00+10:00,8.99,poor,evening,-8.22,2026-06-19T14:00:00+10:00,25.23
2026-06-19,Venus,2026-06-19T17:30:00+10:00,18.02,38.79,2026-06-19T17:30:00+10:00,18.02,fair,evening,-8.22,2026-06-19T15:00:00+10:00,26.7
2026-06-19,Mars,2026-06-19T07:00:00+10:00,18.21,34.78,2026-06-19T07:00:00+10:00,18.21,fair,predawn,-7.67,2026-06-19T10:00:00+10:00,29.08
2026-06-19,Jupiter,2026-06-19T17:30:00+10:00,12.84,29.64,2026-06-19T17:30:00+10:00,12.84,poor,evening,-8.22,2026-06-19T14:30:00+10:00,26.18
2026-06-19,Saturn,2026-06-19T07:00:00+10:00,43.89,74.1,2026-06-19T07:00:00+10:00,43.89,good,predawn,-7.67,2026-06-19T07:30:00+10:00,43.96
2026-06-19,Uranus,2026-06-19T07:00:00+10:00,10.63,24.57,2026-06-19T07:00:00+10:00,10.63,poor,predawn,-7.67,2026-06-19T10:30:00+10:00,26.63
2026-06-19,Neptune,2026-06-19T06:30:00+10:00,46.69,83.29,2026-06-19T06:30:00+10:00,46.69,excellent,predawn,-12.76,2026-06-19T06:30:00+10:00,46.69
2026-06-20,Mercury,2026-06-20T17:30:00+10:00,9.1,23.92,2026-06-20T17:30:00+10:00,9.1,poor,evening,-8.19,2026-06-20T14:00:00+10:00,25.56
2026-06-20,Venus,2026-06-20T17:30:00+10:00,18.38,38.99,2026-06-20T17:30:00+10:00,18.38,fair,evening,-8.19,2026-06-20T15:00:00+10:00,27.01
2026-06-20,Mars,2026-06-20T07:00:00+10:00,18.17,35.01,2026-06-20T07:00:00+10:00,18.17,fair,predawn,-7.72,2026-06-20T09:30:00+10:00,28.88
2026-06-20,Jupiter,2026-06-20T17:30:00+10:00,12.48,28.9,2026-06-20T17:30:00+10:00,12.48,poor,evening,-8.19,2026-06-20T14:30:00+10:00,26.19
2026-06-20,Saturn,2026-06-20T07:00:00+10:00,43.93,74.99,2026-06-20T07:00:00+10:00,43.93,good,predawn,-7.72,2026-06-20T07:00:00+10:00,43.93
2026-06-20,Uranus,2026-06-20T07:00:00+10:00,11.13,25.47,2026-06-20T07:00:00+10:00,11.13,poor,predawn,-7.72,2026-06-20T10:30:00+10:00,26.6
2026-06-20,Neptune,2026-06-20T06:30:00+10:00,46.74,84.24,2026-06-20T06:30:00+10:00,46.74,excellent,predawn,-12.8,2026-06-20T06:30:00+10:00,46.74
2026-06-21,Mercury,2026-06-21T17:30:00+10:00,9.18,23.62,2026-06-21T17:30:00+10:00,9.18,poor,evening,-8.16,2026-06-21T14:00:00+10:00,25.88
2026-06-21,Venus,2026-06-21T17:30:00+10:00,18.74,39.19,2026-06-21T17:30:00+10:00,18.74,fair,evening,-8.16,2026-06-21T15:00:00+10:00,27.32
2026-06-21,Mars,2026-06-21T07:00:00+10:00,18.13,35.24,2026-06-21T07:00:00+10:00,18.13,fair,predawn,-7.76,2026-06-21T09:30:00+10:00,28.71
2026-06-21,Jupiter,2026-06-21T17:30:00+10:00,12.11,28.15,2026-06-21T17:30:00+10:00,12.11,poor,evening,-8.16,2026-06-21T14:30:00+10:00,26.2
2026-06-21,Saturn,2026-06-21T07:00:00+10:00,43.96,75.88,2026-06-21T07:00:00+10:00,43.96,good,predawn,-7.76,2026-06-21T07:00:00+10:00,43.96
2026-06-21,Uranus,2026-06-21T07:00:00+10:00,11.62,26.37,2026-06-21T07:00:00+10:00,11.62,poor,predawn,-7.76,2026-06-21T10:30:00+10:00,26.57
2026-06-21,Neptune,2026-06-21T06:30:00+10:00,46.76,85.18,2026-06-21T06:30:00+10:00,46.76,excellent,predawn,-12.84,2026-06-21T06:30:00+10:00,46.76
2026-06-22,Mercury,2026-06-22T17:30:00+10:00,9.21,23.26,2026-06-22T17:30:00+10:00,9.21,poor,evening,-8.12,2026-06-22T14:00:00+10:00,26.19
2026-06-22,Venus,2026-06-22T17:30:00+10:00,19.11,39.39,2026-06-22T17:30:00+10:00,19.11,fair,evening,-8.12,2026-06-22T15:00:00+10:00,27.64
2026-06-22,Mars,2026-06-22T07:00:00+10:00,18.09,35.48,2026-06-22T07:00:00+10:00,18.09,fair,predawn,-7.8,2026-06-22T09:30:00+10:00,28.53
2026-06-22,Jupiter,2026-06-22T17:30:00+10:00,11.74,27.4,2026-06-22T17:30:00+10:00,11.74,poor,evening,-8.12,2026-06-22T14:00:00+10:00,26.26
2026-06-22,Saturn,2026-06-22T07:00:00+10:00,43.97,76.78,2026-06-22T07:00:00+10:00,43.97,good,predawn,-7.8,2026-06-22T07:00:00+10:00,43.97
2026-06-22,Uranus,2026-06-22T07:00:00+10:00,12.11,27.27,2026-06-22T07:00:00+10:00,12.11,poor,predawn,-7.8,2026-06-22T10:30:00+10:00,26.52
2026-06-22,Neptune,2026-06-22T06:30:00+10:00,46.77,86.13,2026-06-22T06:30:00+10:00,46.77,excellent,predawn,-12.88,2026-06-22T06:30:00+10:00,46.77
2026-06-23,Mercury,2026-06-23T17:30:00+10:00,9.19,22.82,2026-06-23T17:30:00+10:00,9.19,poor,evening,-8.08,2026-06-23T14:00:00+10:00,26.51
2026-06-23,Venus,2026-06-23T17:30:00+10:00,19.48,39.58,2026-06-23T17:30:00+10:00,19.48,fair,evening,-8.08,2026-06-23T15:00:00+10:00,27.97
2026-06-23,Mars,2026-06-23T07:00:00+10:00,18.05,35.71,2026-06-23T07:00:00+10:00,18.05,fair,predawn,-7.83,2026-06-23T09:30:00+10:00,28.36
2026-06-23,Jupiter,2026-06-23T17:30:00+10:00,11.36,26.66,2026-06-23T17:30:00+10:00,11.36,poor,evening,-8.08,2026-06-23T14:00:00+10:00,26.33
2026-06-23,Saturn,2026-06-23T07:00:00+10:00,43.97,77.68,2026-06-23T07:00:00+10:00,43.97,good,predawn,-7.83,2026-06-23T07:00:00+10:00,43.97
2026-06-23,Uranus,2026-06-23T07:00:00+10:00,12.59,28.17,2026-06-23T07:00:00+10:00,12.59,poor,predawn,-7.83,2026-06-23T10:00:00+10:00,26.52
2026-06-23,Neptune,2026-06-23T06:30:00+10:00,46.76,87.08,2026-06-23T06:30:00+10:00,46.76,excellent,predawn,-12.92,2026-06-23T06:30:00+10:00,46.76
2026-06-24,Mercury,2026-06-24T17:30:00+10:00,9.12,22.32,2026-06-24T17:30:00+10:00,9.12,poor,evening,-8.03,2026-06-24T14:00:00+10:00,26.81
2026-06-24,Venus,2026-06-24T17:30:00+10:00,19.86,39.78,2026-06-24T17:30:00+10:00,19.86,fair,evening,-8.03,2026-06-24T15:00:00+10:00,28.31
2026-06-24,Mars,2026-06-24T07:00:00+10:00,18.01,35.95,2026-06-24T07:00:00+10:00,18.01,fair,predawn,-7.85,2026-06-24T09:30:00+10:00,28.19
2026-06-24,Jupiter,2026-06-24T17:30:00+10:00,10.98,25.91,2026-06-24T17:30:00+10:00,10.98,poor,evening,-8.03,2026-06-24T14:00:00+10:00,26.39
2026-06-24,Saturn,2026-06-24T07:00:00+10:00,43.96,78.58,2026-06-24T07:00:00+10:00,43.96,good,predawn,-7.85,2026-06-24T07:00:00+10:00,43.96
2026-06-24,Uranus,2026-06-24T07:00:00+10:00,13.07,29.07,2026-06-24T07:00:00+10:00,13.07,poor,predawn,-7.85,2026-06-24T10:00:00+10:00,26.55
2026-06-24,Neptune,2026-06-24T06:30:00+10:00,46.73,88.02,2026-06-24T06:30:00+10:00,46.73,excellent,predawn,-12.94,2026-06-24T06:30:00+10:00,46.73
2026-06-25,Mercury,2026-06-25T17:30:00+10:00,9.0,21.75,2026-06-25T17:30:00+10:00,9.0,poor,evening,-7.98,2026-06-25T14:00:00+10:00,27.1
2026-06-25,Venus,2026-06-25T17:30:00+10:00,20.24,39.97,2026-06-25T17:30:00+10:00,20.24,fair,evening,-7.98,2026-06-25T15:00:00+10:00,28.65
2026-06-25,Mars,2026-06-25T07:00:00+10:00,17.98,36.18,2026-06-25T07:00:00+10:00,17.98,fair,predawn,-7.87,2026-06-25T09:30:00+10:00,28.02
2026-06-25,Jupiter,2026-06-25T17:30:00+10:00,10.6,25.17,2026-06-25T17:30:00+10:00,10.6,poor,evening,-7.98,2026-06-25T14:00:00+10:00,26.45
2026-06-25,Saturn,2026-06-25T07:00:00+10:00,43.93,79.48,2026-06-25T07:00:00+10:00,43.93,good,predawn,-7.87,2026-06-25T07:00:00+10:00,43.93
2026-06-25,Uranus,2026-06-25T07:00:00+10:00,13.54,29.97,2026-06-25T07:00:00+10:00,13.54,poor,predawn,-7.87,2026-06-25T10:00:00+10:00,26.56
2026-06-25,Neptune,2026-06-25T06:30:00+10:00,46.68,88.97,2026-06-25T06:30:00+10:00,46.68,excellent,predawn,-12.97,2026-06-25T06:30:00+10:00,46.68
2026-06-26,Mercury,2026-06-26T17:30:00+10:00,8.82,21.11,2026-06-26T17:30:00+10:00,8.82,poor,evening,-7.92,2026-06-26T14:00:00+10:00,27.37
2026-06-26,Venus,2026-06-26T17:30:00+10:00,20.63,40.16,2026-06-26T17:30:00+10:00,20.63,fair,evening,-7.92,2026-06-26T15:00:00+10:00,29.0
2026-06-26,Mars,2026-06-26T07:00:00+10:00,17.94,36.42,2026-06-26T07:00:00+10:00,17.94,fair,predawn,-7.89,2026-06-26T09:30:00+10:00,27.86
2026-06-26,Jupiter,2026-06-26T17:30:00+10:00,10.21,24.43,2026-06-26T17:30:00+10:00,10.21,poor,evening,-7.92,2026-06-26T14:00:00+10:00,26.49
2026-06-26,Saturn,2026-06-26T07:00:00+10:00,43.88,80.38,2026-06-26T07:00:00+10:00,43.88,good,predawn,-7.89,2026-06-26T07:00:00+10:00,43.88
2026-06-26,Uranus,2026-06-26T07:00:00+10:00,14.01,30.87,2026-06-26T07:00:00+10:00,14.01,poor,predawn,-7.89,2026-06-26T10:00:00+10:00,26.56
2026-06-26,Neptune,2026-06-26T06:00:00+10:00,46.64,89.89,2026-06-26T06:00:00+10:00,46.64,excellent,predawn,-18.23,2026-06-26T06:00:00+10:00,46.64
2026-06-27,Mercury,2026-06-27T17:30:00+10:00,8.59,20.4,2026-06-27T17:30:00+10:00,8.59,poor,evening,-7.86,2026-06-27T13:30:00+10:00,27.7
2026-06-27,Venus,2026-06-27T17:30:00+10:00,21.01,40.35,2026-06-27T17:30:00+10:00,21.01,fair,evening,-7.86,2026-06-27T15:00:00+10:00,29.36
2026-06-27,Mars,2026-06-27T07:00:00+10:00,17.91,36.66,2026-06-27T07:00:00+10:00,17.91,fair,predawn,-7.9,2026-06-27T09:30:00+10:00,27.7
2026-06-27,Jupiter,2026-06-27T17:30:00+10:00,9.82,23.69,2026-06-27T17:30:00+10:00,9.82,poor,evening,-7.86,2026-06-27T14:00:00+10:00,26.53
2026-06-27,Saturn,2026-06-27T07:00:00+10:00,43.82,81.28,2026-06-27T07:00:00+10:00,43.82,good,predawn,-7.9,2026-06-27T07:00:00+10:00,43.82
2026-06-27,Uranus,2026-06-27T07:00:00+10:00,14.47,31.77,2026-06-27T07:00:00+10:00,14.47,poor,predawn,-7.9,2026-06-27T10:00:00+10:00,26.55
2026-06-27,Neptune,2026-06-27T06:00:00+10:00,46.69,90.84,2026-06-27T06:00:00+10:00,46.69,excellent,predawn,-18.25,2026-06-27T06:00:00+10:00,46.69
2026-06-28,Mercury,2026-06-28T17:30:00+10:00,8.29,19.62,2026-06-28T17:30:00+10:00,8.29,poor,evening,-7.8,2026-06-28T13:30:00+10:00,28.02
2026-06-28,Venus,2026-06-28T17:30:00+10:00,21.41,40.53,2026-06-28T17:30:00+10:00,21.41,fair,evening,-7.8,2026-06-28T15:00:00+10:00,29.72
2026-06-28,Mars,2026-06-28T07:00:00+10:00,17.88,36.89,2026-06-28T07:00:00+10:00,17.88,fair,predawn,-7.91,2026-06-28T09:30:00+10:00,27.53
2026-06-28,Jupiter,2026-06-28T17:30:00+10:00,9.43,22.95,2026-06-28T17:30:00+10:00,9.43,poor,evening,-7.8,2026-06-28T14:00:00+10:00,26.57
2026-06-28,Saturn,2026-06-28T06:30:00+10:00,43.79,82.17,2026-06-28T06:30:00+10:00,43.79,good,predawn,-13.01,2026-06-28T06:30:00+10:00,43.79
2026-06-28,Uranus,2026-06-28T07:00:00+10:00,14.92,32.68,2026-06-28T07:00:00+10:00,14.92,poor,predawn,-7.91,2026-06-28T10:00:00+10:00,26.53
2026-06-28,Neptune,2026-06-28T06:00:00+10:00,46.73,91.79,2026-06-28T06:00:00+10:00,46.73,excellent,predawn,-18.26,2026-06-28T06:00:00+10:00,46.73
2026-06-29,Mercury,2026-06-29T17:30:00+10:00,7.92,18.77,2026-06-29T17:30:00+10:00,7.92,poor,evening,-7.73,2026-06-29T13:30:00+10:00,28.31
2026-06-29,Venus,2026-06-29T17:30:00+10:00,21.8,40.72,2026-06-29T17:30:00+10:00,21.8,fair,evening,-7.73,2026-06-29T15:00:00+10:00,30.1
2026-06-29,Mars,2026-06-29T07:00:00+10:00,17.85,37.13,2026-06-29T07:00:00+10:00,17.85,fair,predawn,-7.91,2026-06-29T09:30:00+10:00,27.38
2026-06-29,Jupiter,2026-06-29T17:30:00+10:00,9.03,22.21,2026-06-29T17:30:00+10:00,9.03,poor,evening,-7.73,2026-06-29T14:00:00+10:00,26.59
2026-06-29,Saturn,2026-06-29T06:30:00+10:00,43.83,83.07,2026-06-29T06:30:00+10:00,43.83,good,predawn,-13.01,2026-06-29T06:30:00+10:00,43.83
2026-06-29,Uranus,2026-06-29T07:00:00+10:00,15.36,33.58,2026-06-29T07:00:00+10:00,15.36,fair,predawn,-7.91,2026-06-29T10:00:00+10:00,26.49
2026-06-29,Neptune,2026-06-29T06:00:00+10:00,46.75,92.74,2026-06-29T06:00:00+10:00,46.75,excellent,predawn,-18.26,2026-06-29T06:00:00+10:00,46.75
2026-06-30,Mercury,2026-06-30T17:30:00+10:00,7.49,17.84,2026-06-30T17:30:00+10:00,7.49,poor,evening,-7.65,2026-06-30T13:30:00+10:00,28.58
2026-06-30,Venus,2026-06-30T17:30:00+10:00,22.2,40.9,2026-06-30T17:30:00+10:00,22.2,fair,evening,-7.65,2026-06-30T15:00:00+10:00,30.47
2026-06-30,Mars,2026-06-30T07:00:00+10:00,17.82,37.37,2026-06-30T07:00:00+10:00,17.82,fair,predawn,-7.91,2026-06-30T09:30:00+10:00,27.22
2026-06-30,Jupiter,2026-06-30T17:30:00+10:00,8.63,21.47,2026-06-30T17:30:00+10:00,8.63,poor,evening,-7.65,2026-06-30T14:00:00+10:00,26.61
2026-06-30,Saturn,2026-06-30T06:30:00+10:00,43.85,83.98,2026-06-30T06:30:00+10:00,43.85,good,predawn,-13.01,2026-06-30T06:30:00+10:00,43.85
2026-06-30,Uranus,2026-06-30T07:00:00+10:00,15.8,34.48,2026-06-30T07:00:00+10:00,15.8,fair,predawn,-7.91,2026-06-30T10:00:00+10:00,26.44
2026-06-30,Neptune,2026-06-30T06:00:00+10:00,46.75,93.69,2026-06-30T06:00:00+10:00,46.75,excellent,predawn,-18.26,2026-06-30T06:00:00+10:00,46.75
2026-07-01,Mercury,2026-07-01T17:30:00+10:00,6.99,16.85,2026-07-01T17:30:00+10:00,6.99,poor,evening,-7.58,2026-07-01T13:30:00+10:00,28.82
2026-07-01,Venus,2026-07-01T17:30:00+10:00,22.6,41.08,2026-07-01T17:30:00+10:00,22.6,fair,evening,-7.58,2026-07-01T15:00:00+10:00,30.86
2026-07-01,Mars,2026-07-01T07:00:00+10:00,17.79,37.62,2026-07-01T07:00:00+10:00,17.79,fair,predawn,-7.9,2026-07-01T09:30:00+10:00,27.07
2026-07-01,Jupiter,2026-07-01T17:30:00+10:00,8.23,20.73,2026-07-01T17:30:00+10:00,8.23,poor,evening,-7.58,2026-07-01T14:00:00+10:00,26.62
2026-07-01,Saturn,2026-07-01T06:30:00+10:00,43.85,84.89,2026-07-01T06:30:00+10:00,43.85,good,predawn,-13.0,2026-07-01T06:30:00+10:00,43.85
2026-07-01,Uranus,2026-07-01T07:00:00+10:00,16.23,35.38,2026-07-01T07:00:00+10:00,16.23,fair,predawn,-7.9,2026-07-01T09:30:00+10:00,26.44
2026-07-01,Neptune,2026-07-01T06:00:00+10:00,46.74,94.64,2026-07-01T06:00:00+10:00,46.74,excellent,predawn,-18.26,2026-07-01T06:00:00+10:00,46.74
2026-07-02,Mercury,2026-07-02T17:30:00+10:00,6.42,15.8,2026-07-02T17:30:00+10:00,6.42,poor,evening,-7.5,2026-07-02T13:30:00+10:00,29.03
2026-07-02,Venus,2026-07-02T17:30:00+10:00,23.0,41.26,2026-07-02T17:30:00+10:00,23.0,fair,evening,-7.5,2026-07-02T15:00:00+10:00,31.25
2026-07-02,Mars,2026-07-02T07:00:00+10:00,17.77,37.86,2026-07-02T07:00:00+10:00,17.77,fair,predawn,-7.88,2026-07-02T09:30:00+10:00,26.92
2026-07-02,Jupiter,2026-07-02T17:30:00+10:00,7.82,19.99,2026-07-02T17:30:00+10:00,7.82,poor,evening,-7.5,2026-07-02T13:30:00+10:00,26.69
2026-07-02,Saturn,2026-07-02T06:30:00+10:00,43.84,85.8,2026-07-02T06:30:00+10:00,43.84,good,predawn,-12.99,2026-07-02T06:30:00+10:00,43.84
2026-07-02,Uranus,2026-07-02T07:00:00+10:00,16.66,36.29,2026-07-02T07:00:00+10:00,16.66,fair,predawn,-7.88,2026-07-02T09:30:00+10:00,26.47
2026-07-02,Neptune,2026-07-02T06:00:00+10:00,46.7,95.59,2026-07-02T06:00:00+10:00,46.7,excellent,predawn,-18.25,2026-07-02T06:00:00+10:00,46.7
2026-07-03,Mercury,2026-07-03T17:30:00+10:00,5.78,14.69,2026-07-03T17:30:00+10:00,5.78,poor,evening,-7.41,2026-07-03T13:30:00+10:00,29.19
2026-07-03,Venus,2026-07-03T17:30:00+10:00,23.41,41.43,2026-07-03T17:30:00+10:00,23.41,fair,evening,-7.41,2026-07-03T15:00:00+10:00,31.64
2026-07-03,Mars,2026-07-03T07:00:00+10:00,17.75,38.1,2026-07-03T07:00:00+10:00,17.75,fair,predawn,-7.86,2026-07-03T09:30:00+10:00,26.77
2026-07-03,Jupiter,2026-07-03T17:30:00+10:00,7.41,19.25,2026-07-03T17:30:00+10:00,7.41,poor,evening,-7.41,2026-07-03T13:30:00+10:00,26.77
2026-07-03,Saturn,2026-07-03T06:30:00+10:00,43.82,86.71,2026-07-03T06:30:00+10:00,43.82,good,predawn,-12.97,2026-07-03T06:30:00+10:00,43.82
2026-07-03,Uranus,2026-07-03T07:00:00+10:00,17.07,37.19,2026-07-03T07:00:00+10:00,17.07,fair,predawn,-7.86,2026-07-03T09:30:00+10:00,26.48
2026-07-03,Neptune,2026-07-03T06:00:00+10:00,46.65,96.54,2026-07-03T06:00:00+10:00,46.65,excellent,predawn,-18.24,2026-07-03T06:00:00+10:00,46.65
2026-07-04,Mercury,2026-07-04T17:30:00+10:00,5.07,13.52,2026-07-04T17:30:00+10:00,5.07,poor,evening,-7.32,2026-07-04T13:00:00+10:00,29.41
2026-07-04,Venus,2026-07-04T17:30:00+10:00,23.81,41.6,2026-07-04T17:30:00+10:00,23.81,fair,evening,-7.32,2026-07-04T15:00:00+10:00,32.04
2026-07-04,Mars,2026-07-04T07:00:00+10:00,17.72,38.35,2026-07-04T07:00:00+10:00,17.72,fair,predawn,-7.84,2026-07-04T09:30:00+10:00,26.62
2026-07-04,Jupiter,2026-07-04T17:30:00+10:00,7.0,18.51,2026-07-04T17:30:00+10:00,7.0,poor,evening,-7.32,2026-07-04T13:30:00+10:00,26.83
2026-07-04,Saturn,2026-07-04T06:30:00+10:00,43.78,87.62,2026-07-04T06:30:00+10:00,43.78,good,predawn,-12.95,2026-07-04T06:30:00+10:00,43.78
2026-07-04,Uranus,2026-07-04T07:00:00+10:00,17.48,38.1,2026-07-04T07:00:00+10:00,17.48,fair,predawn,-7.84,2026-07-04T09:30:00+10:00,26.48
2026-07-04,Neptune,2026-07-04T05:30:00+10:00,46.65,97.47,2026-07-04T05:30:00+10:00,46.65,excellent,predawn,-23.59,2026-07-04T05:30:00+10:00,46.65
2026-07-05,Mercury,2026-07-05T17:30:00+10:00,4.29,12.31,2026-07-05T17:30:00+10:00,4.29,poor,evening,-7.23,2026-07-05T13:00:00+10:00,29.62
2026-07-05,Venus,2026-07-05T17:30:00+10:00,24.22,41.77,2026-07-05T17:30:00+10:00,24.22,fair,evening,-7.23,2026-07-05T15:00:00+10:00,32.45
2026-07-05,Mars,2026-07-05T07:00:00+10:00,17.71,38.59,2026-07-05T07:00:00+10:00,17.71,fair,predawn,-7.8,2026-07-05T09:30:00+10:00,26.48
2026-07-05,Jupiter,2026-07-05T17:30:00+10:00,6.58,17.78,2026-07-05T17:30:00+10:00,6.58,poor,evening,-7.23,2026-07-05T13:30:00+10:00,26.89
2026-07-05,Saturn,2026-07-05T06:30:00+10:00,43.72,88.54,2026-07-05T06:30:00+10:00,43.72,good,predawn,-12.92,2026-07-05T06:30:00+10:00,43.72
2026-07-05,Uranus,2026-07-05T07:00:00+10:00,17.89,39.0,2026-07-05T07:00:00+10:00,17.89,fair,predawn,-7.8,2026-07-05T09:30:00+10:00,26.47
2026-07-05,Neptune,2026-07-05T05:30:00+10:00,46.7,98.42,2026-07-05T05:30:00+10:00,46.7,excellent,predawn,-23.57,2026-07-05T05:30:00+10:00,46.7
2026-07-06,Mercury,2026-07-06T17:30:00+10:00,3.45,11.07,2026-07-06T17:30:00+10:00,3.45,poor,evening,-7.13,2026-07-06T13:00:00+10:00,29.78
2026-07-06,Venus,2026-07-06T17:30:00+10:00,24.63,41.94,2026-07-06T17:30:00+10:00,24.63,fair,evening,-7.13,2026-07-06T15:00:00+10:00,32.86
2026-07-06,Mars,2026-07-06T07:00:00+10:00,17.69,38.84,2026-07-06T07:00:00+10:00,17.69,fair,predawn,-7.77,2026-07-06T09:30:00+10:00,26.34
2026-07-06,Jupiter,2026-07-06T17:30:00+10:00,6.16,17.04,2026-07-06T17:30:00+10:00,6.16,poor,evening,-7.13,2026-07-06T13:30:00+10:00,26.94
2026-07-06,Saturn,2026-07-06T06:00:00+10:00,43.7,89.43,2026-07-06T06:00:00+10:00,43.7,good,predawn,-18.16,2026-07-06T06:00:00+10:00,43.7
2026-07-06,Uranus,2026-07-06T07:00:00+10:00,18.28,39.91,2026-07-06T07:00:00+10:00,18.28,fair,predawn,-7.77,2026-07-06T09:30:00+10:00,26.45
2026-07-06,Neptune,2026-07-06T05:30:00+10:00,46.74,99.37,2026-07-06T05:30:00+10:00,46.74,excellent,predawn,-23.54,2026-07-06T05:30:00+10:00,46.74
2026-07-07,Mercury,2026-07-07T17:30:00+10:00,2.54,9.82,2026-07-07T17:30:00+10:00,2.54,poor,evening,-7.04,2026-07-07T13:00:00+10:00,29.89
2026-07-07,Venus,2026-07-07T17:30:00+10:00,25.05,42.11,2026-07-07T17:30:00+10:00,25.05,good,evening,-7.04,2026-07-07T15:00:00+10:00,33.28
2026-07-07,Mars,2026-07-07T07:00:00+10:00,17.67,39.09,2026-07-07T07:00:00+10:00,17.67,fair,predawn,-7.73,2026-07-07T09:30:00+10:00,26.2
2026-07-07,Jupiter,2026-07-07T17:30:00+10:00,5.74,16.3,2026-07-07T17:30:00+10:00,5.74,poor,evening,-7.04,2026-07-07T13:30:00+10:00,26.98
2026-07-07,Saturn,2026-07-07T06:00:00+10:00,43.74,90.35,2026-07-07T06:00:00+10:00,43.74,good,predawn,-18.13,2026-07-07T06:00:00+10:00,43.74
2026-07-07,Uranus,2026-07-07T07:00:00+10:00,18.67,40.81,2026-07-07T07:00:00+10:00,18.67,fair,predawn,-7.73,2026-07-07T09:30:00+10:00,26.42
2026-07-07,Neptune,2026-07-07T05:30:00+10:00,46.75,100.32,2026-07-07T05:30:00+10:00,46.75,excellent,predawn,-23.51,2026-07-07T05:30:00+10:00,46.75
2026-07-08,Mercury,2026-07-08T17:30:00+10:00,1.57,8.57,2026-07-08T17:30:00+10:00,1.57,poor,evening,-6.93,2026-07-08T13:00:00+10:00,29.95
2026-07-08,Venus,2026-07-08T17:30:00+10:00,25.46,42.27,2026-07-08T17:30:00+10:00,25.46,good,evening,-6.93,2026-07-08T15:00:00+10:00,33.7
2026-07-08,Mars,2026-07-08T07:00:00+10:00,17.66,39.34,2026-07-08T07:00:00+10:00,17.66,fair,predawn,-7.68,2026-07-08T09:30:00+10:00,26.07
2026-07-08,Jupiter,2026-07-08T17:30:00+10:00,5.31,15.57,2026-07-08T17:30:00+10:00,5.31,poor,evening,-6.93,2026-07-08T13:30:00+10:00,27.02
2026-07-08,Saturn,2026-07-08T06:00:00+10:00,43.76,91.27,2026-07-08T06:00:00+10:00,43.76,good,predawn,-18.09,2026-07-08T06:00:00+10:00,43.76
2026-07-08,Uranus,2026-07-08T07:00:00+10:00,19.05,41.72,2026-07-08T07:00:00+10:00,19.05,fair,predawn,-7.68,2026-07-08T09:30:00+10:00,26.37
2026-07-08,Neptune,2026-07-08T05:30:00+10:00,46.75,101.27,2026-07-08T05:30:00+10:00,46.75,excellent,predawn,-23.47,2026-07-08T05:30:00+10:00,46.75
2026-07-09,Mercury,2026-07-09T17:30:00+10:00,0.56,7.38,2026-07-09T17:30:00+10:00,0.56,poor,evening,-6.83,2026-07-09T12:30:00+10:00,30.04
2026-07-09,Venus,2026-07-09T17:30:00+10:00,25.88,42.43,2026-07-09T17:30:00+10:00,25.88,good,evening,-6.83,2026-07-09T15:00:00+10:00,34.13
2026-07-09,Mars,2026-07-09T07:00:00+10:00,17.65,39.59,2026-07-09T07:00:00+10:00,17.65,fair,predawn,-7.63,2026-07-09T09:30:00+10:00,25.93
2026-07-09,Jupiter,2026-07-09T17:30:00+10:00,4.89,14.83,2026-07-09T17:30:00+10:00,4.89,poor,evening,-6.83,2026-07-09T13:30:00+10:00,27.05
2026-07-09,Saturn,2026-07-09T06:00:00+10:00,43.77,92.19,2026-07-09T06:00:00+10:00,43.77,good,predawn,-18.04,2026-07-09T06:00:00+10:00,43.77
2026-07-09,Uranus,2026-07-09T07:00:00+10:00,19.42,42.62,2026-07-09T07:00:00+10:00,19.42,fair,predawn,-7.63,2026-07-09T09:00:00+10:00,26.37
2026-07-09,Neptune,2026-07-09T05:30:00+10:00,46.73,102.23,2026-07-09T05:30:00+10:00,46.73,excellent,predawn,-23.43,2026-07-09T05:30:00+10:00,46.73
2026-07-10,Mercury,2026-07-10T17:30:00+10:00,-0.51,6.31,2026-07-10T17:30:00+10:00,-0.51,not visible,evening,-6.72,2026-07-10T12:30:00+10:00,30.15
2026-07-10,Venus,2026-07-10T17:30:00+10:00,26.29,42.59,2026-07-10T17:30:00+10:00,26.29,good,evening,-6.72,2026-07-10T15:00:00+10:00,34.56
2026-07-10,Mars,2026-07-10T07:00:00+10:00,17.64,39.84,2026-07-10T07:00:00+10:00,17.64,fair,predawn,-7.57,2026-07-10T09:30:00+10:00,25.8
2026-07-10,Jupiter,2026-07-10T17:30:00+10:00,4.46,14.1,2026-07-10T17:30:00+10:00,4.46,poor,evening,-6.72,2026-07-10T13:30:00+10:00,27.07
2026-07-10,Saturn,2026-07-10T06:00:00+10:00,43.77,93.12,2026-07-10T06:00:00+10:00,43.77,good,predawn,-17.99,2026-07-10T06:00:00+10:00,43.77
2026-07-10,Uranus,2026-07-10T07:00:00+10:00,19.78,43.53,2026-07-10T07:00:00+10:00,19.78,fair,predawn,-7.57,2026-07-10T09:00:00+10:00,26.4
2026-07-10,Neptune,2026-07-10T05:30:00+10:00,46.69,103.18,2026-07-10T05:30:00+10:00,46.69,excellent,predawn,-23.38,2026-07-10T05:30:00+10:00,46.69
2026-07-11,Mercury,2026-07-11T17:30:00+10:00,-1.61,5.44,2026-07-11T17:30:00+10:00,-1.61,not visible,evening,-6.6,2026-07-11T12:30:00+10:00,30.19
2026-07-11,Venus,2026-07-11T17:30:00+10:00,26.71,42.75,2026-07-11T17:30:00+10:00,26.71,good,evening,-6.6,2026-07-11T15:00:00+10:00,35.0
2026-07-11,Mars,2026-07-11T07:00:00+10:00,17.63,40.09,2026-07-11T07:00:00+10:00,17.63,fair,predawn,-7.5,2026-07-11T09:30:00+10:00,25.67
2026-07-11,Jupiter,2026-07-11T17:30:00+10:00,4.02,13.36,2026-07-11T17:30:00+10:00,4.02,poor,evening,-6.6,2026-07-11T13:00:00+10:00,27.08
2026-07-11,Saturn,2026-07-11T06:00:00+10:00,43.74,94.04,2026-07-11T06:00:00+10:00,43.74,good,predawn,-17.94,2026-07-11T06:00:00+10:00,43.74
2026-07-11,Uranus,2026-07-11T07:00:00+10:00,20.13,44.44,2026-07-11T07:00:00+10:00,20.13,fair,predawn,-7.5,2026-07-11T09:00:00+10:00,26.41
2026-07-11,Neptune,2026-07-11T05:30:00+10:00,46.63,104.14,2026-07-11T05:30:00+10:00,46.63,excellent,predawn,-23.33,2026-07-11T05:30:00+10:00,46.63
2026-07-12,Mercury,2026-07-12T17:30:00+10:00,-2.75,4.92,2026-07-12T17:30:00+10:00,-2.75,not visible,evening,-6.49,2026-07-12T12:30:00+10:00,30.16
2026-07-12,Venus,2026-07-12T17:30:00+10:00,27.13,42.9,2026-07-12T17:30:00+10:00,27.13,good,evening,-6.49,2026-07-12T15:00:00+10:00,35.44
2026-07-12,Mars,2026-07-12T07:00:00+10:00,17.63,40.34,2026-07-12T07:00:00+10:00,17.63,fair,predawn,-7.44,2026-07-12T09:30:00+10:00,25.55
2026-07-12,Jupiter,2026-07-12T17:30:00+10:00,3.59,12.63,2026-07-12T17:30:00+10:00,3.59,poor,evening,-6.49,2026-07-12T13:00:00+10:00,27.17
2026-07-12,Saturn,2026-07-12T06:00:00+10:00,43.71,94.97,2026-07-12T06:00:00+10:00,43.71,good,predawn,-17.87,2026-07-12T06:00:00+10:00,43.71
2026-07-12,Uranus,2026-07-12T07:00:00+10:00,20.48,45.35,2026-07-12T07:00:00+10:00,20.48,fair,predawn,-7.44,2026-07-12T09:00:00+10:00,26.41
2026-07-12,Neptune,2026-07-12T05:00:00+10:00,46.68,105.07,2026-07-12T05:00:00+10:00,46.68,excellent,predawn,-28.74,2026-07-12T05:00:00+10:00,46.68
2026-07-13,Mercury,2026-07-13T07:00:00+10:00,-3.74,4.83,2026-07-13T07:00:00+10:00,-3.74,not visible,predawn,-7.36,2026-07-13T12:00:00+10:00,30.09
2026-07-13,Venus,2026-07-13T17:30:00+10:00,27.55,43.05,2026-07-13T17:30:00+10:00,27.55,good,evening,-6.37,2026-07-13T15:00:00+10:00,35.89
2026-07-13,Mars,2026-07-13T07:00:00+10:00,17.63,40.6,2026-07-13T07:00:00+10:00,17.63,fair,predawn,-7.36,2026-07-13T09:30:00+10:00,25.43
2026-07-13,Jupiter,2026-07-13T17:30:00+10:00,3.15,11.89,2026-07-13T17:30:00+10:00,3.15,poor,evening,-6.37,2026-07-13T13:00:00+10:00,27.24
2026-07-13,Saturn,2026-07-13T06:00:00+10:00,43.65,95.9,2026-07-13T06:00:00+10:00,43.65,good,predawn,-17.81,2026-07-13T06:00:00+10:00,43.65
2026-07-13,Uranus,2026-07-13T07:00:00+10:00,20.82,46.26,2026-07-13T07:00:00+10:00,20.82,fair,predawn,-7.36,2026-07-13T09:00:00+10:00,26.4
2026-07-13,Neptune,2026-07-13T05:00:00+10:00,46.73,106.03,2026-07-13T05:00:00+10:00,46.73,excellent,predawn,-28.68,2026-07-13T05:00:00+10:00,46.73
2026-07-14,Mercury,2026-07-14T07:00:00+10:00,-2.62,5.06,2026-07-14T07:00:00+10:00,-2.62,not visible,predawn,-7.28,2026-07-14T12:00:00+10:00,30.12
2026-07-14,Venus,2026-07-14T17:30:00+10:00,27.97,43.2,2026-07-14T17:30:00+10:00,27.97,good,evening,-6.24,2026-07-14T15:00:00+10:00,36.34
2026-07-14,Mars,2026-07-14T07:00:00+10:00,17.63,40.86,2026-07-14T07:00:00+10:00,17.63,fair,predawn,-7.28,2026-07-14T09:30:00+10:00,25.31
2026-07-14,Jupiter,2026-07-14T17:30:00+10:00,2.71,11.16,2026-07-14T17:30:00+10:00,2.71,poor,evening,-6.24,2026-07-14T13:00:00+10:00,27.31
2026-07-14,Saturn,2026-07-14T05:30:00+10:00,43.65,96.81,2026-07-14T05:30:00+10:00,43.65,good,predawn,-23.14,2026-07-14T05:30:00+10:00,43.65
2026-07-14,Uranus,2026-07-14T07:00:00+10:00,21.14,47.17,2026-07-14T07:00:00+10:00,21.14,fair,predawn,-7.28,2026-07-14T09:00:00+10:00,26.38
2026-07-14,Neptune,2026-07-14T05:00:00+10:00,46.75,106.99,2026-07-14T05:00:00+10:00,46.75,excellent,predawn,-28.61,2026-07-14T05:00:00+10:00,46.75
2026-07-15,Mercury,2026-07-15T07:00:00+10:00,-1.54,5.7,2026-07-15T07:00:00+10:00,-1.54,not visible,predawn,-7.19,2026-07-15T12:00:00+10:00,30.09
2026-07-15,Venus,2026-07-15T17:30:00+10:00,28.38,43.35,2026-07-15T17:30:00+10:00,28.38,good,evening,-6.12,2026-07-15T15:00:00+10:00,36.79
2026-07-15,Mars,2026-07-15T07:00:00+10:00,17.63,41.11,2026-07-15T07:00:00+10:00,17.63,fair,predawn,-7.19,2026-07-15T09:30:00+10:00,25.19
2026-07-15,Jupiter,2026-07-15T17:30:00+10:00,2.26,10.43,2026-07-15T17:30:00+10:00,2.26,poor,evening,-6.12,2026-07-15T13:00:00+10:00,27.37
2026-07-15,Saturn,2026-07-15T05:30:00+10:00,43.7,97.74,2026-07-15T05:30:00+10:00,43.7,good,predawn,-23.06,2026-07-15T05:30:00+10:00,43.7
2026-07-15,Uranus,2026-07-15T07:00:00+10:00,21.46,48.08,2026-07-15T07:00:00+10:00,21.46,fair,predawn,-7.19,2026-07-15T09:00:00+10:00,26.35
2026-07-15,Neptune,2026-07-15T05:00:00+10:00,46.76,107.94,2026-07-15T05:00:00+10:00,46.76,excellent,predawn,-28.54,2026-07-15T05:00:00+10:00,46.76
2026-07-16,Mercury,2026-07-16T07:00:00+10:00,-0.51,6.62,2026-07-16T07:00:00+10:00,-0.51,not visible,predawn,-7.1,2026-07-16T12:00:00+10:00,30.0
2026-07-16,Venus,2026-07-16T17:30:00+10:00,28.8,43.49,2026-07-16T17:30:00+10:00,28.8,good,evening,-5.99,2026-07-16T15:00:00+10:00,37.25
2026-07-16,Mars,2026-07-16T07:00:00+10:00,17.63,41.37,2026-07-16T07:00:00+10:00,17.63,fair,predawn,-7.1,2026-07-16T09:30:00+10:00,25.08
2026-07-16,Jupiter,2026-07-16T17:30:00+10:00,1.81,9.69,2026-07-16T17:30:00+10:00,1.81,poor,evening,-5.99,2026-07-16T13:00:00+10:00,27.42
2026-07-16,Saturn,2026-07-16T05:30:00+10:00,43.72,98.67,2026-07-16T05:30:00+10:00,43.72,good,predawn,-22.98,2026-07-16T05:30:00+10:00,43.72
2026-07-16,Uranus,2026-07-16T07:00:00+10:00,21.77,48.99,2026-07-16T07:00:00+10:00,21.77,fair,predawn,-7.1,2026-07-16T09:00:00+10:00,26.31
2026-07-16,Neptune,2026-07-16T05:00:00+10:00,46.76,108.9,2026-07-16T05:00:00+10:00,46.76,excellent,predawn,-28.46,2026-07-16T05:00:00+10:00,46.76
2026-07-17,Mercury,2026-07-17T07:00:00+10:00,0.47,7.7,2026-07-17T07:00:00+10:00,0.47,poor,predawn,-7.01,2026-07-17T12:00:00+10:00,29.86
2026-07-17,Venus,2026-07-17T17:30:00+10:00,29.22,43.63,2026-07-17T17:30:00+10:00,29.22,good,evening,-5.86,2026-07-17T15:00:00+10:00,37.71
2026-07-17,Mars,2026-07-17T07:00:00+10:00,17.64,41.63,2026-07-17T07:00:00+10:00,17.64,fair,predawn,-7.01,2026-07-17T09:30:00+10:00,24.97
2026-07-17,Jupiter,2026-07-17T17:30:00+10:00,1.37,8.96,2026-07-17T17:30:00+10:00,1.37,poor,evening,-5.86,2026-07-17T13:00:00+10:00,27.47
2026-07-17,Saturn,2026-07-17T05:30:00+10:00,43.74,99.61,2026-07-17T05:30:00+10:00,43.74,good,predawn,-22.9,2026-07-17T05:30:00+10:00,43.74
2026-07-17,Uranus,2026-07-17T07:00:00+10:00,22.07,49.9,2026-07-17T07:00:00+10:00,22.07,fair,predawn,-7.01,2026-07-17T08:30:00+10:00,26.3
2026-07-17,Neptune,2026-07-17T05:00:00+10:00,46.73,109.86,2026-07-17T05:00:00+10:00,46.73,excellent,predawn,-28.37,2026-07-17T05:00:00+10:00,46.73
2026-07-18,Mercury,2026-07-18T07:00:00+10:00,1.39,8.85,2026-07-18T07:00:00+10:00,1.39,poor,predawn,-6.9,2026-07-18T11:30:00+10:00,29.72
2026-07-18,Venus,2026-07-18T17:30:00+10:00,29.64,43.76,2026-07-18T17:30:00+10:00,29.64,good,evening,-5.73,2026-07-18T15:00:00+10:00,38.18
2026-07-18,Mars,2026-07-18T07:00:00+10:00,17.65,41.89,2026-07-18T07:00:00+10:00,17.65,fair,predawn,-6.9,2026-07-18T09:30:00+10:00,24.86
2026-07-18,Jupiter,2026-07-18T17:30:00+10:00,0.91,8.23,2026-07-18T17:30:00+10:00,0.91,poor,evening,-5.73,2026-07-18T13:00:00+10:00,27.51
2026-07-18,Saturn,2026-07-18T05:30:00+10:00,43.73,100.55,2026-07-18T05:30:00+10:00,43.73,good,predawn,-22.81,2026-07-18T05:30:00+10:00,43.73
2026-07-18,Uranus,2026-07-18T07:00:00+10:00,22.37,50.82,2026-07-18T07:00:00+10:00,22.37,fair,predawn,-6.9,2026-07-18T08:30:00+10:00,26.33
2026-07-18,Neptune,2026-07-18T05:00:00+10:00,46.69,110.82,2026-07-18T05:00:00+10:00,46.69,excellent,predawn,-28.28,2026-07-18T05:00:00+10:00,46.69
2026-07-19,Mercury,2026-07-19T07:00:00+10:00,2.25,10.01,2026-07-19T07:00:00+10:00,2.25,poor,predawn,-6.79,2026-07-19T11:30:00+10:00,29.64
2026-07-19,Venus,2026-07-19T17:30:00+10:00,30.06,43.9,2026-07-19T17:30:00+10:00,30.06,good,evening,-5.59,2026-07-19T15:00:00+10:00,38.64
2026-07-19,Mars,2026-07-19T07:00:00+10:00,17.66,42.16,2026-07-19T07:00:00+10:00,17.66,fair,predawn,-6.79,2026-07-19T09:30:00+10:00,24.75
2026-07-19,Jupiter,2026-07-19T17:30:00+10:00,0.46,7.49,2026-07-19T17:30:00+10:00,0.46,poor,evening,-5.59,2026-07-19T13:00:00+10:00,27.54
2026-07-19,Saturn,2026-07-19T05:30:00+10:00,43.71,101.48,2026-07-19T05:30:00+10:00,43.71,good,predawn,-22.71,2026-07-19T05:30:00+10:00,43.71
2026-07-19,Uranus,2026-07-19T07:00:00+10:00,22.65,51.73,2026-07-19T07:00:00+10:00,22.65,fair,predawn,-6.79,2026-07-19T08:30:00+10:00,26.35
2026-07-19,Neptune,2026-07-19T04:30:00+10:00,46.66,111.76,2026-07-19T04:30:00+10:00,46.66,excellent,predawn,-33.7,2026-07-19T04:30:00+10:00,46.66
2026-07-20,Mercury,2026-07-20T07:00:00+10:00,3.04,11.17,2026-07-20T07:00:00+10:00,3.04,poor,predawn,-6.68,2026-07-20T11:30:00+10:00,29.51
2026-07-20,Venus,2026-07-20T17:30:00+10:00,30.47,44.03,2026-07-20T17:30:00+10:00,30.47,good,evening,-5.45,2026-07-20T15:00:00+10:00,39.11
2026-07-20,Mars,2026-07-20T07:00:00+10:00,17.67,42.42,2026-07-20T07:00:00+10:00,17.67,fair,predawn,-6.68,2026-07-20T09:30:00+10:00,24.65
2026-07-20,Jupiter,2026-07-20T17:30:00+10:00,0.0,6.76,2026-07-20T17:30:00+10:00,0.0,poor,evening,-5.45,2026-07-20T13:00:00+10:00,27.56
2026-07-20,Saturn,2026-07-20T05:30:00+10:00,43.67,102.43,2026-07-20T05:30:00+10:00,43.67,good,predawn,-22.61,2026-07-20T05:30:00+10:00,43.67
2026-07-20,Uranus,2026-07-20T07:00:00+10:00,22.92,52.64,2026-07-20T07:00:00+10:00,22.92,fair,predawn,-6.68,2026-07-20T08:30:00+10:00,26.35
2026-07-20,Neptune,2026-07-20T04:30:00+10:00,46.72,112.72,2026-07-20T04:30:00+10:00,46.72,excellent,predawn,-33.6,2026-07-20T04:30:00+10:00,46.72
2026-07-21,Mercury,2026-07-21T07:00:00+10:00,3.76,12.28,2026-07-21T07:00:00+10:00,3.76,poor,predawn,-6.56,2026-07-21T11:30:00+10:00,29.35
2026-07-21,Venus,2026-07-21T17:30:00+10:00,30.89,44.15,2026-07-21T17:30:00+10:00,30.89,good,evening,-5.31,2026-07-21T15:00:00+10:00,39.59
2026-07-21,Mars,2026-07-21T07:00:00+10:00,17.69,42.68,2026-07-21T07:00:00+10:00,17.69,fair,predawn,-6.56,2026-07-21T09:00:00+10:00,24.56
2026-07-21,Jupiter,2026-07-21T17:30:00+10:00,-0.46,6.03,2026-07-21T17:30:00+10:00,-0.46,not visible,evening,-5.31,2026-07-21T12:30:00+10:00,27.59
2026-07-21,Saturn,2026-07-21T05:30:00+10:00,43.62,103.37,2026-07-21T05:30:00+10:00,43.62,good,predawn,-22.5,2026-07-21T05:30:00+10:00,43.62
2026-07-21,Uranus,2026-07-21T07:00:00+10:00,23.18,53.56,2026-07-21T07:00:00+10:00,23.18,fair,predawn,-6.56,2026-07-21T08:30:00+10:00,26.34
2026-07-21,Neptune,2026-07-21T04:30:00+10:00,46.76,113.68,2026-07-21T04:30:00+10:00,46.76,excellent,predawn,-33.49,2026-07-21T04:30:00+10:00,46.76
2026-07-22,Mercury,2026-07-22T07:00:00+10:00,4.41,13.34,2026-07-22T07:00:00+10:00,4.41,poor,predawn,-6.44,2026-07-22T11:30:00+10:00,29.15
2026-07-22,Venus,2026-07-22T17:30:00+10:00,31.3,44.28,2026-07-22T17:30:00+10:00,31.3,good,evening,-5.17,2026-07-22T15:00:00+10:00,40.06
2026-07-22,Mars,2026-07-22T07:00:00+10:00,17.71,42.95,2026-07-22T07:00:00+10:00,17.71,fair,predawn,-6.44,2026-07-22T09:00:00+10:00,24.49
2026-07-22,Jupiter,2026-07-22T17:30:00+10:00,-0.92,5.3,2026-07-22T17:30:00+10:00,-0.92,not visible,evening,-5.17,2026-07-22T12:30:00+10:00,27.67
2026-07-22,Saturn,2026-07-22T05:00:00+10:00,43.65,104.29,2026-07-22T05:00:00+10:00,43.65,good,predawn,-27.87,2026-07-22T05:00:00+10:00,43.65
2026-07-22,Uranus,2026-07-22T07:00:00+10:00,23.43,54.47,2026-07-22T07:00:00+10:00,23.43,fair,predawn,-6.44,2026-07-22T08:30:00+10:00,26.32
2026-07-22,Neptune,2026-07-22T04:30:00+10:00,46.78,114.64,2026-07-22T04:30:00+10:00,46.78,excellent,predawn,-33.38,2026-07-22T04:30:00+10:00,46.78
2026-07-23,Mercury,2026-07-23T07:00:00+10:00,4.98,14.33,2026-07-23T07:00:00+10:00,4.98,poor,predawn,-6.3,2026-07-23T11:30:00+10:00,28.93
2026-07-23,Venus,2026-07-23T17:30:00+10:00,31.72,44.4,2026-07-23T17:30:00+10:00,31.72,good,evening,-5.02,2026-07-23T15:00:00+10:00,40.54
2026-07-23,Mars,2026-07-23T07:00:00+10:00,17.73,43.22,2026-07-23T07:00:00+10:00,17.73,fair,predawn,-6.3,2026-07-23T09:00:00+10:00,24.42
2026-07-23,Jupiter,2026-07-23T17:30:00+10:00,-1.38,4.57,2026-07-23T17:30:00+10:00,-1.38,not visible,evening,-5.02,2026-07-23T12:30:00+10:00,27.75
2026-07-23,Saturn,2026-07-23T05:00:00+10:00,43.7,105.24,2026-07-23T05:00:00+10:00,43.7,good,predawn,-27.75,2026-07-23T05:00:00+10:00,43.7
2026-07-23,Uranus,2026-07-23T07:00:00+10:00,23.68,55.39,2026-07-23T07:00:00+10:00,23.68,fair,predawn,-6.3,2026-07-23T08:30:00+10:00,26.29
2026-07-23,Neptune,2026-07-23T04:30:00+10:00,46.79,115.61,2026-07-23T04:30:00+10:00,46.79,excellent,predawn,-33.26,2026-07-23T04:30:00+10:00,46.79
2026-07-24,Mercury,2026-07-24T07:00:00+10:00,5.49,15.25,2026-07-24T07:00:00+10:00,5.49,poor,predawn,-6.17,2026-07-24T11:00:00+10:00,28.73
2026-07-24,Venus,2026-07-24T17:30:00+10:00,32.13,44.51,2026-07-24T17:30:00+10:00,32.13,good,evening,-4.87,2026-07-24T15:00:00+10:00,41.02
2026-07-24,Mars,2026-07-24T07:00:00+10:00,17.75,43.49,2026-07-24T07:00:00+10:00,17.75,fair,predawn,-6.17,2026-07-24T09:00:00+10:00,24.35
2026-07-24,Jupiter,2026-07-24T17:30:00+10:00,-1.85,3.84,2026-07-24T17:30:00+10:00,-1.85,not visible,evening,-4.87,2026-07-24T12:30:00+10:00,27.82
2026-07-24,Saturn,2026-07-24T05:00:00+10:00,43.73,106.19,2026-07-24T05:00:00+10:00,43.73,good,predawn,-27.63,2026-07-24T05:00:00+10:00,43.73
2026-07-24,Uranus,2026-07-24T07:00:00+10:00,23.91,56.3,2026-07-24T07:00:00+10:00,23.91,fair,predawn,-6.17,2026-07-24T08:30:00+10:00,26.25
2026-07-24,Neptune,2026-07-24T04:30:00+10:00,46.77,116.57,2026-07-24T04:30:00+10:00,46.77,excellent,predawn,-33.14,2026-07-24T04:30:00+10:00,46.77
2026-07-25,Mercury,2026-07-25T07:00:00+10:00,5.91,16.08,2026-07-25T07:00:00+10:00,5.91,poor,predawn,-6.03,2026-07-25T11:00:00+10:00,28.57
2026-07-25,Venus,2026-07-25T17:30:00+10:00,32.54,44.62,2026-07-25T17:30:00+10:00,32.54,good,evening,-4.72,2026-07-25T15:00:00+10:00,41.51
2026-07-25,Mars,2026-07-25T07:00:00+10:00,17.78,43.76,2026-07-25T07:00:00+10:00,17.78,fair,predawn,-6.03,2026-07-25T09:00:00+10:00,24.28
2026-07-25,Jupiter,2026-07-25T17:30:00+10:00,-2.31,3.11,2026-07-25T17:30:00+10:00,-2.31,not visible,evening,-4.72,2026-07-25T12:30:00+10:00,27.88
2026-07-25,Saturn,2026-07-25T05:00:00+10:00,43.74,107.14,2026-07-25T05:00:00+10:00,43.74,good,predawn,-27.5,2026-07-25T05:00:00+10:00,43.74
2026-07-25,Uranus,2026-07-25T07:00:00+10:00,24.13,57.22,2026-07-25T07:00:00+10:00,24.13,fair,predawn,-6.03,2026-07-25T08:00:00+10:00,26.25
2026-07-25,Neptune,2026-07-25T04:30:00+10:00,46.74,117.53,2026-07-25T04:30:00+10:00,46.74,excellent,predawn,-33.01,2026-07-25T04:30:00+10:00,46.74
2026-07-26,Mercury,2026-07-26T07:00:00+10:00,6.27,16.83,2026-07-26T07:00:00+10:00,6.27,poor,predawn,-5.88,2026-07-26T11:00:00+10:00,28.4
2026-07-26,Venus,2026-07-26T17:30:00+10:00,32.94,44.73,2026-07-26T17:30:00+10:00,32.94,good,evening,-4.57,2026-07-26T15:00:00+10:00,41.99
2026-07-26,Mars,2026-07-26T07:00:00+10:00,17.81,44.03,2026-07-26T07:00:00+10:00,17.81,fair,predawn,-5.88,2026-07-26T09:00:00+10:00,24.22
2026-07-26,Jupiter,2026-07-26T17:30:00+10:00,-2.78,2.39,2026-07-26T17:30:00+10:00,-2.78,not visible,evening,-4.57,2026-07-26T12:30:00+10:00,27.94
2026-07-26,Saturn,2026-07-26T05:00:00+10:00,43.73,108.09,2026-07-26T05:00:00+10:00,43.73,good,predawn,-27.37,2026-07-26T05:00:00+10:00,43.73
2026-07-26,Uranus,2026-07-26T07:00:00+10:00,24.34,58.14,2026-07-26T07:00:00+10:00,24.34,fair,predawn,-5.88,2026-07-26T08:00:00+10:00,26.27
2026-07-26,Neptune,2026-07-26T04:30:00+10:00,46.69,118.5,2026-07-26T04:30:00+10:00,46.69,excellent,predawn,-32.88,2026-07-26T04:30:00+10:00,46.69
2026-07-27,Mercury,2026-07-27T07:00:00+10:00,6.56,17.49,2026-07-27T07:00:00+10:00,6.56,poor,predawn,-5.73,2026-07-27T11:00:00+10:00,28.22
2026-07-27,Venus,2026-07-27T17:30:00+10:00,33.35,44.84,2026-07-27T17:30:00+10:00,33.35,good,evening,-4.41,2026-07-27T15:00:00+10:00,42.48
2026-07-27,Mars,2026-07-27T07:00:00+10:00,17.84,44.3,2026-07-27T07:00:00+10:00,17.84,fair,predawn,-5.73,2026-07-27T09:00:00+10:00,24.16
2026-07-27,Jupiter,2026-07-27T17:30:00+10:00,-3.26,1.68,2026-07-27T17:30:00+10:00,-3.26,not visible,evening,-4.41,2026-07-27T12:30:00+10:00,27.99
2026-07-27,Saturn,2026-07-27T05:00:00+10:00,43.71,109.04,2026-07-27T05:00:00+10:00,43.71,good,predawn,-27.23,2026-07-27T05:00:00+10:00,43.71
2026-07-27,Uranus,2026-07-27T07:00:00+10:00,24.54,59.06,2026-07-27T07:00:00+10:00,24.54,fair,predawn,-5.73,2026-07-27T08:00:00+10:00,26.29
2026-07-27,Neptune,2026-07-27T04:00:00+10:00,46.72,119.44,2026-07-27T04:00:00+10:00,46.72,excellent,predawn,-38.21,2026-07-27T04:00:00+10:00,46.72
2026-07-28,Mercury,2026-07-28T07:00:00+10:00,6.78,18.06,2026-07-28T07:00:00+10:00,6.78,poor,predawn,-5.57,2026-07-28T11:00:00+10:00,28.03
2026-07-28,Venus,2026-07-28T17:30:00+10:00,33.75,44.94,2026-07-28T17:30:00+10:00,33.75,good,evening,-4.26,2026-07-28T15:00:00+10:00,42.97
2026-07-28,Mars,2026-07-28T07:00:00+10:00,17.88,44.58,2026-07-28T07:00:00+10:00,17.88,fair,predawn,-5.57,2026-07-28T09:00:00+10:00,24.1
2026-07-28,Jupiter,2026-07-28T17:30:00+10:00,-3.73,1.0,2026-07-28T17:30:00+10:00,-3.73,not visible,evening,-4.26,2026-07-28T12:30:00+10:00,28.03
2026-07-28,Saturn,2026-07-28T05:00:00+10:00,43.68,110.0,2026-07-28T05:00:00+10:00,43.68,good,predawn,-27.08,2026-07-28T05:00:00+10:00,43.68
2026-07-28,Uranus,2026-07-28T07:00:00+10:00,24.73,59.98,2026-07-28T07:00:00+10:00,24.73,fair,predawn,-5.57,2026-07-28T08:00:00+10:00,26.29
2026-07-28,Neptune,2026-07-28T04:00:00+10:00,46.77,120.41,2026-07-28T04:00:00+10:00,46.77,excellent,predawn,-38.07,2026-07-28T04:00:00+10:00,46.77
2026-07-29,Mercury,2026-07-29T07:00:00+10:00,6.94,18.53,2026-07-29T07:00:00+10:00,6.94,poor,predawn,-5.4,2026-07-29T11:00:00+10:00,27.85
2026-07-29,Venus,2026-07-29T17:30:00+10:00,34.15,45.03,2026-07-29T17:30:00+10:00,34.15,good,evening,-4.1,2026-07-29T15:00:00+10:00,43.46
2026-07-29,Mars,2026-07-29T07:00:00+10:00,17.91,44.85,2026-07-29T07:00:00+10:00,17.91,fair,predawn,-5.4,2026-07-29T09:00:00+10:00,24.05
2026-07-29,Jupiter,2026-07-29T17:30:00+10:00,-4.21,0.49,2026-07-29T17:30:00+10:00,-4.21,not visible,evening,-4.1,2026-07-29T12:30:00+10:00,28.06
2026-07-29,Saturn,2026-07-29T04:30:00+10:00,43.64,110.93,2026-07-29T04:30:00+10:00,43.64,good,predawn,-32.44,2026-07-29T04:30:00+10:00,43.64
2026-07-29,Uranus,2026-07-29T07:00:00+10:00,24.91,60.9,2026-07-29T07:00:00+10:00,24.91,fair,predawn,-5.4,2026-07-29T08:00:00+10:00,26.29
2026-07-29,Neptune,2026-07-29T04:00:00+10:00,46.81,121.37,2026-07-29T04:00:00+10:00,46.81,excellent,predawn,-37.91,2026-07-29T04:00:00+10:00,46.81
2026-07-30,Mercury,2026-07-30T07:00:00+10:00,7.03,18.9,2026-07-30T07:00:00+10:00,7.03,poor,predawn,-5.23,2026-07-30T11:00:00+10:00,27.67
2026-07-30,Venus,2026-07-30T18:00:00+10:00,30.52,45.13,2026-07-30T18:00:00+10:00,30.52,good,evening,-9.14,2026-07-30T15:00:00+10:00,43.95
2026-07-30,Mars,2026-07-30T07:00:00+10:00,17.95,45.13,2026-07-30T07:00:00+10:00,17.95,fair,predawn,-5.23,2026-07-30T09:00:00+10:00,23.99
2026-07-30,Jupiter,2026-07-30T07:00:00+10:00,-5.49,0.55,2026-07-30T07:00:00+10:00,-5.49,not visible,predawn,-5.23,2026-07-30T12:30:00+10:00,28.08
2026-07-30,Saturn,2026-07-30T04:30:00+10:00,43.7,111.89,2026-07-30T04:30:00+10:00,43.7,good,predawn,-32.29,2026-07-30T04:30:00+10:00,43.7
2026-07-30,Uranus,2026-07-30T07:00:00+10:00,25.08,61.82,2026-07-30T07:00:00+10:00,25.08,good,predawn,-5.23,2026-07-30T08:00:00+10:00,26.27
2026-07-30,Neptune,2026-07-30T04:00:00+10:00,46.82,122.34,2026-07-30T04:00:00+10:00,46.82,excellent,predawn,-37.76,2026-07-30T04:00:00+10:00,46.82
2026-07-31,Mercury,2026-07-31T07:00:00+10:00,7.07,19.18,2026-07-31T07:00:00+10:00,7.07,poor,predawn,-5.06,2026-07-31T11:00:00+10:00,27.5
2026-07-31,Venus,2026-07-31T18:00:00+10:00,30.88,45.21,2026-07-31T18:00:00+10:00,30.88,good,evening,-8.98,2026-07-31T15:00:00+10:00,44.44
2026-07-31,Mars,2026-07-31T07:00:00+10:00,17.99,45.41,2026-07-31T07:00:00+10:00,17.99,fair,predawn,-5.06,2026-07-31T09:00:00+10:00,23.94
2026-07-31,Jupiter,2026-07-31T07:00:00+10:00,-4.93,1.11,2026-07-31T07:00:00+10:00,-4.93,not visible,predawn,-5.06,2026-07-31T12:00:00+10:00,28.12
2026-07-31,Saturn,2026-07-31T04:30:00+10:00,43.74,112.85,2026-07-31T04:30:00+10:00,43.74,good,predawn,-32.12,2026-07-31T04:30:00+10:00,43.74
2026-07-31,Uranus,2026-07-31T07:00:00+10:00,25.23,62.74,2026-07-31T07:00:00+10:00,25.23,good,predawn,-5.06,2026-07-31T08:00:00+10:00,26.24
2026-07-31,Neptune,2026-07-31T04:00:00+10:00,46.82,123.31,2026-07-31T04:00:00+10:00,46.82,excellent,predawn,-37.59,2026-07-31T04:00:00+10:00,46.82
2026-08-01,Mercury,2026-08-01T07:00:00+10:00,7.05,19.37,2026-08-01T07:00:00+10:00,7.05,poor,predawn,-4.88,2026-08-01T11:00:00+10:00,27.35
2026-08-01,Venus,2026-08-01T18:00:00+10:00,31.25,45.3,2026-08-01T18:00:00+10:00,31.25,good,evening,-8.82,2026-08-01T15:00:00+10:00,44.93
2026-08-01,Mars,2026-08-01T07:00:00+10:00,18.04,45.69,2026-08-01T07:00:00+10:00,18.04,fair,predawn,-4.88,2026-08-01T09:00:00+10:00,23.9
2026-08-01,Jupiter,2026-08-01T07:00:00+10:00,-4.38,1.8,2026-08-01T07:00:00+10:00,-4.38,not visible,predawn,-4.88,2026-08-01T12:00:00+10:00,28.21
2026-08-01,Saturn,2026-08-01T04:30:00+10:00,43.77,113.81,2026-08-01T04:30:00+10:00,43.77,good,predawn,-31.96,2026-08-01T04:30:00+10:00,43.77
2026-08-01,Uranus,2026-08-01T07:00:00+10:00,25.38,63.67,2026-08-01T07:00:00+10:00,25.38,good,predawn,-4.88,2026-08-01T08:00:00+10:00,26.19
2026-08-01,Neptune,2026-08-01T04:00:00+10:00,46.8,124.28,2026-08-01T04:00:00+10:00,46.8,excellent,predawn,-37.42,2026-08-01T04:00:00+10:00,46.8
2026-08-02,Mercury,2026-08-02T07:00:00+10:00,6.98,19.46,2026-08-02T07:00:00+10:00,6.98,poor,predawn,-4.7,2026-08-02T11:00:00+10:00,27.22
2026-08-02,Venus,2026-08-02T18:00:00+10:00,31.61,45.37,2026-08-02T18:00:00+10:00,31.61,good,evening,-8.66,2026-08-02T15:00:00+10:00,45.42
2026-08-02,Mars,2026-08-02T07:00:00+10:00,18.09,45.97,2026-08-02T07:00:00+10:00,18.09,fair,predawn,-4.7,2026-08-02T09:00:00+10:00,23.85
2026-08-02,Jupiter,2026-08-02T07:00:00+10:00,-3.82,2.52,2026-08-02T07:00:00+10:00,-3.82,not visible,predawn,-4.7,2026-08-02T12:00:00+10:00,28.29
2026-08-02,Saturn,2026-08-02T04:30:00+10:00,43.78,114.78,2026-08-02T04:30:00+10:00,43.78,good,predawn,-31.78,2026-08-02T04:30:00+10:00,43.78
2026-08-02,Uranus,2026-08-02T07:00:00+10:00,25.51,64.59,2026-08-02T07:00:00+10:00,25.51,good,predawn,-4.7,2026-08-02T07:30:00+10:00,26.2
2026-08-02,Neptune,2026-08-02T04:00:00+10:00,46.76,125.24,2026-08-02T04:00:00+10:00,46.76,excellent,predawn,-37.25,2026-08-02T04:00:00+10:00,46.76
2026-08-03,Mercury,2026-08-03T07:00:00+10:00,6.87,19.45,2026-08-03T07:00:00+10:00,6.87,poor,predawn,-4.51,2026-08-03T11:00:00+10:00,27.1
2026-08-03,Venus,2026-08-03T18:00:00+10:00,31.96,45.45,2026-08-03T18:00:00+10:00,31.96,good,evening,-8.5,2026-08-03T15:00:00+10:00,45.92
2026-08-03,Mars,2026-08-03T07:00:00+10:00,18.14,46.25,2026-08-03T07:00:00+10:00,18.14,fair,predawn,-4.51,2026-08-03T09:00:00+10:00,23.81
2026-08-03,Jupiter,2026-08-03T07:00:00+10:00,-3.27,3.25,2026-08-03T07:00:00+10:00,-3.27,not visible,predawn,-4.51,2026-08-03T12:00:00+10:00,28.36
2026-08-03,Saturn,2026-08-03T04:30:00+10:00,43.78,115.74,2026-08-03T04:30:00+10:00,43.78,good,predawn,-31.61,2026-08-03T04:30:00+10:00,43.78
2026-08-03,Uranus,2026-08-03T07:00:00+10:00,25.63,65.51,2026-08-03T07:00:00+10:00,25.63,good,predawn,-4.51,2026-08-03T07:30:00+10:00,26.23
2026-08-03,Neptune,2026-08-03T03:30:00+10:00,46.72,126.19,2026-08-03T03:30:00+10:00,46.72,excellent,predawn,-42.42,2026-08-03T03:30:00+10:00,46.72
2026-08-04,Mercury,2026-08-04T07:00:00+10:00,6.71,19.36,2026-08-04T07:00:00+10:00,6.71,poor,predawn,-4.31,2026-08-04T11:00:00+10:00,27.02
2026-08-04,Venus,2026-08-04T18:00:00+10:00,32.31,45.52,2026-08-04T18:00:00+10:00,32.31,good,evening,-8.34,2026-08-04T15:00:00+10:00,46.41
2026-08-04,Mars,2026-08-04T07:00:00+10:00,18.19,46.53,2026-08-04T07:00:00+10:00,18.19,fair,predawn,-4.31,2026-08-04T09:00:00+10:00,23.77
2026-08-04,Jupiter,2026-08-04T07:00:00+10:00,-2.72,3.98,2026-08-04T07:00:00+10:00,-2.72,not visible,predawn,-4.31,2026-08-04T12:00:00+10:00,28.42
2026-08-04,Saturn,2026-08-04T04:30:00+10:00,43.75,116.71,2026-08-04T04:30:00+10:00,43.75,good,predawn,-31.42,2026-08-04T04:30:00+10:00,43.75
2026-08-04,Uranus,2026-08-04T07:00:00+10:00,25.74,66.44,2026-08-04T07:00:00+10:00,25.74,good,predawn,-4.31,2026-08-04T07:30:00+10:00,26.24
2026-08-04,Neptune,2026-08-04T03:30:00+10:00,46.79,127.16,2026-08-04T03:30:00+10:00,46.79,excellent,predawn,-42.23,2026-08-04T03:30:00+10:00,46.79
2026-08-05,Mercury,2026-08-05T07:00:00+10:00,6.51,19.17,2026-08-05T07:00:00+10:00,6.51,poor,predawn,-4.11,2026-08-05T11:00:00+10:00,26.96
2026-08-05,Venus,2026-08-05T18:00:00+10:00,32.66,45.58,2026-08-05T18:00:00+10:00,32.66,good,evening,-8.18,2026-08-05T15:00:00+10:00,46.9
2026-08-05,Mars,2026-08-05T07:00:00+10:00,18.25,46.82,2026-08-05T07:00:00+10:00,18.25,fair,predawn,-4.11,2026-08-05T09:00:00+10:00,23.73
2026-08-05,Jupiter,2026-08-05T07:00:00+10:00,-2.17,4.71,2026-08-05T07:00:00+10:00,-2.17,not visible,predawn,-4.11,2026-08-05T12:00:00+10:00,28.48
2026-08-05,Saturn,2026-08-05T04:30:00+10:00,43.71,117.68,2026-08-05T04:30:00+10:00,43.71,good,predawn,-31.24,2026-08-05T04:30:00+10:00,43.71
2026-08-05,Uranus,2026-08-05T07:00:00+10:00,25.84,67.37,2026-08-05T07:00:00+10:00,25.84,good,predawn,-4.11,2026-08-05T07:30:00+10:00,26.25
2026-08-05,Neptune,2026-08-05T03:30:00+10:00,46.83,128.13,2026-08-05T03:30:00+10:00,46.83,excellent,predawn,-42.04,2026-08-05T03:30:00+10:00,46.83
2026-08-06,Mercury,2026-08-06T06:30:00+10:00,1.65,18.91,2026-08-06T06:30:00+10:00,1.65,poor,predawn,-9.18,2026-08-06T11:00:00+10:00,26.93
2026-08-06,Venus,2026-08-06T18:00:00+10:00,33.0,45.64,2026-08-06T18:00:00+10:00,33.0,good,evening,-8.01,2026-08-06T15:00:00+10:00,47.4
2026-08-06,Mars,2026-08-06T06:30:00+10:00,15.4,47.1,2026-08-06T06:30:00+10:00,15.4,fair,predawn,-9.18,2026-08-06T09:00:00+10:00,23.7
2026-08-06,Jupiter,2026-08-06T06:30:00+10:00,-6.75,5.43,2026-08-06T06:30:00+10:00,-6.75,not visible,predawn,-9.18,2026-08-06T12:00:00+10:00,28.53
2026-08-06,Saturn,2026-08-06T04:00:00+10:00,43.73,118.64,2026-08-06T04:00:00+10:00,43.73,good,predawn,-36.49,2026-08-06T04:00:00+10:00,43.73
2026-08-06,Uranus,2026-08-06T06:30:00+10:00,24.88,68.28,2026-08-06T06:30:00+10:00,24.88,fair,predawn,-9.18,2026-08-06T07:30:00+10:00,26.24
2026-08-06,Neptune,2026-08-06T03:30:00+10:00,46.86,129.11,2026-08-06T03:30:00+10:00,46.86,excellent,predawn,-41.83,2026-08-06T03:30:00+10:00,46.86
2026-08-07,Mercury,2026-08-07T06:30:00+10:00,1.37,18.55,2026-08-07T06:30:00+10:00,1.37,poor,predawn,-8.97,2026-08-07T11:00:00+10:00,26.92
2026-08-07,Venus,2026-08-07T18:00:00+10:00,33.34,45.69,2026-08-07T18:00:00+10:00,33.34,good,evening,-7.85,2026-08-07T15:00:00+10:00,47.89
2026-08-07,Mars,2026-08-07T06:30:00+10:00,15.48,47.39,2026-08-07T06:30:00+10:00,15.48,fair,predawn,-8.97,2026-08-07T09:00:00+10:00,23.67
2026-08-07,Jupiter,2026-08-07T06:30:00+10:00,-6.18,6.16,2026-08-07T06:30:00+10:00,-6.18,not visible,predawn,-8.97,2026-08-07T12:00:00+10:00,28.57
2026-08-07,Saturn,2026-08-07T04:00:00+10:00,43.79,119.61,2026-08-07T04:00:00+10:00,43.79,good,predawn,-36.29,2026-08-07T04:00:00+10:00,43.79
2026-08-07,Uranus,2026-08-07T06:30:00+10:00,25.05,69.21,2026-08-07T06:30:00+10:00,25.05,good,predawn,-8.97,2026-08-07T07:30:00+10:00,26.22
2026-08-07,Neptune,2026-08-07T03:30:00+10:00,46.87,130.08,2026-08-07T03:30:00+10:00,46.87,excellent,predawn,-41.63,2026-08-07T03:30:00+10:00,46.87
2026-08-08,Mercury,2026-08-08T06:30:00+10:00,1.06,18.11,2026-08-08T06:30:00+10:00,1.06,poor,predawn,-8.76,2026-08-08T11:00:00+10:00,26.96
2026-08-08,Venus,2026-08-08T18:00:00+10:00,33.67,45.73,2026-08-08T18:00:00+10:00,33.67,good,evening,-7.68,2026-08-08T15:00:00+10:00,48.38
2026-08-08,Mars,2026-08-08T06:30:00+10:00,15.57,47.68,2026-08-08T06:30:00+10:00,15.57,fair,predawn,-8.76,2026-08-08T09:00:00+10:00,23.64
2026-08-08,Jupiter,2026-08-08T06:30:00+10:00,-5.62,6.9,2026-08-08T06:30:00+10:00,-5.62,not visible,predawn,-8.76,2026-08-08T12:00:00+10:00,28.6
2026-08-08,Saturn,2026-08-08T04:00:00+10:00,43.83,120.59,2026-08-08T04:00:00+10:00,43.83,good,predawn,-36.09,2026-08-08T04:00:00+10:00,43.83
2026-08-08,Uranus,2026-08-08T06:30:00+10:00,25.21,70.14,2026-08-08T06:30:00+10:00,25.21,good,predawn,-8.76,2026-08-08T07:30:00+10:00,26.19
2026-08-08,Neptune,2026-08-08T03:30:00+10:00,46.86,131.05,2026-08-08T03:30:00+10:00,46.86,excellent,predawn,-41.41,2026-08-08T03:30:00+10:00,46.86
2026-08-09,Mercury,2026-08-09T06:30:00+10:00,0.72,17.59,2026-08-09T06:30:00+10:00,0.72,poor,predawn,-8.55,2026-08-09T11:00:00+10:00,27.02
2026-08-09,Venus,2026-08-09T18:00:00+10:00,33.99,45.78,2026-08-09T18:00:00+10:00,33.99,good,evening,-7.51,2026-08-09T15:00:00+10:00,48.87
2026-08-09,Mars,2026-08-09T06:30:00+10:00,15.65,47.97,2026-08-09T06:30:00+10:00,15.65,fair,predawn,-8.55,2026-08-09T09:00:00+10:00,23.61
2026-08-09,Jupiter,2026-08-09T06:30:00+10:00,-5.06,7.63,2026-08-09T06:30:00+10:00,-5.06,not visible,predawn,-8.55,2026-08-09T12:00:00+10:00,28.63
2026-08-09,Saturn,2026-08-09T04:00:00+10:00,43.85,121.56,2026-08-09T04:00:00+10:00,43.85,good,predawn,-35.87,2026-08-09T04:00:00+10:00,43.85
2026-08-09,Uranus,2026-08-09T06:30:00+10:00,25.35,71.07,2026-08-09T06:30:00+10:00,25.35,good,predawn,-8.55,2026-08-09T07:30:00+10:00,26.14
2026-08-09,Neptune,2026-08-09T03:30:00+10:00,46.83,132.03,2026-08-09T03:30:00+10:00,46.83,excellent,predawn,-41.2,2026-08-09T03:30:00+10:00,46.83
2026-08-10,Mercury,2026-08-10T06:30:00+10:00,0.37,17.0,2026-08-10T06:30:00+10:00,0.37,poor,predawn,-8.33,2026-08-10T11:00:00+10:00,27.12
2026-08-10,Venus,2026-08-10T18:00:00+10:00,34.31,45.81,2026-08-10T18:00:00+10:00,34.31,good,evening,-7.34,2026-08-10T15:00:00+10:00,49.36
2026-08-10,Mars,2026-08-10T06:30:00+10:00,15.74,48.27,2026-08-10T06:30:00+10:00,15.74,fair,predawn,-8.33,2026-08-10T09:00:00+10:00,23.58
2026-08-10,Jupiter,2026-08-10T06:30:00+10:00,-4.5,8.37,2026-08-10T06:30:00+10:00,-4.5,not visible,predawn,-8.33,2026-08-10T11:30:00+10:00,28.68
2026-08-10,Saturn,2026-08-10T04:00:00+10:00,43.86,122.54,2026-08-10T04:00:00+10:00,43.86,good,predawn,-35.66,2026-08-10T04:00:00+10:00,43.86
2026-08-10,Uranus,2026-08-10T06:30:00+10:00,25.49,72.0,2026-08-10T06:30:00+10:00,25.49,good,predawn,-8.33,2026-08-10T07:00:00+10:00,26.16
2026-08-10,Neptune,2026-08-10T03:30:00+10:00,46.79,133.0,2026-08-10T03:30:00+10:00,46.79,excellent,predawn,-40.97,2026-08-10T03:30:00+10:00,46.79
2026-08-11,Mercury,2026-08-11T06:30:00+10:00,-0.01,16.34,2026-08-11T06:30:00+10:00,-0.01,not visible,predawn,-8.11,2026-08-11T11:00:00+10:00,27.24
2026-08-11,Venus,2026-08-11T18:00:00+10:00,34.62,45.84,2026-08-11T18:00:00+10:00,34.62,good,evening,-7.17,2026-08-11T15:00:00+10:00,49.85
2026-08-11,Mars,2026-08-11T06:30:00+10:00,15.83,48.56,2026-08-11T06:30:00+10:00,15.83,fair,predawn,-8.11,2026-08-11T09:00:00+10:00,23.56
2026-08-11,Jupiter,2026-08-11T06:30:00+10:00,-3.94,9.11,2026-08-11T06:30:00+10:00,-3.94,not visible,predawn,-8.11,2026-08-11T11:30:00+10:00,28.76
2026-08-11,Saturn,2026-08-11T04:00:00+10:00,43.85,123.53,2026-08-11T04:00:00+10:00,43.85,good,predawn,-35.43,2026-08-11T04:00:00+10:00,43.85
2026-08-11,Uranus,2026-08-11T06:30:00+10:00,25.61,72.93,2026-08-11T06:30:00+10:00,25.61,good,predawn,-8.11,2026-08-11T07:00:00+10:00,26.19
2026-08-11,Neptune,2026-08-11T03:00:00+10:00,46.81,133.96,2026-08-11T03:00:00+10:00,46.81,excellent,predawn,-45.85,2026-08-11T03:00:00+10:00,46.81
2026-08-12,Mercury,2026-08-12T06:30:00+10:00,-0.4,15.62,2026-08-12T06:30:00+10:00,-0.4,not visible,predawn,-7.88,2026-08-12T11:30:00+10:00,27.42
2026-08-12,Venus,2026-08-12T18:00:00+10:00,34.93,45.86,2026-08-12T18:00:00+10:00,34.93,good,evening,-6.99,2026-08-12T15:00:00+10:00,50.34
2026-08-12,Mars,2026-08-12T06:30:00+10:00,15.93,48.86,2026-08-12T06:30:00+10:00,15.93,fair,predawn,-7.88,2026-08-12T09:00:00+10:00,23.54
2026-08-12,Jupiter,2026-08-12T06:30:00+10:00,-3.38,9.85,2026-08-12T06:30:00+10:00,-3.38,not visible,predawn,-7.88,2026-08-12T11:30:00+10:00,28.85
2026-08-12,Saturn,2026-08-12T04:00:00+10:00,43.83,124.51,2026-08-12T04:00:00+10:00,43.83,good,predawn,-35.21,2026-08-12T04:00:00+10:00,43.83
2026-08-12,Uranus,2026-08-12T06:30:00+10:00,25.72,73.87,2026-08-12T06:30:00+10:00,25.72,good,predawn,-7.88,2026-08-12T07:00:00+10:00,26.21
2026-08-12,Neptune,2026-08-12T03:00:00+10:00,46.86,134.93,2026-08-12T03:00:00+10:00,46.86,excellent,predawn,-45.61,2026-08-12T03:00:00+10:00,46.86
2026-08-13,Mercury,2026-08-13T06:30:00+10:00,-0.8,14.84,2026-08-13T06:30:00+10:00,-0.8,not visible,predawn,-7.65,2026-08-13T11:30:00+10:00,27.71
2026-08-13,Venus,2026-08-13T18:00:00+10:00,35.23,45.88,2026-08-13T18:00:00+10:00,35.23,good,evening,-6.82,2026-08-13T15:00:00+10:00,50.83
2026-08-13,Mars,2026-08-13T06:30:00+10:00,16.02,49.16,2026-08-13T06:30:00+10:00,16.02,fair,predawn,-7.65,2026-08-13T09:00:00+10:00,23.53
2026-08-13,Jupiter,2026-08-13T06:30:00+10:00,-2.82,10.59,2026-08-13T06:30:00+10:00,-2.82,not visible,predawn,-7.65,2026-08-13T11:30:00+10:00,28.92
2026-08-13,Saturn,2026-08-13T03:30:00+10:00,43.79,125.48,2026-08-13T03:30:00+10:00,43.79,good,predawn,-40.27,2026-08-13T03:30:00+10:00,43.79
2026-08-13,Uranus,2026-08-13T06:30:00+10:00,25.82,74.8,2026-08-13T06:30:00+10:00,25.82,good,predawn,-7.65,2026-08-13T07:00:00+10:00,26.21
2026-08-13,Neptune,2026-08-13T03:00:00+10:00,46.9,135.91,2026-08-13T03:00:00+10:00,46.9,excellent,predawn,-45.36,2026-08-13T03:00:00+10:00,46.9
2026-08-14,Mercury,2026-08-14T06:30:00+10:00,-1.2,14.0,2026-08-14T06:30:00+10:00,-1.2,not visible,predawn,-7.41,2026-08-14T11:30:00+10:00,28.03
2026-08-14,Venus,2026-08-14T18:00:00+10:00,35.52,45.89,2026-08-14T18:00:00+10:00,35.52,good,evening,-6.65,2026-08-14T15:00:00+10:00,51.31
2026-08-14,Mars,2026-08-14T06:30:00+10:00,16.12,49.46,2026-08-14T06:30:00+10:00,16.12,fair,predawn,-7.41,2026-08-14T09:00:00+10:00,23.51
2026-08-14,Jupiter,2026-08-14T06:30:00+10:00,-2.26,11.33,2026-08-14T06:30:00+10:00,-2.26,not visible,predawn,-7.41,2026-08-14T11:30:00+10:00,28.99
2026-08-14,Saturn,2026-08-14T03:30:00+10:00,43.86,126.46,2026-08-14T03:30:00+10:00,43.86,good,predawn,-40.03,2026-08-14T03:30:00+10:00,43.86
2026-08-14,Uranus,2026-08-14T06:30:00+10:00,25.91,75.74,2026-08-14T06:30:00+10:00,25.91,good,predawn,-7.41,2026-08-14T07:00:00+10:00,26.2
2026-08-14,Neptune,2026-08-14T03:00:00+10:00,46.92,136.89,2026-08-14T03:00:00+10:00,46.92,excellent,predawn,-45.11,2026-08-14T03:00:00+10:00,46.92
2026-08-15,Mercury,2026-08-15T06:30:00+10:00,-1.6,13.12,2026-08-15T06:30:00+10:00,-1.6,not visible,predawn,-7.17,2026-08-15T11:30:00+10:00,28.38
2026-08-15,Venus,2026-08-15T18:00:00+10:00,35.81,45.89,2026-08-15T18:00:00+10:00,35.81,good,evening,-6.47,2026-08-15T15:00:00+10:00,51.8
2026-08-15,Mars,2026-08-15T06:30:00+10:00,16.23,49.76,2026-08-15T06:30:00+10:00,16.23,fair,predawn,-7.17,2026-08-15T09:00:00+10:00,23.5
2026-08-15,Jupiter,2026-08-15T06:30:00+10:00,-1.71,12.07,2026-08-15T06:30:00+10:00,-1.71,not visible,predawn,-7.17,2026-08-15T11:30:00+10:00,29.04
2026-08-15,Saturn,2026-08-15T03:30:00+10:00,43.92,127.45,2026-08-15T03:30:00+10:00,43.92,good,predawn,-39.78,2026-08-15T03:30:00+10:00,43.92
2026-08-15,Uranus,2026-08-15T06:30:00+10:00,25.98,76.68,2026-08-15T06:30:00+10:00,25.98,good,predawn,-7.17,2026-08-15T07:00:00+10:00,26.18
2026-08-15,Neptune,2026-08-15T03:00:00+10:00,46.92,137.87,2026-08-15T03:00:00+10:00,46.92,excellent,predawn,-44.85,2026-08-15T03:00:00+10:00,46.92
2026-08-16,Mercury,2026-08-16T06:30:00+10:00,-2.0,12.2,2026-08-16T06:30:00+10:00,-2.0,not visible,predawn,-6.92,2026-08-16T11:30:00+10:00,28.76
2026-08-16,Venus,2026-08-16T18:00:00+10:00,36.09,45.89,2026-08-16T18:00:00+10:00,36.09,good,evening,-6.29,2026-08-16T15:00:00+10:00,52.28
2026-08-16,Mars,2026-08-16T06:30:00+10:00,16.33,50.06,2026-08-16T06:30:00+10:00,16.33,fair,predawn,-6.92,2026-08-16T09:00:00+10:00,23.49
2026-08-16,Jupiter,2026-08-16T06:30:00+10:00,-1.15,12.81,2026-08-16T06:30:00+10:00,-1.15,not visible,predawn,-6.92,2026-08-16T11:30:00+10:00,29.09
2026-08-16,Saturn,2026-08-16T03:30:00+10:00,43.95,128.45,2026-08-16T03:30:00+10:00,43.95,good,predawn,-39.53,2026-08-16T03:30:00+10:00,43.95
2026-08-16,Uranus,2026-08-16T06:30:00+10:00,26.05,77.62,2026-08-16T06:30:00+10:00,26.05,good,predawn,-6.92,2026-08-16T07:00:00+10:00,26.15
2026-08-16,Neptune,2026-08-16T03:00:00+10:00,46.91,138.85,2026-08-16T03:00:00+10:00,46.91,excellent,predawn,-44.59,2026-08-16T03:00:00+10:00,46.91
2026-08-17,Mercury,2026-08-17T06:30:00+10:00,-2.39,11.25,2026-08-17T06:30:00+10:00,-2.39,not visible,predawn,-6.67,2026-08-17T11:30:00+10:00,29.18
2026-08-17,Venus,2026-08-17T18:00:00+10:00,36.36,45.88,2026-08-17T18:00:00+10:00,36.36,good,evening,-6.11,2026-08-17T15:00:00+10:00,52.76
2026-08-17,Mars,2026-08-17T06:30:00+10:00,16.44,50.37,2026-08-17T06:30:00+10:00,16.44,fair,predawn,-6.67,2026-08-17T09:00:00+10:00,23.48
2026-08-17,Jupiter,2026-08-17T06:30:00+10:00,-0.6,13.55,2026-08-17T06:30:00+10:00,-0.6,not visible,predawn,-6.67,2026-08-17T11:30:00+10:00,29.14
2026-08-17,Saturn,2026-08-17T03:30:00+10:00,43.97,129.44,2026-08-17T03:30:00+10:00,43.97,good,predawn,-39.27,2026-08-17T03:30:00+10:00,43.97
2026-08-17,Uranus,2026-08-17T06:30:00+10:00,26.1,78.56,2026-08-17T06:30:00+10:00,26.1,good,predawn,-6.67,2026-08-17T07:00:00+10:00,26.1
2026-08-17,Neptune,2026-08-17T03:00:00+10:00,46.87,139.83,2026-08-17T03:00:00+10:00,46.87,excellent,predawn,-44.32,2026-08-17T03:00:00+10:00,46.87
2026-08-18,Mercury,2026-08-18T06:30:00+10:00,-2.76,10.28,2026-08-18T06:30:00+10:00,-2.76,not visible,predawn,-6.42,2026-08-18T11:30:00+10:00,29.62
2026-08-18,Venus,2026-08-18T18:00:00+10:00,36.62,45.86,2026-08-18T18:00:00+10:00,36.62,good,evening,-5.94,2026-08-18T15:00:00+10:00,53.23
2026-08-18,Mars,2026-08-18T06:30:00+10:00,16.55,50.68,2026-08-18T06:30:00+10:00,16.55,fair,predawn,-6.42,2026-08-18T09:00:00+10:00,23.47
2026-08-18,Jupiter,2026-08-18T06:30:00+10:00,-0.05,14.3,2026-08-18T06:30:00+10:00,-0.05,not visible,predawn,-6.42,2026-08-18T11:30:00+10:00,29.17
2026-08-18,Saturn,2026-08-18T03:30:00+10:00,43.97,130.43,2026-08-18T03:30:00+10:00,43.97,good,predawn,-39.01,2026-08-18T03:30:00+10:00,43.97
2026-08-18,Uranus,2026-08-18T06:30:00+10:00,26.14,79.5,2026-08-18T06:30:00+10:00,26.14,good,predawn,-6.42,2026-08-18T06:30:00+10:00,26.14
2026-08-18,Neptune,2026-08-18T02:30:00+10:00,46.83,140.79,2026-08-18T02:30:00+10:00,46.83,excellent,overnight,-48.76,2026-08-18T02:30:00+10:00,46.83
2026-08-19,Mercury,2026-08-19T06:30:00+10:00,-3.12,9.29,2026-08-19T06:30:00+10:00,-3.12,not visible,predawn,-6.16,2026-08-19T11:30:00+10:00,30.08
2026-08-19,Venus,2026-08-19T18:00:00+10:00,36.88,45.83,2026-08-19T18:00:00+10:00,36.88,good,evening,-5.76,2026-08-19T15:00:00+10:00,53.7
2026-08-19,Mars,2026-08-19T06:30:00+10:00,16.67,50.98,2026-08-19T06:30:00+10:00,16.67,fair,predawn,-6.16,2026-08-19T08:30:00+10:00,23.48
2026-08-19,Jupiter,2026-08-19T06:30:00+10:00,0.5,15.04,2026-08-19T06:30:00+10:00,0.5,poor,predawn,-6.16,2026-08-19T11:30:00+10:00,29.2
2026-08-19,Saturn,2026-08-19T03:30:00+10:00,43.96,131.43,2026-08-19T03:30:00+10:00,43.96,good,predawn,-38.74,2026-08-19T03:30:00+10:00,43.96
2026-08-19,Uranus,2026-08-19T06:30:00+10:00,26.16,80.44,2026-08-19T06:30:00+10:00,26.16,good,predawn,-6.16,2026-08-19T06:30:00+10:00,26.16
2026-08-19,Neptune,2026-08-19T02:30:00+10:00,46.9,141.77,2026-08-19T02:30:00+10:00,46.9,excellent,overnight,-48.47,2026-08-19T02:30:00+10:00,46.9
2026-08-20,Mercury,2026-08-20T06:30:00+10:00,-3.46,8.28,2026-08-20T06:30:00+10:00,-3.46,not visible,predawn,-5.89,2026-08-20T12:00:00+10:00,30.63
2026-08-20,Venus,2026-08-20T18:00:00+10:00,37.12,45.8,2026-08-20T18:00:00+10:00,37.12,good,evening,-5.58,2026-08-20T15:00:00+10:00,54.17
2026-08-20,Mars,2026-08-20T06:30:00+10:00,16.78,51.29,2026-08-20T06:30:00+10:00,16.78,fair,predawn,-5.89,2026-08-20T08:30:00+10:00,23.5
2026-08-20,Jupiter,2026-08-20T06:30:00+10:00,1.05,15.79,2026-08-20T06:30:00+10:00,1.05,poor,predawn,-5.89,2026-08-20T11:00:00+10:00,29.25
2026-08-20,Saturn,2026-08-20T03:30:00+10:00,43.92,132.43,2026-08-20T03:30:00+10:00,43.92,good,predawn,-38.47,2026-08-20T03:30:00+10:00,43.92
2026-08-20,Uranus,2026-08-20T06:30:00+10:00,26.18,81.39,2026-08-20T06:30:00+10:00,26.18,good,predawn,-5.89,2026-08-20T06:30:00+10:00,26.18
2026-08-20,Neptune,2026-08-20T02:30:00+10:00,46.95,142.75,2026-08-20T02:30:00+10:00,46.95,excellent,overnight,-48.18,2026-08-20T02:30:00+10:00,46.95
2026-08-21,Mercury,2026-08-21T06:30:00+10:00,-3.78,7.27,2026-08-21T06:30:00+10:00,-3.78,not visible,predawn,-5.63,2026-08-21T12:00:00+10:00,31.24
2026-08-21,Venus,2026-08-21T18:00:00+10:00,37.36,45.75,2026-08-21T18:00:00+10:00,37.36,good,evening,-5.4,2026-08-21T15:00:00+10:00,54.64
2026-08-21,Mars,2026-08-21T06:30:00+10:00,16.9,51.61,2026-08-21T06:30:00+10:00,16.9,fair,predawn,-5.63,2026-08-21T08:30:00+10:00,23.53
2026-08-21,Jupiter,2026-08-21T06:30:00+10:00,1.6,16.53,2026-08-21T06:30:00+10:00,1.6,poor,predawn,-5.63,2026-08-21T11:00:00+10:00,29.34
2026-08-21,Saturn,2026-08-21T03:00:00+10:00,43.96,133.41,2026-08-21T03:00:00+10:00,43.96,good,predawn,-43.21,2026-08-21T03:00:00+10:00,43.96
2026-08-21,Uranus,2026-08-21T06:30:00+10:00,26.18,82.33,2026-08-21T06:30:00+10:00,26.18,good,predawn,-5.63,2026-08-21T06:30:00+10:00,26.18
2026-08-21,Neptune,2026-08-21T02:30:00+10:00,46.98,143.73,2026-08-21T02:30:00+10:00,46.98,excellent,overnight,-47.88,2026-08-21T02:30:00+10:00,46.98
2026-08-22,Mercury,2026-08-22T06:30:00+10:00,-4.07,6.27,2026-08-22T06:30:00+10:00,-4.07,not visible,predawn,-5.36,2026-08-22T12:00:00+10:00,31.87
2026-08-22,Venus,2026-08-22T18:00:00+10:00,37.59,45.7,2026-08-22T18:00:00+10:00,37.59,good,evening,-5.22,2026-08-22T15:00:00+10:00,55.1
2026-08-22,Mars,2026-08-22T06:30:00+10:00,17.02,51.92,2026-08-22T06:30:00+10:00,17.02,fair,predawn,-5.36,2026-08-22T08:30:00+10:00,23.56
2026-08-22,Jupiter,2026-08-22T06:30:00+10:00,2.14,17.28,2026-08-22T06:30:00+10:00,2.14,poor,predawn,-5.36,2026-08-22T11:00:00+10:00,29.42
2026-08-22,Saturn,2026-08-22T03:00:00+10:00,44.03,134.41,2026-08-22T03:00:00+10:00,44.03,good,predawn,-42.92,2026-08-22T03:00:00+10:00,44.03
2026-08-22,Uranus,2026-08-22T06:30:00+10:00,26.17,83.28,2026-08-22T06:30:00+10:00,26.17,good,predawn,-5.36,2026-08-22T06:30:00+10:00,26.17
2026-08-22,Neptune,2026-08-22T02:30:00+10:00,46.99,144.71,2026-08-22T02:30:00+10:00,46.99,excellent,overnight,-47.58,2026-08-22T02:30:00+10:00,46.99
2026-08-23,Mercury,2026-08-23T06:30:00+10:00,-4.34,5.28,2026-08-23T06:30:00+10:00,-4.34,not visible,predawn,-5.08,2026-08-23T12:00:00+10:00,32.52
2026-08-23,Venus,2026-08-23T18:00:00+10:00,37.8,45.64,2026-08-23T18:00:00+10:00,37.8,good,evening,-5.03,2026-08-23T15:00:00+10:00,55.56
2026-08-23,Mars,2026-08-23T06:30:00+10:00,17.15,52.24,2026-08-23T06:30:00+10:00,17.15,fair,predawn,-5.08,2026-08-23T08:30:00+10:00,23.59
2026-08-23,Jupiter,2026-08-23T06:30:00+10:00,2.69,18.03,2026-08-23T06:30:00+10:00,2.69,poor,predawn,-5.08,2026-08-23T11:00:00+10:00,29.5
2026-08-23,Saturn,2026-08-23T03:00:00+10:00,44.08,135.42,2026-08-23T03:00:00+10:00,44.08,good,predawn,-42.63,2026-08-23T03:00:00+10:00,44.08
2026-08-23,Uranus,2026-08-23T06:30:00+10:00,26.15,84.22,2026-08-23T06:30:00+10:00,26.15,good,predawn,-5.08,2026-08-23T06:30:00+10:00,26.15
2026-08-23,Neptune,2026-08-23T02:30:00+10:00,46.98,145.7,2026-08-23T02:30:00+10:00,46.98,excellent,overnight,-47.27,2026-08-23T02:30:00+10:00,46.98
2026-08-24,Mercury,2026-08-24T06:30:00+10:00,-4.59,4.31,2026-08-24T06:30:00+10:00,-4.59,not visible,predawn,-4.81,2026-08-24T12:00:00+10:00,33.18
2026-08-24,Venus,2026-08-24T18:00:00+10:00,38.01,45.57,2026-08-24T18:00:00+10:00,38.01,good,evening,-4.85,2026-08-24T15:00:00+10:00,56.01
2026-08-24,Mars,2026-08-24T06:30:00+10:00,17.28,52.55,2026-08-24T06:30:00+10:00,17.28,fair,predawn,-4.81,2026-08-24T08:30:00+10:00,23.62
2026-08-24,Jupiter,2026-08-24T06:30:00+10:00,3.23,18.77,2026-08-24T06:30:00+10:00,3.23,poor,predawn,-4.81,2026-08-24T11:00:00+10:00,29.56
2026-08-24,Saturn,2026-08-24T03:00:00+10:00,44.11,136.42,2026-08-24T03:00:00+10:00,44.11,good,predawn,-42.33,2026-08-24T03:00:00+10:00,44.11
2026-08-24,Uranus,2026-08-24T06:30:00+10:00,26.11,85.17,2026-08-24T06:30:00+10:00,26.11,good,predawn,-4.81,2026-08-24T06:30:00+10:00,26.11
2026-08-24,Neptune,2026-08-24T02:30:00+10:00,46.96,146.68,2026-08-24T02:30:00+10:00,46.96,excellent,overnight,-46.96,2026-08-24T02:30:00+10:00,46.96
2026-08-25,Mercury,2026-08-25T06:30:00+10:00,-4.8,3.4,2026-08-25T06:30:00+10:00,-4.8,not visible,predawn,-4.53,2026-08-25T12:00:00+10:00,33.84
2026-08-25,Venus,2026-08-25T18:00:00+10:00,38.21,45.49,2026-08-25T18:00:00+10:00,38.21,good,evening,-4.67,2026-08-25T15:00:00+10:00,56.46
2026-08-25,Mars,2026-08-25T06:30:00+10:00,17.41,52.87,2026-08-25T06:30:00+10:00,17.41,fair,predawn,-4.53,2026-08-25T08:30:00+10:00,23.65
2026-08-25,Jupiter,2026-08-25T06:30:00+10:00,3.77,19.52,2026-08-25T06:30:00+10:00,3.77,poor,predawn,-4.53,2026-08-25T11:00:00+10:00,29.62
2026-08-25,Saturn,2026-08-25T03:00:00+10:00,44.12,137.43,2026-08-25T03:00:00+10:00,44.12,good,predawn,-42.03,2026-08-25T03:00:00+10:00,44.12
2026-08-25,Uranus,2026-08-25T06:00:00+10:00,26.08,86.1,2026-08-25T06:00:00+10:00,26.08,good,predawn,-9.98,2026-08-25T06:00:00+10:00,26.08
2026-08-25,Neptune,2026-08-25T02:30:00+10:00,46.91,147.67,2026-08-25T02:30:00+10:00,46.91,excellent,overnight,-46.65,2026-08-25T02:30:00+10:00,46.91
2026-08-26,Mercury,2026-08-26T06:30:00+10:00,-4.99,2.58,2026-08-26T06:30:00+10:00,-4.99,not visible,predawn,-4.24,2026-08-26T12:00:00+10:00,34.51
2026-08-26,Venus,2026-08-26T18:00:00+10:00,38.4,45.4,2026-08-26T18:00:00+10:00,38.4,good,evening,-4.48,2026-08-26T15:00:00+10:00,56.9
2026-08-26,Mars,2026-08-26T06:30:00+10:00,17.54,53.19,2026-08-26T06:30:00+10:00,17.54,fair,predawn,-4.24,2026-08-26T08:30:00+10:00,23.69
2026-08-26,Jupiter,2026-08-26T06:30:00+10:00,4.31,20.27,2026-08-26T06:30:00+10:00,4.31,poor,predawn,-4.24,2026-08-26T11:00:00+10:00,29.67
2026-08-26,Saturn,2026-08-26T03:00:00+10:00,44.11,138.44,2026-08-26T03:00:00+10:00,44.11,good,predawn,-41.72,2026-08-26T03:00:00+10:00,44.11
2026-08-26,Uranus,2026-08-26T06:00:00+10:00,26.12,87.05,2026-08-26T06:00:00+10:00,26.12,good,predawn,-9.7,2026-08-26T06:00:00+10:00,26.12
2026-08-26,Neptune,2026-08-26T02:00:00+10:00,46.93,148.63,2026-08-26T02:00:00+10:00,46.93,excellent,overnight,-50.44,2026-08-26T02:00:00+10:00,46.93
2026-08-27,Mercury,2026-08-27T18:00:00+10:00,-5.29,1.79,2026-08-27T18:00:00+10:00,-5.29,not visible,evening,-4.3,2026-08-27T12:00:00+10:00,35.19
2026-08-27,Venus,2026-08-27T18:00:00+10:00,38.57,45.3,2026-08-27T18:00:00+10:00,38.57,good,evening,-4.3,2026-08-27T15:00:00+10:00,57.34
2026-08-27,Mars,2026-08-27T06:00:00+10:00,14.64,53.51,2026-08-27T06:00:00+10:00,14.64,poor,predawn,-9.42,2026-08-27T08:30:00+10:00,23.73
2026-08-27,Jupiter,2026-08-27T06:00:00+10:00,-0.08,21.01,2026-08-27T06:00:00+10:00,-0.08,not visible,predawn,-9.42,2026-08-27T11:00:00+10:00,29.71
2026-08-27,Saturn,2026-08-27T03:00:00+10:00,44.09,139.45,2026-08-27T03:00:00+10:00,44.09,good,predawn,-41.41,2026-08-27T03:00:00+10:00,44.09
2026-08-27,Uranus,2026-08-27T06:00:00+10:00,26.15,88.0,2026-08-27T06:00:00+10:00,26.15,good,predawn,-9.42,2026-08-27T06:00:00+10:00,26.15
2026-08-27,Neptune,2026-08-27T02:00:00+10:00,46.99,149.62,2026-08-27T02:00:00+10:00,46.99,excellent,overnight,-50.11,2026-08-27T02:00:00+10:00,46.99
2026-08-28,Mercury,2026-08-28T18:00:00+10:00,-4.16,1.84,2026-08-28T18:00:00+10:00,-4.16,not visible,evening,-4.11,2026-08-28T12:30:00+10:00,35.96
2026-08-28,Venus,2026-08-28T18:00:00+10:00,38.73,45.19,2026-08-28T18:00:00+10:00,38.73,good,evening,-4.11,2026-08-28T15:00:00+10:00,57.77
2026-08-28,Mars,2026-08-28T06:00:00+10:00,14.8,53.83,2026-08-28T06:00:00+10:00,14.8,poor,predawn,-9.13,2026-08-28T08:30:00+10:00,23.77
2026-08-28,Jupiter,2026-08-28T06:00:00+10:00,0.47,21.76,2026-08-28T06:00:00+10:00,0.47,poor,predawn,-9.13,2026-08-28T11:00:00+10:00,29.74
2026-08-28,Saturn,2026-08-28T02:30:00+10:00,44.09,140.44,2026-08-28T02:30:00+10:00,44.09,good,overnight,-45.69,2026-08-28T02:30:00+10:00,44.09
2026-08-28,Uranus,2026-08-28T06:00:00+10:00,26.16,88.96,2026-08-28T06:00:00+10:00,26.16,good,predawn,-9.13,2026-08-28T06:00:00+10:00,26.16
2026-08-28,Neptune,2026-08-28T02:00:00+10:00,47.03,150.61,2026-08-28T02:00:00+10:00,47.03,excellent,overnight,-49.77,2026-08-28T02:00:00+10:00,47.03
2026-08-29,Mercury,2026-08-29T18:30:00+10:00,-8.47,2.34,2026-08-29T18:30:00+10:00,-8.47,not visible,evening,-9.39,2026-08-29T12:30:00+10:00,36.74
2026-08-29,Venus,2026-08-29T18:30:00+10:00,33.75,45.06,2026-08-29T18:30:00+10:00,33.75,good,evening,-9.39,2026-08-29T15:00:00+10:00,58.2
2026-08-29,Mars,2026-08-29T06:00:00+10:00,14.96,54.16,2026-08-29T06:00:00+10:00,14.96,poor,predawn,-8.84,2026-08-29T08:30:00+10:00,23.81
2026-08-29,Jupiter,2026-08-29T06:00:00+10:00,1.03,22.51,2026-08-29T06:00:00+10:00,1.03,poor,predawn,-8.84,2026-08-29T11:00:00+10:00,29.77
2026-08-29,Saturn,2026-08-29T02:30:00+10:00,44.17,141.45,2026-08-29T02:30:00+10:00,44.17,good,overnight,-45.36,2026-08-29T02:30:00+10:00,44.17
2026-08-29,Uranus,2026-08-29T06:00:00+10:00,26.16,89.91,2026-08-29T06:00:00+10:00,26.16,good,predawn,-8.84,2026-08-29T06:00:00+10:00,26.16
2026-08-29,Neptune,2026-08-29T02:00:00+10:00,47.06,151.59,2026-08-29T02:00:00+10:00,47.06,excellent,overnight,-49.43,2026-08-29T02:00:00+10:00,47.06
2026-08-30,Mercury,2026-08-30T18:30:00+10:00,-7.37,3.06,2026-08-30T18:30:00+10:00,-7.37,not visible,evening,-9.21,2026-08-30T12:30:00+10:00,37.52
2026-08-30,Venus,2026-08-30T18:30:00+10:00,33.87,44.93,2026-08-30T18:30:00+10:00,33.87,good,evening,-9.21,2026-08-30T15:00:00+10:00,58.62
2026-08-30,Mars,2026-08-30T06:00:00+10:00,15.12,54.49,2026-08-30T06:00:00+10:00,15.12,fair,predawn,-8.54,2026-08-30T08:30:00+10:00,23.86
2026-08-30,Jupiter,2026-08-30T06:00:00+10:00,1.58,23.27,2026-08-30T06:00:00+10:00,1.58,poor,predawn,-8.54,2026-08-30T10:30:00+10:00,29.84
2026-08-30,Saturn,2026-08-30T02:30:00+10:00,44.22,142.47,2026-08-30T02:30:00+10:00,44.22,good,overnight,-45.03,2026-08-30T02:30:00+10:00,44.22
2026-08-30,Uranus,2026-08-30T06:00:00+10:00,26.15,90.86,2026-08-30T06:00:00+10:00,26.15,good,predawn,-8.54,2026-08-30T06:00:00+10:00,26.15
2026-08-30,Neptune,2026-08-30T02:00:00+10:00,47.06,152.58,2026-08-30T02:00:00+10:00,47.06,excellent,overnight,-49.08,2026-08-30T02:00:00+10:00,47.06
2026-08-31,Mercury,2026-08-31T18:30:00+10:00,-6.28,3.86,2026-08-31T18:30:00+10:00,-6.28,not visible,evening,-9.03,2026-08-31T12:30:00+10:00,38.3
2026-08-31,Venus,2026-08-31T18:30:00+10:00,33.97,44.78,2026-08-31T18:30:00+10:00,33.97,good,evening,-9.03,2026-08-31T15:00:00+10:00,59.03
2026-08-31,Mars,2026-08-31T06:00:00+10:00,15.29,54.81,2026-08-31T06:00:00+10:00,15.29,fair,predawn,-8.25,2026-08-31T08:30:00+10:00,23.9
2026-08-31,Jupiter,2026-08-31T06:00:00+10:00,2.14,24.02,2026-08-31T06:00:00+10:00,2.14,poor,predawn,-8.25,2026-08-31T10:30:00+10:00,29.93
2026-08-31,Saturn,2026-08-31T02:30:00+10:00,44.26,143.48,2026-08-31T02:30:00+10:00,44.26,good,overnight,-44.69,2026-08-31T02:30:00+10:00,44.26
2026-08-31,Uranus,2026-08-31T06:00:00+10:00,26.12,91.82,2026-08-31T06:00:00+10:00,26.12,good,predawn,-8.25,2026-08-31T06:00:00+10:00,26.12
2026-08-31,Neptune,2026-08-31T02:00:00+10:00,47.04,153.57,2026-08-31T02:00:00+10:00,47.04,excellent,overnight,-48.74,2026-08-31T02:00:00+10:00,47.04
2026-09-01,Mercury,2026-09-01T18:30:00+10:00,-5.21,4.7,2026-09-01T18:30:00+10:00,-5.21,not visible,evening,-8.84,2026-09-01T12:30:00+10:00,39.08
2026-09-01,Venus,2026-09-01T18:30:00+10:00,34.07,44.62,2026-09-01T18:30:00+10:00,34.07,good,evening,-8.84,2026-09-01T15:00:00+10:00,59.43
2026-09-01,Mars,2026-09-01T06:00:00+10:00,15.46,55.15,2026-09-01T06:00:00+10:00,15.46,fair,predawn,-7.95,2026-09-01T08:30:00+10:00,23.95
2026-09-01,Jupiter,2026-09-01T06:00:00+10:00,2.69,24.78,2026-09-01T06:00:00+10:00,2.69,poor,predawn,-7.95,2026-09-01T10:30:00+10:00,30.01
2026-09-01,Saturn,2026-09-01T02:30:00+10:00,44.28,144.5,2026-09-01T02:30:00+10:00,44.28,good,overnight,-44.35,2026-09-01T02:30:00+10:00,44.28
2026-09-01,Uranus,2026-09-01T06:00:00+10:00,26.09,92.78,2026-09-01T06:00:00+10:00,26.09,good,predawn,-7.95,2026-09-01T06:00:00+10:00,26.09
2026-09-01,Neptune,2026-09-01T02:00:00+10:00,47.01,154.56,2026-09-01T02:00:00+10:00,47.01,excellent,overnight,-48.39,2026-09-01T02:00:00+10:00,47.01
2026-09-02,Mercury,2026-09-02T18:30:00+10:00,-4.15,5.53,2026-09-02T18:30:00+10:00,-4.15,not visible,evening,-8.65,2026-09-02T12:30:00+10:00,39.86
2026-09-02,Venus,2026-09-02T18:30:00+10:00,34.15,44.45,2026-09-02T18:30:00+10:00,34.15,good,evening,-8.65,2026-09-02T15:00:00+10:00,59.83
2026-09-02,Mars,2026-09-02T06:00:00+10:00,15.63,55.48,2026-09-02T06:00:00+10:00,15.63,fair,predawn,-7.65,2026-09-02T08:30:00+10:00,24.0
2026-09-02,Jupiter,2026-09-02T06:00:00+10:00,3.24,25.54,2026-09-02T06:00:00+10:00,3.24,poor,predawn,-7.65,2026-09-02T10:30:00+10:00,30.08
2026-09-02,Saturn,2026-09-02T02:30:00+10:00,44.29,145.52,2026-09-02T02:30:00+10:00,44.29,good,overnight,-44.01,2026-09-02T02:30:00+10:00,44.29
2026-09-02,Uranus,2026-09-02T05:30:00+10:00,26.08,93.72,2026-09-02T05:30:00+10:00,26.08,good,predawn,-13.16,2026-09-02T05:30:00+10:00,26.08
2026-09-02,Neptune,2026-09-02T01:30:00+10:00,46.97,155.53,2026-09-02T01:30:00+10:00,46.97,excellent,overnight,-51.36,2026-09-02T01:30:00+10:00,46.97
2026-09-03,Mercury,2026-09-03T18:30:00+10:00,-3.11,6.37,2026-09-03T18:30:00+10:00,-3.11,not visible,evening,-8.47,2026-09-03T12:30:00+10:00,40.62
2026-09-03,Venus,2026-09-03T18:30:00+10:00,34.21,44.26,2026-09-03T18:30:00+10:00,34.21,good,evening,-8.47,2026-09-03T15:00:00+10:00,60.21
2026-09-03,Mars,2026-09-03T06:00:00+10:00,15.8,55.82,2026-09-03T06:00:00+10:00,15.8,fair,predawn,-7.34,2026-09-03T08:30:00+10:00,24.05
2026-09-03,Jupiter,2026-09-03T06:00:00+10:00,3.79,26.29,2026-09-03T06:00:00+10:00,3.79,poor,predawn,-7.34,2026-09-03T10:30:00+10:00,30.15
2026-09-03,Saturn,2026-09-03T02:30:00+10:00,44.27,146.55,2026-09-03T02:30:00+10:00,44.27,good,overnight,-43.67,2026-09-03T02:30:00+10:00,44.27
2026-09-03,Uranus,2026-09-03T05:30:00+10:00,26.12,94.68,2026-09-03T05:30:00+10:00,26.12,good,predawn,-12.85,2026-09-03T05:30:00+10:00,26.12
2026-09-03,Neptune,2026-09-03T01:30:00+10:00,47.04,156.52,2026-09-03T01:30:00+10:00,47.04,excellent,overnight,-51.0,2026-09-03T01:30:00+10:00,47.04
2026-09-04,Mercury,2026-09-04T18:30:00+10:00,-2.08,7.19,2026-09-04T18:30:00+10:00,-2.08,not visible,evening,-8.28,2026-09-04T12:30:00+10:00,41.39
2026-09-04,Venus,2026-09-04T18:30:00+10:00,34.26,44.06,2026-09-04T18:30:00+10:00,34.26,good,evening,-8.28,2026-09-04T15:00:00+10:00,60.59
2026-09-04,Mars,2026-09-04T06:00:00+10:00,15.97,56.15,2026-09-04T06:00:00+10:00,15.97,fair,predawn,-7.03,2026-09-04T08:30:00+10:00,24.1
2026-09-04,Jupiter,2026-09-04T06:00:00+10:00,4.34,27.05,2026-09-04T06:00:00+10:00,4.34,poor,predawn,-7.03,2026-09-04T10:30:00+10:00,30.2
2026-09-04,Saturn,2026-09-04T02:00:00+10:00,44.24,147.55,2026-09-04T02:00:00+10:00,44.24,good,overnight,-47.32,2026-09-04T02:00:00+10:00,44.24
2026-09-04,Uranus,2026-09-04T05:30:00+10:00,26.14,95.64,2026-09-04T05:30:00+10:00,26.14,good,predawn,-12.54,2026-09-04T05:30:00+10:00,26.14
2026-09-04,Neptune,2026-09-04T01:30:00+10:00,47.09,157.51,2026-09-04T01:30:00+10:00,47.09,excellent,overnight,-50.63,2026-09-04T01:30:00+10:00,47.09
2026-09-05,Mercury,2026-09-05T18:30:00+10:00,-1.07,8.0,2026-09-05T18:30:00+10:00,-1.07,not visible,evening,-8.09,2026-09-05T12:30:00+10:00,42.14
2026-09-05,Venus,2026-09-05T18:30:00+10:00,34.3,43.85,2026-09-05T18:30:00+10:00,34.3,good,evening,-8.09,2026-09-05T15:00:00+10:00,60.96
2026-09-05,Mars,2026-09-05T06:00:00+10:00,16.15,56.49,2026-09-05T06:00:00+10:00,16.15,fair,predawn,-6.72,2026-09-05T08:30:00+10:00,24.16
2026-09-05,Jupiter,2026-09-05T06:00:00+10:00,4.88,27.81,2026-09-05T06:00:00+10:00,4.88,poor,predawn,-6.72,2026-09-05T10:30:00+10:00,30.25
2026-09-05,Saturn,2026-09-05T02:00:00+10:00,44.33,148.57,2026-09-05T02:00:00+10:00,44.33,good,overnight,-46.96,2026-09-05T02:00:00+10:00,44.33
2026-09-05,Uranus,2026-09-05T05:30:00+10:00,26.15,96.6,2026-09-05T05:30:00+10:00,26.15,good,predawn,-12.24,2026-09-05T05:30:00+10:00,26.15
2026-09-05,Neptune,2026-09-05T01:30:00+10:00,47.12,158.5,2026-09-05T01:30:00+10:00,47.12,excellent,overnight,-50.26,2026-09-05T01:30:00+10:00,47.12
2026-09-06,Mercury,2026-09-06T18:30:00+10:00,-0.08,8.8,2026-09-06T18:30:00+10:00,-0.08,not visible,evening,-7.9,2026-09-06T12:30:00+10:00,42.89
2026-09-06,Venus,2026-09-06T18:30:00+10:00,34.32,43.62,2026-09-06T18:30:00+10:00,34.32,good,evening,-7.9,2026-09-06T15:00:00+10:00,61.32
2026-09-06,Mars,2026-09-06T06:00:00+10:00,16.33,56.83,2026-09-06T06:00:00+10:00,16.33,fair,predawn,-6.41,2026-09-06T08:30:00+10:00,24.21
2026-09-06,Jupiter,2026-09-06T06:00:00+10:00,5.42,28.58,2026-09-06T06:00:00+10:00,5.42,poor,predawn,-6.41,2026-09-06T10:30:00+10:00,30.29
2026-09-06,Saturn,2026-09-06T02:00:00+10:00,44.39,149.6,2026-09-06T02:00:00+10:00,44.39,good,overnight,-46.59,2026-09-06T02:00:00+10:00,44.39
2026-09-06,Uranus,2026-09-06T05:30:00+10:00,26.15,97.57,2026-09-06T05:30:00+10:00,26.15,good,predawn,-11.92,2026-09-06T05:30:00+10:00,26.15
2026-09-06,Neptune,2026-09-06T01:30:00+10:00,47.13,159.49,2026-09-06T01:30:00+10:00,47.13,excellent,overnight,-49.88,2026-09-06T01:30:00+10:00,47.13
2026-09-07,Mercury,2026-09-07T18:30:00+10:00,0.89,9.58,2026-09-07T18:30:00+10:00,0.89,poor,evening,-7.71,2026-09-07T13:00:00+10:00,43.7
2026-09-07,Venus,2026-09-07T18:30:00+10:00,34.33,43.38,2026-09-07T18:30:00+10:00,34.33,good,evening,-7.71,2026-09-07T14:30:00+10:00,61.7
2026-09-07,Mars,2026-09-07T06:00:00+10:00,16.52,57.18,2026-09-07T06:00:00+10:00,16.52,fair,predawn,-6.1,2026-09-07T08:30:00+10:00,24.27
2026-09-07,Jupiter,2026-09-07T06:00:00+10:00,5.97,29.34,2026-09-07T06:00:00+10:00,5.97,poor,predawn,-6.1,2026-09-07T10:30:00+10:00,30.32
2026-09-07,Saturn,2026-09-07T02:00:00+10:00,44.44,150.63,2026-09-07T02:00:00+10:00,44.44,good,overnight,-46.23,2026-09-07T02:00:00+10:00,44.44
2026-09-07,Uranus,2026-09-07T05:30:00+10:00,26.13,98.54,2026-09-07T05:30:00+10:00,26.13,good,predawn,-11.61,2026-09-07T05:30:00+10:00,26.13
2026-09-07,Neptune,2026-09-07T01:30:00+10:00,47.13,160.49,2026-09-07T01:30:00+10:00,47.13,excellent,overnight,-49.51,2026-09-07T01:30:00+10:00,47.13
2026-09-08,Mercury,2026-09-08T18:30:00+10:00,1.85,10.34,2026-09-08T18:30:00+10:00,1.85,poor,evening,-7.52,2026-09-08T13:00:00+10:00,44.52
2026-09-08,Venus,2026-09-08T18:30:00+10:00,34.32,43.12,2026-09-08T18:30:00+10:00,34.32,good,evening,-7.52,2026-09-08T14:30:00+10:00,62.1
2026-09-08,Mars,2026-09-08T06:00:00+10:00,16.7,57.52,2026-09-08T06:00:00+10:00,16.7,fair,predawn,-5.78,2026-09-08T08:30:00+10:00,24.32
2026-09-08,Jupiter,2026-09-08T06:00:00+10:00,6.51,30.11,2026-09-08T06:00:00+10:00,6.51,poor,predawn,-5.78,2026-09-08T10:00:00+10:00,30.34
2026-09-08,Saturn,2026-09-08T02:00:00+10:00,44.47,151.65,2026-09-08T02:00:00+10:00,44.47,good,overnight,-45.86,2026-09-08T02:00:00+10:00,44.47
2026-09-08,Uranus,2026-09-08T05:30:00+10:00,26.1,99.5,2026-09-08T05:30:00+10:00,26.1,good,predawn,-11.3,2026-09-08T05:30:00+10:00,26.1
2026-09-08,Neptune,2026-09-08T01:30:00+10:00,47.1,161.48,2026-09-08T01:30:00+10:00,47.1,excellent,overnight,-49.13,2026-09-08T01:30:00+10:00,47.1
2026-09-09,Mercury,2026-09-09T18:30:00+10:00,2.79,11.08,2026-09-09T18:30:00+10:00,2.79,poor,evening,-7.33,2026-09-09T13:00:00+10:00,45.32
2026-09-09,Venus,2026-09-09T18:30:00+10:00,34.29,42.84,2026-09-09T18:30:00+10:00,34.29,good,evening,-7.33,2026-09-09T14:30:00+10:00,62.5
2026-09-09,Mars,2026-09-09T06:00:00+10:00,16.89,57.87,2026-09-09T06:00:00+10:00,16.89,fair,predawn,-5.47,2026-09-09T08:30:00+10:00,24.38
2026-09-09,Jupiter,2026-09-09T06:00:00+10:00,7.05,30.87,2026-09-09T06:00:00+10:00,7.05,poor,predawn,-5.47,2026-09-09T10:00:00+10:00,30.44
2026-09-09,Saturn,2026-09-09T02:00:00+10:00,44.48,152.68,2026-09-09T02:00:00+10:00,44.48,good,overnight,-45.49,2026-09-09T02:00:00+10:00,44.48
2026-09-09,Uranus,2026-09-09T05:30:00+10:00,26.06,100.47,2026-09-09T05:30:00+10:00,26.06,good,predawn,-10.98,2026-09-09T05:30:00+10:00,26.06
2026-09-09,Neptune,2026-09-09T01:30:00+10:00,47.06,162.47,2026-09-09T01:30:00+10:00,47.06,excellent,overnight,-48.75,2026-09-09T01:30:00+10:00,47.06
2026-09-10,Mercury,2026-09-10T18:30:00+10:00,3.71,11.81,2026-09-10T18:30:00+10:00,3.71,poor,evening,-7.14,2026-09-10T13:00:00+10:00,46.12
2026-09-10,Venus,2026-09-10T18:30:00+10:00,34.25,42.55,2026-09-10T18:30:00+10:00,34.25,good,evening,-7.14,2026-09-10T14:30:00+10:00,62.89
2026-09-10,Mars,2026-09-10T06:00:00+10:00,17.08,58.22,2026-09-10T06:00:00+10:00,17.08,fair,predawn,-5.15,2026-09-10T08:30:00+10:00,24.44
2026-09-10,Jupiter,2026-09-10T06:00:00+10:00,7.58,31.64,2026-09-10T06:00:00+10:00,7.58,poor,predawn,-5.15,2026-09-10T10:00:00+10:00,30.52
2026-09-10,Saturn,2026-09-10T02:00:00+10:00,44.47,153.72,2026-09-10T02:00:00+10:00,44.47,good,overnight,-45.12,2026-09-10T02:00:00+10:00,44.47
2026-09-10,Uranus,2026-09-10T05:00:00+10:00,26.09,101.42,2026-09-10T05:00:00+10:00,26.09,good,predawn,-16.15,2026-09-10T05:00:00+10:00,26.09
2026-09-10,Neptune,2026-09-10T01:00:00+10:00,47.09,163.45,2026-09-10T01:00:00+10:00,47.09,excellent,overnight,-50.76,2026-09-10T01:00:00+10:00,47.09
2026-09-11,Mercury,2026-09-11T18:30:00+10:00,4.62,12.52,2026-09-11T18:30:00+10:00,4.62,poor,evening,-6.95,2026-09-11T13:00:00+10:00,46.9
2026-09-11,Venus,2026-09-11T18:30:00+10:00,34.19,42.24,2026-09-11T18:30:00+10:00,34.19,good,evening,-6.95,2026-09-11T14:30:00+10:00,63.26
2026-09-11,Mars,2026-09-11T06:00:00+10:00,17.28,58.57,2026-09-11T06:00:00+10:00,17.28,fair,predawn,-4.83,2026-09-11T08:30:00+10:00,24.5
2026-09-11,Jupiter,2026-09-11T06:00:00+10:00,8.12,32.41,2026-09-11T06:00:00+10:00,8.12,poor,predawn,-4.83,2026-09-11T10:00:00+10:00,30.6
2026-09-11,Saturn,2026-09-11T02:00:00+10:00,44.44,154.75,2026-09-11T02:00:00+10:00,44.44,good,overnight,-44.74,2026-09-11T02:00:00+10:00,44.44
2026-09-11,Uranus,2026-09-11T05:00:00+10:00,26.12,102.39,2026-09-11T05:00:00+10:00,26.12,good,predawn,-15.82,2026-09-11T05:00:00+10:00,26.12
2026-09-11,Neptune,2026-09-11T01:00:00+10:00,47.15,164.44,2026-09-11T01:00:00+10:00,47.15,excellent,overnight,-50.37,2026-09-11T01:00:00+10:00,47.15
2026-09-12,Mercury,2026-09-12T18:30:00+10:00,5.51,13.21,2026-09-12T18:30:00+10:00,5.51,poor,evening,-6.75,2026-09-12T13:00:00+10:00,47.68
2026-09-12,Venus,2026-09-12T18:30:00+10:00,34.11,41.91,2026-09-12T18:30:00+10:00,34.11,good,evening,-6.75,2026-09-12T14:30:00+10:00,63.63
2026-09-12,Mars,2026-09-12T06:00:00+10:00,17.47,58.93,2026-09-12T06:00:00+10:00,17.47,fair,predawn,-4.51,2026-09-12T08:30:00+10:00,24.56
2026-09-12,Jupiter,2026-09-12T06:00:00+10:00,8.65,33.18,2026-09-12T06:00:00+10:00,8.65,poor,predawn,-4.51,2026-09-12T10:00:00+10:00,30.67
2026-09-12,Saturn,2026-09-12T01:30:00+10:00,44.51,155.76,2026-09-12T01:30:00+10:00,44.51,good,overnight,-47.6,2026-09-12T01:30:00+10:00,44.51
2026-09-12,Uranus,2026-09-12T05:00:00+10:00,26.14,103.37,2026-09-12T05:00:00+10:00,26.14,good,predawn,-15.5,2026-09-12T05:00:00+10:00,26.14
2026-09-12,Neptune,2026-09-12T01:00:00+10:00,47.19,165.44,2026-09-12T01:00:00+10:00,47.19,excellent,overnight,-49.99,2026-09-12T01:00:00+10:00,47.19
2026-09-13,Mercury,2026-09-13T18:30:00+10:00,6.38,13.88,2026-09-13T18:30:00+10:00,6.38,poor,evening,-6.56,2026-09-13T13:00:00+10:00,48.45
2026-09-13,Venus,2026-09-13T18:30:00+10:00,34.0,41.56,2026-09-13T18:30:00+10:00,34.0,good,evening,-6.56,2026-09-13T14:30:00+10:00,63.99
2026-09-13,Mars,2026-09-13T06:00:00+10:00,17.67,59.29,2026-09-13T06:00:00+10:00,17.67,fair,predawn,-4.18,2026-09-13T08:30:00+10:00,24.63
2026-09-13,Jupiter,2026-09-13T06:00:00+10:00,9.18,33.95,2026-09-13T06:00:00+10:00,9.18,poor,predawn,-4.18,2026-09-13T10:00:00+10:00,30.73
2026-09-13,Saturn,2026-09-13T01:30:00+10:00,44.58,156.79,2026-09-13T01:30:00+10:00,44.58,good,overnight,-47.21,2026-09-13T01:30:00+10:00,44.58
2026-09-13,Uranus,2026-09-13T05:00:00+10:00,26.15,104.34,2026-09-13T05:00:00+10:00,26.15,good,predawn,-15.17,2026-09-13T05:00:00+10:00,26.15
2026-09-13,Neptune,2026-09-13T01:00:00+10:00,47.21,166.43,2026-09-13T01:00:00+10:00,47.21,excellent,overnight,-49.59,2026-09-13T01:00:00+10:00,47.21
2026-09-14,Mercury,2026-09-14T18:30:00+10:00,7.24,14.53,2026-09-14T18:30:00+10:00,7.24,poor,evening,-6.37,2026-09-14T13:00:00+10:00,49.2
2026-09-14,Venus,2026-09-14T18:30:00+10:00,33.88,41.19,2026-09-14T18:30:00+10:00,33.88,good,evening,-6.37,2026-09-14T14:30:00+10:00,64.33
2026-09-14,Mars,2026-09-14T05:30:00+10:00,14.66,59.64,2026-09-14T05:30:00+10:00,14.66,poor,predawn,-9.37,2026-09-14T08:00:00+10:00,24.72
2026-09-14,Jupiter,2026-09-14T05:30:00+10:00,4.96,34.71,2026-09-14T05:30:00+10:00,4.96,poor,predawn,-9.37,2026-09-14T10:00:00+10:00,30.78
2026-09-14,Saturn,2026-09-14T01:30:00+10:00,44.63,157.83,2026-09-14T01:30:00+10:00,44.63,good,overnight,-46.83,2026-09-14T01:30:00+10:00,44.63
2026-09-14,Uranus,2026-09-14T05:00:00+10:00,26.14,105.32,2026-09-14T05:00:00+10:00,26.14,good,predawn,-14.85,2026-09-14T05:00:00+10:00,26.14
2026-09-14,Neptune,2026-09-14T01:00:00+10:00,47.21,167.43,2026-09-14T01:00:00+10:00,47.21,excellent,overnight,-49.2,2026-09-14T01:00:00+10:00,47.21
2026-09-15,Mercury,2026-09-15T18:30:00+10:00,8.08,15.17,2026-09-15T18:30:00+10:00,8.08,poor,evening,-6.17,2026-09-15T13:00:00+10:00,49.95
2026-09-15,Venus,2026-09-15T18:30:00+10:00,33.74,40.8,2026-09-15T18:30:00+10:00,33.74,good,evening,-6.17,2026-09-15T14:30:00+10:00,64.65
2026-09-15,Mars,2026-09-15T05:30:00+10:00,14.88,60.0,2026-09-15T05:30:00+10:00,14.88,poor,predawn,-9.04,2026-09-15T08:00:00+10:00,24.82
2026-09-15,Jupiter,2026-09-15T05:30:00+10:00,5.51,35.49,2026-09-15T05:30:00+10:00,5.51,poor,predawn,-9.04,2026-09-15T10:00:00+10:00,30.82
2026-09-15,Saturn,2026-09-15T01:30:00+10:00,44.67,158.86,2026-09-15T01:30:00+10:00,44.67,good,overnight,-46.44,2026-09-15T01:30:00+10:00,44.67
2026-09-15,Uranus,2026-09-15T05:00:00+10:00,26.12,106.29,2026-09-15T05:00:00+10:00,26.12,good,predawn,-14.52,2026-09-15T05:00:00+10:00,26.12
2026-09-15,Neptune,2026-09-15T01:00:00+10:00,47.2,168.42,2026-09-15T01:00:00+10:00,47.2,excellent,overnight,-48.81,2026-09-15T01:00:00+10:00,47.2
2026-09-16,Mercury,2026-09-16T18:30:00+10:00,8.9,15.79,2026-09-16T18:30:00+10:00,8.9,poor,evening,-5.97,2026-09-16T13:00:00+10:00,50.68
2026-09-16,Venus,2026-09-16T18:30:00+10:00,33.57,40.38,2026-09-16T18:30:00+10:00,33.57,good,evening,-5.97,2026-09-16T14:30:00+10:00,64.97
2026-09-16,Mars,2026-09-16T05:30:00+10:00,15.11,60.36,2026-09-16T05:30:00+10:00,15.11,fair,predawn,-8.72,2026-09-16T08:00:00+10:00,24.91
2026-09-16,Jupiter,2026-09-16T05:30:00+10:00,6.06,36.26,2026-09-16T05:30:00+10:00,6.06,poor,predawn,-8.72,2026-09-16T10:00:00+10:00,30.86
2026-09-16,Saturn,2026-09-16T01:30:00+10:00,44.68,159.9,2026-09-16T01:30:00+10:00,44.68,good,overnight,-46.05,2026-09-16T01:30:00+10:00,44.68
2026-09-16,Uranus,2026-09-16T05:00:00+10:00,26.09,107.27,2026-09-16T05:00:00+10:00,26.09,good,predawn,-14.19,2026-09-16T05:00:00+10:00,26.09
2026-09-16,Neptune,2026-09-16T01:00:00+10:00,47.16,169.41,2026-09-16T01:00:00+10:00,47.16,excellent,overnight,-48.41,2026-09-16T01:00:00+10:00,47.16
2026-09-17,Mercury,2026-09-17T18:30:00+10:00,9.7,16.4,2026-09-17T18:30:00+10:00,9.7,poor,evening,-5.78,2026-09-17T13:00:00+10:00,51.4
2026-09-17,Venus,2026-09-17T18:30:00+10:00,33.39,39.95,2026-09-17T18:30:00+10:00,33.39,good,evening,-5.78,2026-09-17T14:30:00+10:00,65.26
2026-09-17,Mars,2026-09-17T05:30:00+10:00,15.33,60.73,2026-09-17T05:30:00+10:00,15.33,fair,predawn,-8.39,2026-09-17T08:00:00+10:00,25.01
2026-09-17,Jupiter,2026-09-17T05:30:00+10:00,6.61,37.04,2026-09-17T05:30:00+10:00,6.61,poor,predawn,-8.39,2026-09-17T10:00:00+10:00,30.88
2026-09-17,Saturn,2026-09-17T01:30:00+10:00,44.68,160.94,2026-09-17T01:30:00+10:00,44.68,good,overnight,-45.66,2026-09-17T01:30:00+10:00,44.68
2026-09-17,Uranus,2026-09-17T04:30:00+10:00,26.06,108.23,2026-09-17T04:30:00+10:00,26.06,good,predawn,-19.24,2026-09-17T04:30:00+10:00,26.06
2026-09-17,Neptune,2026-09-17T00:30:00+10:00,47.14,170.38,2026-09-17T00:30:00+10:00,47.14,excellent,overnight,-49.4,2026-09-17T00:30:00+10:00,47.14
2026-09-18,Mercury,2026-09-18T18:30:00+10:00,10.49,16.98,2026-09-18T18:30:00+10:00,10.49,poor,evening,-5.58,2026-09-18T13:00:00+10:00,52.11
2026-09-18,Venus,2026-09-18T18:30:00+10:00,33.17,39.49,2026-09-18T18:30:00+10:00,33.17,good,evening,-5.58,2026-09-18T14:30:00+10:00,65.54
2026-09-18,Mars,2026-09-18T05:30:00+10:00,15.56,61.09,2026-09-18T05:30:00+10:00,15.56,fair,predawn,-8.06,2026-09-18T08:00:00+10:00,25.11
2026-09-18,Jupiter,2026-09-18T05:30:00+10:00,7.15,37.82,2026-09-18T05:30:00+10:00,7.15,poor,predawn,-8.06,2026-09-18T09:30:00+10:00,30.93
2026-09-18,Saturn,2026-09-18T01:30:00+10:00,44.65,161.97,2026-09-18T01:30:00+10:00,44.65,good,overnight,-45.26,2026-09-18T01:30:00+10:00,44.65
2026-09-18,Uranus,2026-09-18T04:30:00+10:00,26.11,109.21,2026-09-18T04:30:00+10:00,26.11,good,predawn,-18.91,2026-09-18T04:30:00+10:00,26.11
2026-09-18,Neptune,2026-09-18T00:30:00+10:00,47.21,171.38,2026-09-18T00:30:00+10:00,47.21,excellent,overnight,-49.01,2026-09-18T00:30:00+10:00,47.21
2026-09-19,Mercury,2026-09-19T18:30:00+10:00,11.27,17.55,2026-09-19T18:30:00+10:00,11.27,poor,evening,-5.38,2026-09-19T13:00:00+10:00,52.81
2026-09-19,Venus,2026-09-19T18:30:00+10:00,32.94,39.01,2026-09-19T18:30:00+10:00,32.94,good,evening,-5.38,2026-09-19T14:30:00+10:00,65.79
2026-09-19,Mars,2026-09-19T05:30:00+10:00,15.79,61.46,2026-09-19T05:30:00+10:00,15.79,fair,predawn,-7.73,2026-09-19T08:00:00+10:00,25.21
2026-09-19,Jupiter,2026-09-19T05:30:00+10:00,7.7,38.6,2026-09-19T05:30:00+10:00,7.7,poor,predawn,-7.73,2026-09-19T09:30:00+10:00,31.02
2026-09-19,Saturn,2026-09-19T01:00:00+10:00,44.7,162.99,2026-09-19T01:00:00+10:00,44.7,good,overnight,-47.22,2026-09-19T01:00:00+10:00,44.7
2026-09-19,Uranus,2026-09-19T04:30:00+10:00,26.13,110.2,2026-09-19T04:30:00+10:00,26.13,good,predawn,-18.57,2026-09-19T04:30:00+10:00,26.13
2026-09-19,Neptune,2026-09-19T00:30:00+10:00,47.26,172.36,2026-09-19T00:30:00+10:00,47.26,excellent,overnight,-48.62,2026-09-19T00:30:00+10:00,47.26
2026-09-20,Mercury,2026-09-20T18:30:00+10:00,12.03,18.11,2026-09-20T18:30:00+10:00,12.03,poor,evening,-5.18,2026-09-20T13:00:00+10:00,53.5
2026-09-20,Venus,2026-09-20T18:30:00+10:00,32.68,38.5,2026-09-20T18:30:00+10:00,32.68,good,evening,-5.18,2026-09-20T14:30:00+10:00,66.02
2026-09-20,Mars,2026-09-20T05:30:00+10:00,16.03,61.84,2026-09-20T05:30:00+10:00,16.03,fair,predawn,-7.4,2026-09-20T08:00:00+10:00,25.31
2026-09-20,Jupiter,2026-09-20T05:30:00+10:00,8.24,39.38,2026-09-20T05:30:00+10:00,8.24,poor,predawn,-7.4,2026-09-20T09:30:00+10:00,31.11
2026-09-20,Saturn,2026-09-20T01:00:00+10:00,44.78,164.02,2026-09-20T01:00:00+10:00,44.78,good,overnight,-46.83,2026-09-20T01:00:00+10:00,44.78
2026-09-20,Uranus,2026-09-20T04:30:00+10:00,26.15,111.18,2026-09-20T04:30:00+10:00,26.15,good,predawn,-18.23,2026-09-20T04:30:00+10:00,26.15
2026-09-20,Neptune,2026-09-20T00:30:00+10:00,47.29,173.35,2026-09-20T00:30:00+10:00,47.29,excellent,overnight,-48.22,2026-09-20T00:30:00+10:00,47.29
2026-09-21,Mercury,2026-09-21T18:30:00+10:00,12.77,18.64,2026-09-21T18:30:00+10:00,12.77,poor,evening,-4.99,2026-09-21T13:00:00+10:00,54.17
2026-09-21,Venus,2026-09-21T18:30:00+10:00,32.39,37.96,2026-09-21T18:30:00+10:00,32.39,good,evening,-4.99,2026-09-21T14:30:00+10:00,66.23
2026-09-21,Mars,2026-09-21T05:30:00+10:00,16.26,62.21,2026-09-21T05:30:00+10:00,16.26,fair,predawn,-7.07,2026-09-21T08:00:00+10:00,25.41
2026-09-21,Jupiter,2026-09-21T05:30:00+10:00,8.78,40.17,2026-09-21T05:30:00+10:00,8.78,poor,predawn,-7.07,2026-09-21T09:30:00+10:00,31.18
2026-09-21,Saturn,2026-09-21T01:00:00+10:00,44.84,165.05,2026-09-21T01:00:00+10:00,44.84,good,overnight,-46.43,2026-09-21T01:00:00+10:00,44.84
2026-09-21,Uranus,2026-09-21T04:30:00+10:00,26.15,112.16,2026-09-21T04:30:00+10:00,26.15,good,predawn,-17.89,2026-09-21T04:30:00+10:00,26.15
2026-09-21,Neptune,2026-09-21T00:30:00+10:00,47.3,174.32,2026-09-21T00:30:00+10:00,47.3,excellent,overnight,-47.82,2026-09-21T00:30:00+10:00,47.3
2026-09-22,Mercury,2026-09-22T18:30:00+10:00,13.49,19.16,2026-09-22T18:30:00+10:00,13.49,poor,evening,-4.79,2026-09-22T13:00:00+10:00,54.83
2026-09-22,Venus,2026-09-22T18:30:00+10:00,32.07,37.4,2026-09-22T18:30:00+10:00,32.07,good,evening,-4.79,2026-09-22T14:30:00+10:00,66.41
2026-09-22,Mars,2026-09-22T05:30:00+10:00,16.5,62.59,2026-09-22T05:30:00+10:00,16.5,fair,predawn,-6.74,2026-09-22T08:00:00+10:00,25.51
2026-09-22,Jupiter,2026-09-22T05:30:00+10:00,9.32,40.95,2026-09-22T05:30:00+10:00,9.32,poor,predawn,-6.74,2026-09-22T09:30:00+10:00,31.24
2026-09-22,Saturn,2026-09-22T01:00:00+10:00,44.88,166.09,2026-09-22T01:00:00+10:00,44.88,good,overnight,-46.03,2026-09-22T01:00:00+10:00,44.88
2026-09-22,Uranus,2026-09-22T04:30:00+10:00,26.14,113.15,2026-09-22T04:30:00+10:00,26.14,good,predawn,-17.56,2026-09-22T04:30:00+10:00,26.14
2026-09-22,Neptune,2026-09-22T00:30:00+10:00,47.29,175.29,2026-09-22T00:30:00+10:00,47.29,excellent,overnight,-47.43,2026-09-22T00:30:00+10:00,47.29
2026-09-23,Mercury,2026-09-23T18:30:00+10:00,14.2,19.66,2026-09-23T18:30:00+10:00,14.2,poor,evening,-4.59,2026-09-23T13:30:00+10:00,55.52
2026-09-23,Venus,2026-09-23T18:30:00+10:00,31.73,36.81,2026-09-23T18:30:00+10:00,31.73,good,evening,-4.59,2026-09-23T14:00:00+10:00,66.7
2026-09-23,Mars,2026-09-23T05:30:00+10:00,16.74,62.96,2026-09-23T05:30:00+10:00,16.74,fair,predawn,-6.41,2026-09-23T08:00:00+10:00,25.61
2026-09-23,Jupiter,2026-09-23T05:30:00+10:00,9.86,41.74,2026-09-23T05:30:00+10:00,9.86,poor,predawn,-6.41,2026-09-23T09:30:00+10:00,31.3
2026-09-23,Saturn,2026-09-23T01:00:00+10:00,44.9,167.12,2026-09-23T01:00:00+10:00,44.9,good,overnight,-45.63,2026-09-23T01:00:00+10:00,44.9
2026-09-23,Uranus,2026-09-23T04:30:00+10:00,26.12,114.14,2026-09-23T04:30:00+10:00,26.12,good,predawn,-17.22,2026-09-23T04:30:00+10:00,26.12
2026-09-23,Neptune,2026-09-23T00:30:00+10:00,47.26,176.24,2026-09-23T00:30:00+10:00,47.26,excellent,overnight,-47.03,2026-09-23T00:30:00+10:00,47.26
2026-09-24,Mercury,2026-09-24T18:30:00+10:00,14.89,20.15,2026-09-24T18:30:00+10:00,14.89,poor,evening,-4.38,2026-09-24T13:30:00+10:00,56.21
2026-09-24,Venus,2026-09-24T18:30:00+10:00,31.35,36.19,2026-09-24T18:30:00+10:00,31.35,good,evening,-4.38,2026-09-24T14:00:00+10:00,66.99
2026-09-24,Mars,2026-09-24T05:30:00+10:00,16.98,63.35,2026-09-24T05:30:00+10:00,16.98,fair,predawn,-6.08,2026-09-24T08:00:00+10:00,25.71
2026-09-24,Jupiter,2026-09-24T05:30:00+10:00,10.39,42.53,2026-09-24T05:30:00+10:00,10.39,poor,predawn,-6.08,2026-09-24T09:30:00+10:00,31.34
2026-09-24,Saturn,2026-09-24T01:00:00+10:00,44.89,168.15,2026-09-24T01:00:00+10:00,44.89,good,overnight,-45.23,2026-09-24T01:00:00+10:00,44.89
2026-09-24,Uranus,2026-09-24T04:30:00+10:00,26.08,115.13,2026-09-24T04:30:00+10:00,26.08,good,predawn,-16.88,2026-09-24T04:30:00+10:00,26.08
2026-09-24,Neptune,2026-09-24T00:30:00+10:00,47.21,177.14,2026-09-24T00:30:00+10:00,47.21,excellent,overnight,-46.64,2026-09-24T00:30:00+10:00,47.21
2026-09-25,Mercury,2026-09-25T18:30:00+10:00,15.56,20.62,2026-09-25T18:30:00+10:00,15.56,fair,evening,-4.18,2026-09-25T13:30:00+10:00,56.89
2026-09-25,Venus,2026-09-25T18:30:00+10:00,30.95,35.55,2026-09-25T18:30:00+10:00,30.95,good,evening,-4.18,2026-09-25T14:00:00+10:00,67.24
2026-09-25,Mars,2026-09-25T05:30:00+10:00,17.23,63.73,2026-09-25T05:30:00+10:00,17.23,fair,predawn,-5.75,2026-09-25T08:00:00+10:00,25.81
2026-09-25,Jupiter,2026-09-25T05:30:00+10:00,10.92,43.32,2026-09-25T05:30:00+10:00,10.92,poor,predawn,-5.75,2026-09-25T09:30:00+10:00,31.38
2026-09-25,Saturn,2026-09-25T01:00:00+10:00,44.87,169.17,2026-09-25T01:00:00+10:00,44.87,good,overnight,-44.83,2026-09-25T01:00:00+10:00,44.87
2026-09-25,Uranus,2026-09-25T04:00:00+10:00,26.09,116.1,2026-09-25T04:00:00+10:00,26.09,good,predawn,-21.73,2026-09-25T04:00:00+10:00,26.09
2026-09-25,Neptune,2026-09-25T00:00:00+10:00,47.26,177.94,2026-09-25T00:00:00+10:00,47.26,excellent,overnight,-46.63,2026-09-25T00:00:00+10:00,47.26
2026-09-26,Mercury,2026-09-26T19:00:00+10:00,10.73,21.07,2026-09-26T19:00:00+10:00,10.73,poor,evening,-9.43,2026-09-26T13:30:00+10:00,57.55
2026-09-26,Venus,2026-09-26T19:00:00+10:00,25.0,34.85,2026-09-26T19:00:00+10:00,25.0,good,evening,-9.43,2026-09-26T14:00:00+10:00,67.47
2026-09-26,Mars,2026-09-26T05:30:00+10:00,17.47,64.11,2026-09-26T05:30:00+10:00,17.47,fair,predawn,-5.42,2026-09-26T08:00:00+10:00,25.92
2026-09-26,Jupiter,2026-09-26T05:30:00+10:00,11.45,44.11,2026-09-26T05:30:00+10:00,11.45,poor,predawn,-5.42,2026-09-26T09:30:00+10:00,31.4
2026-09-26,Saturn,2026-09-26T00:30:00+10:00,44.91,170.17,2026-09-26T00:30:00+10:00,44.91,good,overnight,-45.84,2026-09-26T00:30:00+10:00,44.91
2026-09-26,Uranus,2026-09-26T04:00:00+10:00,26.13,117.09,2026-09-26T04:00:00+10:00,26.13,good,predawn,-21.38,2026-09-26T04:00:00+10:00,26.13
2026-09-26,Neptune,2026-09-26T00:00:00+10:00,47.32,178.5,2026-09-26T00:00:00+10:00,47.32,excellent,overnight,-46.24,2026-09-26T00:00:00+10:00,47.32
2026-09-27,Mercury,2026-09-27T19:00:00+10:00,11.37,21.5,2026-09-27T19:00:00+10:00,11.37,poor,evening,-9.22,2026-09-27T13:30:00+10:00,58.2
2026-09-27,Venus,2026-09-27T19:00:00+10:00,24.54,34.14,2026-09-27T19:00:00+10:00,24.54,fair,evening,-9.22,2026-09-27T14:00:00+10:00,67.67
2026-09-27,Mars,2026-09-27T05:30:00+10:00,17.72,64.5,2026-09-27T05:30:00+10:00,17.72,fair,predawn,-5.09,2026-09-27T08:00:00+10:00,26.02
2026-09-27,Jupiter,2026-09-27T05:30:00+10:00,11.98,44.91,2026-09-27T05:30:00+10:00,11.98,poor,predawn,-5.09,2026-09-27T09:00:00+10:00,31.42
2026-09-27,Saturn,2026-09-27T00:30:00+10:00,44.99,171.18,2026-09-27T00:30:00+10:00,44.99,good,overnight,-45.44,2026-09-27T00:30:00+10:00,44.99
2026-09-27,Uranus,2026-09-27T04:00:00+10:00,26.16,118.08,2026-09-27T04:00:00+10:00,26.16,good,predawn,-21.04,2026-09-27T04:00:00+10:00,26.16
2026-09-27,Neptune,2026-09-27T00:00:00+10:00,47.36,178.49,2026-09-27T00:00:00+10:00,47.36,excellent,overnight,-45.85,2026-09-27T00:00:00+10:00,47.36
2026-09-28,Mercury,2026-09-28T19:00:00+10:00,11.99,21.92,2026-09-28T19:00:00+10:00,11.99,poor,evening,-9.01,2026-09-28T13:30:00+10:00,58.84
2026-09-28,Venus,2026-09-28T19:00:00+10:00,24.04,33.39,2026-09-28T19:00:00+10:00,24.04,fair,evening,-9.01,2026-09-28T14:00:00+10:00,67.83
2026-09-28,Mars,2026-09-28T05:30:00+10:00,17.97,64.89,2026-09-28T05:30:00+10:00,17.97,fair,predawn,-4.76,2026-09-28T08:00:00+10:00,26.12
2026-09-28,Jupiter,2026-09-28T05:30:00+10:00,12.5,45.7,2026-09-28T05:30:00+10:00,12.5,poor,predawn,-4.76,2026-09-28T09:00:00+10:00,31.51
2026-09-28,Saturn,2026-09-28T00:30:00+10:00,45.05,172.18,2026-09-28T00:30:00+10:00,45.05,excellent,overnight,-45.05,2026-09-28T00:30:00+10:00,45.05
2026-09-28,Uranus,2026-09-28T04:00:00+10:00,26.17,119.07,2026-09-28T04:00:00+10:00,26.17,good,predawn,-20.69,2026-09-28T04:00:00+10:00,26.17
2026-09-28,Neptune,2026-09-28T00:00:00+10:00,47.38,177.91,2026-09-28T00:00:00+10:00,47.38,excellent,overnight,-45.46,2026-09-28T00:00:00+10:00,47.38
2026-09-29,Mercury,2026-09-29T19:00:00+10:00,12.59,22.31,2026-09-29T19:00:00+10:00,12.59,poor,evening,-8.8,2026-09-29T13:30:00+10:00,59.46
2026-09-29,Venus,2026-09-29T19:00:00+10:00,23.5,32.62,2026-09-29T19:00:00+10:00,23.5,fair,evening,-8.8,2026-09-29T14:00:00+10:00,67.95
2026-09-29,Mars,2026-09-29T05:30:00+10:00,18.22,65.29,2026-09-29T05:30:00+10:00,18.22,fair,predawn,-4.44,2026-09-29T08:00:00+10:00,26.22
2026-09-29,Jupiter,2026-09-29T05:30:00+10:00,13.03,46.5,2026-09-29T05:30:00+10:00,13.03,poor,predawn,-4.44,2026-09-29T09:00:00+10:00,31.6
2026-09-29,Saturn,2026-09-29T00:30:00+10:00,45.09,173.16,2026-09-29T00:30:00+10:00,45.09,excellent,overnight,-44.65,2026-09-29T00:30:00+10:00,45.09
2026-09-29,Uranus,2026-09-29T04:00:00+10:00,26.17,120.07,2026-09-29T04:00:00+10:00,26.17,good,predawn,-20.35,2026-09-29T04:00:00+10:00,26.17
2026-09-29,Neptune,2026-09-29T00:00:00+10:00,47.38,177.09,2026-09-29T00:00:00+10:00,47.38,excellent,overnight,-45.08,2026-09-29T00:00:00+10:00,47.38
2026-09-30,Mercury,2026-09-30T19:00:00+10:00,13.17,22.68,2026-09-30T19:00:00+10:00,13.17,poor,evening,-8.59,2026-09-30T13:30:00+10:00,60.07
2026-09-30,Venus,2026-09-30T19:00:00+10:00,22.94,31.8,2026-09-30T19:00:00+10:00,22.94,fair,evening,-8.59,2026-09-30T14:00:00+10:00,68.03
2026-09-30,Mars,2026-09-30T05:30:00+10:00,18.48,65.68,2026-09-30T05:30:00+10:00,18.48,fair,predawn,-4.11,2026-09-30T08:00:00+10:00,26.32
2026-09-30,Jupiter,2026-09-30T05:30:00+10:00,13.55,47.3,2026-09-30T05:30:00+10:00,13.55,poor,predawn,-4.11,2026-09-30T09:00:00+10:00,31.67
2026-09-30,Saturn,2026-09-30T00:30:00+10:00,45.11,174.12,2026-09-30T00:30:00+10:00,45.11,excellent,overnight,-44.26,2026-09-30T00:30:00+10:00,45.11
2026-09-30,Uranus,2026-09-30T04:00:00+10:00,26.15,121.07,2026-09-30T04:00:00+10:00,26.15,good,predawn,-20.01,2026-09-30T04:00:00+10:00,26.15
2026-09-30,Neptune,2026-09-30T00:00:00+10:00,47.36,176.18,2026-09-30T00:00:00+10:00,47.36,excellent,overnight,-44.69,2026-09-30T00:00:00+10:00,47.36
2026-10-01,Mercury,2026-10-01T19:00:00+10:00,13.74,23.03,2026-10-01T19:00:00+10:00,13.74,poor,evening,-8.38,2026-10-01T13:30:00+10:00,60.66
2026-10-01,Venus,2026-10-01T19:00:00+10:00,22.34,30.96,2026-10-01T19:00:00+10:00,22.34,fair,evening,-8.38,2026-10-01T14:00:00+10:00,68.06
2026-10-01,Mars,2026-10-01T05:00:00+10:00,15.36,66.07,2026-10-01T05:00:00+10:00,15.36,fair,predawn,-9.21,2026-10-01T08:00:00+10:00,26.42
2026-10-01,Jupiter,2026-10-01T05:00:00+10:00,9.51,48.09,2026-10-01T05:00:00+10:00,9.51,poor,predawn,-9.21,2026-10-01T09:00:00+10:00,31.74
2026-10-01,Saturn,2026-10-01T00:30:00+10:00,45.12,175.03,2026-10-01T00:30:00+10:00,45.12,excellent,overnight,-43.86,2026-10-01T00:30:00+10:00,45.12
2026-10-01,Uranus,2026-10-01T04:00:00+10:00,26.12,122.06,2026-10-01T04:00:00+10:00,26.12,good,predawn,-19.66,2026-10-01T04:00:00+10:00,26.12
2026-10-01,Neptune,2026-10-01T00:00:00+10:00,47.32,175.23,2026-10-01T00:00:00+10:00,47.32,excellent,overnight,-44.3,2026-10-01T00:00:00+10:00,47.32
2026-10-02,Mercury,2026-10-02T19:00:00+10:00,14.28,23.36,2026-10-02T19:00:00+10:00,14.28,poor,evening,-8.17,2026-10-02T13:30:00+10:00,61.23
2026-10-02,Venus,2026-10-02T19:00:00+10:00,21.7,30.07,2026-10-02T19:00:00+10:00,21.7,fair,evening,-8.17,2026-10-02T13:30:00+10:00,68.16
2026-10-02,Mars,2026-10-02T05:00:00+10:00,15.64,66.47,2026-10-02T05:00:00+10:00,15.64,fair,predawn,-8.88,2026-10-02T08:00:00+10:00,26.52
2026-10-02,Jupiter,2026-10-02T05:00:00+10:00,10.06,48.89,2026-10-02T05:00:00+10:00,10.06,poor,predawn,-8.88,2026-10-02T09:00:00+10:00,31.79
2026-10-02,Saturn,2026-10-02T00:30:00+10:00,45.1,175.88,2026-10-02T00:30:00+10:00,45.1,excellent,overnight,-43.47,2026-10-02T00:30:00+10:00,45.1
2026-10-02,Uranus,2026-10-02T03:30:00+10:00,26.09,123.04,2026-10-02T03:30:00+10:00,26.09,good,predawn,-24.22,2026-10-02T03:30:00+10:00,26.09
2026-10-02,Neptune,2026-10-02T23:30:00+10:00,47.38,173.29,2026-10-02T23:30:00+10:00,47.38,excellent,overnight,-43.0,2026-10-02T23:30:00+10:00,47.38
2026-10-03,Mercury,2026-10-03T19:00:00+10:00,14.8,23.67,2026-10-03T19:00:00+10:00,14.8,poor,evening,-7.96,2026-10-03T13:30:00+10:00,61.79
2026-10-03,Venus,2026-10-03T19:00:00+10:00,21.03,29.15,2026-10-03T19:00:00+10:00,21.03,fair,evening,-7.96,2026-10-03T13:30:00+10:00,68.33
2026-10-03,Mars,2026-10-03T05:00:00+10:00,15.92,66.88,2026-10-03T05:00:00+10:00,15.92,fair,predawn,-8.55,2026-10-03T08:00:00+10:00,26.62
2026-10-03,Jupiter,2026-10-03T05:00:00+10:00,10.6,49.7,2026-10-03T05:00:00+10:00,10.6,poor,predawn,-8.55,2026-10-03T09:00:00+10:00,31.84
2026-10-03,Saturn,2026-10-03T00:00:00+10:00,45.12,176.59,2026-10-03T00:00:00+10:00,45.12,excellent,overnight,-43.53,2026-10-03T00:00:00+10:00,45.12
2026-10-03,Uranus,2026-10-03T03:30:00+10:00,26.13,124.04,2026-10-03T03:30:00+10:00,26.13,good,predawn,-23.88,2026-10-03T03:30:00+10:00,26.13
2026-10-03,Neptune,2026-10-03T23:30:00+10:00,47.42,172.3,2026-10-03T23:30:00+10:00,47.42,excellent,overnight,-42.62,2026-10-03T23:30:00+10:00,47.42
2026-10-04,Mercury,2026-10-04T20:00:00+11:00,15.3,23.96,2026-10-04T20:00:00+11:00,15.3,fair,evening,-7.74,2026-10-04T14:30:00+11:00,62.33
2026-10-04,Venus,2026-10-04T20:00:00+11:00,20.32,28.2,2026-10-04T20:00:00+11:00,20.32,fair,evening,-7.74,2026-10-04T14:30:00+11:00,68.46
2026-10-04,Mars,2026-10-04T06:00:00+11:00,16.2,67.28,2026-10-04T06:00:00+11:00,16.2,fair,predawn,-8.23,2026-10-04T09:00:00+11:00,26.72
2026-10-04,Jupiter,2026-10-04T06:00:00+11:00,11.14,50.51,2026-10-04T06:00:00+11:00,11.14,poor,predawn,-8.23,2026-10-04T10:00:00+11:00,31.87
2026-10-04,Saturn,2026-10-04T00:00:00+10:00,45.2,177.11,2026-10-04T00:00:00+10:00,45.2,excellent,overnight,-43.14,2026-10-04T00:00:00+10:00,45.2
2026-10-04,Uranus,2026-10-04T04:30:00+11:00,26.17,125.05,2026-10-04T04:30:00+11:00,26.17,good,predawn,-23.53,2026-10-04T04:30:00+11:00,26.17
2026-10-04,Neptune,2026-10-04T00:00:00+10:00,47.09,172.28,2026-10-04T00:00:00+10:00,47.09,excellent,overnight,-43.14,2026-10-04T00:00:00+10:00,47.09
2026-10-05,Mercury,2026-10-05T20:00:00+11:00,15.77,24.22,2026-10-05T20:00:00+11:00,15.77,fair,evening,-7.53,2026-10-05T14:30:00+11:00,62.86
2026-10-05,Venus,2026-10-05T20:00:00+11:00,19.57,27.21,2026-10-05T20:00:00+11:00,19.57,fair,evening,-7.53,2026-10-05T14:30:00+11:00,68.52
2026-10-05,Mars,2026-10-05T06:00:00+11:00,16.48,67.69,2026-10-05T06:00:00+11:00,16.48,fair,predawn,-7.9,2026-10-05T08:30:00+11:00,26.85
2026-10-05,Jupiter,2026-10-05T06:00:00+11:00,11.68,51.32,2026-10-05T06:00:00+11:00,11.68,poor,predawn,-7.9,2026-10-05T10:00:00+11:00,31.89
2026-10-05,Saturn,2026-10-05T01:00:00+11:00,45.27,177.28,2026-10-05T01:00:00+11:00,45.27,excellent,overnight,-42.76,2026-10-05T01:00:00+11:00,45.27
2026-10-05,Uranus,2026-10-05T04:30:00+11:00,26.19,126.05,2026-10-05T04:30:00+11:00,26.19,good,predawn,-23.18,2026-10-05T04:30:00+11:00,26.19
2026-10-05,Neptune,2026-10-05T00:30:00+11:00,47.45,171.31,2026-10-05T00:30:00+11:00,47.45,excellent,overnight,-42.25,2026-10-05T00:30:00+11:00,47.45
2026-10-06,Mercury,2026-10-06T20:00:00+11:00,16.21,24.45,2026-10-06T20:00:00+11:00,16.21,fair,evening,-7.31,2026-10-06T14:30:00+11:00,63.36
2026-10-06,Venus,2026-10-06T20:00:00+11:00,18.79,26.18,2026-10-06T20:00:00+11:00,18.79,fair,evening,-7.31,2026-10-06T14:30:00+11:00,68.54
2026-10-06,Mars,2026-10-06T06:00:00+11:00,16.77,68.1,2026-10-06T06:00:00+11:00,16.77,fair,predawn,-7.58,2026-10-06T08:30:00+11:00,26.98
2026-10-06,Jupiter,2026-10-06T06:00:00+11:00,12.21,52.13,2026-10-06T06:00:00+11:00,12.21,poor,predawn,-7.58,2026-10-06T10:00:00+11:00,31.91
2026-10-06,Saturn,2026-10-06T01:00:00+11:00,45.31,177.06,2026-10-06T01:00:00+11:00,45.31,excellent,overnight,-42.37,2026-10-06T01:00:00+11:00,45.31
2026-10-06,Uranus,2026-10-06T04:30:00+11:00,26.19,127.06,2026-10-06T04:30:00+11:00,26.19,good,predawn,-22.83,2026-10-06T04:30:00+11:00,26.19
2026-10-06,Neptune,2026-10-06T00:30:00+11:00,47.46,170.31,2026-10-06T00:30:00+11:00,47.46,excellent,overnight,-41.88,2026-10-06T00:30:00+11:00,47.46
2026-10-07,Mercury,2026-10-07T20:00:00+11:00,16.63,24.65,2026-10-07T20:00:00+11:00,16.63,fair,evening,-7.1,2026-10-07T14:30:00+11:00,63.85
2026-10-07,Venus,2026-10-07T20:00:00+11:00,17.97,25.12,2026-10-07T20:00:00+11:00,17.97,fair,evening,-7.1,2026-10-07T14:30:00+11:00,68.48
2026-10-07,Mars,2026-10-07T06:00:00+11:00,17.05,68.52,2026-10-07T06:00:00+11:00,17.05,fair,predawn,-7.26,2026-10-07T08:30:00+11:00,27.12
2026-10-07,Jupiter,2026-10-07T06:00:00+11:00,12.75,52.94,2026-10-07T06:00:00+11:00,12.75,poor,predawn,-7.26,2026-10-07T09:30:00+11:00,31.98
2026-10-07,Saturn,2026-10-07T01:00:00+11:00,45.33,176.51,2026-10-07T01:00:00+11:00,45.33,excellent,overnight,-41.99,2026-10-07T01:00:00+11:00,45.33
2026-10-07,Uranus,2026-10-07T04:30:00+11:00,26.18,128.06,2026-10-07T04:30:00+11:00,26.18,good,predawn,-22.49,2026-10-07T04:30:00+11:00,26.18
2026-10-07,Neptune,2026-10-07T00:30:00+11:00,47.45,169.3,2026-10-07T00:30:00+11:00,47.45,excellent,overnight,-41.51,2026-10-07T00:30:00+11:00,47.45
2026-10-08,Mercury,2026-10-08T20:00:00+11:00,17.02,24.83,2026-10-08T20:00:00+11:00,17.02,fair,evening,-6.88,2026-10-08T14:30:00+11:00,64.32
2026-10-08,Venus,2026-10-08T20:00:00+11:00,17.11,24.02,2026-10-08T20:00:00+11:00,17.11,fair,evening,-6.88,2026-10-08T14:30:00+11:00,68.36
2026-10-08,Mars,2026-10-08T06:00:00+11:00,17.34,68.93,2026-10-08T06:00:00+11:00,17.34,fair,predawn,-6.94,2026-10-08T08:30:00+11:00,27.26
2026-10-08,Jupiter,2026-10-08T06:00:00+11:00,13.28,53.76,2026-10-08T06:00:00+11:00,13.28,poor,predawn,-6.94,2026-10-08T09:30:00+11:00,32.06
2026-10-08,Saturn,2026-10-08T01:00:00+11:00,45.34,175.76,2026-10-08T01:00:00+11:00,45.34,excellent,overnight,-41.61,2026-10-08T01:00:00+11:00,45.34
2026-10-08,Uranus,2026-10-08T04:30:00+11:00,26.16,129.07,2026-10-08T04:30:00+11:00,26.16,good,predawn,-22.15,2026-10-08T04:30:00+11:00,26.16
2026-10-08,Neptune,2026-10-08T00:30:00+11:00,47.42,168.3,2026-10-08T00:30:00+11:00,47.42,excellent,overnight,-41.14,2026-10-08T00:30:00+11:00,47.42
2026-10-09,Mercury,2026-10-09T20:00:00+11:00,17.38,24.97,2026-10-09T20:00:00+11:00,17.38,fair,evening,-6.66,2026-10-09T14:30:00+11:00,64.77
2026-10-09,Venus,2026-10-09T20:00:00+11:00,16.21,22.89,2026-10-09T20:00:00+11:00,16.21,fair,evening,-6.66,2026-10-09T14:00:00+11:00,68.33
2026-10-09,Mars,2026-10-09T06:00:00+11:00,17.63,69.35,2026-10-09T06:00:00+11:00,17.63,fair,predawn,-6.63,2026-10-09T08:30:00+11:00,27.39
2026-10-09,Jupiter,2026-10-09T06:00:00+11:00,13.8,54.58,2026-10-09T06:00:00+11:00,13.8,poor,predawn,-6.63,2026-10-09T09:30:00+11:00,32.14
2026-10-09,Saturn,2026-10-09T01:00:00+11:00,45.32,174.9,2026-10-09T01:00:00+11:00,45.32,excellent,overnight,-41.22,2026-10-09T01:00:00+11:00,45.32
2026-10-09,Uranus,2026-10-09T04:30:00+11:00,26.13,130.08,2026-10-09T04:30:00+11:00,26.13,good,predawn,-21.81,2026-10-09T04:30:00+11:00,26.13
2026-10-09,Neptune,2026-10-09T00:30:00+11:00,47.37,167.29,2026-10-09T00:30:00+11:00,47.37,excellent,overnight,-40.77,2026-10-09T00:30:00+11:00,47.37
2026-10-10,Mercury,2026-10-10T20:00:00+11:00,17.7,25.07,2026-10-10T20:00:00+11:00,17.7,fair,evening,-6.44,2026-10-10T14:30:00+11:00,65.19
2026-10-10,Venus,2026-10-10T20:00:00+11:00,15.27,21.73,2026-10-10T20:00:00+11:00,15.27,fair,evening,-6.44,2026-10-10T14:00:00+11:00,68.37
2026-10-10,Mars,2026-10-10T06:00:00+11:00,17.93,69.78,2026-10-10T06:00:00+11:00,17.93,fair,predawn,-6.31,2026-10-10T08:30:00+11:00,27.52
2026-10-10,Jupiter,2026-10-10T06:00:00+11:00,14.33,55.4,2026-10-10T06:00:00+11:00,14.33,poor,predawn,-6.31,2026-10-10T09:30:00+11:00,32.2
2026-10-10,Saturn,2026-10-10T00:30:00+11:00,45.32,173.99,2026-10-10T00:30:00+11:00,45.32,excellent,overnight,-40.4,2026-10-10T00:30:00+11:00,45.32
2026-10-10,Uranus,2026-10-10T04:00:00+11:00,26.14,131.07,2026-10-10T04:00:00+11:00,26.14,good,predawn,-25.98,2026-10-10T04:00:00+11:00,26.14
2026-10-10,Neptune,2026-10-10T00:00:00+11:00,47.43,166.3,2026-10-10T00:00:00+11:00,47.43,excellent,overnight,-39.04,2026-10-10T00:00:00+11:00,47.43
2026-10-11,Mercury,2026-10-11T20:00:00+11:00,17.98,25.14,2026-10-11T20:00:00+11:00,17.98,fair,evening,-6.23,2026-10-11T14:30:00+11:00,65.6
2026-10-11,Venus,2026-10-11T20:00:00+11:00,14.3,20.53,2026-10-11T20:00:00+11:00,14.3,poor,evening,-6.23,2026-10-11T14:00:00+11:00,68.33
2026-10-11,Mars,2026-10-11T06:00:00+11:00,18.22,70.2,2026-10-11T06:00:00+11:00,18.22,fair,predawn,-6.0,2026-10-11T08:30:00+11:00,27.66
2026-10-11,Jupiter,2026-10-11T06:00:00+11:00,14.85,56.23,2026-10-11T06:00:00+11:00,14.85,poor,predawn,-6.0,2026-10-11T09:30:00+11:00,32.26
2026-10-11,Saturn,2026-10-11T00:30:00+11:00,45.41,173.02,2026-10-11T00:30:00+11:00,45.41,excellent,overnight,-40.03,2026-10-11T00:30:00+11:00,45.41
2026-10-11,Uranus,2026-10-11T04:00:00+11:00,26.18,132.08,2026-10-11T04:00:00+11:00,26.18,good,predawn,-25.63,2026-10-11T04:00:00+11:00,26.18
2026-10-11,Neptune,2026-10-11T00:00:00+11:00,47.49,165.29,2026-10-11T00:00:00+11:00,47.49,excellent,overnight,-38.69,2026-10-11T00:00:00+11:00,47.49
2026-10-12,Mercury,2026-10-12T20:00:00+11:00,18.23,25.16,2026-10-12T20:00:00+11:00,18.23,fair,evening,-6.01,2026-10-12T14:30:00+11:00,65.99
2026-10-12,Venus,2026-10-12T20:00:00+11:00,13.29,19.31,2026-10-12T20:00:00+11:00,13.29,poor,evening,-6.01,2026-10-12T14:00:00+11:00,68.22
2026-10-12,Mars,2026-10-12T06:00:00+11:00,18.51,70.63,2026-10-12T06:00:00+11:00,18.51,fair,predawn,-5.69,2026-10-12T08:30:00+11:00,27.79
2026-10-12,Jupiter,2026-10-12T06:00:00+11:00,15.37,57.05,2026-10-12T06:00:00+11:00,15.37,fair,predawn,-5.69,2026-10-12T09:30:00+11:00,32.3
2026-10-12,Saturn,2026-10-12T00:30:00+11:00,45.48,172.03,2026-10-12T00:30:00+11:00,45.48,excellent,overnight,-39.67,2026-10-12T00:30:00+11:00,45.48
2026-10-12,Uranus,2026-10-12T04:00:00+11:00,26.21,133.1,2026-10-12T04:00:00+11:00,26.21,good,predawn,-25.29,2026-10-12T04:00:00+11:00,26.21
2026-10-12,Neptune,2026-10-12T00:00:00+11:00,47.52,164.28,2026-10-12T00:00:00+11:00,47.52,excellent,overnight,-38.34,2026-10-12T00:00:00+11:00,47.52
2026-10-13,Mercury,2026-10-13T20:00:00+11:00,18.42,25.14,2026-10-13T20:00:00+11:00,18.42,fair,evening,-5.79,2026-10-13T14:30:00+11:00,66.35
2026-10-13,Venus,2026-10-13T20:00:00+11:00,12.25,18.06,2026-10-13T20:00:00+11:00,12.25,poor,evening,-5.79,2026-10-13T14:00:00+11:00,68.02
2026-10-13,Mars,2026-10-13T06:00:00+11:00,18.81,71.06,2026-10-13T06:00:00+11:00,18.81,fair,predawn,-5.38,2026-10-13T08:30:00+11:00,27.92
2026-10-13,Jupiter,2026-10-13T06:00:00+11:00,15.88,57.88,2026-10-13T06:00:00+11:00,15.88,fair,predawn,-5.38,2026-10-13T09:30:00+11:00,32.33
2026-10-13,Saturn,2026-10-13T00:30:00+11:00,45.52,171.02,2026-10-13T00:30:00+11:00,45.52,excellent,overnight,-39.3,2026-10-13T00:30:00+11:00,45.52
2026-10-13,Uranus,2026-10-13T04:00:00+11:00,26.22,134.11,2026-10-13T04:00:00+11:00,26.22,good,predawn,-24.95,2026-10-13T04:00:00+11:00,26.22
2026-10-13,Neptune,2026-10-13T00:00:00+11:00,47.54,163.27,2026-10-13T00:00:00+11:00,47.54,excellent,overnight,-37.99,2026-10-13T00:00:00+11:00,47.54
2026-10-14,Mercury,2026-10-14T20:00:00+11:00,18.57,25.07,2026-10-14T20:00:00+11:00,18.57,fair,evening,-5.57,2026-10-14T14:30:00+11:00,66.68
2026-10-14,Venus,2026-10-14T20:00:00+11:00,11.17,16.79,2026-10-14T20:00:00+11:00,11.17,poor,evening,-5.57,2026-10-14T14:00:00+11:00,67.74
2026-10-14,Mars,2026-10-14T06:00:00+11:00,19.11,71.5,2026-10-14T06:00:00+11:00,19.11,fair,predawn,-5.08,2026-10-14T08:30:00+11:00,28.05
2026-10-14,Jupiter,2026-10-14T06:00:00+11:00,16.39,58.71,2026-10-14T06:00:00+11:00,16.39,fair,predawn,-5.08,2026-10-14T09:30:00+11:00,32.35
2026-10-14,Saturn,2026-10-14T00:30:00+11:00,45.55,170.0,2026-10-14T00:30:00+11:00,45.55,excellent,overnight,-38.94,2026-10-14T00:30:00+11:00,45.55
2026-10-14,Uranus,2026-10-14T04:00:00+11:00,26.22,135.13,2026-10-14T04:00:00+11:00,26.22,good,predawn,-24.61,2026-10-14T04:00:00+11:00,26.22
2026-10-14,Neptune,2026-10-14T00:00:00+11:00,47.53,162.26,2026-10-14T00:00:00+11:00,47.53,excellent,overnight,-37.64,2026-10-14T00:00:00+11:00,47.53
2026-10-15,Mercury,2026-10-15T20:00:00+11:00,18.67,24.94,2026-10-15T20:00:00+11:00,18.67,fair,evening,-5.34,2026-10-15T14:30:00+11:00,66.99
2026-10-15,Venus,2026-10-15T20:00:00+11:00,10.06,15.5,2026-10-15T20:00:00+11:00,10.06,poor,evening,-5.34,2026-10-15T13:30:00+11:00,67.63
2026-10-15,Mars,2026-10-15T06:00:00+11:00,19.41,71.93,2026-10-15T06:00:00+11:00,19.41,fair,predawn,-4.78,2026-10-15T08:30:00+11:00,28.18
2026-10-15,Jupiter,2026-10-15T06:00:00+11:00,16.9,59.54,2026-10-15T06:00:00+11:00,16.9,fair,predawn,-4.78,2026-10-15T09:30:00+11:00,32.36
2026-10-15,Saturn,2026-10-15T00:30:00+11:00,45.55,168.96,2026-10-15T00:30:00+11:00,45.55,excellent,overnight,-38.57,2026-10-15T00:30:00+11:00,45.55
2026-10-15,Uranus,2026-10-15T04:00:00+11:00,26.21,136.14,2026-10-15T04:00:00+11:00,26.21,good,predawn,-24.27,2026-10-15T04:00:00+11:00,26.21
2026-10-15,Neptune,2026-10-15T00:00:00+11:00,47.51,161.24,2026-10-15T00:00:00+11:00,47.51,excellent,overnight,-37.29,2026-10-15T00:00:00+11:00,47.51
2026-10-16,Mercury,2026-10-16T20:00:00+11:00,18.71,24.75,2026-10-16T20:00:00+11:00,18.71,fair,evening,-5.12,2026-10-16T14:30:00+11:00,67.27
2026-10-16,Venus,2026-10-16T20:00:00+11:00,8.92,14.21,2026-10-16T20:00:00+11:00,8.92,poor,evening,-5.12,2026-10-16T13:30:00+11:00,67.51
2026-10-16,Mars,2026-10-16T06:00:00+11:00,19.71,72.37,2026-10-16T06:00:00+11:00,19.71,fair,predawn,-4.48,2026-10-16T08:30:00+11:00,28.3
2026-10-16,Jupiter,2026-10-16T06:00:00+11:00,17.4,60.38,2026-10-16T06:00:00+11:00,17.4,fair,predawn,-4.48,2026-10-16T09:00:00+11:00,32.42
2026-10-16,Saturn,2026-10-16T00:30:00+11:00,45.53,167.93,2026-10-16T00:30:00+11:00,45.53,excellent,overnight,-38.21,2026-10-16T00:30:00+11:00,45.53
2026-10-16,Uranus,2026-10-16T04:00:00+11:00,26.18,137.16,2026-10-16T04:00:00+11:00,26.18,good,predawn,-23.93,2026-10-16T04:00:00+11:00,26.18
2026-10-16,Neptune,2026-10-16T23:30:00+11:00,47.48,159.24,2026-10-16T23:30:00+11:00,47.48,excellent,overnight,-34.52,2026-10-16T23:30:00+11:00,47.48
2026-10-17,Mercury,2026-10-17T20:00:00+11:00,18.68,24.5,2026-10-17T20:00:00+11:00,18.68,fair,evening,-4.9,2026-10-17T14:30:00+11:00,67.51
2026-10-17,Venus,2026-10-17T20:00:00+11:00,7.75,12.93,2026-10-17T20:00:00+11:00,7.75,poor,evening,-4.9,2026-10-17T13:30:00+11:00,67.3
2026-10-17,Mars,2026-10-17T06:00:00+11:00,20.01,72.82,2026-10-17T06:00:00+11:00,20.01,fair,predawn,-4.18,2026-10-17T08:30:00+11:00,28.43
2026-10-17,Jupiter,2026-10-17T06:00:00+11:00,17.9,61.22,2026-10-17T06:00:00+11:00,17.9,fair,predawn,-4.18,2026-10-17T09:00:00+11:00,32.5
2026-10-17,Saturn,2026-10-17T00:00:00+11:00,45.52,166.91,2026-10-17T00:00:00+11:00,45.52,excellent,overnight,-36.6,2026-10-17T00:00:00+11:00,45.52
2026-10-17,Uranus,2026-10-17T03:30:00+11:00,26.15,138.16,2026-10-17T03:30:00+11:00,26.15,good,predawn,-27.63,2026-10-17T03:30:00+11:00,26.15
2026-10-17,Neptune,2026-10-17T23:30:00+11:00,47.54,158.22,2026-10-17T23:30:00+11:00,47.54,excellent,overnight,-34.19,2026-10-17T23:30:00+11:00,47.54
2026-10-18,Mercury,2026-10-18T20:00:00+11:00,18.59,24.17,2026-10-18T20:00:00+11:00,18.59,fair,evening,-4.68,2026-10-18T14:30:00+11:00,67.72
2026-10-18,Venus,2026-10-18T20:00:00+11:00,6.56,11.66,2026-10-18T20:00:00+11:00,6.56,poor,evening,-4.68,2026-10-18T13:30:00+11:00,67.01
2026-10-18,Mars,2026-10-18T05:30:00+11:00,16.81,73.25,2026-10-18T05:30:00+11:00,16.81,fair,predawn,-9.09,2026-10-18T08:30:00+11:00,28.55
2026-10-18,Jupiter,2026-10-18T05:30:00+11:00,14.11,62.04,2026-10-18T05:30:00+11:00,14.11,poor,predawn,-9.09,2026-10-18T09:00:00+11:00,32.57
2026-10-18,Saturn,2026-10-18T00:00:00+11:00,45.61,165.86,2026-10-18T00:00:00+11:00,45.61,excellent,overnight,-36.25,2026-10-18T00:00:00+11:00,45.61
2026-10-18,Uranus,2026-10-18T03:30:00+11:00,26.2,139.18,2026-10-18T03:30:00+11:00,26.2,good,predawn,-27.29,2026-10-18T03:30:00+11:00,26.2
2026-10-18,Neptune,2026-10-18T23:30:00+11:00,47.58,157.21,2026-10-18T23:30:00+11:00,47.58,excellent,overnight,-33.86,2026-10-18T23:30:00+11:00,47.58
2026-10-19,Mercury,2026-10-19T20:00:00+11:00,18.41,23.77,2026-10-19T20:00:00+11:00,18.41,fair,evening,-4.46,2026-10-19T14:30:00+11:00,67.89
2026-10-19,Venus,2026-10-19T20:00:00+11:00,5.34,10.43,2026-10-19T20:00:00+11:00,5.34,poor,evening,-4.46,2026-10-19T13:30:00+11:00,66.62
2026-10-19,Mars,2026-10-19T05:30:00+11:00,17.13,73.7,2026-10-19T05:30:00+11:00,17.13,fair,predawn,-8.8,2026-10-19T08:30:00+11:00,28.67
2026-10-19,Jupiter,2026-10-19T05:30:00+11:00,14.64,62.88,2026-10-19T05:30:00+11:00,14.64,poor,predawn,-8.8,2026-10-19T09:00:00+11:00,32.63
2026-10-19,Saturn,2026-10-19T00:00:00+11:00,45.68,164.81,2026-10-19T00:00:00+11:00,45.68,excellent,overnight,-35.91,2026-10-19T00:00:00+11:00,45.68
2026-10-19,Uranus,2026-10-19T03:30:00+11:00,26.23,140.2,2026-10-19T03:30:00+11:00,26.23,good,predawn,-26.95,2026-10-19T03:30:00+11:00,26.23
2026-10-19,Neptune,2026-10-19T23:30:00+11:00,47.61,156.19,2026-10-19T23:30:00+11:00,47.61,excellent,overnight,-33.54,2026-10-19T23:30:00+11:00,47.61
2026-10-20,Mercury,2026-10-20T20:00:00+11:00,18.15,23.27,2026-10-20T20:00:00+11:00,18.15,fair,evening,-4.24,2026-10-20T14:30:00+11:00,68.01
2026-10-20,Venus,2026-10-20T20:00:00+11:00,4.1,9.28,2026-10-20T20:00:00+11:00,4.1,poor,evening,-4.24,2026-10-20T13:00:00+11:00,66.35
2026-10-20,Mars,2026-10-20T05:30:00+11:00,17.46,74.16,2026-10-20T05:30:00+11:00,17.46,fair,predawn,-8.5,2026-10-20T08:30:00+11:00,28.79
2026-10-20,Jupiter,2026-10-20T05:30:00+11:00,15.17,63.72,2026-10-20T05:30:00+11:00,15.17,fair,predawn,-8.5,2026-10-20T09:00:00+11:00,32.68
2026-10-20,Saturn,2026-10-20T00:00:00+11:00,45.72,163.76,2026-10-20T00:00:00+11:00,45.72,excellent,overnight,-35.57,2026-10-20T00:00:00+11:00,45.72
2026-10-20,Uranus,2026-10-20T03:30:00+11:00,26.25,141.22,2026-10-20T03:30:00+11:00,26.25,good,predawn,-26.62,2026-10-20T03:30:00+11:00,26.25
2026-10-20,Neptune,2026-10-20T23:30:00+11:00,47.61,155.17,2026-10-20T23:30:00+11:00,47.61,excellent,overnight,-33.21,2026-10-20T23:30:00+11:00,47.61
2026-10-21,Mercury,2026-10-21T20:00:00+11:00,17.8,22.68,2026-10-21T20:00:00+11:00,17.8,fair,evening,-4.01,2026-10-21T14:30:00+11:00,68.08
2026-10-21,Venus,2026-10-21T20:00:00+11:00,2.85,8.23,2026-10-21T20:00:00+11:00,2.85,poor,evening,-4.01,2026-10-21T13:00:00+11:00,66.13
2026-10-21,Mars,2026-10-21T05:30:00+11:00,17.79,74.61,2026-10-21T05:30:00+11:00,17.79,fair,predawn,-8.21,2026-10-21T08:30:00+11:00,28.9
2026-10-21,Jupiter,2026-10-21T05:30:00+11:00,15.7,64.57,2026-10-21T05:30:00+11:00,15.7,fair,predawn,-8.21,2026-10-21T09:00:00+11:00,32.72
2026-10-21,Saturn,2026-10-21T00:00:00+11:00,45.75,162.71,2026-10-21T00:00:00+11:00,45.75,excellent,overnight,-35.23,2026-10-21T00:00:00+11:00,45.75
2026-10-21,Uranus,2026-10-21T03:30:00+11:00,26.26,142.25,2026-10-21T03:30:00+11:00,26.26,good,predawn,-26.29,2026-10-21T03:30:00+11:00,26.26
2026-10-21,Neptune,2026-10-21T23:30:00+11:00,47.6,154.16,2026-10-21T23:30:00+11:00,47.6,excellent,overnight,-32.89,2026-10-21T23:30:00+11:00,47.6
2026-10-22,Mercury,2026-10-22T20:30:00+11:00,12.02,21.96,2026-10-22T20:30:00+11:00,12.02,poor,evening,-8.91,2026-10-22T14:30:00+11:00,68.08
2026-10-22,Venus,2026-10-22T05:30:00+11:00,-3.01,7.87,2026-10-22T05:30:00+11:00,-3.01,not visible,predawn,-7.93,2026-10-22T13:00:00+11:00,65.82
2026-10-22,Mars,2026-10-22T05:30:00+11:00,18.12,75.07,2026-10-22T05:30:00+11:00,18.12,fair,predawn,-7.93,2026-10-22T08:30:00+11:00,29.02
2026-10-22,Jupiter,2026-10-22T05:30:00+11:00,16.22,65.42,2026-10-22T05:30:00+11:00,16.22,fair,predawn,-7.93,2026-10-22T09:00:00+11:00,32.75
2026-10-22,Saturn,2026-10-22T00:00:00+11:00,45.75,161.66,2026-10-22T00:00:00+11:00,45.75,excellent,overnight,-34.89,2026-10-22T00:00:00+11:00,45.75
2026-10-22,Uranus,2026-10-22T03:30:00+11:00,26.25,143.27,2026-10-22T03:30:00+11:00,26.25,good,predawn,-25.96,2026-10-22T03:30:00+11:00,26.25
2026-10-22,Neptune,2026-10-22T23:30:00+11:00,47.56,153.14,2026-10-22T23:30:00+11:00,47.56,excellent,overnight,-32.57,2026-10-22T23:30:00+11:00,47.56
2026-10-23,Mercury,2026-10-23T20:30:00+11:00,11.46,21.15,2026-10-23T20:30:00+11:00,11.46,poor,evening,-8.67,2026-10-23T14:30:00+11:00,68.01
2026-10-23,Venus,2026-10-23T05:30:00+11:00,-2.28,7.09,2026-10-23T05:30:00+11:00,-2.28,not visible,predawn,-7.65,2026-10-23T13:00:00+11:00,65.43
2026-10-23,Mars,2026-10-23T05:30:00+11:00,18.45,75.53,2026-10-23T05:30:00+11:00,18.45,fair,predawn,-7.65,2026-10-23T08:00:00+11:00,29.15
2026-10-23,Jupiter,2026-10-23T05:30:00+11:00,16.74,66.27,2026-10-23T05:30:00+11:00,16.74,fair,predawn,-7.65,2026-10-23T09:00:00+11:00,32.76
2026-10-23,Saturn,2026-10-23T00:00:00+11:00,45.73,160.6,2026-10-23T00:00:00+11:00,45.73,excellent,overnight,-34.55,2026-10-23T00:00:00+11:00,45.73
2026-10-23,Uranus,2026-10-23T03:30:00+11:00,26.23,144.3,2026-10-23T03:30:00+11:00,26.23,good,predawn,-25.64,2026-10-23T03:30:00+11:00,26.23
2026-10-23,Neptune,2026-10-23T23:00:00+11:00,47.51,152.14,2026-10-23T23:00:00+11:00,47.51,excellent,overnight,-29.56,2026-10-23T23:00:00+11:00,47.51
2026-10-24,Mercury,2026-10-24T20:30:00+11:00,10.79,20.2,2026-10-24T20:30:00+11:00,10.79,poor,evening,-8.44,2026-10-24T14:00:00+11:00,68.0
2026-10-24,Venus,2026-10-24T05:30:00+11:00,-1.55,6.61,2026-10-24T05:30:00+11:00,-1.55,not visible,predawn,-7.37,2026-10-24T13:00:00+11:00,64.95
2026-10-24,Mars,2026-10-24T05:30:00+11:00,18.78,76.0,2026-10-24T05:30:00+11:00,18.78,fair,predawn,-7.37,2026-10-24T08:00:00+11:00,29.31
2026-10-24,Jupiter,2026-10-24T05:30:00+11:00,17.25,67.13,2026-10-24T05:30:00+11:00,17.25,fair,predawn,-7.37,2026-10-24T09:00:00+11:00,32.77
2026-10-24,Saturn,2026-10-24T23:30:00+11:00,45.79,158.51,2026-10-24T23:30:00+11:00,45.79,excellent,overnight,-31.93,2026-10-24T23:30:00+11:00,45.79
2026-10-24,Uranus,2026-10-24T03:30:00+11:00,26.19,145.32,2026-10-24T03:30:00+11:00,26.19,good,predawn,-25.32,2026-10-24T03:30:00+11:00,26.19
2026-10-24,Neptune,2026-10-24T23:00:00+11:00,47.58,151.13,2026-10-24T23:00:00+11:00,47.58,excellent,overnight,-29.26,2026-10-24T23:00:00+11:00,47.58
2026-10-25,Mercury,2026-10-25T20:30:00+11:00,9.99,19.12,2026-10-25T20:30:00+11:00,9.99,poor,evening,-8.21,2026-10-25T14:00:00+11:00,67.98
2026-10-25,Venus,2026-10-25T05:30:00+11:00,-0.82,6.48,2026-10-25T05:30:00+11:00,-0.82,not visible,predawn,-7.1,2026-10-25T12:30:00+11:00,64.61
2026-10-25,Mars,2026-10-25T05:30:00+11:00,19.12,76.47,2026-10-25T05:30:00+11:00,19.12,fair,predawn,-7.1,2026-10-25T08:00:00+11:00,29.46
2026-10-25,Jupiter,2026-10-25T05:30:00+11:00,17.77,67.98,2026-10-25T05:30:00+11:00,17.77,fair,predawn,-7.1,2026-10-25T08:30:00+11:00,32.83
2026-10-25,Saturn,2026-10-25T23:30:00+11:00,45.86,157.46,2026-10-25T23:30:00+11:00,45.86,excellent,overnight,-31.61,2026-10-25T23:30:00+11:00,45.86
2026-10-25,Uranus,2026-10-25T03:00:00+11:00,26.22,146.33,2026-10-25T03:00:00+11:00,26.22,good,predawn,-28.44,2026-10-25T03:00:00+11:00,26.22
2026-10-25,Neptune,2026-10-25T23:00:00+11:00,47.63,150.11,2026-10-25T23:00:00+11:00,47.63,excellent,overnight,-28.95,2026-10-25T23:00:00+11:00,47.63
2026-10-26,Mercury,2026-10-26T20:30:00+11:00,9.05,17.9,2026-10-26T20:30:00+11:00,9.05,poor,evening,-7.98,2026-10-26T14:00:00+11:00,67.88
2026-10-26,Venus,2026-10-26T05:30:00+11:00,-0.09,6.74,2026-10-26T05:30:00+11:00,-0.09,not visible,predawn,-6.83,2026-10-26T12:30:00+11:00,64.31
2026-10-26,Mars,2026-10-26T05:30:00+11:00,19.45,76.94,2026-10-26T05:30:00+11:00,19.45,fair,predawn,-6.83,2026-10-26T08:00:00+11:00,29.61
2026-10-26,Jupiter,2026-10-26T05:30:00+11:00,18.27,68.84,2026-10-26T05:30:00+11:00,18.27,fair,predawn,-6.83,2026-10-26T08:30:00+11:00,32.9
2026-10-26,Saturn,2026-10-26T23:30:00+11:00,45.91,156.4,2026-10-26T23:30:00+11:00,45.91,excellent,overnight,-31.29,2026-10-26T23:30:00+11:00,45.91
2026-10-26,Uranus,2026-10-26T03:00:00+11:00,26.26,147.36,2026-10-26T03:00:00+11:00,26.26,good,predawn,-28.12,2026-10-26T03:00:00+11:00,26.26
2026-10-26,Neptune,2026-10-26T23:00:00+11:00,47.67,149.09,2026-10-26T23:00:00+11:00,47.67,excellent,overnight,-28.65,2026-10-26T23:00:00+11:00,47.67
2026-10-27,Mercury,2026-10-27T20:30:00+11:00,7.97,16.53,2026-10-27T20:30:00+11:00,7.97,poor,evening,-7.74,2026-10-27T14:00:00+11:00,67.66
2026-10-27,Venus,2026-10-27T05:30:00+11:00,0.64,7.34,2026-10-27T05:30:00+11:00,0.64,poor,predawn,-6.56,2026-10-27T12:30:00+11:00,63.93
2026-10-27,Mars,2026-10-27T05:30:00+11:00,19.79,77.42,2026-10-27T05:30:00+11:00,19.79,fair,predawn,-6.56,2026-10-27T08:00:00+11:00,29.76
2026-10-27,Jupiter,2026-10-27T05:30:00+11:00,18.77,69.71,2026-10-27T05:30:00+11:00,18.77,fair,predawn,-6.56,2026-10-27T08:30:00+11:00,32.97
2026-10-27,Saturn,2026-10-27T23:30:00+11:00,45.93,155.34,2026-10-27T23:30:00+11:00,45.93,excellent,overnight,-30.98,2026-10-27T23:30:00+11:00,45.93
2026-10-27,Uranus,2026-10-27T03:00:00+11:00,26.29,148.39,2026-10-27T03:00:00+11:00,26.29,good,predawn,-27.8,2026-10-27T03:00:00+11:00,26.29
2026-10-27,Neptune,2026-10-27T23:00:00+11:00,47.68,148.07,2026-10-27T23:00:00+11:00,47.68,excellent,overnight,-28.35,2026-10-27T23:00:00+11:00,47.68
2026-10-28,Mercury,2026-10-28T20:30:00+11:00,6.74,15.0,2026-10-28T20:30:00+11:00,6.74,poor,evening,-7.51,2026-10-28T14:00:00+11:00,67.32
2026-10-28,Venus,2026-10-28T05:30:00+11:00,1.36,8.21,2026-10-28T05:30:00+11:00,1.36,poor,predawn,-6.3,2026-10-28T12:30:00+11:00,63.49
2026-10-28,Mars,2026-10-28T05:30:00+11:00,20.12,77.89,2026-10-28T05:30:00+11:00,20.12,fair,predawn,-6.3,2026-10-28T08:00:00+11:00,29.91
2026-10-28,Jupiter,2026-10-28T05:30:00+11:00,19.27,70.57,2026-10-28T05:30:00+11:00,19.27,fair,predawn,-6.3,2026-10-28T08:30:00+11:00,33.02
2026-10-28,Saturn,2026-10-28T23:30:00+11:00,45.94,154.28,2026-10-28T23:30:00+11:00,45.94,excellent,overnight,-30.67,2026-10-28T23:30:00+11:00,45.94
2026-10-28,Uranus,2026-10-28T03:00:00+11:00,26.3,149.42,2026-10-28T03:00:00+11:00,26.3,good,predawn,-27.48,2026-10-28T03:00:00+11:00,26.3
2026-10-28,Neptune,2026-10-28T23:00:00+11:00,47.67,147.05,2026-10-28T23:00:00+11:00,47.67,excellent,overnight,-28.05,2026-10-28T23:00:00+11:00,47.67
2026-10-29,Mercury,2026-10-29T20:30:00+11:00,5.37,13.31,2026-10-29T20:30:00+11:00,5.37,poor,evening,-7.28,2026-10-29T14:00:00+11:00,66.84
2026-10-29,Venus,2026-10-29T05:30:00+11:00,2.08,9.25,2026-10-29T05:30:00+11:00,2.08,poor,predawn,-6.04,2026-10-29T12:30:00+11:00,62.98
2026-10-29,Mars,2026-10-29T05:30:00+11:00,20.46,78.38,2026-10-29T05:30:00+11:00,20.46,fair,predawn,-6.04,2026-10-29T08:00:00+11:00,30.05
2026-10-29,Jupiter,2026-10-29T05:30:00+11:00,19.77,71.44,2026-10-29T05:30:00+11:00,19.77,fair,predawn,-6.04,2026-10-29T08:30:00+11:00,33.06
2026-10-29,Saturn,2026-10-29T23:30:00+11:00,45.92,153.22,2026-10-29T23:30:00+11:00,45.92,excellent,overnight,-30.36,2026-10-29T23:30:00+11:00,45.92
2026-10-29,Uranus,2026-10-29T03:00:00+11:00,26.3,150.45,2026-10-29T03:00:00+11:00,26.3,good,predawn,-27.17,2026-10-29T03:00:00+11:00,26.3
2026-10-29,Neptune,2026-10-29T23:00:00+11:00,47.65,146.03,2026-10-29T23:00:00+11:00,47.65,excellent,overnight,-27.76,2026-10-29T23:00:00+11:00,47.65
2026-10-30,Mercury,2026-10-30T20:30:00+11:00,3.86,11.47,2026-10-30T20:30:00+11:00,3.86,poor,evening,-7.05,2026-10-30T13:30:00+11:00,66.47
2026-10-30,Venus,2026-10-30T05:30:00+11:00,2.8,10.42,2026-10-30T05:30:00+11:00,2.8,poor,predawn,-5.79,2026-10-30T12:00:00+11:00,62.59
2026-10-30,Mars,2026-10-30T05:30:00+11:00,20.79,78.86,2026-10-30T05:30:00+11:00,20.79,fair,predawn,-5.79,2026-10-30T08:00:00+11:00,30.19
2026-10-30,Jupiter,2026-10-30T05:30:00+11:00,20.26,72.31,2026-10-30T05:30:00+11:00,20.26,fair,predawn,-5.79,2026-10-30T08:30:00+11:00,33.09
2026-10-30,Saturn,2026-10-30T23:30:00+11:00,45.88,152.17,2026-10-30T23:30:00+11:00,45.88,excellent,overnight,-30.05,2026-10-30T23:30:00+11:00,45.88
2026-10-30,Uranus,2026-10-30T03:00:00+11:00,26.28,151.49,2026-10-30T03:00:00+11:00,26.28,good,predawn,-26.86,2026-10-30T03:00:00+11:00,26.28
2026-10-30,Neptune,2026-10-30T23:00:00+11:00,47.6,145.01,2026-10-30T23:00:00+11:00,47.6,excellent,overnight,-27.46,2026-10-30T23:00:00+11:00,47.6
2026-10-31,Mercury,2026-10-31T20:30:00+11:00,2.22,9.49,2026-10-31T20:30:00+11:00,2.22,poor,evening,-6.82,2026-10-31T13:30:00+11:00,66.05
2026-10-31,Venus,2026-10-31T05:30:00+11:00,3.5,11.66,2026-10-31T05:30:00+11:00,3.5,poor,predawn,-5.54,2026-10-31T12:00:00+11:00,62.27
2026-10-31,Mars,2026-10-31T05:30:00+11:00,21.13,79.35,2026-10-31T05:30:00+11:00,21.13,fair,predawn,-5.54,2026-10-31T08:00:00+11:00,30.33
2026-10-31,Jupiter,2026-10-31T05:30:00+11:00,20.74,73.18,2026-10-31T05:30:00+11:00,20.74,fair,predawn,-5.54,2026-10-31T08:30:00+11:00,33.11
2026-10-31,Saturn,2026-10-31T23:00:00+11:00,45.95,151.13,2026-10-31T23:00:00+11:00,45.95,excellent,overnight,-27.17,2026-10-31T23:00:00+11:00,45.95
2026-10-31,Uranus,2026-10-31T03:00:00+11:00,26.25,152.52,2026-10-31T03:00:00+11:00,26.25,good,predawn,-26.56,2026-10-31T03:00:00+11:00,26.25
2026-10-31,Neptune,2026-10-31T22:30:00+11:00,47.62,144.02,2026-10-31T22:30:00+11:00,47.62,excellent,overnight,-23.98,2026-10-31T22:30:00+11:00,47.62
2026-11-01,Mercury,2026-11-01T20:30:00+11:00,0.45,7.38,2026-11-01T20:30:00+11:00,0.45,poor,evening,-6.59,2026-11-01T13:30:00+11:00,65.46
2026-11-01,Venus,2026-11-01T05:30:00+11:00,4.2,12.95,2026-11-01T05:30:00+11:00,4.2,poor,predawn,-5.3,2026-11-01T12:00:00+11:00,61.89
2026-11-01,Mars,2026-11-01T05:30:00+11:00,21.47,79.85,2026-11-01T05:30:00+11:00,21.47,fair,predawn,-5.3,2026-11-01T08:00:00+11:00,30.46
2026-11-01,Jupiter,2026-11-01T05:30:00+11:00,21.22,74.06,2026-11-01T05:30:00+11:00,21.22,fair,predawn,-5.3,2026-11-01T08:30:00+11:00,33.12
2026-11-01,Saturn,2026-11-01T23:00:00+11:00,46.02,150.07,2026-11-01T23:00:00+11:00,46.02,excellent,overnight,-26.88,2026-11-01T23:00:00+11:00,46.02
2026-11-01,Uranus,2026-11-01T02:30:00+11:00,26.25,153.53,2026-11-01T02:30:00+11:00,26.25,good,overnight,-29.03,2026-11-01T02:30:00+11:00,26.25
2026-11-01,Neptune,2026-11-01T22:30:00+11:00,47.68,143.0,2026-11-01T22:30:00+11:00,47.68,excellent,overnight,-23.7,2026-11-01T22:30:00+11:00,47.68
2026-11-02,Mercury,2026-11-02T20:30:00+11:00,-1.4,5.17,2026-11-02T20:30:00+11:00,-1.4,not visible,evening,-6.36,2026-11-02T13:30:00+11:00,64.69
2026-11-02,Venus,2026-11-02T05:30:00+11:00,4.89,14.25,2026-11-02T05:30:00+11:00,4.89,poor,predawn,-5.06,2026-11-02T12:00:00+11:00,61.47
2026-11-02,Mars,2026-11-02T05:30:00+11:00,21.81,80.34,2026-11-02T05:30:00+11:00,21.81,fair,predawn,-5.06,2026-11-02T08:00:00+11:00,30.59
2026-11-02,Jupiter,2026-11-02T05:30:00+11:00,21.69,74.94,2026-11-02T05:30:00+11:00,21.69,fair,predawn,-5.06,2026-11-02T08:30:00+11:00,33.12
2026-11-02,Saturn,2026-11-02T23:00:00+11:00,46.07,149.02,2026-11-02T23:00:00+11:00,46.07,excellent,overnight,-26.59,2026-11-02T23:00:00+11:00,46.07
2026-11-02,Uranus,2026-11-02T02:30:00+11:00,26.3,154.57,2026-11-02T02:30:00+11:00,26.3,good,overnight,-28.73,2026-11-02T02:30:00+11:00,26.3
2026-11-02,Neptune,2026-11-02T22:30:00+11:00,47.72,141.98,2026-11-02T22:30:00+11:00,47.72,excellent,overnight,-23.43,2026-11-02T22:30:00+11:00,47.72
2026-11-03,Mercury,2026-11-03T20:30:00+11:00,-3.32,2.89,2026-11-03T20:30:00+11:00,-3.32,not visible,evening,-6.13,2026-11-03T13:00:00+11:00,64.12
2026-11-03,Venus,2026-11-03T05:30:00+11:00,5.56,15.56,2026-11-03T05:30:00+11:00,5.56,poor,predawn,-4.83,2026-11-03T12:00:00+11:00,61.01
2026-11-03,Mars,2026-11-03T05:30:00+11:00,22.14,80.84,2026-11-03T05:30:00+11:00,22.14,fair,predawn,-4.83,2026-11-03T08:00:00+11:00,30.72
2026-11-03,Jupiter,2026-11-03T05:30:00+11:00,22.16,75.82,2026-11-03T05:30:00+11:00,22.16,fair,predawn,-4.83,2026-11-03T08:00:00+11:00,33.19
2026-11-03,Saturn,2026-11-03T23:00:00+11:00,46.09,147.96,2026-11-03T23:00:00+11:00,46.09,excellent,overnight,-26.3,2026-11-03T23:00:00+11:00,46.09
2026-11-03,Uranus,2026-11-03T02:30:00+11:00,26.33,155.61,2026-11-03T02:30:00+11:00,26.33,good,overnight,-28.43,2026-11-03T02:30:00+11:00,26.33
2026-11-03,Neptune,2026-11-03T22:30:00+11:00,47.74,140.95,2026-11-03T22:30:00+11:00,47.74,excellent,overnight,-23.15,2026-11-03T22:30:00+11:00,47.74
2026-11-04,Mercury,2026-11-04T05:30:00+11:00,-4.83,2.03,2026-11-04T05:30:00+11:00,-4.83,not visible,predawn,-4.61,2026-11-04T13:00:00+11:00,63.47
2026-11-04,Venus,2026-11-04T05:30:00+11:00,6.22,16.87,2026-11-04T05:30:00+11:00,6.22,poor,predawn,-4.61,2026-11-04T11:30:00+11:00,60.54
2026-11-04,Mars,2026-11-04T05:30:00+11:00,22.48,81.35,2026-11-04T05:30:00+11:00,22.48,fair,predawn,-4.61,2026-11-04T08:00:00+11:00,30.85
2026-11-04,Jupiter,2026-11-04T05:30:00+11:00,22.63,76.71,2026-11-04T05:30:00+11:00,22.63,fair,predawn,-4.61,2026-11-04T08:00:00+11:00,33.26
2026-11-04,Saturn,2026-11-04T23:00:00+11:00,46.1,146.9,2026-11-04T23:00:00+11:00,46.1,excellent,overnight,-26.02,2026-11-04T23:00:00+11:00,46.1
2026-11-04,Uranus,2026-11-04T02:30:00+11:00,26.34,156.65,2026-11-04T02:30:00+11:00,26.34,good,overnight,-28.13,2026-11-04T02:30:00+11:00,26.34
2026-11-04,Neptune,2026-11-04T22:30:00+11:00,47.74,139.93,2026-11-04T22:30:00+11:00,47.74,excellent,overnight,-22.88,2026-11-04T22:30:00+11:00,47.74
2026-11-05,Mercury,2026-11-05T05:30:00+11:00,-3.93,0.5,2026-11-05T05:30:00+11:00,-3.93,not visible,predawn,-4.38,2026-11-05T13:00:00+11:00,62.67
2026-11-05,Venus,2026-11-05T05:30:00+11:00,6.87,18.17,2026-11-05T05:30:00+11:00,6.87,poor,predawn,-4.38,2026-11-05T11:30:00+11:00,60.26
2026-11-05,Mars,2026-11-05T05:30:00+11:00,22.82,81.86,2026-11-05T05:30:00+11:00,22.82,fair,predawn,-4.38,2026-11-05T08:00:00+11:00,30.96
2026-11-05,Jupiter,2026-11-05T05:30:00+11:00,23.08,77.59,2026-11-05T05:30:00+11:00,23.08,fair,predawn,-4.38,2026-11-05T08:00:00+11:00,33.31
2026-11-05,Saturn,2026-11-05T23:00:00+11:00,46.08,145.84,2026-11-05T23:00:00+11:00,46.08,excellent,overnight,-25.73,2026-11-05T23:00:00+11:00,46.08
2026-11-05,Uranus,2026-11-05T02:30:00+11:00,26.35,157.69,2026-11-05T02:30:00+11:00,26.35,good,overnight,-27.84,2026-11-05T02:30:00+11:00,26.35
2026-11-05,Neptune,2026-11-05T22:30:00+11:00,47.72,138.91,2026-11-05T22:30:00+11:00,47.72,excellent,overnight,-22.61,2026-11-05T22:30:00+11:00,47.72
2026-11-06,Mercury,2026-11-06T05:30:00+11:00,-3.02,2.68,2026-11-06T05:30:00+11:00,-3.02,not visible,predawn,-4.17,2026-11-06T12:30:00+11:00,61.9
2026-11-06,Venus,2026-11-06T05:30:00+11:00,7.51,19.45,2026-11-06T05:30:00+11:00,7.51,poor,predawn,-4.17,2026-11-06T11:30:00+11:00,59.96
2026-11-06,Mars,2026-11-06T05:30:00+11:00,23.16,82.37,2026-11-06T05:30:00+11:00,23.16,fair,predawn,-4.17,2026-11-06T08:00:00+11:00,31.08
2026-11-06,Jupiter,2026-11-06T05:30:00+11:00,23.54,78.49,2026-11-06T05:30:00+11:00,23.54,fair,predawn,-4.17,2026-11-06T08:00:00+11:00,33.36
2026-11-06,Saturn,2026-11-06T23:00:00+11:00,46.05,144.79,2026-11-06T23:00:00+11:00,46.05,excellent,overnight,-25.45,2026-11-06T23:00:00+11:00,46.05
2026-11-06,Uranus,2026-11-06T02:30:00+11:00,26.34,158.73,2026-11-06T02:30:00+11:00,26.34,good,overnight,-27.56,2026-11-06T02:30:00+11:00,26.34
2026-11-06,Neptune,2026-11-06T22:30:00+11:00,47.68,137.89,2026-11-06T22:30:00+11:00,47.68,excellent,overnight,-22.34,2026-11-06T22:30:00+11:00,47.68
2026-11-07,Mercury,2026-11-07T05:00:00+11:00,-7.15,4.88,2026-11-07T05:00:00+11:00,-7.15,not visible,predawn,-8.78,2026-11-07T12:30:00+11:00,61.32
2026-11-07,Venus,2026-11-07T05:00:00+11:00,2.74,20.67,2026-11-07T05:00:00+11:00,2.74,poor,predawn,-8.78,2026-11-07T11:30:00+11:00,59.63
2026-11-07,Mars,2026-11-07T05:00:00+11:00,20.0,82.88,2026-11-07T05:00:00+11:00,20.0,fair,predawn,-8.78,2026-11-07T08:00:00+11:00,31.19
2026-11-07,Jupiter,2026-11-07T05:00:00+11:00,20.2,79.36,2026-11-07T05:00:00+11:00,20.2,fair,predawn,-8.78,2026-11-07T08:00:00+11:00,33.39
2026-11-07,Saturn,2026-11-07T22:30:00+11:00,46.09,143.75,2026-11-07T22:30:00+11:00,46.09,excellent,overnight,-22.07,2026-11-07T22:30:00+11:00,46.09
2026-11-07,Uranus,2026-11-07T02:30:00+11:00,26.31,159.77,2026-11-07T02:30:00+11:00,26.31,good,overnight,-27.28,2026-11-07T02:30:00+11:00,26.31
2026-11-07,Neptune,2026-11-07T22:00:00+11:00,47.64,136.89,2026-11-07T22:00:00+11:00,47.64,excellent,overnight,-18.44,2026-11-07T22:00:00+11:00,47.64
2026-11-08,Mercury,2026-11-08T05:00:00+11:00,-6.33,7.04,2026-11-08T05:00:00+11:00,-6.33,not visible,predawn,-8.56,2026-11-08T12:30:00+11:00,60.68
2026-11-08,Venus,2026-11-08T05:00:00+11:00,3.33,21.9,2026-11-08T05:00:00+11:00,3.33,poor,predawn,-8.56,2026-11-08T11:30:00+11:00,59.29
2026-11-08,Mars,2026-11-08T05:00:00+11:00,20.37,83.4,2026-11-08T05:00:00+11:00,20.37,fair,predawn,-8.56,2026-11-08T07:30:00+11:00,31.33
2026-11-08,Jupiter,2026-11-08T05:00:00+11:00,20.7,80.26,2026-11-08T05:00:00+11:00,20.7,fair,predawn,-8.56,2026-11-08T08:00:00+11:00,33.41
2026-11-08,Saturn,2026-11-08T22:30:00+11:00,46.15,142.7,2026-11-08T22:30:00+11:00,46.15,excellent,overnight,-21.81,2026-11-08T22:30:00+11:00,46.15
2026-11-08,Uranus,2026-11-08T02:00:00+11:00,26.28,160.79,2026-11-08T02:00:00+11:00,26.28,good,overnight,-29.04,2026-11-08T02:00:00+11:00,26.28
2026-11-08,Neptune,2026-11-08T22:00:00+11:00,47.7,135.87,2026-11-08T22:00:00+11:00,47.7,excellent,overnight,-18.19,2026-11-08T22:00:00+11:00,47.7
2026-11-09,Mercury,2026-11-09T05:00:00+11:00,-5.53,9.06,2026-11-09T05:00:00+11:00,-5.53,not visible,predawn,-8.35,2026-11-09T12:30:00+11:00,60.01
2026-11-09,Venus,2026-11-09T05:00:00+11:00,3.9,23.09,2026-11-09T05:00:00+11:00,3.9,poor,predawn,-8.35,2026-11-09T11:30:00+11:00,58.93
2026-11-09,Mars,2026-11-09T05:00:00+11:00,20.74,83.93,2026-11-09T05:00:00+11:00,20.74,fair,predawn,-8.35,2026-11-09T07:30:00+11:00,31.49
2026-11-09,Jupiter,2026-11-09T05:00:00+11:00,21.19,81.16,2026-11-09T05:00:00+11:00,21.19,fair,predawn,-8.35,2026-11-09T08:00:00+11:00,33.41
2026-11-09,Saturn,2026-11-09T22:30:00+11:00,46.2,141.64,2026-11-09T22:30:00+11:00,46.2,excellent,overnight,-21.54,2026-11-09T22:30:00+11:00,46.2
2026-11-09,Uranus,2026-11-09T02:00:00+11:00,26.33,161.83,2026-11-09T02:00:00+11:00,26.33,good,overnight,-28.76,2026-11-09T02:00:00+11:00,26.33
2026-11-09,Neptune,2026-11-09T22:00:00+11:00,47.75,134.85,2026-11-09T22:00:00+11:00,47.75,excellent,overnight,-17.94,2026-11-09T22:00:00+11:00,47.75
2026-11-10,Mercury,2026-11-10T05:00:00+11:00,-4.76,10.92,2026-11-10T05:00:00+11:00,-4.76,not visible,predawn,-8.15,2026-11-10T12:00:00+11:00,59.47
2026-11-10,Venus,2026-11-10T05:00:00+11:00,4.47,24.26,2026-11-10T05:00:00+11:00,4.47,poor,predawn,-8.15,2026-11-10T11:30:00+11:00,58.56
2026-11-10,Mars,2026-11-10T05:00:00+11:00,21.1,84.46,2026-11-10T05:00:00+11:00,21.1,fair,predawn,-8.15,2026-11-10T07:30:00+11:00,31.65
2026-11-10,Jupiter,2026-11-10T05:00:00+11:00,21.67,82.06,2026-11-10T05:00:00+11:00,21.67,fair,predawn,-8.15,2026-11-10T08:00:00+11:00,33.41
2026-11-10,Saturn,2026-11-10T22:30:00+11:00,46.23,140.59,2026-11-10T22:30:00+11:00,46.23,excellent,overnight,-21.28,2026-11-10T22:30:00+11:00,46.23
2026-11-10,Uranus,2026-11-10T02:00:00+11:00,26.37,162.88,2026-11-10T02:00:00+11:00,26.37,good,overnight,-28.48,2026-11-10T02:00:00+11:00,26.37
2026-11-10,Neptune,2026-11-10T22:00:00+11:00,47.78,133.83,2026-11-10T22:00:00+11:00,47.78,excellent,overnight,-17.69,2026-11-10T22:00:00+11:00,47.78
2026-11-11,Mercury,2026-11-11T05:00:00+11:00,-4.03,12.6,2026-11-11T05:00:00+11:00,-4.03,not visible,predawn,-7.95,2026-11-11T12:00:00+11:00,59.14
2026-11-11,Venus,2026-11-11T05:00:00+11:00,5.02,25.38,2026-11-11T05:00:00+11:00,5.02,poor,predawn,-7.95,2026-11-11T11:00:00+11:00,58.28
2026-11-11,Mars,2026-11-11T05:00:00+11:00,21.47,84.99,2026-11-11T05:00:00+11:00,21.47,fair,predawn,-7.95,2026-11-11T07:30:00+11:00,31.8
2026-11-11,Jupiter,2026-11-11T05:00:00+11:00,22.15,82.97,2026-11-11T05:00:00+11:00,22.15,fair,predawn,-7.95,2026-11-11T07:30:00+11:00,33.43
2026-11-11,Saturn,2026-11-11T22:30:00+11:00,46.24,139.54,2026-11-11T22:30:00+11:00,46.24,excellent,overnight,-21.03,2026-11-11T22:30:00+11:00,46.24
2026-11-11,Uranus,2026-11-11T02:00:00+11:00,26.39,163.92,2026-11-11T02:00:00+11:00,26.39,good,overnight,-28.21,2026-11-11T02:00:00+11:00,26.39
2026-11-11,Neptune,2026-11-11T22:00:00+11:00,47.79,132.81,2026-11-11T22:00:00+11:00,47.79,excellent,overnight,-17.44,2026-11-11T22:00:00+11:00,47.79
2026-11-12,Mercury,2026-11-12T05:00:00+11:00,-3.35,14.08,2026-11-12T05:00:00+11:00,-3.35,not visible,predawn,-7.75,2026-11-12T12:00:00+11:00,58.85
2026-11-12,Venus,2026-11-12T05:00:00+11:00,5.57,26.48,2026-11-12T05:00:00+11:00,5.57,poor,predawn,-7.75,2026-11-12T11:00:00+11:00,58.08
2026-11-12,Mars,2026-11-12T05:00:00+11:00,21.84,85.53,2026-11-12T05:00:00+11:00,21.84,fair,predawn,-7.75,2026-11-12T07:30:00+11:00,31.94
2026-11-12,Jupiter,2026-11-12T05:00:00+11:00,22.62,83.88,2026-11-12T05:00:00+11:00,22.62,fair,predawn,-7.75,2026-11-12T07:30:00+11:00,33.49
2026-11-12,Saturn,2026-11-12T22:30:00+11:00,46.22,138.49,2026-11-12T22:30:00+11:00,46.22,excellent,overnight,-20.77,2026-11-12T22:30:00+11:00,46.22
2026-11-12,Uranus,2026-11-12T02:00:00+11:00,26.4,164.97,2026-11-12T02:00:00+11:00,26.4,good,overnight,-27.95,2026-11-12T02:00:00+11:00,26.4
2026-11-12,Neptune,2026-11-12T22:00:00+11:00,47.78,131.78,2026-11-12T22:00:00+11:00,47.78,excellent,overnight,-17.19,2026-11-12T22:00:00+11:00,47.78
2026-11-13,Mercury,2026-11-13T05:00:00+11:00,-2.71,15.37,2026-11-13T05:00:00+11:00,-2.71,not visible,predawn,-7.57,2026-11-13T12:00:00+11:00,58.61
2026-11-13,Venus,2026-11-13T05:00:00+11:00,6.1,27.53,2026-11-13T05:00:00+11:00,6.1,poor,predawn,-7.57,2026-11-13T11:00:00+11:00,57.88
2026-11-13,Mars,2026-11-13T05:00:00+11:00,22.2,86.07,2026-11-13T05:00:00+11:00,22.2,fair,predawn,-7.57,2026-11-13T07:30:00+11:00,32.08
2026-11-13,Jupiter,2026-11-13T05:00:00+11:00,23.08,84.79,2026-11-13T05:00:00+11:00,23.08,fair,predawn,-7.57,2026-11-13T07:30:00+11:00,33.55
2026-11-13,Saturn,2026-11-13T22:30:00+11:00,46.19,137.43,2026-11-13T22:30:00+11:00,46.19,excellent,overnight,-20.52,2026-11-13T22:30:00+11:00,46.19
2026-11-13,Uranus,2026-11-13T02:00:00+11:00,26.39,166.01,2026-11-13T02:00:00+11:00,26.39,good,overnight,-27.69,2026-11-13T02:00:00+11:00,26.39
2026-11-13,Neptune,2026-11-13T22:00:00+11:00,47.75,130.76,2026-11-13T22:00:00+11:00,47.75,excellent,overnight,-16.95,2026-11-13T22:00:00+11:00,47.75
2026-11-14,Mercury,2026-11-14T05:00:00+11:00,-2.12,16.46,2026-11-14T05:00:00+11:00,-2.12,not visible,predawn,-7.39,2026-11-14T12:00:00+11:00,58.44
2026-11-14,Venus,2026-11-14T05:00:00+11:00,6.61,28.56,2026-11-14T05:00:00+11:00,6.61,poor,predawn,-7.39,2026-11-14T11:00:00+11:00,57.68
2026-11-14,Mars,2026-11-14T05:00:00+11:00,22.57,86.62,2026-11-14T05:00:00+11:00,22.57,fair,predawn,-7.39,2026-11-14T07:30:00+11:00,32.22
2026-11-14,Jupiter,2026-11-14T05:00:00+11:00,23.54,85.71,2026-11-14T05:00:00+11:00,23.54,fair,predawn,-7.39,2026-11-14T07:30:00+11:00,33.59
2026-11-14,Saturn,2026-11-14T22:00:00+11:00,46.19,136.41,2026-11-14T22:00:00+11:00,46.19,excellent,overnight,-16.71,2026-11-14T22:00:00+11:00,46.19
2026-11-14,Uranus,2026-11-14T02:00:00+11:00,26.37,167.06,2026-11-14T02:00:00+11:00,26.37,good,overnight,-27.44,2026-11-14T02:00:00+11:00,26.37
2026-11-14,Neptune,2026-11-14T22:00:00+11:00,47.71,129.74,2026-11-14T22:00:00+11:00,47.71,excellent,overnight,-16.71,2026-11-14T22:00:00+11:00,47.71
2026-11-15,Mercury,2026-11-15T05:00:00+11:00,-1.59,17.37,2026-11-15T05:00:00+11:00,-1.59,not visible,predawn,-7.21,2026-11-15T12:00:00+11:00,58.35
2026-11-15,Venus,2026-11-15T05:00:00+11:00,7.12,29.54,2026-11-15T05:00:00+11:00,7.12,poor,predawn,-7.21,2026-11-15T11:00:00+11:00,57.47
2026-11-15,Mars,2026-11-15T05:00:00+11:00,22.93,87.17,2026-11-15T05:00:00+11:00,22.93,fair,predawn,-7.21,2026-11-15T07:30:00+11:00,32.35
2026-11-15,Jupiter,2026-11-15T05:00:00+11:00,24.0,86.62,2026-11-15T05:00:00+11:00,24.0,fair,predawn,-7.21,2026-11-15T07:30:00+11:00,33.62
2026-11-15,Saturn,2026-11-15T22:00:00+11:00,46.26,135.36,2026-11-15T22:00:00+11:00,46.26,excellent,overnight,-16.47,2026-11-15T22:00:00+11:00,46.26
2026-11-15,Uranus,2026-11-15T02:00:00+11:00,26.34,168.11,2026-11-15T02:00:00+11:00,26.34,good,overnight,-27.2,2026-11-15T02:00:00+11:00,26.34
2026-11-15,Neptune,2026-11-15T21:30:00+11:00,47.72,128.74,2026-11-15T21:30:00+11:00,47.72,excellent,evening,-12.48,2026-11-15T21:30:00+11:00,47.72
2026-11-16,Mercury,2026-11-16T05:00:00+11:00,-1.1,18.1,2026-11-16T05:00:00+11:00,-1.1,not visible,predawn,-7.04,2026-11-16T12:00:00+11:00,58.33
2026-11-16,Venus,2026-11-16T05:00:00+11:00,7.61,30.49,2026-11-16T05:00:00+11:00,7.61,poor,predawn,-7.04,2026-11-16T11:00:00+11:00,57.27
2026-11-16,Mars,2026-11-16T05:00:00+11:00,23.3,87.73,2026-11-16T05:00:00+11:00,23.3,fair,predawn,-7.04,2026-11-16T07:30:00+11:00,32.48
2026-11-16,Jupiter,2026-11-16T05:00:00+11:00,24.44,87.55,2026-11-16T05:00:00+11:00,24.44,fair,predawn,-7.04,2026-11-16T07:30:00+11:00,33.64
2026-11-16,Saturn,2026-11-16T22:00:00+11:00,46.31,134.31,2026-11-16T22:00:00+11:00,46.31,excellent,overnight,-16.24,2026-11-16T22:00:00+11:00,46.31
2026-11-16,Uranus,2026-11-16T01:30:00+11:00,26.37,169.13,2026-11-16T01:30:00+11:00,26.37,good,overnight,-28.19,2026-11-16T01:30:00+11:00,26.37
2026-11-16,Neptune,2026-11-16T21:30:00+11:00,47.77,127.72,2026-11-16T21:30:00+11:00,47.77,excellent,evening,-12.25,2026-11-16T21:30:00+11:00,47.77
2026-11-17,Mercury,2026-11-17T05:00:00+11:00,-0.66,18.67,2026-11-17T05:00:00+11:00,-0.66,not visible,predawn,-6.88,2026-11-17T12:00:00+11:00,58.4
2026-11-17,Venus,2026-11-17T05:00:00+11:00,8.1,31.4,2026-11-17T05:00:00+11:00,8.1,poor,predawn,-6.88,2026-11-17T11:00:00+11:00,57.07
2026-11-17,Mars,2026-11-17T05:00:00+11:00,23.66,88.29,2026-11-17T05:00:00+11:00,23.66,fair,predawn,-6.88,2026-11-17T07:30:00+11:00,32.6
2026-11-17,Jupiter,2026-11-17T05:00:00+11:00,24.88,88.47,2026-11-17T05:00:00+11:00,24.88,fair,predawn,-6.88,2026-11-17T07:30:00+11:00,33.64
2026-11-17,Saturn,2026-11-17T22:00:00+11:00,46.33,133.26,2026-11-17T22:00:00+11:00,46.33,excellent,overnight,-16.01,2026-11-17T22:00:00+11:00,46.33
2026-11-17,Uranus,2026-11-17T01:30:00+11:00,26.41,170.18,2026-11-17T01:30:00+11:00,26.41,good,overnight,-27.95,2026-11-17T01:30:00+11:00,26.41
2026-11-17,Neptune,2026-11-17T21:30:00+11:00,47.81,126.7,2026-11-17T21:30:00+11:00,47.81,excellent,evening,-12.02,2026-11-17T21:30:00+11:00,47.81
2026-11-18,Mercury,2026-11-18T05:00:00+11:00,-0.27,19.09,2026-11-18T05:00:00+11:00,-0.27,not visible,predawn,-6.72,2026-11-18T11:30:00+11:00,58.57
2026-11-18,Venus,2026-11-18T05:00:00+11:00,8.57,32.27,2026-11-18T05:00:00+11:00,8.57,poor,predawn,-6.72,2026-11-18T11:00:00+11:00,56.88
2026-11-18,Mars,2026-11-18T05:00:00+11:00,24.03,88.86,2026-11-18T05:00:00+11:00,24.03,fair,predawn,-6.72,2026-11-18T07:30:00+11:00,32.71
2026-11-18,Jupiter,2026-11-18T05:00:00+11:00,25.32,89.4,2026-11-18T05:00:00+11:00,25.32,good,predawn,-6.72,2026-11-18T07:30:00+11:00,33.63
2026-11-18,Saturn,2026-11-18T22:00:00+11:00,46.34,132.22,2026-11-18T22:00:00+11:00,46.34,excellent,overnight,-15.78,2026-11-18T22:00:00+11:00,46.34
2026-11-18,Uranus,2026-11-18T01:30:00+11:00,26.44,171.23,2026-11-18T01:30:00+11:00,26.44,good,overnight,-27.71,2026-11-18T01:30:00+11:00,26.44
2026-11-18,Neptune,2026-11-18T21:30:00+11:00,47.83,125.68,2026-11-18T21:30:00+11:00,47.83,excellent,evening,-11.8,2026-11-18T21:30:00+11:00,47.83
2026-11-19,Mercury,2026-11-19T05:00:00+11:00,0.09,19.38,2026-11-19T05:00:00+11:00,0.09,poor,predawn,-6.57,2026-11-19T11:30:00+11:00,58.82
2026-11-19,Venus,2026-11-19T05:00:00+11:00,9.03,33.11,2026-11-19T05:00:00+11:00,9.03,poor,predawn,-6.57,2026-11-19T11:00:00+11:00,56.7
2026-11-19,Mars,2026-11-19T05:00:00+11:00,24.39,89.43,2026-11-19T05:00:00+11:00,24.39,fair,predawn,-6.57,2026-11-19T07:30:00+11:00,32.82
2026-11-19,Jupiter,2026-11-19T05:00:00+11:00,25.74,90.33,2026-11-19T05:00:00+11:00,25.74,good,predawn,-6.57,2026-11-19T07:00:00+11:00,33.61
2026-11-19,Saturn,2026-11-19T22:00:00+11:00,46.33,131.17,2026-11-19T22:00:00+11:00,46.33,excellent,overnight,-15.55,2026-11-19T22:00:00+11:00,46.33
2026-11-19,Uranus,2026-11-19T01:30:00+11:00,26.45,172.28,2026-11-19T01:30:00+11:00,26.45,good,overnight,-27.48,2026-11-19T01:30:00+11:00,26.45
2026-11-19,Neptune,2026-11-19T21:30:00+11:00,47.83,124.65,2026-11-19T21:30:00+11:00,47.83,excellent,evening,-11.58,2026-11-19T21:30:00+11:00,47.83
2026-11-20,Mercury,2026-11-20T05:00:00+11:00,0.4,19.55,2026-11-20T05:00:00+11:00,0.4,poor,predawn,-6.43,2026-11-20T11:30:00+11:00,59.12
2026-11-20,Venus,2026-11-20T05:00:00+11:00,9.48,33.92,2026-11-20T05:00:00+11:00,9.48,poor,predawn,-6.43,2026-11-20T10:30:00+11:00,56.62
2026-11-20,Mars,2026-11-20T05:00:00+11:00,24.75,90.0,2026-11-20T05:00:00+11:00,24.75,fair,predawn,-6.43,2026-11-20T07:30:00+11:00,32.93
2026-11-20,Jupiter,2026-11-20T05:00:00+11:00,26.16,91.27,2026-11-20T05:00:00+11:00,26.16,good,predawn,-6.43,2026-11-20T07:00:00+11:00,33.68
2026-11-20,Saturn,2026-11-20T22:00:00+11:00,46.3,130.13,2026-11-20T22:00:00+11:00,46.3,excellent,overnight,-15.33,2026-11-20T22:00:00+11:00,46.3
2026-11-20,Uranus,2026-11-20T01:30:00+11:00,26.45,173.33,2026-11-20T01:30:00+11:00,26.45,good,overnight,-27.25,2026-11-20T01:30:00+11:00,26.45
2026-11-20,Neptune,2026-11-20T21:30:00+11:00,47.81,123.63,2026-11-20T21:30:00+11:00,47.81,excellent,evening,-11.37,2026-11-20T21:30:00+11:00,47.81
2026-11-21,Mercury,2026-11-21T05:00:00+11:00,0.68,19.62,2026-11-21T05:00:00+11:00,0.68,poor,predawn,-6.29,2026-11-21T11:30:00+11:00,59.45
2026-11-21,Venus,2026-11-21T05:00:00+11:00,9.92,34.69,2026-11-21T05:00:00+11:00,9.92,poor,predawn,-6.29,2026-11-21T10:30:00+11:00,56.58
2026-11-21,Mars,2026-11-21T05:00:00+11:00,25.11,90.59,2026-11-21T05:00:00+11:00,25.11,good,predawn,-6.29,2026-11-21T07:30:00+11:00,33.02
2026-11-21,Jupiter,2026-11-21T05:00:00+11:00,26.57,92.2,2026-11-21T05:00:00+11:00,26.57,good,predawn,-6.29,2026-11-21T07:00:00+11:00,33.73
2026-11-21,Saturn,2026-11-21T21:30:00+11:00,46.25,129.11,2026-11-21T21:30:00+11:00,46.25,excellent,evening,-11.15,2026-11-21T21:30:00+11:00,46.25
2026-11-21,Uranus,2026-11-21T01:30:00+11:00,26.44,174.38,2026-11-21T01:30:00+11:00,26.44,good,overnight,-27.04,2026-11-21T01:30:00+11:00,26.44
2026-11-21,Neptune,2026-11-21T21:30:00+11:00,47.77,122.61,2026-11-21T21:30:00+11:00,47.77,excellent,evening,-11.15,2026-11-21T21:30:00+11:00,47.77
2026-11-22,Mercury,2026-11-22T05:00:00+11:00,0.93,19.6,2026-11-22T05:00:00+11:00,0.93,poor,predawn,-6.16,2026-11-22T11:30:00+11:00,59.82
2026-11-22,Venus,2026-11-22T05:00:00+11:00,10.35,35.43,2026-11-22T05:00:00+11:00,10.35,poor,predawn,-6.16,2026-11-22T10:30:00+11:00,56.54
2026-11-22,Mars,2026-11-22T05:00:00+11:00,25.47,91.17,2026-11-22T05:00:00+11:00,25.47,good,predawn,-6.16,2026-11-22T07:00:00+11:00,33.15
2026-11-22,Jupiter,2026-11-22T05:00:00+11:00,26.97,93.14,2026-11-22T05:00:00+11:00,26.97,good,predawn,-6.16,2026-11-22T07:00:00+11:00,33.77
2026-11-22,Saturn,2026-11-22T21:30:00+11:00,46.32,128.07,2026-11-22T21:30:00+11:00,46.32,excellent,evening,-10.94,2026-11-22T21:30:00+11:00,46.32
2026-11-22,Uranus,2026-11-22T01:30:00+11:00,26.41,175.43,2026-11-22T01:30:00+11:00,26.41,good,overnight,-26.82,2026-11-22T01:30:00+11:00,26.41
2026-11-22,Neptune,2026-11-22T21:00:00+11:00,47.71,121.61,2026-11-22T21:00:00+11:00,47.71,excellent,evening,-6.62,2026-11-22T21:00:00+11:00,47.71
2026-11-23,Mercury,2026-11-23T05:00:00+11:00,1.14,19.5,2026-11-23T05:00:00+11:00,1.14,poor,predawn,-6.04,2026-11-23T11:30:00+11:00,60.21
2026-11-23,Venus,2026-11-23T05:00:00+11:00,10.78,36.13,2026-11-23T05:00:00+11:00,10.78,poor,predawn,-6.04,2026-11-23T10:30:00+11:00,56.5
2026-11-23,Mars,2026-11-23T05:00:00+11:00,25.83,91.76,2026-11-23T05:00:00+11:00,25.83,good,predawn,-6.04,2026-11-23T07:00:00+11:00,33.3
2026-11-23,Jupiter,2026-11-23T05:00:00+11:00,27.36,94.09,2026-11-23T05:00:00+11:00,27.36,good,predawn,-6.04,2026-11-23T07:00:00+11:00,33.8
2026-11-23,Saturn,2026-11-23T21:30:00+11:00,46.37,127.03,2026-11-23T21:30:00+11:00,46.37,excellent,evening,-10.74,2026-11-23T21:30:00+11:00,46.37
2026-11-23,Uranus,2026-11-23T01:00:00+11:00,26.41,176.46,2026-11-23T01:00:00+11:00,26.41,good,overnight,-27.04,2026-11-23T01:00:00+11:00,26.41
2026-11-23,Neptune,2026-11-23T21:00:00+11:00,47.78,120.59,2026-11-23T21:00:00+11:00,47.78,excellent,evening,-6.42,2026-11-23T21:00:00+11:00,47.78
2026-11-24,Mercury,2026-11-24T05:00:00+11:00,1.33,19.33,2026-11-24T05:00:00+11:00,1.33,poor,predawn,-5.92,2026-11-24T11:30:00+11:00,60.61
2026-11-24,Venus,2026-11-24T05:00:00+11:00,11.19,36.8,2026-11-24T05:00:00+11:00,11.19,poor,predawn,-5.92,2026-11-24T10:30:00+11:00,56.48
2026-11-24,Mars,2026-11-24T05:00:00+11:00,26.18,92.36,2026-11-24T05:00:00+11:00,26.18,good,predawn,-5.92,2026-11-24T07:00:00+11:00,33.44
2026-11-24,Jupiter,2026-11-24T05:00:00+11:00,27.75,95.04,2026-11-24T05:00:00+11:00,27.75,good,predawn,-5.92,2026-11-24T07:00:00+11:00,33.81
2026-11-24,Saturn,2026-11-24T21:30:00+11:00,46.4,125.99,2026-11-24T21:30:00+11:00,46.4,excellent,evening,-10.53,2026-11-24T21:30:00+11:00,46.4
2026-11-24,Uranus,2026-11-24T01:00:00+11:00,26.46,177.51,2026-11-24T01:00:00+11:00,26.46,good,overnight,-26.83,2026-11-24T01:00:00+11:00,26.46
2026-11-24,Neptune,2026-11-24T21:00:00+11:00,47.83,119.57,2026-11-24T21:00:00+11:00,47.83,excellent,evening,-6.22,2026-11-24T21:00:00+11:00,47.83
2026-11-25,Mercury,2026-11-25T05:00:00+11:00,1.49,19.1,2026-11-25T05:00:00+11:00,1.49,poor,predawn,-5.81,2026-11-25T11:30:00+11:00,61.03
2026-11-25,Venus,2026-11-25T05:00:00+11:00,11.59,37.45,2026-11-25T05:00:00+11:00,11.59,poor,predawn,-5.81,2026-11-25T10:30:00+11:00,56.46
2026-11-25,Mars,2026-11-25T05:00:00+11:00,26.54,92.96,2026-11-25T05:00:00+11:00,26.54,good,predawn,-5.81,2026-11-25T07:00:00+11:00,33.58
2026-11-25,Jupiter,2026-11-25T05:00:00+11:00,28.12,95.99,2026-11-25T05:00:00+11:00,28.12,good,predawn,-5.81,2026-11-25T07:00:00+11:00,33.81
2026-11-25,Saturn,2026-11-25T21:30:00+11:00,46.41,124.95,2026-11-25T21:30:00+11:00,46.41,excellent,evening,-10.33,2026-11-25T21:30:00+11:00,46.41
2026-11-25,Uranus,2026-11-25T01:00:00+11:00,26.49,178.56,2026-11-25T01:00:00+11:00,26.49,good,overnight,-26.63,2026-11-25T01:00:00+11:00,26.49
2026-11-25,Neptune,2026-11-25T21:00:00+11:00,47.85,118.55,2026-11-25T21:00:00+11:00,47.85,excellent,evening,-6.03,2026-11-25T21:00:00+11:00,47.85
2026-11-26,Mercury,2026-11-26T05:00:00+11:00,1.63,18.82,2026-11-26T05:00:00+11:00,1.63,poor,predawn,-5.7,2026-11-26T12:00:00+11:00,61.49
2026-11-26,Venus,2026-11-26T05:00:00+11:00,11.98,38.06,2026-11-26T05:00:00+11:00,11.98,poor,predawn,-5.7,2026-11-26T10:30:00+11:00,56.45
2026-11-26,Mars,2026-11-26T05:00:00+11:00,26.89,93.57,2026-11-26T05:00:00+11:00,26.89,good,predawn,-5.7,2026-11-26T07:00:00+11:00,33.71
2026-11-26,Jupiter,2026-11-26T05:00:00+11:00,28.49,96.94,2026-11-26T05:00:00+11:00,28.49,good,predawn,-5.7,2026-11-26T07:00:00+11:00,33.79
2026-11-26,Saturn,2026-11-26T21:30:00+11:00,46.4,123.91,2026-11-26T21:30:00+11:00,46.4,excellent,evening,-10.14,2026-11-26T21:30:00+11:00,46.4
2026-11-26,Uranus,2026-11-26T01:00:00+11:00,26.51,179.59,2026-11-26T01:00:00+11:00,26.51,good,overnight,-26.44,2026-11-26T01:00:00+11:00,26.51
2026-11-26,Neptune,2026-11-26T21:00:00+11:00,47.86,117.53,2026-11-26T21:00:00+11:00,47.86,excellent,evening,-5.83,2026-11-26T21:00:00+11:00,47.86
2026-11-27,Mercury,2026-11-27T05:00:00+11:00,1.75,18.51,2026-11-27T05:00:00+11:00,1.75,poor,predawn,-5.6,2026-11-27T12:00:00+11:00,61.99
2026-11-27,Venus,2026-11-27T05:00:00+11:00,12.37,38.64,2026-11-27T05:00:00+11:00,12.37,poor,predawn,-5.6,2026-11-27T10:30:00+11:00,56.45
2026-11-27,Mars,2026-11-27T05:00:00+11:00,27.24,94.18,2026-11-27T05:00:00+11:00,27.24,good,predawn,-5.6,2026-11-27T07:00:00+11:00,33.83
2026-11-27,Jupiter,2026-11-27T05:00:00+11:00,28.85,97.9,2026-11-27T05:00:00+11:00,28.85,good,predawn,-5.6,2026-11-27T07:00:00+11:00,33.76
2026-11-27,Saturn,2026-11-27T21:30:00+11:00,46.38,122.88,2026-11-27T21:30:00+11:00,46.38,excellent,evening,-9.94,2026-11-27T21:30:00+11:00,46.38
2026-11-27,Uranus,2026-11-27T01:00:00+11:00,26.51,179.31,2026-11-27T01:00:00+11:00,26.51,good,overnight,-26.25,2026-11-27T01:00:00+11:00,26.51
2026-11-27,Neptune,2026-11-27T21:00:00+11:00,47.85,116.51,2026-11-27T21:00:00+11:00,47.85,excellent,evening,-5.64,2026-11-27T21:00:00+11:00,47.85
2026-11-28,Mercury,2026-11-28T05:00:00+11:00,1.85,18.15,2026-11-28T05:00:00+11:00,1.85,poor,predawn,-5.51,2026-11-28T12:00:00+11:00,62.49
2026-11-28,Venus,2026-11-28T05:00:00+11:00,12.75,39.19,2026-11-28T05:00:00+11:00,12.75,poor,predawn,-5.51,2026-11-28T10:30:00+11:00,56.46
2026-11-28,Mars,2026-11-28T05:00:00+11:00,27.59,94.8,2026-11-28T05:00:00+11:00,27.59,good,predawn,-5.51,2026-11-28T07:00:00+11:00,33.95
2026-11-28,Jupiter,2026-11-28T05:00:00+11:00,29.2,98.86,2026-11-28T05:00:00+11:00,29.2,good,predawn,-5.51,2026-11-28T06:30:00+11:00,33.81
2026-11-28,Saturn,2026-11-28T21:30:00+11:00,46.33,121.85,2026-11-28T21:30:00+11:00,46.33,excellent,evening,-9.75,2026-11-28T21:30:00+11:00,46.33
2026-11-28,Uranus,2026-11-28T01:00:00+11:00,26.5,178.27,2026-11-28T01:00:00+11:00,26.5,good,overnight,-26.06,2026-11-28T01:00:00+11:00,26.5
2026-11-28,Neptune,2026-11-28T21:00:00+11:00,47.82,115.49,2026-11-28T21:00:00+11:00,47.82,excellent,evening,-5.46,2026-11-28T21:00:00+11:00,47.82
2026-11-29,Mercury,2026-11-29T05:00:00+11:00,1.93,17.77,2026-11-29T05:00:00+11:00,1.93,poor,predawn,-5.42,2026-11-29T12:00:00+11:00,63.0
2026-11-29,Venus,2026-11-29T05:00:00+11:00,13.12,39.72,2026-11-29T05:00:00+11:00,13.12,poor,predawn,-5.42,2026-11-29T10:30:00+11:00,56.49
2026-11-29,Mars,2026-11-29T05:00:00+11:00,27.93,95.43,2026-11-29T05:00:00+11:00,27.93,good,predawn,-5.42,2026-11-29T07:00:00+11:00,34.06
2026-11-29,Jupiter,2026-11-29T05:00:00+11:00,29.53,99.82,2026-11-29T05:00:00+11:00,29.53,good,predawn,-5.42,2026-11-29T06:30:00+11:00,33.86
2026-11-29,Saturn,2026-11-29T21:00:00+11:00,46.35,120.83,2026-11-29T21:00:00+11:00,46.35,excellent,evening,-5.27,2026-11-29T21:00:00+11:00,46.35
2026-11-29,Uranus,2026-11-29T01:00:00+11:00,26.47,177.22,2026-11-29T01:00:00+11:00,26.47,good,overnight,-25.89,2026-11-29T01:00:00+11:00,26.47
2026-11-29,Neptune,2026-11-29T21:00:00+11:00,47.77,114.47,2026-11-29T21:00:00+11:00,47.77,excellent,evening,-5.27,2026-11-29T21:00:00+11:00,47.77
2026-11-30,Mercury,2026-11-30T05:00:00+11:00,1.98,17.36,2026-11-30T05:00:00+11:00,1.98,poor,predawn,-5.35,2026-11-30T12:00:00+11:00,63.5
2026-11-30,Venus,2026-11-30T05:00:00+11:00,13.48,40.22,2026-11-30T05:00:00+11:00,13.48,poor,predawn,-5.35,2026-11-30T10:30:00+11:00,56.52
2026-11-30,Mars,2026-11-30T05:00:00+11:00,28.28,96.06,2026-11-30T05:00:00+11:00,28.28,good,predawn,-5.35,2026-11-30T07:00:00+11:00,34.16
2026-11-30,Jupiter,2026-11-30T05:00:00+11:00,29.86,100.79,2026-11-30T05:00:00+11:00,29.86,good,predawn,-5.35,2026-11-30T06:30:00+11:00,33.89
2026-11-30,Saturn,2026-11-30T21:00:00+11:00,46.4,119.8,2026-11-30T21:00:00+11:00,46.4,excellent,evening,-5.09,2026-11-30T21:00:00+11:00,46.4
2026-11-30,Uranus,2026-11-30T00:30:00+11:00,26.45,176.18,2026-11-30T00:30:00+11:00,26.45,good,overnight,-25.34,2026-11-30T00:30:00+11:00,26.45
2026-11-30,Neptune,2026-11-30T21:00:00+11:00,47.71,113.45,2026-11-30T21:00:00+11:00,47.71,excellent,evening,-5.09,2026-11-30T20:30:00+11:00,47.77
2026-12-01,Mercury,2026-12-01T05:00:00+11:00,2.03,16.93,2026-12-01T05:00:00+11:00,2.03,poor,predawn,-5.27,2026-12-01T12:00:00+11:00,64.01
2026-12-01,Venus,2026-12-01T05:00:00+11:00,13.84,40.7,2026-12-01T05:00:00+11:00,13.84,poor,predawn,-5.27,2026-12-01T10:30:00+11:00,56.56
2026-12-01,Mars,2026-12-01T05:00:00+11:00,28.61,96.69,2026-12-01T05:00:00+11:00,28.61,good,predawn,-5.27,2026-12-01T07:00:00+11:00,34.26
2026-12-01,Jupiter,2026-12-01T05:00:00+11:00,30.18,101.76,2026-12-01T05:00:00+11:00,30.18,good,predawn,-5.27,2026-12-01T06:30:00+11:00,33.91
2026-12-01,Saturn,2026-12-01T21:00:00+11:00,46.43,118.77,2026-12-01T21:00:00+11:00,46.43,excellent,evening,-4.92,2026-12-01T21:00:00+11:00,46.43
2026-12-01,Uranus,2026-12-01T00:30:00+11:00,26.5,175.13,2026-12-01T00:30:00+11:00,26.5,good,overnight,-25.17,2026-12-01T00:30:00+11:00,26.5
2026-12-01,Neptune,2026-12-01T21:00:00+11:00,47.62,112.43,2026-12-01T21:00:00+11:00,47.62,excellent,evening,-4.92,2026-12-01T20:30:00+11:00,47.82
2026-12-02,Mercury,2026-12-02T05:00:00+11:00,2.05,16.48,2026-12-02T05:00:00+11:00,2.05,poor,predawn,-5.21,2026-12-02T12:00:00+11:00,64.5
2026-12-02,Venus,2026-12-02T05:00:00+11:00,14.18,41.15,2026-12-02T05:00:00+11:00,14.18,poor,predawn,-5.21,2026-12-02T10:30:00+11:00,56.61
2026-12-02,Mars,2026-12-02T05:00:00+11:00,28.95,97.34,2026-12-02T05:00:00+11:00,28.95,good,predawn,-5.21,2026-12-02T07:00:00+11:00,34.34
2026-12-02,Jupiter,2026-12-02T05:00:00+11:00,30.48,102.74,2026-12-02T05:00:00+11:00,30.48,good,predawn,-5.21,2026-12-02T06:30:00+11:00,33.91
2026-12-02,Saturn,2026-12-02T21:00:00+11:00,46.45,117.74,2026-12-02T21:00:00+11:00,46.45,excellent,evening,-4.75,2026-12-02T21:00:00+11:00,46.45
2026-12-02,Uranus,2026-12-02T00:30:00+11:00,26.54,174.07,2026-12-02T00:30:00+11:00,26.54,good,overnight,-25.0,2026-12-02T00:30:00+11:00,26.54
2026-12-02,Neptune,2026-12-02T21:00:00+11:00,47.51,111.41,2026-12-02T21:00:00+11:00,47.51,excellent,evening,-4.75,2026-12-02T20:30:00+11:00,47.86
2026-12-03,Mercury,2026-12-03T05:00:00+11:00,2.06,16.01,2026-12-03T05:00:00+11:00,2.06,poor,predawn,-5.15,2026-12-03T12:00:00+11:00,64.99
2026-12-03,Venus,2026-12-03T05:00:00+11:00,14.52,41.58,2026-12-03T05:00:00+11:00,14.52,poor,predawn,-5.15,2026-12-03T10:30:00+11:00,56.68
2026-12-03,Mars,2026-12-03T05:00:00+11:00,29.28,97.98,2026-12-03T05:00:00+11:00,29.28,good,predawn,-5.15,2026-12-03T07:00:00+11:00,34.42
2026-12-03,Jupiter,2026-12-03T05:00:00+11:00,30.77,103.72,2026-12-03T05:00:00+11:00,30.77,good,predawn,-5.15,2026-12-03T06:30:00+11:00,33.9
2026-12-03,Saturn,2026-12-03T21:00:00+11:00,46.44,116.72,2026-12-03T21:00:00+11:00,46.44,excellent,evening,-4.58,2026-12-03T21:00:00+11:00,46.44
2026-12-03,Uranus,2026-12-03T00:30:00+11:00,26.56,173.02,2026-12-03T00:30:00+11:00,26.56,good,overnight,-24.84,2026-12-03T00:30:00+11:00,26.56
2026-12-03,Neptune,2026-12-03T21:00:00+11:00,47.39,110.39,2026-12-03T21:00:00+11:00,47.39,excellent,evening,-4.58,2026-12-03T20:30:00+11:00,47.88
2026-12-04,Mercury,2026-12-04T05:00:00+11:00,2.05,15.54,2026-12-04T05:00:00+11:00,2.05,poor,predawn,-5.1,2026-12-04T12:00:00+11:00,65.46
2026-12-04,Venus,2026-12-04T05:00:00+11:00,14.86,41.98,2026-12-04T05:00:00+11:00,14.86,poor,predawn,-5.1,2026-12-04T10:00:00+11:00,56.78
2026-12-04,Mars,2026-12-04T05:00:00+11:00,29.61,98.64,2026-12-04T05:00:00+11:00,29.61,good,predawn,-5.1,2026-12-04T06:30:00+11:00,34.5
2026-12-04,Jupiter,2026-12-04T05:00:00+11:00,31.06,104.7,2026-12-04T05:00:00+11:00,31.06,good,predawn,-5.1,2026-12-04T06:30:00+11:00,33.88
2026-12-04,Saturn,2026-12-04T21:00:00+11:00,46.42,115.69,2026-12-04T21:00:00+11:00,46.42,excellent,evening,-4.41,2026-12-04T21:00:00+11:00,46.42
2026-12-04,Uranus,2026-12-04T00:30:00+11:00,26.57,171.96,2026-12-04T00:30:00+11:00,26.57,good,overnight,-24.69,2026-12-04T00:30:00+11:00,26.57
2026-12-04,Neptune,2026-12-04T21:00:00+11:00,47.25,109.37,2026-12-04T21:00:00+11:00,47.25,excellent,evening,-4.41,2026-12-04T20:30:00+11:00,47.88
2026-12-05,Mercury,2026-12-05T05:00:00+11:00,2.02,15.05,2026-12-05T05:00:00+11:00,2.02,poor,predawn,-5.06,2026-12-05T12:00:00+11:00,65.92
2026-12-05,Venus,2026-12-05T05:00:00+11:00,15.18,42.37,2026-12-05T05:00:00+11:00,15.18,fair,predawn,-5.06,2026-12-05T10:00:00+11:00,56.92
2026-12-05,Mars,2026-12-05T05:00:00+11:00,29.94,99.3,2026-12-05T05:00:00+11:00,29.94,good,predawn,-5.06,2026-12-05T06:30:00+11:00,34.63
2026-12-05,Jupiter,2026-12-05T05:00:00+11:00,31.33,105.69,2026-12-05T05:00:00+11:00,31.33,good,predawn,-5.06,2026-12-05T06:30:00+11:00,33.84
2026-12-05,Saturn,2026-12-05T21:00:00+11:00,46.38,114.67,2026-12-05T21:00:00+11:00,46.38,excellent,evening,-4.25,2026-12-05T21:00:00+11:00,46.38
2026-12-05,Uranus,2026-12-05T00:30:00+11:00,26.56,170.91,2026-12-05T00:30:00+11:00,26.56,good,overnight,-24.55,2026-12-05T00:30:00+11:00,26.56
2026-12-05,Neptune,2026-12-05T21:00:00+11:00,47.09,108.35,2026-12-05T21:00:00+11:00,47.09,excellent,evening,-4.25,2026-12-05T20:30:00+11:00,47.86
2026-12-06,Mercury,2026-12-06T05:00:00+11:00,1.98,14.56,2026-12-06T05:00:00+11:00,1.98,poor,predawn,-5.02,2026-12-06T12:00:00+11:00,66.36
2026-12-06,Venus,2026-12-06T05:00:00+11:00,15.5,42.73,2026-12-06T05:00:00+11:00,15.5,fair,predawn,-5.02,2026-12-06T10:00:00+11:00,57.07
2026-12-06,Mars,2026-12-06T05:00:00+11:00,30.26,99.97,2026-12-06T05:00:00+11:00,30.26,good,predawn,-5.02,2026-12-06T06:30:00+11:00,34.76
2026-12-06,Jupiter,2026-12-06T05:00:00+11:00,31.58,106.68,2026-12-06T05:00:00+11:00,31.58,good,predawn,-5.02,2026-12-06T06:00:00+11:00,33.88
2026-12-06,Saturn,2026-12-06T21:00:00+11:00,46.31,113.64,2026-12-06T21:00:00+11:00,46.31,excellent,evening,-4.1,2026-12-06T20:30:00+11:00,46.33
2026-12-06,Uranus,2026-12-06T00:30:00+11:00,26.54,169.85,2026-12-06T00:30:00+11:00,26.54,good,overnight,-24.41,2026-12-06T00:30:00+11:00,26.54
2026-12-06,Neptune,2026-12-06T21:00:00+11:00,46.91,107.33,2026-12-06T21:00:00+11:00,46.91,excellent,evening,-4.1,2026-12-06T20:30:00+11:00,47.82
2026-12-07,Mercury,2026-12-07T05:00:00+11:00,1.92,14.06,2026-12-07T05:00:00+11:00,1.92,poor,predawn,-4.99,2026-12-07T12:00:00+11:00,66.78
2026-12-07,Venus,2026-12-07T05:00:00+11:00,15.82,43.07,2026-12-07T05:00:00+11:00,15.82,fair,predawn,-4.99,2026-12-07T10:00:00+11:00,57.23
2026-12-07,Mars,2026-12-07T05:00:00+11:00,30.58,100.65,2026-12-07T05:00:00+11:00,30.58,good,predawn,-4.99,2026-12-07T06:30:00+11:00,34.88
2026-12-07,Jupiter,2026-12-07T05:00:00+11:00,31.83,107.67,2026-12-07T05:00:00+11:00,31.83,good,predawn,-4.99,2026-12-07T06:00:00+11:00,33.92
2026-12-07,Saturn,2026-12-07T21:30:00+11:00,45.05,112.6,2026-12-07T21:30:00+11:00,45.05,excellent,evening,-8.23,2026-12-07T20:30:00+11:00,46.39
2026-12-07,Uranus,2026-12-07T00:30:00+11:00,26.51,168.8,2026-12-07T00:30:00+11:00,26.51,good,overnight,-24.28,2026-12-07T00:30:00+11:00,26.51
2026-12-07,Neptune,2026-12-07T21:30:00+11:00,44.69,106.3,2026-12-07T21:30:00+11:00,44.69,good,evening,-8.23,2026-12-07T20:30:00+11:00,47.76
2026-12-08,Mercury,2026-12-08T05:00:00+11:00,1.85,13.55,2026-12-08T05:00:00+11:00,1.85,poor,predawn,-4.96,2026-12-08T12:00:00+11:00,67.17
2026-12-08,Venus,2026-12-08T05:00:00+11:00,16.13,43.4,2026-12-08T05:00:00+11:00,16.13,fair,predawn,-4.96,2026-12-08T10:00:00+11:00,57.39
2026-12-08,Mars,2026-12-08T05:00:00+11:00,30.89,101.33,2026-12-08T05:00:00+11:00,30.89,good,predawn,-4.96,2026-12-08T06:30:00+11:00,34.98
2026-12-08,Jupiter,2026-12-08T05:00:00+11:00,32.06,108.67,2026-12-08T05:00:00+11:00,32.06,good,predawn,-4.96,2026-12-08T06:00:00+11:00,33.94
2026-12-08,Saturn,2026-12-08T21:30:00+11:00,44.82,111.58,2026-12-08T21:30:00+11:00,44.82,good,evening,-8.09,2026-12-08T20:30:00+11:00,46.42
2026-12-08,Uranus,2026-12-08T00:00:00+11:00,26.54,167.76,2026-12-08T00:00:00+11:00,26.54,good,overnight,-22.99,2026-12-08T00:00:00+11:00,26.54
2026-12-08,Neptune,2026-12-08T21:30:00+11:00,44.35,105.28,2026-12-08T21:30:00+11:00,44.35,good,evening,-8.09,2026-12-08T20:00:00+11:00,47.8
2026-12-09,Mercury,2026-12-09T05:00:00+11:00,1.76,13.04,2026-12-09T05:00:00+11:00,1.76,poor,predawn,-4.95,2026-12-09T12:00:00+11:00,67.54
2026-12-09,Venus,2026-12-09T05:00:00+11:00,16.43,43.7,2026-12-09T05:00:00+11:00,16.43,fair,predawn,-4.95,2026-12-09T10:00:00+11:00,57.56
2026-12-09,Mars,2026-12-09T05:00:00+11:00,31.19,102.02,2026-12-09T05:00:00+11:00,31.19,good,predawn,-4.95,2026-12-09T06:30:00+11:00,35.08
2026-12-09,Jupiter,2026-12-09T05:00:00+11:00,32.28,109.67,2026-12-09T05:00:00+11:00,32.28,good,predawn,-4.95,2026-12-09T06:00:00+11:00,33.95
2026-12-09,Saturn,2026-12-09T21:30:00+11:00,44.57,110.56,2026-12-09T21:30:00+11:00,44.57,good,evening,-7.95,2026-12-09T20:30:00+11:00,46.44
2026-12-09,Uranus,2026-12-09T00:00:00+11:00,26.58,166.71,2026-12-09T00:00:00+11:00,26.58,good,overnight,-22.86,2026-12-09T00:00:00+11:00,26.58
2026-12-09,Neptune,2026-12-09T21:30:00+11:00,44.01,104.26,2026-12-09T21:30:00+11:00,44.01,good,evening,-7.95,2026-12-09T20:00:00+11:00,47.85
2026-12-10,Mercury,2026-12-10T05:00:00+11:00,1.66,12.52,2026-12-10T05:00:00+11:00,1.66,poor,predawn,-4.94,2026-12-10T12:00:00+11:00,67.88
2026-12-10,Venus,2026-12-10T05:00:00+11:00,16.72,43.99,2026-12-10T05:00:00+11:00,16.72,fair,predawn,-4.94,2026-12-10T10:00:00+11:00,57.73
2026-12-10,Mars,2026-12-10T05:00:00+11:00,31.5,102.72,2026-12-10T05:00:00+11:00,31.5,good,predawn,-4.94,2026-12-10T06:30:00+11:00,35.17
2026-12-10,Jupiter,2026-12-10T05:00:00+11:00,32.49,110.67,2026-12-10T05:00:00+11:00,32.49,good,predawn,-4.94,2026-12-10T06:00:00+11:00,33.94
2026-12-10,Saturn,2026-12-10T21:30:00+11:00,44.31,109.54,2026-12-10T21:30:00+11:00,44.31,good,evening,-7.81,2026-12-10T20:30:00+11:00,46.44
2026-12-10,Uranus,2026-12-10T00:00:00+11:00,26.61,165.65,2026-12-10T00:00:00+11:00,26.61,good,overnight,-22.75,2026-12-10T00:00:00+11:00,26.61
2026-12-10,Neptune,2026-12-10T21:30:00+11:00,43.64,103.24,2026-12-10T21:30:00+11:00,43.64,good,evening,-7.81,2026-12-10T20:00:00+11:00,47.88
2026-12-11,Mercury,2026-12-11T05:00:00+11:00,1.54,12.0,2026-12-11T05:00:00+11:00,1.54,poor,predawn,-4.93,2026-12-11T12:00:00+11:00,68.19
2026-12-11,Venus,2026-12-11T05:00:00+11:00,17.01,44.26,2026-12-11T05:00:00+11:00,17.01,fair,predawn,-4.93,2026-12-11T10:00:00+11:00,57.91
2026-12-11,Mars,2026-12-11T05:00:00+11:00,31.79,103.42,2026-12-11T05:00:00+11:00,31.79,good,predawn,-4.93,2026-12-11T06:30:00+11:00,35.25
2026-12-11,Jupiter,2026-12-11T05:00:00+11:00,32.68,111.68,2026-12-11T05:00:00+11:00,32.68,good,predawn,-4.93,2026-12-11T06:00:00+11:00,33.92
2026-12-11,Saturn,2026-12-11T21:30:00+11:00,44.03,108.53,2026-12-11T21:30:00+11:00,44.03,good,evening,-7.68,2026-12-11T20:30:00+11:00,46.43
2026-12-11,Uranus,2026-12-11T00:00:00+11:00,26.62,164.59,2026-12-11T00:00:00+11:00,26.62,good,overnight,-22.63,2026-12-11T00:00:00+11:00,26.62
2026-12-11,Neptune,2026-12-11T21:30:00+11:00,43.27,102.22,2026-12-11T21:30:00+11:00,43.27,good,evening,-7.68,2026-12-11T20:00:00+11:00,47.88
2026-12-12,Mercury,2026-12-12T05:00:00+11:00,1.4,11.48,2026-12-12T05:00:00+11:00,1.4,poor,predawn,-4.94,2026-12-12T12:30:00+11:00,68.61
2026-12-12,Venus,2026-12-12T05:00:00+11:00,17.29,44.52,2026-12-12T05:00:00+11:00,17.29,fair,predawn,-4.94,2026-12-12T10:00:00+11:00,58.1
2026-12-12,Mars,2026-12-12T05:00:00+11:00,32.08,104.14,2026-12-12T05:00:00+11:00,32.08,good,predawn,-4.94,2026-12-12T06:30:00+11:00,35.32
2026-12-12,Jupiter,2026-12-12T05:00:00+11:00,32.86,112.69,2026-12-12T05:00:00+11:00,32.86,good,predawn,-4.94,2026-12-12T06:00:00+11:00,33.88
2026-12-12,Saturn,2026-12-12T21:30:00+11:00,43.73,107.52,2026-12-12T21:30:00+11:00,43.73,good,evening,-7.55,2026-12-12T20:30:00+11:00,46.39
2026-12-12,Uranus,2026-12-12T00:00:00+11:00,26.62,163.54,2026-12-12T00:00:00+11:00,26.62,good,overnight,-22.53,2026-12-12T00:00:00+11:00,26.62
2026-12-12,Neptune,2026-12-12T21:30:00+11:00,42.88,101.21,2026-12-12T21:30:00+11:00,42.88,good,evening,-7.55,2026-12-12T20:00:00+11:00,47.87
2026-12-13,Mercury,2026-12-13T05:00:00+11:00,1.25,10.96,2026-12-13T05:00:00+11:00,1.25,poor,predawn,-4.95,2026-12-13T12:30:00+11:00,69.01
2026-12-13,Venus,2026-12-13T05:00:00+11:00,17.57,44.75,2026-12-13T05:00:00+11:00,17.57,fair,predawn,-4.95,2026-12-13T10:00:00+11:00,58.29
2026-12-13,Mars,2026-12-13T05:00:00+11:00,32.37,104.86,2026-12-13T05:00:00+11:00,32.37,good,predawn,-4.95,2026-12-13T06:30:00+11:00,35.38
2026-12-13,Jupiter,2026-12-13T05:00:00+11:00,33.03,113.7,2026-12-13T05:00:00+11:00,33.03,good,predawn,-4.95,2026-12-13T05:30:00+11:00,33.85
2026-12-13,Saturn,2026-12-13T21:30:00+11:00,43.42,106.5,2026-12-13T21:30:00+11:00,43.42,good,evening,-7.43,2026-12-13T20:30:00+11:00,46.33
2026-12-13,Uranus,2026-12-13T00:00:00+11:00,26.6,162.48,2026-12-13T00:00:00+11:00,26.6,good,overnight,-22.43,2026-12-13T00:00:00+11:00,26.6
2026-12-13,Neptune,2026-12-13T21:30:00+11:00,42.48,100.19,2026-12-13T21:30:00+11:00,42.48,good,evening,-7.43,2026-12-13T20:00:00+11:00,47.84
2026-12-14,Mercury,2026-12-14T05:00:00+11:00,1.09,10.44,2026-12-14T05:00:00+11:00,1.09,poor,predawn,-4.96,2026-12-14T12:30:00+11:00,69.39
2026-12-14,Venus,2026-12-14T05:00:00+11:00,17.84,44.98,2026-12-14T05:00:00+11:00,17.84,fair,predawn,-4.96,2026-12-14T10:00:00+11:00,58.49
2026-12-14,Mars,2026-12-14T05:00:00+11:00,32.65,105.58,2026-12-14T05:00:00+11:00,32.65,good,predawn,-4.96,2026-12-14T06:30:00+11:00,35.43
2026-12-14,Jupiter,2026-12-14T05:00:00+11:00,33.18,114.72,2026-12-14T05:00:00+11:00,33.18,good,predawn,-4.96,2026-12-14T05:30:00+11:00,33.89
2026-12-14,Saturn,2026-12-14T21:30:00+11:00,43.1,105.49,2026-12-14T21:30:00+11:00,43.1,good,evening,-7.32,2026-12-14T20:00:00+11:00,46.33
2026-12-14,Uranus,2026-12-14T23:30:00+11:00,26.58,160.39,2026-12-14T23:30:00+11:00,26.58,good,overnight,-20.36,2026-12-14T23:30:00+11:00,26.58
2026-12-14,Neptune,2026-12-14T21:30:00+11:00,42.06,99.17,2026-12-14T21:30:00+11:00,42.06,good,evening,-7.32,2026-12-14T20:00:00+11:00,47.8
2026-12-15,Mercury,2026-12-15T05:00:00+11:00,0.91,9.91,2026-12-15T05:00:00+11:00,0.91,poor,predawn,-4.98,2026-12-15T12:30:00+11:00,69.74
2026-12-15,Venus,2026-12-15T05:00:00+11:00,18.1,45.18,2026-12-15T05:00:00+11:00,18.1,fair,predawn,-4.98,2026-12-15T10:00:00+11:00,58.69
2026-12-15,Mars,2026-12-15T05:00:00+11:00,32.92,106.32,2026-12-15T05:00:00+11:00,32.92,good,predawn,-4.98,2026-12-15T06:30:00+11:00,35.47
2026-12-15,Jupiter,2026-12-15T05:00:00+11:00,33.31,115.74,2026-12-15T05:00:00+11:00,33.31,good,predawn,-4.98,2026-12-15T05:30:00+11:00,33.92
2026-12-15,Saturn,2026-12-15T21:30:00+11:00,42.76,104.48,2026-12-15T21:30:00+11:00,42.76,good,evening,-7.21,2026-12-15T20:00:00+11:00,46.37
2026-12-15,Uranus,2026-12-15T23:30:00+11:00,26.63,159.33,2026-12-15T23:30:00+11:00,26.63,good,overnight,-20.27,2026-12-15T23:30:00+11:00,26.63
2026-12-15,Neptune,2026-12-15T21:30:00+11:00,41.63,98.16,2026-12-15T21:30:00+11:00,41.63,good,evening,-7.21,2026-12-15T19:30:00+11:00,47.76
2026-12-16,Mercury,2026-12-16T05:00:00+11:00,0.71,9.39,2026-12-16T05:00:00+11:00,0.71,poor,predawn,-5.01,2026-12-16T12:30:00+11:00,70.06
2026-12-16,Venus,2026-12-16T05:00:00+11:00,18.36,45.38,2026-12-16T05:00:00+11:00,18.36,fair,predawn,-5.01,2026-12-16T10:00:00+11:00,58.9
2026-12-16,Mars,2026-12-16T05:00:00+11:00,33.18,107.06,2026-12-16T05:00:00+11:00,33.18,good,predawn,-5.01,2026-12-16T06:00:00+11:00,35.58
2026-12-16,Jupiter,2026-12-16T05:00:00+11:00,33.43,116.76,2026-12-16T05:00:00+11:00,33.43,good,predawn,-5.01,2026-12-16T05:30:00+11:00,33.93
2026-12-16,Saturn,2026-12-16T21:30:00+11:00,42.4,103.48,2026-12-16T21:30:00+11:00,42.4,good,evening,-7.11,2026-12-16T20:00:00+11:00,46.4
2026-12-16,Uranus,2026-12-16T23:30:00+11:00,26.66,158.28,2026-12-16T23:30:00+11:00,26.66,good,overnight,-20.2,2026-12-16T23:30:00+11:00,26.66
2026-12-16,Neptune,2026-12-16T21:30:00+11:00,41.19,97.14,2026-12-16T21:30:00+11:00,41.19,good,evening,-7.11,2026-12-16T19:30:00+11:00,47.82
2026-12-17,Mercury,2026-12-17T05:00:00+11:00,0.5,8.86,2026-12-17T05:00:00+11:00,0.5,poor,predawn,-5.05,2026-12-17T12:30:00+11:00,70.35
2026-12-17,Venus,2026-12-17T05:00:00+11:00,18.61,45.56,2026-12-17T05:00:00+11:00,18.61,fair,predawn,-5.05,2026-12-17T10:00:00+11:00,59.11
2026-12-17,Mars,2026-12-17T05:00:00+11:00,33.44,107.81,2026-12-17T05:00:00+11:00,33.44,good,predawn,-5.05,2026-12-17T06:00:00+11:00,35.68
2026-12-17,Jupiter,2026-12-17T05:00:00+11:00,33.54,117.79,2026-12-17T05:00:00+11:00,33.54,good,predawn,-5.05,2026-12-17T05:30:00+11:00,33.92
2026-12-17,Saturn,2026-12-17T21:30:00+11:00,42.04,102.47,2026-12-17T21:30:00+11:00,42.04,good,evening,-7.01,2026-12-17T20:00:00+11:00,46.4
2026-12-17,Uranus,2026-12-17T23:30:00+11:00,26.67,157.22,2026-12-17T23:30:00+11:00,26.67,good,overnight,-20.12,2026-12-17T23:30:00+11:00,26.67
2026-12-17,Neptune,2026-12-17T21:30:00+11:00,40.74,96.13,2026-12-17T21:30:00+11:00,40.74,good,evening,-7.01,2026-12-17T19:30:00+11:00,47.86
2026-12-18,Mercury,2026-12-18T05:00:00+11:00,0.27,8.34,2026-12-18T05:00:00+11:00,0.27,poor,predawn,-5.09,2026-12-18T12:30:00+11:00,70.6
2026-12-18,Venus,2026-12-18T05:00:00+11:00,18.85,45.73,2026-12-18T05:00:00+11:00,18.85,fair,predawn,-5.09,2026-12-18T10:00:00+11:00,59.32
2026-12-18,Mars,2026-12-18T05:00:00+11:00,33.69,108.57,2026-12-18T05:00:00+11:00,33.69,good,predawn,-5.09,2026-12-18T06:00:00+11:00,35.77
2026-12-18,Jupiter,2026-12-18T05:00:00+11:00,33.63,118.82,2026-12-18T05:00:00+11:00,33.63,good,predawn,-5.09,2026-12-18T05:30:00+11:00,33.9
2026-12-18,Saturn,2026-12-18T21:30:00+11:00,41.66,101.47,2026-12-18T21:30:00+11:00,41.66,good,evening,-6.92,2026-12-18T20:00:00+11:00,46.39
2026-12-18,Uranus,2026-12-18T23:30:00+11:00,26.68,156.17,2026-12-18T23:30:00+11:00,26.68,good,overnight,-20.06,2026-12-18T23:30:00+11:00,26.68
2026-12-18,Neptune,2026-12-18T21:30:00+11:00,40.28,95.11,2026-12-18T21:30:00+11:00,40.28,good,evening,-6.92,2026-12-18T19:30:00+11:00,47.87
2026-12-19,Mercury,2026-12-19T05:00:00+11:00,0.03,7.81,2026-12-19T05:00:00+11:00,0.03,poor,predawn,-5.14,2026-12-19T12:30:00+11:00,70.81
2026-12-19,Venus,2026-12-19T05:00:00+11:00,19.09,45.88,2026-12-19T05:00:00+11:00,19.09,fair,predawn,-5.14,2026-12-19T10:00:00+11:00,59.54
2026-12-19,Mars,2026-12-19T05:00:00+11:00,33.93,109.34,2026-12-19T05:00:00+11:00,33.93,good,predawn,-5.14,2026-12-19T06:00:00+11:00,35.85
2026-12-19,Jupiter,2026-12-19T05:00:00+11:00,33.71,119.86,2026-12-19T05:00:00+11:00,33.71,good,predawn,-5.14,2026-12-19T05:30:00+11:00,33.86
2026-12-19,Saturn,2026-12-19T21:30:00+11:00,41.27,100.47,2026-12-19T21:30:00+11:00,41.27,good,evening,-6.83,2026-12-19T20:00:00+11:00,46.36
2026-12-19,Uranus,2026-12-19T23:30:00+11:00,26.66,155.11,2026-12-19T23:30:00+11:00,26.66,good,overnight,-20.0,2026-12-19T23:30:00+11:00,26.66
2026-12-19,Neptune,2026-12-19T21:30:00+11:00,39.81,94.1,2026-12-19T21:30:00+11:00,39.81,good,evening,-6.83,2026-12-19T19:30:00+11:00,47.87
2026-12-20,Mercury,2026-12-20T05:00:00+11:00,-0.24,7.28,2026-12-20T05:00:00+11:00,-0.24,not visible,predawn,-5.19,2026-12-20T12:30:00+11:00,70.99
2026-12-20,Venus,2026-12-20T05:00:00+11:00,19.32,46.02,2026-12-20T05:00:00+11:00,19.32,fair,predawn,-5.19,2026-12-20T10:00:00+11:00,59.77
2026-12-20,Mars,2026-12-20T05:00:00+11:00,34.16,110.12,2026-12-20T05:00:00+11:00,34.16,good,predawn,-5.19,2026-12-20T06:00:00+11:00,35.91
2026-12-20,Jupiter,2026-12-20T05:00:00+11:00,33.76,120.9,2026-12-20T05:00:00+11:00,33.76,good,predawn,-5.19,2026-12-20T05:30:00+11:00,33.81
2026-12-20,Saturn,2026-12-20T21:30:00+11:00,40.86,99.46,2026-12-20T21:30:00+11:00,40.86,good,evening,-6.75,2026-12-20T20:00:00+11:00,46.31
2026-12-20,Uranus,2026-12-20T23:30:00+11:00,26.64,154.06,2026-12-20T23:30:00+11:00,26.64,good,overnight,-19.95,2026-12-20T23:30:00+11:00,26.64
2026-12-20,Neptune,2026-12-20T21:30:00+11:00,39.32,93.09,2026-12-20T21:30:00+11:00,39.32,good,evening,-6.75,2026-12-20T19:30:00+11:00,47.85
2026-12-21,Mercury,2026-12-21T05:00:00+11:00,-0.51,6.76,2026-12-21T05:00:00+11:00,-0.51,not visible,predawn,-5.25,2026-12-21T12:30:00+11:00,71.12
2026-12-21,Venus,2026-12-21T05:00:00+11:00,19.55,46.15,2026-12-21T05:00:00+11:00,19.55,fair,predawn,-5.25,2026-12-21T10:00:00+11:00,59.99
2026-12-21,Mars,2026-12-21T05:00:00+11:00,34.38,110.9,2026-12-21T05:00:00+11:00,34.38,good,predawn,-5.25,2026-12-21T06:00:00+11:00,35.96
2026-12-21,Jupiter,2026-12-21T05:00:00+11:00,33.81,121.94,2026-12-21T05:00:00+11:00,33.81,good,predawn,-5.25,2026-12-21T05:00:00+11:00,33.81
2026-12-21,Saturn,2026-12-21T21:30:00+11:00,40.44,98.47,2026-12-21T21:30:00+11:00,40.44,good,evening,-6.67,2026-12-21T20:00:00+11:00,46.25
2026-12-21,Uranus,2026-12-21T23:00:00+11:00,26.62,153.03,2026-12-21T23:00:00+11:00,26.62,good,overnight,-17.34,2026-12-21T23:00:00+11:00,26.62
2026-12-21,Neptune,2026-12-21T21:30:00+11:00,38.83,92.07,2026-12-21T21:30:00+11:00,38.83,good,evening,-6.67,2026-12-21T19:30:00+11:00,47.82
2026-12-22,Mercury,2026-12-22T05:00:00+11:00,-0.8,6.23,2026-12-22T05:00:00+11:00,-0.8,not visible,predawn,-5.32,2026-12-22T12:30:00+11:00,71.22
2026-12-22,Venus,2026-12-22T05:00:00+11:00,19.77,46.27,2026-12-22T05:00:00+11:00,19.77,fair,predawn,-5.32,2026-12-22T10:00:00+11:00,60.22
2026-12-22,Mars,2026-12-22T05:00:00+11:00,34.6,111.7,2026-12-22T05:00:00+11:00,34.6,good,predawn,-5.32,2026-12-22T06:00:00+11:00,36.01
2026-12-22,Jupiter,2026-12-22T05:00:00+11:00,33.83,122.98,2026-12-22T05:00:00+11:00,33.83,good,predawn,-5.32,2026-12-22T05:00:00+11:00,33.83
2026-12-22,Saturn,2026-12-22T21:30:00+11:00,40.02,97.47,2026-12-22T21:30:00+11:00,40.02,good,evening,-6.61,2026-12-22T19:30:00+11:00,46.27
2026-12-22,Uranus,2026-12-22T23:00:00+11:00,26.66,151.97,2026-12-22T23:00:00+11:00,26.66,good,overnight,-17.29,2026-12-22T23:00:00+11:00,26.66
2026-12-22,Neptune,2026-12-22T21:30:00+11:00,38.33,91.06,2026-12-22T21:30:00+11:00,38.33,good,evening,-6.61,2026-12-22T19:30:00+11:00,47.76
2026-12-23,Mercury,2026-12-23T05:00:00+11:00,-1.11,5.71,2026-12-23T05:00:00+11:00,-1.11,not visible,predawn,-5.39,2026-12-23T13:00:00+11:00,71.41
2026-12-23,Venus,2026-12-23T05:00:00+11:00,19.98,46.38,2026-12-23T05:00:00+11:00,19.98,fair,predawn,-5.39,2026-12-23T10:00:00+11:00,60.45
2026-12-23,Mars,2026-12-23T05:00:00+11:00,34.8,112.5,2026-12-23T05:00:00+11:00,34.8,good,predawn,-5.39,2026-12-23T06:00:00+11:00,36.03
2026-12-23,Jupiter,2026-12-23T05:00:00+11:00,33.84,124.03,2026-12-23T05:00:00+11:00,33.84,good,predawn,-5.39,2026-12-23T05:00:00+11:00,33.84
2026-12-23,Saturn,2026-12-23T21:30:00+11:00,39.58,96.47,2026-12-23T21:30:00+11:00,39.58,good,evening,-6.54,2026-12-23T19:30:00+11:00,46.3
2026-12-23,Uranus,2026-12-23T23:00:00+11:00,26.7,150.92,2026-12-23T23:00:00+11:00,26.7,good,overnight,-17.26,2026-12-23T23:00:00+11:00,26.7
2026-12-23,Neptune,2026-12-23T21:30:00+11:00,37.81,90.05,2026-12-23T21:30:00+11:00,37.81,good,evening,-6.54,2026-12-23T19:00:00+11:00,47.77
2026-12-24,Mercury,2026-12-24T05:00:00+11:00,-1.44,5.19,2026-12-24T05:00:00+11:00,-1.44,not visible,predawn,-5.47,2026-12-24T13:00:00+11:00,71.63
2026-12-24,Venus,2026-12-24T05:00:00+11:00,20.18,46.48,2026-12-24T05:00:00+11:00,20.18,fair,predawn,-5.47,2026-12-24T10:00:00+11:00,60.69
2026-12-24,Mars,2026-12-24T05:00:00+11:00,34.99,113.31,2026-12-24T05:00:00+11:00,34.99,good,predawn,-5.47,2026-12-24T06:00:00+11:00,36.05
2026-12-24,Jupiter,2026-12-24T05:00:00+11:00,33.84,125.08,2026-12-24T05:00:00+11:00,33.84,good,predawn,-5.47,2026-12-24T05:00:00+11:00,33.84
2026-12-24,Saturn,2026-12-24T21:30:00+11:00,39.13,95.48,2026-12-24T21:30:00+11:00,39.13,good,evening,-6.49,2026-12-24T19:30:00+11:00,46.32
2026-12-24,Uranus,2026-12-24T23:00:00+11:00,26.72,149.87,2026-12-24T23:00:00+11:00,26.72,good,overnight,-17.22,2026-12-24T23:00:00+11:00,26.72
2026-12-24,Neptune,2026-12-24T21:30:00+11:00,37.29,89.04,2026-12-24T21:30:00+11:00,37.29,good,evening,-6.49,2026-12-24T19:00:00+11:00,47.81
2026-12-25,Mercury,2026-12-25T05:00:00+11:00,-1.78,4.67,2026-12-25T05:00:00+11:00,-1.78,not visible,predawn,-5.56,2026-12-25T13:00:00+11:00,71.8
2026-12-25,Venus,2026-12-25T05:00:00+11:00,20.38,46.57,2026-12-25T05:00:00+11:00,20.38,fair,predawn,-5.56,2026-12-25T10:00:00+11:00,60.92
2026-12-25,Mars,2026-12-25T05:00:00+11:00,35.18,114.14,2026-12-25T05:00:00+11:00,35.18,good,predawn,-5.56,2026-12-25T06:00:00+11:00,36.05
2026-12-25,Jupiter,2026-12-25T05:00:00+11:00,33.82,126.14,2026-12-25T05:00:00+11:00,33.82,good,predawn,-5.56,2026-12-25T05:00:00+11:00,33.82
2026-12-25,Saturn,2026-12-25T21:30:00+11:00,38.67,94.49,2026-12-25T21:30:00+11:00,38.67,good,evening,-6.44,2026-12-25T19:30:00+11:00,46.31
2026-12-25,Uranus,2026-12-25T23:00:00+11:00,26.73,148.81,2026-12-25T23:00:00+11:00,26.73,good,overnight,-17.2,2026-12-25T23:00:00+11:00,26.73
2026-12-25,Neptune,2026-12-25T21:30:00+11:00,36.76,88.03,2026-12-25T21:30:00+11:00,36.76,good,evening,-6.44,2026-12-25T19:00:00+11:00,47.84
2026-12-26,Mercury,2026-12-26T05:00:00+11:00,-2.14,4.16,2026-12-26T05:00:00+11:00,-2.14,not visible,predawn,-5.65,2026-12-26T13:00:00+11:00,71.93
2026-12-26,Venus,2026-12-26T05:00:00+11:00,20.57,46.64,2026-12-26T05:00:00+11:00,20.57,fair,predawn,-5.65,2026-12-26T10:00:00+11:00,61.16
2026-12-26,Mars,2026-12-26T05:00:00+11:00,35.35,114.97,2026-12-26T05:00:00+11:00,35.35,good,predawn,-5.65,2026-12-26T05:30:00+11:00,36.13
2026-12-26,Jupiter,2026-12-26T05:00:00+11:00,33.78,127.19,2026-12-26T05:00:00+11:00,33.78,good,predawn,-5.65,2026-12-26T05:00:00+11:00,33.78
2026-12-26,Saturn,2026-12-26T21:30:00+11:00,38.2,93.5,2026-12-26T21:30:00+11:00,38.2,good,evening,-6.39,2026-12-26T19:30:00+11:00,46.29
2026-12-26,Uranus,2026-12-26T23:00:00+11:00,26.72,147.76,2026-12-26T23:00:00+11:00,26.72,good,overnight,-17.18,2026-12-26T23:00:00+11:00,26.72
2026-12-26,Neptune,2026-12-26T21:30:00+11:00,36.22,87.02,2026-12-26T21:30:00+11:00,36.22,good,evening,-6.39,2026-12-26T19:00:00+11:00,47.85
2026-12-27,Mercury,2026-12-27T05:00:00+11:00,-2.52,3.67,2026-12-27T05:00:00+11:00,-2.52,not visible,predawn,-5.74,2026-12-27T13:00:00+11:00,72.02
2026-12-27,Venus,2026-12-27T05:00:00+11:00,20.76,46.71,2026-12-27T05:00:00+11:00,20.76,fair,predawn,-5.74,2026-12-27T10:00:00+11:00,61.4
2026-12-27,Mars,2026-12-27T05:00:00+11:00,35.51,115.81,2026-12-27T05:00:00+11:00,35.51,good,predawn,-5.74,2026-12-27T05:30:00+11:00,36.2
2026-12-27,Jupiter,2026-12-27T05:00:00+11:00,33.72,128.25,2026-12-27T05:00:00+11:00,33.72,good,predawn,-5.74,2026-12-27T05:00:00+11:00,33.72
2026-12-27,Saturn,2026-12-27T21:30:00+11:00,37.72,92.51,2026-12-27T21:30:00+11:00,37.72,good,evening,-6.36,2026-12-27T19:30:00+11:00,46.25
2026-12-27,Uranus,2026-12-27T23:00:00+11:00,26.7,146.71,2026-12-27T23:00:00+11:00,26.7,good,overnight,-17.17,2026-12-27T23:00:00+11:00,26.7
2026-12-27,Neptune,2026-12-27T21:30:00+11:00,35.68,86.01,2026-12-27T21:30:00+11:00,35.68,good,evening,-6.36,2026-12-27T19:00:00+11:00,47.85
2026-12-28,Mercury,2026-12-28T05:00:00+11:00,-2.92,3.18,2026-12-28T05:00:00+11:00,-2.92,not visible,predawn,-5.85,2026-12-28T13:00:00+11:00,72.06
2026-12-28,Venus,2026-12-28T05:00:00+11:00,20.93,46.77,2026-12-28T05:00:00+11:00,20.93,fair,predawn,-5.85,2026-12-28T10:00:00+11:00,61.64
2026-12-28,Mars,2026-12-28T05:00:00+11:00,35.66,116.66,2026-12-28T05:00:00+11:00,35.66,good,predawn,-5.85,2026-12-28T05:30:00+11:00,36.25
2026-12-28,Jupiter,2026-12-28T04:30:00+11:00,33.67,129.3,2026-12-28T04:30:00+11:00,33.67,good,predawn,-9.92,2026-12-28T04:30:00+11:00,33.67
2026-12-28,Saturn,2026-12-28T21:30:00+11:00,37.23,91.52,2026-12-28T21:30:00+11:00,37.23,good,evening,-6.32,2026-12-28T19:30:00+11:00,46.19
2026-12-28,Uranus,2026-12-28T23:00:00+11:00,26.66,145.66,2026-12-28T23:00:00+11:00,26.66,good,overnight,-17.16,2026-12-28T23:00:00+11:00,26.66
2026-12-28,Neptune,2026-12-28T21:30:00+11:00,35.12,85.0,2026-12-28T21:30:00+11:00,35.12,good,evening,-6.32,2026-12-28T19:00:00+11:00,47.82
2026-12-29,Mercury,2026-12-29T05:00:00+11:00,-3.33,2.73,2026-12-29T05:00:00+11:00,-3.33,not visible,predawn,-5.96,2026-12-29T13:00:00+11:00,72.06
2026-12-29,Venus,2026-12-29T05:00:00+11:00,21.1,46.82,2026-12-29T05:00:00+11:00,21.1,fair,predawn,-5.96,2026-12-29T10:00:00+11:00,61.88
2026-12-29,Mars,2026-12-29T05:00:00+11:00,35.79,117.52,2026-12-29T05:00:00+11:00,35.79,good,predawn,-5.96,2026-12-29T05:30:00+11:00,36.29
2026-12-29,Jupiter,2026-12-29T04:30:00+11:00,33.7,130.36,2026-12-29T04:30:00+11:00,33.7,good,predawn,-10.02,2026-12-29T04:30:00+11:00,33.7
2026-12-29,Saturn,2026-12-29T21:30:00+11:00,36.73,90.54,2026-12-29T21:30:00+11:00,36.73,good,evening,-6.3,2026-12-29T19:30:00+11:00,46.12
2026-12-29,Uranus,2026-12-29T22:30:00+11:00,26.7,144.63,2026-12-29T22:30:00+11:00,26.7,good,overnight,-13.99,2026-12-29T22:30:00+11:00,26.7
2026-12-29,Neptune,2026-12-29T21:30:00+11:00,34.56,83.99,2026-12-29T21:30:00+11:00,34.56,good,evening,-6.3,2026-12-29T19:00:00+11:00,47.77
2026-12-30,Mercury,2026-12-30T05:00:00+11:00,-3.76,2.32,2026-12-30T05:00:00+11:00,-3.76,not visible,predawn,-6.07,2026-12-30T13:00:00+11:00,72.02
2026-12-30,Venus,2026-12-30T05:00:00+11:00,21.27,46.86,2026-12-30T05:00:00+11:00,21.27,fair,predawn,-6.07,2026-12-30T10:00:00+11:00,62.12
2026-12-30,Mars,2026-12-30T05:00:00+11:00,35.91,118.39,2026-12-30T05:00:00+11:00,35.91,good,predawn,-6.07,2026-12-30T05:30:00+11:00,36.31
2026-12-30,Jupiter,2026-12-30T04:30:00+11:00,33.71,131.43,2026-12-30T04:30:00+11:00,33.71,good,predawn,-10.13,2026-12-30T04:30:00+11:00,33.71
2026-12-30,Saturn,2026-12-30T21:30:00+11:00,36.22,89.55,2026-12-30T21:30:00+11:00,36.22,good,evening,-6.28,2026-12-30T19:00:00+11:00,46.16
2026-12-30,Uranus,2026-12-30T22:30:00+11:00,26.73,143.58,2026-12-30T22:30:00+11:00,26.73,good,overnight,-13.99,2026-12-30T22:30:00+11:00,26.73
2026-12-30,Neptune,2026-12-30T21:30:00+11:00,33.99,82.98,2026-12-30T21:30:00+11:00,33.99,good,evening,-6.28,2026-12-30T19:00:00+11:00,47.71
2026-12-31,Mercury,2026-12-31T05:00:00+11:00,-4.21,1.99,2026-12-31T05:00:00+11:00,-4.21,not visible,predawn,-6.19,2026-12-31T13:00:00+11:00,71.93
2026-12-31,Venus,2026-12-31T05:00:00+11:00,21.42,46.89,2026-12-31T05:00:00+11:00,21.42,fair,predawn,-6.19,2026-12-31T10:00:00+11:00,62.36
2026-12-31,Mars,2026-12-31T05:00:00+11:00,36.02,119.28,2026-12-31T05:00:00+11:00,36.02,good,predawn,-6.19,2026-12-31T05:30:00+11:00,36.32
2026-12-31,Jupiter,2026-12-31T04:30:00+11:00,33.7,132.51,2026-12-31T04:30:00+11:00,33.7,good,predawn,-10.25,2026-12-31T04:30:00+11:00,33.7
2026-12-31,Saturn,2026-12-31T21:30:00+11:00,35.71,88.57,2026-12-31T21:30:00+11:00,35.71,good,evening,-6.27,2026-12-31T19:00:00+11:00,46.18
2026-12-31,Uranus,2026-12-31T22:30:00+11:00,26.76,142.53,2026-12-31T22:30:00+11:00,26.76,good,overnight,-13.99,2026-12-31T22:30:00+11:00,26.76
2026-12-31,Neptune,2026-12-31T21:30:00+11:00,33.41,81.97,2026-12-31T21:30:00+11:00,33.41,good,evening,-6.27,2026-12-31T18:30:00+11:00,47.75
