date,planet,best_time_local,max_altitude_deg,solar_elong_deg,twilight_best_time_local,twilight_max_altitude_deg,visibility_rating,observation_period,sun_altitude_deg,all_day_best_time_local,all_day_max_altitude_deg
2026-01-01,Mercury,2026-01-01T04:30:00+10:00,4.93,12.05,2026-01-01T04:30:00+10:00,4.93,poor,predawn,-5.89,2026-01-01T11:00:00+10:00,86.5
2026-01-01,Venus,2026-01-01T04:30:00+10:00,-4.41,1.5,2026-01-01T04:30:00+10:00,-4.41,not visible,predawn,-5.89,2026-01-01T12:00:00+10:00,84.95
2026-01-01,Mars,2026-01-01T19:30:00+10:00,-7.08,2.21,2026-01-01T19:30:00+10:00,-7.08,not visible,evening,-9.2,2026-01-01T12:00:00+10:00,86.21
2026-01-01,Jupiter,2026-01-01T00:30:00+10:00,40.47,168.76,2026-01-01T00:30:00+10:00,40.47,good,overnight,-38.59,2026-01-01T00:30:00+10:00,40.47
2026-01-01,Saturn,2026-01-01T19:30:00+10:00,45.68,75.23,2026-01-01T19:30:00+10:00,45.68,excellent,evening,-9.2,2026-01-01T17:00:00+10:00,66.05
2026-01-01,Uranus,2026-01-01T21:00:00+10:00,42.88,136.9,2026-01-01T21:00:00+10:00,42.88,good,evening,-24.72,2026-01-01T21:00:00+10:00,42.88
2026-01-01,Neptune,2026-01-01T19:30:00+10:00,46.43,78.54,2026-01-01T19:30:00+10:00,46.43,excellent,evening,-9.2,2026-01-01T17:00:00+10:00,63.89
2026-01-02,Mercury,2026-01-02T04:30:00+10:00,4.43,11.54,2026-01-02T04:30:00+10:00,4.43,poor,predawn,-6.03,2026-01-02T11:00:00+10:00,86.58
2026-01-02,Venus,2026-01-02T04:30:00+10:00,-4.74,1.29,2026-01-02T04:30:00+10:00,-4.74,not visible,predawn,-6.03,2026-01-02T12:00:00+10:00,85.12
2026-01-02,Mars,2026-01-02T19:30:00+10:00,-7.23,1.98,2026-01-02T19:30:00+10:00,-7.23,not visible,evening,-9.17,2026-01-02T12:00:00+10:00,86.14
2026-01-02,Jupiter,2026-01-02T00:30:00+10:00,40.49,169.91,2026-01-02T00:30:00+10:00,40.49,good,overnight,-38.69,2026-01-02T00:30:00+10:00,40.49
2026-01-02,Saturn,2026-01-02T19:30:00+10:00,44.91,74.27,2026-01-02T19:30:00+10:00,44.91,good,evening,-9.17,2026-01-02T17:00:00+10:00,65.95
2026-01-02,Uranus,2026-01-02T20:30:00+10:00,42.9,135.88,2026-01-02T20:30:00+10:00,42.9,good,evening,-19.89,2026-01-02T20:30:00+10:00,42.9
2026-01-02,Neptune,2026-01-02T19:30:00+10:00,45.68,77.54,2026-01-02T19:30:00+10:00,45.68,excellent,evening,-9.17,2026-01-02T17:00:00+10:00,63.91
2026-01-03,Mercury,2026-01-03T04:30:00+10:00,3.92,11.04,2026-01-03T04:30:00+10:00,3.92,poor,predawn,-6.17,2026-01-03T11:00:00+10:00,86.52
2026-01-03,Venus,2026-01-03T04:30:00+10:00,-5.07,1.1,2026-01-03T04:30:00+10:00,-5.07,not visible,predawn,-6.17,2026-01-03T12:00:00+10:00,85.26
2026-01-03,Mars,2026-01-03T04:30:00+10:00,-7.21,1.9,2026-01-03T04:30:00+10:00,-7.21,not visible,predawn,-6.17,2026-01-03T12:00:00+10:00,86.07
2026-01-03,Jupiter,2026-01-03T00:30:00+10:00,40.48,171.06,2026-01-03T00:30:00+10:00,40.48,good,overnight,-38.8,2026-01-03T00:30:00+10:00,40.48
2026-01-03,Saturn,2026-01-03T19:30:00+10:00,44.15,73.31,2026-01-03T19:30:00+10:00,44.15,good,evening,-9.13,2026-01-03T17:00:00+10:00,65.82
2026-01-03,Uranus,2026-01-03T20:30:00+10:00,42.96,134.83,2026-01-03T20:30:00+10:00,42.96,good,evening,-19.88,2026-01-03T20:30:00+10:00,42.96
2026-01-03,Neptune,2026-01-03T19:30:00+10:00,44.92,76.53,2026-01-03T19:30:00+10:00,44.92,good,evening,-9.13,2026-01-03T17:00:00+10:00,63.89
2026-01-04,Mercury,2026-01-04T04:30:00+10:00,3.4,10.53,2026-01-04T04:30:00+10:00,3.4,poor,predawn,-6.31,2026-01-04T11:00:00+10:00,86.33
2026-01-04,Venus,2026-01-04T04:30:00+10:00,-5.41,0.93,2026-01-04T04:30:00+10:00,-5.41,not visible,predawn,-6.31,2026-01-04T12:00:00+10:00,85.36
2026-01-04,Mars,2026-01-04T04:30:00+10:00,-7.14,1.69,2026-01-04T04:30:00+10:00,-7.14,not visible,predawn,-6.31,2026-01-04T12:00:00+10:00,85.99
2026-01-04,Jupiter,2026-01-04T00:30:00+10:00,40.45,172.21,2026-01-04T00:30:00+10:00,40.45,good,overnight,-38.91,2026-01-04T00:30:00+10:00,40.45
2026-01-04,Saturn,2026-01-04T19:30:00+10:00,43.37,72.36,2026-01-04T19:30:00+10:00,43.37,good,evening,-9.11,2026-01-04T16:30:00+10:00,65.82
2026-01-04,Uranus,2026-01-04T20:30:00+10:00,43.0,133.79,2026-01-04T20:30:00+10:00,43.0,good,evening,-19.87,2026-01-04T20:30:00+10:00,43.0
2026-01-04,Neptune,2026-01-04T19:30:00+10:00,44.15,75.53,2026-01-04T19:30:00+10:00,44.15,good,evening,-9.11,2026-01-04T17:00:00+10:00,63.84
2026-01-05,Mercury,2026-01-05T04:30:00+10:00,2.86,10.01,2026-01-05T04:30:00+10:00,2.86,poor,predawn,-6.45,2026-01-05T11:00:00+10:00,86.02
2026-01-05,Venus,2026-01-05T04:30:00+10:00,-5.75,0.79,2026-01-05T04:30:00+10:00,-5.75,not visible,predawn,-6.45,2026-01-05T12:00:00+10:00,85.43
2026-01-05,Mars,2026-01-05T04:30:00+10:00,-7.07,1.49,2026-01-05T04:30:00+10:00,-7.07,not visible,predawn,-6.45,2026-01-05T12:00:00+10:00,85.89
2026-01-05,Jupiter,2026-01-05T00:30:00+10:00,40.4,173.36,2026-01-05T00:30:00+10:00,40.4,good,overnight,-39.04,2026-01-05T00:30:00+10:00,40.4
2026-01-05,Saturn,2026-01-05T19:30:00+10:00,42.6,71.4,2026-01-05T19:30:00+10:00,42.6,good,evening,-9.09,2026-01-05T16:30:00+10:00,65.89
2026-01-05,Uranus,2026-01-05T20:30:00+10:00,43.02,132.74,2026-01-05T20:30:00+10:00,43.02,good,evening,-19.87,2026-01-05T20:30:00+10:00,43.02
2026-01-05,Neptune,2026-01-05T19:30:00+10:00,43.38,74.52,2026-01-05T19:30:00+10:00,43.38,good,evening,-9.09,2026-01-05T17:00:00+10:00,63.76
2026-01-06,Mercury,2026-01-06T04:30:00+10:00,2.3,9.49,2026-01-06T04:30:00+10:00,2.3,poor,predawn,-6.6,2026-01-06T11:00:00+10:00,85.61
2026-01-06,Venus,2026-01-06T04:30:00+10:00,-6.1,0.71,2026-01-06T04:30:00+10:00,-6.1,not visible,predawn,-6.6,2026-01-06T12:00:00+10:00,85.46
2026-01-06,Mars,2026-01-06T04:30:00+10:00,-7.0,1.3,2026-01-06T04:30:00+10:00,-7.0,not visible,predawn,-6.6,2026-01-06T12:00:00+10:00,85.79
2026-01-06,Jupiter,2026-01-06T00:30:00+10:00,40.32,174.51,2026-01-06T00:30:00+10:00,40.32,good,overnight,-39.16,2026-01-06T00:30:00+10:00,40.32
2026-01-06,Saturn,2026-01-06T19:30:00+10:00,41.82,70.45,2026-01-06T19:30:00+10:00,41.82,good,evening,-9.07,2026-01-06T16:30:00+10:00,65.92
2026-01-06,Uranus,2026-01-06T20:30:00+10:00,43.01,131.7,2026-01-06T20:30:00+10:00,43.01,good,evening,-19.88,2026-01-06T20:30:00+10:00,43.01
2026-01-06,Neptune,2026-01-06T19:30:00+10:00,42.61,73.52,2026-01-06T19:30:00+10:00,42.61,good,evening,-9.07,2026-01-06T17:00:00+10:00,63.64
2026-01-07,Mercury,2026-01-07T04:30:00+10:00,1.73,8.97,2026-01-07T04:30:00+10:00,1.73,poor,predawn,-6.75,2026-01-07T11:30:00+10:00,85.67
2026-01-07,Venus,2026-01-07T04:30:00+10:00,-6.45,0.71,2026-01-07T04:30:00+10:00,-6.45,not visible,predawn,-6.75,2026-01-07T12:00:00+10:00,85.44
2026-01-07,Mars,2026-01-07T04:30:00+10:00,-6.94,1.15,2026-01-07T04:30:00+10:00,-6.94,not visible,predawn,-6.75,2026-01-07T12:00:00+10:00,85.68
2026-01-07,Jupiter,2026-01-07T00:00:00+10:00,40.3,175.64,2026-01-07T00:00:00+10:00,40.3,good,overnight,-40.03,2026-01-07T00:00:00+10:00,40.3
2026-01-07,Saturn,2026-01-07T19:30:00+10:00,41.04,69.5,2026-01-07T19:30:00+10:00,41.04,good,evening,-9.06,2026-01-07T16:30:00+10:00,65.92
2026-01-07,Uranus,2026-01-07T20:30:00+10:00,42.99,130.66,2026-01-07T20:30:00+10:00,42.99,good,evening,-19.89,2026-01-07T20:30:00+10:00,42.99
2026-01-07,Neptune,2026-01-07T19:30:00+10:00,41.83,72.52,2026-01-07T19:30:00+10:00,41.83,good,evening,-9.06,2026-01-07T16:30:00+10:00,63.74
2026-01-08,Mercury,2026-01-08T04:30:00+10:00,1.15,8.44,2026-01-08T04:30:00+10:00,1.15,poor,predawn,-6.9,2026-01-08T11:30:00+10:00,86.08
2026-01-08,Venus,2026-01-08T04:30:00+10:00,-6.8,0.79,2026-01-08T04:30:00+10:00,-6.8,not visible,predawn,-6.9,2026-01-08T12:00:00+10:00,85.39
2026-01-08,Mars,2026-01-08T04:30:00+10:00,-6.87,1.02,2026-01-08T04:30:00+10:00,-6.87,not visible,predawn,-6.9,2026-01-08T12:00:00+10:00,85.57
2026-01-08,Jupiter,2026-01-08T00:00:00+10:00,40.33,176.79,2026-01-08T00:00:00+10:00,40.33,good,overnight,-40.16,2026-01-08T00:00:00+10:00,40.33
2026-01-08,Saturn,2026-01-08T19:30:00+10:00,40.26,68.55,2026-01-08T19:30:00+10:00,40.26,good,evening,-9.05,2026-01-08T16:30:00+10:00,65.89
2026-01-08,Uranus,2026-01-08T20:30:00+10:00,42.94,129.62,2026-01-08T20:30:00+10:00,42.94,good,evening,-19.91,2026-01-08T20:30:00+10:00,42.94
2026-01-08,Neptune,2026-01-08T19:30:00+10:00,41.04,71.52,2026-01-08T19:30:00+10:00,41.04,good,evening,-9.05,2026-01-08T16:30:00+10:00,63.81
2026-01-09,Mercury,2026-01-09T04:30:00+10:00,0.55,7.91,2026-01-09T04:30:00+10:00,0.55,poor,predawn,-7.06,2026-01-09T11:30:00+10:00,86.41
2026-01-09,Venus,2026-01-09T04:30:00+10:00,-7.17,0.93,2026-01-09T04:30:00+10:00,-7.17,not visible,predawn,-7.06,2026-01-09T12:00:00+10:00,85.3
2026-01-09,Mars,2026-01-09T04:30:00+10:00,-6.81,0.95,2026-01-09T04:30:00+10:00,-6.81,not visible,predawn,-7.06,2026-01-09T12:00:00+10:00,85.44
2026-01-09,Jupiter,2026-01-09T00:00:00+10:00,40.34,177.94,2026-01-09T00:00:00+10:00,40.34,good,overnight,-40.3,2026-01-09T00:00:00+10:00,40.34
2026-01-09,Saturn,2026-01-09T19:30:00+10:00,39.48,67.6,2026-01-09T19:30:00+10:00,39.48,good,evening,-9.06,2026-01-09T16:30:00+10:00,65.82
2026-01-09,Uranus,2026-01-09T20:00:00+10:00,42.91,128.6,2026-01-09T20:00:00+10:00,42.91,good,evening,-14.64,2026-01-09T20:00:00+10:00,42.91
2026-01-09,Neptune,2026-01-09T19:30:00+10:00,40.26,70.51,2026-01-09T19:30:00+10:00,40.26,good,evening,-9.06,2026-01-09T16:30:00+10:00,63.85
2026-01-10,Mercury,2026-01-10T04:30:00+10:00,-0.07,7.38,2026-01-10T04:30:00+10:00,-0.07,not visible,predawn,-7.22,2026-01-10T11:30:00+10:00,86.61
2026-01-10,Venus,2026-01-10T04:30:00+10:00,-7.53,1.1,2026-01-10T04:30:00+10:00,-7.53,not visible,predawn,-7.22,2026-01-10T12:00:00+10:00,85.17
2026-01-10,Mars,2026-01-10T04:30:00+10:00,-6.75,0.95,2026-01-10T04:30:00+10:00,-6.75,not visible,predawn,-7.22,2026-01-10T12:00:00+10:00,85.31
2026-01-10,Jupiter,2026-01-10T00:00:00+10:00,40.32,179.07,2026-01-10T00:00:00+10:00,40.32,good,overnight,-40.44,2026-01-10T00:00:00+10:00,40.32
2026-01-10,Saturn,2026-01-10T19:30:00+10:00,38.69,66.66,2026-01-10T19:30:00+10:00,38.69,good,evening,-9.06,2026-01-10T16:30:00+10:00,65.73
2026-01-10,Uranus,2026-01-10T20:00:00+10:00,42.97,127.56,2026-01-10T20:00:00+10:00,42.97,good,evening,-14.66,2026-01-10T20:00:00+10:00,42.97
2026-01-10,Neptune,2026-01-10T19:30:00+10:00,39.46,69.51,2026-01-10T19:30:00+10:00,39.46,good,evening,-9.06,2026-01-10T16:30:00+10:00,63.86
2026-01-11,Mercury,2026-01-11T04:30:00+10:00,-0.69,6.84,2026-01-11T04:30:00+10:00,-0.69,not visible,predawn,-7.38,2026-01-11T11:30:00+10:00,86.66
2026-01-11,Venus,2026-01-11T19:30:00+10:00,-7.66,1.42,2026-01-11T19:30:00+10:00,-7.66,not visible,evening,-9.07,2026-01-11T12:00:00+10:00,85.0
2026-01-11,Mars,2026-01-11T04:30:00+10:00,-6.69,1.0,2026-01-11T04:30:00+10:00,-6.69,not visible,predawn,-7.38,2026-01-11T12:00:00+10:00,85.17
2026-01-11,Jupiter,2026-01-11T00:00:00+10:00,40.29,179.63,2026-01-11T00:00:00+10:00,40.29,good,overnight,-40.59,2026-01-11T00:00:00+10:00,40.29
2026-01-11,Saturn,2026-01-11T19:30:00+10:00,37.9,65.71,2026-01-11T19:30:00+10:00,37.9,good,evening,-9.07,2026-01-11T16:30:00+10:00,65.6
2026-01-11,Uranus,2026-01-11T20:00:00+10:00,43.02,126.52,2026-01-11T20:00:00+10:00,43.02,good,evening,-14.68,2026-01-11T20:00:00+10:00,43.02
2026-01-11,Neptune,2026-01-11T19:30:00+10:00,38.67,68.51,2026-01-11T19:30:00+10:00,38.67,good,evening,-9.07,2026-01-11T16:30:00+10:00,63.83
2026-01-12,Mercury,2026-01-12T04:30:00+10:00,-1.34,6.3,2026-01-12T04:30:00+10:00,-1.34,not visible,predawn,-7.54,2026-01-12T11:30:00+10:00,86.55
2026-01-12,Venus,2026-01-12T19:30:00+10:00,-7.48,1.63,2026-01-12T19:30:00+10:00,-7.48,not visible,evening,-9.09,2026-01-12T12:00:00+10:00,84.8
2026-01-12,Mars,2026-01-12T04:30:00+10:00,-6.63,1.11,2026-01-12T04:30:00+10:00,-6.63,not visible,predawn,-7.54,2026-01-12T12:00:00+10:00,85.02
2026-01-12,Jupiter,2026-01-12T00:00:00+10:00,40.22,178.56,2026-01-12T00:00:00+10:00,40.22,good,overnight,-40.75,2026-01-12T00:00:00+10:00,40.22
2026-01-12,Saturn,2026-01-12T19:30:00+10:00,37.12,64.77,2026-01-12T19:30:00+10:00,37.12,good,evening,-9.09,2026-01-12T16:00:00+10:00,65.56
2026-01-12,Uranus,2026-01-12T20:00:00+10:00,43.04,125.48,2026-01-12T20:00:00+10:00,43.04,good,evening,-14.71,2026-01-12T20:00:00+10:00,43.04
2026-01-12,Neptune,2026-01-12T19:30:00+10:00,37.86,67.51,2026-01-12T19:30:00+10:00,37.86,good,evening,-9.09,2026-01-12T16:30:00+10:00,63.77
2026-01-13,Mercury,2026-01-13T04:30:00+10:00,-2.0,5.76,2026-01-13T04:30:00+10:00,-2.0,not visible,predawn,-7.71,2026-01-13T11:30:00+10:00,86.29
2026-01-13,Venus,2026-01-13T19:30:00+10:00,-7.31,1.85,2026-01-13T19:30:00+10:00,-7.31,not visible,evening,-9.11,2026-01-13T12:00:00+10:00,84.58
2026-01-13,Mars,2026-01-13T04:30:00+10:00,-6.58,1.25,2026-01-13T04:30:00+10:00,-6.58,not visible,predawn,-7.71,2026-01-13T12:00:00+10:00,84.87
2026-01-13,Jupiter,2026-01-13T23:30:00+10:00,40.16,176.29,2026-01-13T23:30:00+10:00,40.16,good,overnight,-40.66,2026-01-13T23:30:00+10:00,40.16
2026-01-13,Saturn,2026-01-13T19:30:00+10:00,36.32,63.83,2026-01-13T19:30:00+10:00,36.32,good,evening,-9.11,2026-01-13T16:00:00+10:00,65.63
2026-01-13,Uranus,2026-01-13T20:00:00+10:00,43.05,124.44,2026-01-13T20:00:00+10:00,43.05,good,evening,-14.74,2026-01-13T20:00:00+10:00,43.05
2026-01-13,Neptune,2026-01-13T19:30:00+10:00,37.06,66.51,2026-01-13T19:30:00+10:00,37.06,good,evening,-9.11,2026-01-13T16:30:00+10:00,63.68
2026-01-14,Mercury,2026-01-14T04:30:00+10:00,-2.67,5.22,2026-01-14T04:30:00+10:00,-2.67,not visible,predawn,-7.87,2026-01-14T11:30:00+10:00,85.9
2026-01-14,Venus,2026-01-14T19:30:00+10:00,-7.15,2.08,2026-01-14T19:30:00+10:00,-7.15,not visible,evening,-9.14,2026-01-14T12:00:00+10:00,84.32
2026-01-14,Mars,2026-01-14T04:30:00+10:00,-6.52,1.43,2026-01-14T04:30:00+10:00,-6.52,not visible,predawn,-7.87,2026-01-14T12:00:00+10:00,84.71
2026-01-14,Jupiter,2026-01-14T23:30:00+10:00,40.19,175.14,2026-01-14T23:30:00+10:00,40.19,good,overnight,-40.82,2026-01-14T23:30:00+10:00,40.19
2026-01-14,Saturn,2026-01-14T19:30:00+10:00,35.53,62.88,2026-01-14T19:30:00+10:00,35.53,good,evening,-9.14,2026-01-14T16:00:00+10:00,65.66
2026-01-14,Uranus,2026-01-14T20:00:00+10:00,43.03,123.4,2026-01-14T20:00:00+10:00,43.03,good,evening,-14.78,2026-01-14T20:00:00+10:00,43.03
2026-01-14,Neptune,2026-01-14T19:30:00+10:00,36.25,65.51,2026-01-14T19:30:00+10:00,36.25,good,evening,-9.14,2026-01-14T16:00:00+10:00,63.61
2026-01-15,Mercury,2026-01-15T04:30:00+10:00,-3.36,4.69,2026-01-15T04:30:00+10:00,-3.36,not visible,predawn,-8.04,2026-01-15T11:30:00+10:00,85.41
2026-01-15,Venus,2026-01-15T19:30:00+10:00,-7.0,2.3,2026-01-15T19:30:00+10:00,-7.0,not visible,evening,-9.17,2026-01-15T12:00:00+10:00,84.05
2026-01-15,Mars,2026-01-15T04:30:00+10:00,-6.47,1.62,2026-01-15T04:30:00+10:00,-6.47,not visible,predawn,-8.04,2026-01-15T12:00:00+10:00,84.54
2026-01-15,Jupiter,2026-01-15T23:30:00+10:00,40.19,173.99,2026-01-15T23:30:00+10:00,40.19,good,overnight,-40.99,2026-01-15T23:30:00+10:00,40.19
2026-01-15,Saturn,2026-01-15T19:30:00+10:00,34.74,61.94,2026-01-15T19:30:00+10:00,34.74,good,evening,-9.17,2026-01-15T16:00:00+10:00,65.66
2026-01-15,Uranus,2026-01-15T20:00:00+10:00,43.0,122.37,2026-01-15T20:00:00+10:00,43.0,good,evening,-14.83,2026-01-15T20:00:00+10:00,43.0
2026-01-15,Neptune,2026-01-15T19:30:00+10:00,35.44,64.51,2026-01-15T19:30:00+10:00,35.44,good,evening,-9.17,2026-01-15T16:00:00+10:00,63.7
2026-01-16,Mercury,2026-01-16T04:30:00+10:00,-4.06,4.16,2026-01-16T04:30:00+10:00,-4.06,not visible,predawn,-8.21,2026-01-16T11:30:00+10:00,84.85
2026-01-16,Venus,2026-01-16T19:30:00+10:00,-6.85,2.53,2026-01-16T19:30:00+10:00,-6.85,not visible,evening,-9.21,2026-01-16T12:00:00+10:00,83.75
2026-01-16,Mars,2026-01-16T04:30:00+10:00,-6.41,1.82,2026-01-16T04:30:00+10:00,-6.41,not visible,predawn,-8.21,2026-01-16T12:00:00+10:00,84.37
2026-01-16,Jupiter,2026-01-16T23:30:00+10:00,40.17,172.84,2026-01-16T23:30:00+10:00,40.17,good,overnight,-41.17,2026-01-16T23:30:00+10:00,40.17
2026-01-16,Saturn,2026-01-16T19:30:00+10:00,33.94,61.01,2026-01-16T19:30:00+10:00,33.94,good,evening,-9.21,2026-01-16T16:00:00+10:00,65.63
2026-01-16,Uranus,2026-01-16T20:00:00+10:00,42.94,121.33,2026-01-16T20:00:00+10:00,42.94,good,evening,-14.88,2026-01-16T20:00:00+10:00,42.94
2026-01-16,Neptune,2026-01-16T19:30:00+10:00,34.63,63.52,2026-01-16T19:30:00+10:00,34.63,good,evening,-9.21,2026-01-16T16:00:00+10:00,63.76
2026-01-17,Mercury,2026-01-17T04:30:00+10:00,-4.78,3.64,2026-01-17T04:30:00+10:00,-4.78,not visible,predawn,-8.39,2026-01-17T12:00:00+10:00,84.77
2026-01-17,Venus,2026-01-17T19:30:00+10:00,-6.71,2.76,2026-01-17T19:30:00+10:00,-6.71,not visible,evening,-9.26,2026-01-17T12:00:00+10:00,83.44
2026-01-17,Mars,2026-01-17T04:30:00+10:00,-6.36,2.03,2026-01-17T04:30:00+10:00,-6.36,not visible,predawn,-8.39,2026-01-17T12:00:00+10:00,84.2
2026-01-17,Jupiter,2026-01-17T23:30:00+10:00,40.12,171.69,2026-01-17T23:30:00+10:00,40.12,good,overnight,-41.35,2026-01-17T23:30:00+10:00,40.12
2026-01-17,Saturn,2026-01-17T19:30:00+10:00,33.14,60.07,2026-01-17T19:30:00+10:00,33.14,good,evening,-9.26,2026-01-17T16:00:00+10:00,65.57
2026-01-17,Uranus,2026-01-17T19:30:00+10:00,42.97,120.32,2026-01-17T19:30:00+10:00,42.97,good,evening,-9.26,2026-01-17T19:30:00+10:00,42.97
2026-01-17,Neptune,2026-01-17T19:30:00+10:00,33.81,62.52,2026-01-17T19:30:00+10:00,33.81,good,evening,-9.26,2026-01-17T16:00:00+10:00,63.79
2026-01-18,Mercury,2026-01-18T04:30:00+10:00,-5.51,3.16,2026-01-18T04:30:00+10:00,-5.51,not visible,predawn,-8.56,2026-01-18T12:00:00+10:00,84.9
2026-01-18,Venus,2026-01-18T19:30:00+10:00,-6.58,3.0,2026-01-18T19:30:00+10:00,-6.58,not visible,evening,-9.31,2026-01-18T12:00:00+10:00,83.1
2026-01-18,Mars,2026-01-18T04:30:00+10:00,-6.31,2.25,2026-01-18T04:30:00+10:00,-6.31,not visible,predawn,-8.56,2026-01-18T12:00:00+10:00,84.01
2026-01-18,Jupiter,2026-01-18T23:30:00+10:00,40.06,170.54,2026-01-18T23:30:00+10:00,40.06,good,overnight,-41.54,2026-01-18T23:30:00+10:00,40.06
2026-01-18,Saturn,2026-01-18T19:30:00+10:00,32.35,59.13,2026-01-18T19:30:00+10:00,32.35,good,evening,-9.31,2026-01-18T16:00:00+10:00,65.48
2026-01-18,Uranus,2026-01-18T19:30:00+10:00,43.03,119.29,2026-01-18T19:30:00+10:00,43.03,good,evening,-9.31,2026-01-18T19:30:00+10:00,43.03
2026-01-18,Neptune,2026-01-18T19:30:00+10:00,32.99,61.52,2026-01-18T19:30:00+10:00,32.99,good,evening,-9.31,2026-01-18T16:00:00+10:00,63.79
2026-01-19,Mercury,2026-01-19T04:30:00+10:00,-6.26,2.72,2026-01-19T04:30:00+10:00,-6.26,not visible,predawn,-8.74,2026-01-19T12:00:00+10:00,84.9
2026-01-19,Venus,2026-01-19T19:30:00+10:00,-6.46,3.23,2026-01-19T19:30:00+10:00,-6.46,not visible,evening,-9.36,2026-01-19T12:00:00+10:00,82.76
2026-01-19,Mars,2026-01-19T04:30:00+10:00,-6.26,2.47,2026-01-19T04:30:00+10:00,-6.26,not visible,predawn,-8.74,2026-01-19T12:00:00+10:00,83.83
2026-01-19,Jupiter,2026-01-19T23:00:00+10:00,39.99,169.41,2026-01-19T23:00:00+10:00,39.99,good,overnight,-40.17,2026-01-19T23:00:00+10:00,39.99
2026-01-19,Saturn,2026-01-19T19:30:00+10:00,31.55,58.2,2026-01-19T19:30:00+10:00,31.55,good,evening,-9.36,2026-01-19T16:00:00+10:00,65.35
2026-01-19,Uranus,2026-01-19T19:30:00+10:00,43.06,118.25,2026-01-19T19:30:00+10:00,43.06,good,evening,-9.36,2026-01-19T19:30:00+10:00,43.06
2026-01-19,Neptune,2026-01-19T19:30:00+10:00,32.17,60.52,2026-01-19T19:30:00+10:00,32.17,good,evening,-9.36,2026-01-19T16:00:00+10:00,63.75
2026-01-20,Mercury,2026-01-20T04:30:00+10:00,-7.03,2.35,2026-01-20T04:30:00+10:00,-7.03,not visible,predawn,-8.91,2026-01-20T12:00:00+10:00,84.77
2026-01-20,Venus,2026-01-20T19:30:00+10:00,-6.35,3.46,2026-01-20T19:30:00+10:00,-6.35,not visible,evening,-9.43,2026-01-20T12:00:00+10:00,82.4
2026-01-20,Mars,2026-01-20T04:30:00+10:00,-6.22,2.7,2026-01-20T04:30:00+10:00,-6.22,not visible,predawn,-8.91,2026-01-20T12:00:00+10:00,83.63
2026-01-20,Jupiter,2026-01-20T23:00:00+10:00,40.04,168.27,2026-01-20T23:00:00+10:00,40.04,good,overnight,-40.36,2026-01-20T23:00:00+10:00,40.04
2026-01-20,Saturn,2026-01-20T19:30:00+10:00,30.75,57.27,2026-01-20T19:30:00+10:00,30.75,good,evening,-9.43,2026-01-20T15:30:00+10:00,65.26
2026-01-20,Uranus,2026-01-20T19:30:00+10:00,43.07,117.22,2026-01-20T19:30:00+10:00,43.07,good,evening,-9.43,2026-01-20T19:30:00+10:00,43.07
2026-01-20,Neptune,2026-01-20T19:30:00+10:00,31.35,59.53,2026-01-20T19:30:00+10:00,31.35,good,evening,-9.43,2026-01-20T16:00:00+10:00,63.68
2026-01-21,Mercury,2026-01-21T04:30:00+10:00,-7.81,2.11,2026-01-21T04:30:00+10:00,-7.81,not visible,predawn,-9.09,2026-01-21T12:00:00+10:00,84.5
2026-01-21,Venus,2026-01-21T19:30:00+10:00,-6.24,3.7,2026-01-21T19:30:00+10:00,-6.24,not visible,evening,-9.49,2026-01-21T12:00:00+10:00,82.03
2026-01-21,Mars,2026-01-21T04:30:00+10:00,-6.17,2.92,2026-01-21T04:30:00+10:00,-6.17,not visible,predawn,-9.09,2026-01-21T12:00:00+10:00,83.43
2026-01-21,Jupiter,2026-01-21T23:00:00+10:00,40.06,167.12,2026-01-21T23:00:00+10:00,40.06,good,overnight,-40.55,2026-01-21T23:00:00+10:00,40.06
2026-01-21,Saturn,2026-01-21T19:30:00+10:00,29.95,56.34,2026-01-21T19:30:00+10:00,29.95,good,evening,-9.49,2026-01-21T15:30:00+10:00,65.33
2026-01-21,Uranus,2026-01-21T19:30:00+10:00,43.07,116.19,2026-01-21T19:30:00+10:00,43.07,good,evening,-9.49,2026-01-21T19:30:00+10:00,43.07
2026-01-21,Neptune,2026-01-21T19:30:00+10:00,30.52,58.53,2026-01-21T19:30:00+10:00,30.52,good,evening,-9.49,2026-01-21T16:00:00+10:00,63.58
2026-01-22,Mercury,2026-01-22T19:30:00+10:00,-7.72,2.13,2026-01-22T19:30:00+10:00,-7.72,not visible,evening,-9.57,2026-01-22T12:00:00+10:00,84.12
2026-01-22,Venus,2026-01-22T19:30:00+10:00,-6.14,3.93,2026-01-22T19:30:00+10:00,-6.14,not visible,evening,-9.57,2026-01-22T12:30:00+10:00,81.8
2026-01-22,Mars,2026-01-22T04:30:00+10:00,-6.12,3.15,2026-01-22T04:30:00+10:00,-6.12,not visible,predawn,-9.27,2026-01-22T12:00:00+10:00,83.23
2026-01-22,Jupiter,2026-01-22T23:00:00+10:00,40.05,165.97,2026-01-22T23:00:00+10:00,40.05,good,overnight,-40.75,2026-01-22T23:00:00+10:00,40.05
2026-01-22,Saturn,2026-01-22T19:30:00+10:00,29.14,55.41,2026-01-22T19:30:00+10:00,29.14,good,evening,-9.57,2026-01-22T15:30:00+10:00,65.37
2026-01-22,Uranus,2026-01-22T19:30:00+10:00,43.04,115.16,2026-01-22T19:30:00+10:00,43.04,good,evening,-9.57,2026-01-22T19:30:00+10:00,43.04
2026-01-22,Neptune,2026-01-22T19:30:00+10:00,29.69,57.54,2026-01-22T19:30:00+10:00,29.69,good,evening,-9.57,2026-01-22T15:30:00+10:00,63.56
2026-01-23,Mercury,2026-01-23T19:30:00+10:00,-7.33,2.38,2026-01-23T19:30:00+10:00,-7.33,not visible,evening,-9.65,2026-01-23T12:00:00+10:00,83.63
2026-01-23,Venus,2026-01-23T19:30:00+10:00,-6.05,4.17,2026-01-23T19:30:00+10:00,-6.05,not visible,evening,-9.65,2026-01-23T12:30:00+10:00,81.64
2026-01-23,Mars,2026-01-23T04:30:00+10:00,-6.08,3.38,2026-01-23T04:30:00+10:00,-6.08,not visible,predawn,-9.45,2026-01-23T12:00:00+10:00,83.02
2026-01-23,Jupiter,2026-01-23T23:00:00+10:00,40.03,164.83,2026-01-23T23:00:00+10:00,40.03,good,overnight,-40.95,2026-01-23T23:00:00+10:00,40.03
2026-01-23,Saturn,2026-01-23T19:30:00+10:00,28.34,54.48,2026-01-23T19:30:00+10:00,28.34,good,evening,-9.65,2026-01-23T15:30:00+10:00,65.37
2026-01-23,Uranus,2026-01-23T19:30:00+10:00,42.99,114.14,2026-01-23T19:30:00+10:00,42.99,good,evening,-9.65,2026-01-23T19:30:00+10:00,42.99
2026-01-23,Neptune,2026-01-23T19:30:00+10:00,28.86,56.55,2026-01-23T19:30:00+10:00,28.86,good,evening,-9.65,2026-01-23T15:30:00+10:00,63.65
2026-01-24,Mercury,2026-01-24T19:30:00+10:00,-6.94,2.79,2026-01-24T19:30:00+10:00,-6.94,not visible,evening,-9.73,2026-01-24T12:00:00+10:00,83.06
2026-01-24,Venus,2026-01-24T19:30:00+10:00,-5.96,4.4,2026-01-24T19:30:00+10:00,-5.96,not visible,evening,-9.73,2026-01-24T12:30:00+10:00,81.44
2026-01-24,Mars,2026-01-24T04:30:00+10:00,-6.03,3.61,2026-01-24T04:30:00+10:00,-6.03,not visible,predawn,-9.63,2026-01-24T12:00:00+10:00,82.81
2026-01-24,Jupiter,2026-01-24T23:00:00+10:00,39.97,163.69,2026-01-24T23:00:00+10:00,39.97,good,overnight,-41.16,2026-01-24T23:00:00+10:00,39.97
2026-01-24,Saturn,2026-01-24T19:30:00+10:00,27.54,53.55,2026-01-24T19:30:00+10:00,27.54,good,evening,-9.73,2026-01-24T15:30:00+10:00,65.34
2026-01-24,Uranus,2026-01-24T19:30:00+10:00,42.93,113.11,2026-01-24T19:30:00+10:00,42.93,good,evening,-9.73,2026-01-24T19:00:00+10:00,42.96
2026-01-24,Neptune,2026-01-24T19:30:00+10:00,28.03,55.55,2026-01-24T19:30:00+10:00,28.03,good,evening,-9.73,2026-01-24T15:30:00+10:00,63.7
2026-01-25,Mercury,2026-01-25T19:30:00+10:00,-6.56,3.29,2026-01-25T19:30:00+10:00,-6.56,not visible,evening,-9.82,2026-01-25T12:00:00+10:00,82.42
2026-01-25,Venus,2026-01-25T19:30:00+10:00,-5.89,4.64,2026-01-25T19:30:00+10:00,-5.89,not visible,evening,-9.82,2026-01-25T12:30:00+10:00,81.23
2026-01-25,Mars,2026-01-25T04:30:00+10:00,-5.99,3.84,2026-01-25T04:30:00+10:00,-5.99,not visible,predawn,-9.81,2026-01-25T12:00:00+10:00,82.59
2026-01-25,Jupiter,2026-01-25T23:00:00+10:00,39.9,162.55,2026-01-25T23:00:00+10:00,39.9,good,overnight,-41.38,2026-01-25T23:00:00+10:00,39.9
2026-01-25,Saturn,2026-01-25T19:30:00+10:00,26.74,52.63,2026-01-25T19:30:00+10:00,26.74,good,evening,-9.82,2026-01-25T15:30:00+10:00,65.29
2026-01-25,Uranus,2026-01-25T19:30:00+10:00,42.84,112.08,2026-01-25T19:30:00+10:00,42.84,good,evening,-9.82,2026-01-25T19:00:00+10:00,43.02
2026-01-25,Neptune,2026-01-25T19:30:00+10:00,27.2,54.56,2026-01-25T19:30:00+10:00,27.2,good,evening,-9.82,2026-01-25T15:30:00+10:00,63.72
2026-01-26,Mercury,2026-01-26T19:30:00+10:00,-6.2,3.85,2026-01-26T19:30:00+10:00,-6.2,not visible,evening,-9.92,2026-01-26T12:30:00+10:00,81.74
2026-01-26,Venus,2026-01-26T19:30:00+10:00,-5.82,4.88,2026-01-26T19:30:00+10:00,-5.82,not visible,evening,-9.92,2026-01-26T12:30:00+10:00,80.99
2026-01-26,Mars,2026-01-26T04:30:00+10:00,-5.94,4.07,2026-01-26T04:30:00+10:00,-5.94,not visible,predawn,-10.0,2026-01-26T11:30:00+10:00,82.39
2026-01-26,Jupiter,2026-01-26T22:30:00+10:00,39.88,161.43,2026-01-26T22:30:00+10:00,39.88,good,overnight,-38.93,2026-01-26T22:30:00+10:00,39.88
2026-01-26,Saturn,2026-01-26T19:30:00+10:00,25.93,51.7,2026-01-26T19:30:00+10:00,25.93,good,evening,-9.92,2026-01-26T15:30:00+10:00,65.2
2026-01-26,Uranus,2026-01-26T19:30:00+10:00,42.74,111.06,2026-01-26T19:30:00+10:00,42.74,good,evening,-9.92,2026-01-26T19:00:00+10:00,43.06
2026-01-26,Neptune,2026-01-26T19:30:00+10:00,26.36,53.57,2026-01-26T19:30:00+10:00,26.36,good,evening,-9.92,2026-01-26T15:30:00+10:00,63.71
2026-01-27,Mercury,2026-01-27T19:30:00+10:00,-5.84,4.46,2026-01-27T19:30:00+10:00,-5.84,not visible,evening,-10.02,2026-01-27T12:30:00+10:00,81.55
2026-01-27,Venus,2026-01-27T19:30:00+10:00,-5.76,5.11,2026-01-27T19:30:00+10:00,-5.76,not visible,evening,-10.02,2026-01-27T12:30:00+10:00,80.72
2026-01-27,Mars,2026-01-27T05:00:00+10:00,0.13,4.3,2026-01-27T05:00:00+10:00,0.13,poor,predawn,-4.17,2026-01-27T11:30:00+10:00,82.3
2026-01-27,Jupiter,2026-01-27T22:30:00+10:00,39.92,160.3,2026-01-27T22:30:00+10:00,39.92,good,overnight,-39.13,2026-01-27T22:30:00+10:00,39.92
2026-01-27,Saturn,2026-01-27T19:30:00+10:00,25.13,50.78,2026-01-27T19:30:00+10:00,25.13,good,evening,-10.02,2026-01-27T15:30:00+10:00,65.08
2026-01-27,Uranus,2026-01-27T19:30:00+10:00,42.61,110.03,2026-01-27T19:30:00+10:00,42.61,good,evening,-10.02,2026-01-27T19:00:00+10:00,43.08
2026-01-27,Neptune,2026-01-27T19:30:00+10:00,25.53,52.58,2026-01-27T19:30:00+10:00,25.53,good,evening,-10.02,2026-01-27T15:30:00+10:00,63.66
2026-01-28,Mercury,2026-01-28T19:00:00+10:00,0.64,5.09,2026-01-28T19:00:00+10:00,0.64,poor,evening,-4.08,2026-01-28T12:30:00+10:00,81.25
2026-01-28,Venus,2026-01-28T19:00:00+10:00,0.47,5.34,2026-01-28T19:00:00+10:00,0.47,poor,evening,-4.08,2026-01-28T12:30:00+10:00,80.44
2026-01-28,Mars,2026-01-28T05:00:00+10:00,0.18,4.53,2026-01-28T05:00:00+10:00,0.18,poor,predawn,-4.34,2026-01-28T11:30:00+10:00,82.2
2026-01-28,Jupiter,2026-01-28T22:30:00+10:00,39.93,159.16,2026-01-28T22:30:00+10:00,39.93,good,overnight,-39.35,2026-01-28T22:30:00+10:00,39.93
2026-01-28,Saturn,2026-01-28T19:00:00+10:00,30.84,49.88,2026-01-28T19:00:00+10:00,30.84,good,evening,-4.08,2026-01-28T15:30:00+10:00,64.94
2026-01-28,Uranus,2026-01-28T19:00:00+10:00,43.09,109.03,2026-01-28T19:00:00+10:00,43.09,good,evening,-4.08,2026-01-28T19:00:00+10:00,43.09
2026-01-28,Neptune,2026-01-28T19:00:00+10:00,31.15,51.61,2026-01-28T19:00:00+10:00,31.15,good,evening,-4.08,2026-01-28T15:30:00+10:00,63.59
2026-01-29,Mercury,2026-01-29T19:00:00+10:00,1.01,5.76,2026-01-29T19:00:00+10:00,1.01,poor,evening,-4.18,2026-01-29T12:30:00+10:00,80.85
2026-01-29,Venus,2026-01-29T19:00:00+10:00,0.54,5.58,2026-01-29T19:00:00+10:00,0.54,poor,evening,-4.18,2026-01-29T12:30:00+10:00,80.13
2026-01-29,Mars,2026-01-29T05:00:00+10:00,0.24,4.76,2026-01-29T05:00:00+10:00,0.24,poor,predawn,-4.52,2026-01-29T11:30:00+10:00,82.09
2026-01-29,Jupiter,2026-01-29T22:30:00+10:00,39.93,158.03,2026-01-29T22:30:00+10:00,39.93,good,overnight,-39.57,2026-01-29T22:30:00+10:00,39.93
2026-01-29,Saturn,2026-01-29T19:00:00+10:00,30.05,48.96,2026-01-29T19:00:00+10:00,30.05,good,evening,-4.18,2026-01-29T15:00:00+10:00,65.0
2026-01-29,Uranus,2026-01-29T19:00:00+10:00,43.07,108.01,2026-01-29T19:00:00+10:00,43.07,good,evening,-4.18,2026-01-29T19:00:00+10:00,43.07
2026-01-29,Neptune,2026-01-29T19:00:00+10:00,30.32,50.62,2026-01-29T19:00:00+10:00,30.32,good,evening,-4.18,2026-01-29T15:30:00+10:00,63.48
2026-01-30,Mercury,2026-01-30T19:00:00+10:00,1.38,6.44,2026-01-30T19:00:00+10:00,1.38,poor,evening,-4.29,2026-01-30T12:30:00+10:00,80.37
2026-01-30,Venus,2026-01-30T19:00:00+10:00,0.6,5.82,2026-01-30T19:00:00+10:00,0.6,poor,evening,-4.29,2026-01-30T12:30:00+10:00,79.81
2026-01-30,Mars,2026-01-30T05:00:00+10:00,0.29,4.99,2026-01-30T05:00:00+10:00,0.29,poor,predawn,-4.69,2026-01-30T11:30:00+10:00,81.98
2026-01-30,Jupiter,2026-01-30T22:30:00+10:00,39.89,156.9,2026-01-30T22:30:00+10:00,39.89,good,overnight,-39.8,2026-01-30T22:30:00+10:00,39.89
2026-01-30,Saturn,2026-01-30T19:00:00+10:00,29.25,48.04,2026-01-30T19:00:00+10:00,29.25,good,evening,-4.29,2026-01-30T15:00:00+10:00,65.04
2026-01-30,Uranus,2026-01-30T19:00:00+10:00,43.03,106.99,2026-01-30T19:00:00+10:00,43.03,good,evening,-4.29,2026-01-30T19:00:00+10:00,43.03
2026-01-30,Neptune,2026-01-30T19:00:00+10:00,29.5,49.63,2026-01-30T19:00:00+10:00,29.5,good,evening,-4.29,2026-01-30T15:00:00+10:00,63.5
2026-01-31,Mercury,2026-01-31T19:00:00+10:00,1.73,7.14,2026-01-31T19:00:00+10:00,1.73,poor,evening,-4.4,2026-01-31T12:30:00+10:00,79.81
2026-01-31,Venus,2026-01-31T19:00:00+10:00,0.65,6.06,2026-01-31T19:00:00+10:00,0.65,poor,evening,-4.4,2026-01-31T12:30:00+10:00,79.47
2026-01-31,Mars,2026-01-31T05:00:00+10:00,0.35,5.22,2026-01-31T05:00:00+10:00,0.35,poor,predawn,-4.86,2026-01-31T11:30:00+10:00,81.85
2026-01-31,Jupiter,2026-01-31T22:30:00+10:00,39.84,155.77,2026-01-31T22:30:00+10:00,39.84,good,overnight,-40.03,2026-01-31T22:30:00+10:00,39.84
2026-01-31,Saturn,2026-01-31T19:00:00+10:00,28.46,47.13,2026-01-31T19:00:00+10:00,28.46,good,evening,-4.4,2026-01-31T15:00:00+10:00,65.05
2026-01-31,Uranus,2026-01-31T19:00:00+10:00,42.98,105.97,2026-01-31T19:00:00+10:00,42.98,good,evening,-4.4,2026-01-31T19:00:00+10:00,42.98
2026-01-31,Neptune,2026-01-31T19:00:00+10:00,28.67,48.65,2026-01-31T19:00:00+10:00,28.67,good,evening,-4.4,2026-01-31T15:00:00+10:00,63.58
2026-02-01,Mercury,2026-02-01T19:00:00+10:00,2.07,7.85,2026-02-01T19:00:00+10:00,2.07,poor,evening,-4.51,2026-02-01T12:30:00+10:00,79.17
2026-02-01,Venus,2026-02-01T19:00:00+10:00,0.69,6.29,2026-02-01T19:00:00+10:00,0.69,poor,evening,-4.51,2026-02-01T12:30:00+10:00,79.12
2026-02-01,Mars,2026-02-01T05:00:00+10:00,0.4,5.45,2026-02-01T05:00:00+10:00,0.4,poor,predawn,-5.04,2026-02-01T11:30:00+10:00,81.72
2026-02-01,Jupiter,2026-02-01T22:30:00+10:00,39.77,154.64,2026-02-01T22:30:00+10:00,39.77,good,overnight,-40.27,2026-02-01T22:30:00+10:00,39.77
2026-02-01,Saturn,2026-02-01T19:00:00+10:00,27.66,46.21,2026-02-01T19:00:00+10:00,27.66,good,evening,-4.51,2026-02-01T15:00:00+10:00,65.03
2026-02-01,Uranus,2026-02-01T19:00:00+10:00,42.9,104.96,2026-02-01T19:00:00+10:00,42.9,good,evening,-4.51,2026-02-01T18:30:00+10:00,42.99
2026-02-01,Neptune,2026-02-01T19:00:00+10:00,27.84,47.66,2026-02-01T19:00:00+10:00,27.84,good,evening,-4.51,2026-02-01T15:00:00+10:00,63.62
2026-02-02,Mercury,2026-02-02T19:00:00+10:00,2.39,8.57,2026-02-02T19:00:00+10:00,2.39,poor,evening,-4.63,2026-02-02T12:30:00+10:00,78.48
2026-02-02,Venus,2026-02-02T19:00:00+10:00,0.73,6.53,2026-02-02T19:00:00+10:00,0.73,poor,evening,-4.63,2026-02-02T12:30:00+10:00,78.75
2026-02-02,Mars,2026-02-02T05:00:00+10:00,0.45,5.68,2026-02-02T05:00:00+10:00,0.45,poor,predawn,-5.21,2026-02-02T11:30:00+10:00,81.58
2026-02-02,Jupiter,2026-02-02T22:00:00+10:00,39.78,153.54,2026-02-02T22:00:00+10:00,39.78,good,overnight,-36.85,2026-02-02T22:00:00+10:00,39.78
2026-02-02,Saturn,2026-02-02T19:00:00+10:00,26.86,45.3,2026-02-02T19:00:00+10:00,26.86,good,evening,-4.63,2026-02-02T15:00:00+10:00,64.98
2026-02-02,Uranus,2026-02-02T19:00:00+10:00,42.81,103.94,2026-02-02T19:00:00+10:00,42.81,good,evening,-4.63,2026-02-02T18:30:00+10:00,43.04
2026-02-02,Neptune,2026-02-02T19:00:00+10:00,27.01,46.67,2026-02-02T19:00:00+10:00,27.01,good,evening,-4.63,2026-02-02T15:00:00+10:00,63.64
2026-02-03,Mercury,2026-02-03T19:00:00+10:00,2.7,9.3,2026-02-03T19:00:00+10:00,2.7,poor,evening,-4.76,2026-02-03T12:30:00+10:00,77.73
2026-02-03,Venus,2026-02-03T19:00:00+10:00,0.76,6.77,2026-02-03T19:00:00+10:00,0.76,poor,evening,-4.76,2026-02-03T12:30:00+10:00,78.37
2026-02-03,Mars,2026-02-03T05:00:00+10:00,0.51,5.9,2026-02-03T05:00:00+10:00,0.51,poor,predawn,-5.38,2026-02-03T11:30:00+10:00,81.43
2026-02-03,Jupiter,2026-02-03T22:00:00+10:00,39.81,152.42,2026-02-03T22:00:00+10:00,39.81,good,overnight,-37.08,2026-02-03T22:00:00+10:00,39.81
2026-02-03,Saturn,2026-02-03T19:00:00+10:00,26.07,44.38,2026-02-03T19:00:00+10:00,26.07,good,evening,-4.76,2026-02-03T15:00:00+10:00,64.9
2026-02-03,Uranus,2026-02-03T19:00:00+10:00,42.69,102.92,2026-02-03T19:00:00+10:00,42.69,good,evening,-4.76,2026-02-03T18:30:00+10:00,43.08
2026-02-03,Neptune,2026-02-03T19:00:00+10:00,26.17,45.69,2026-02-03T19:00:00+10:00,26.17,good,evening,-4.76,2026-02-03T15:00:00+10:00,63.62
2026-02-04,Mercury,2026-02-04T19:00:00+10:00,3.0,10.04,2026-02-04T19:00:00+10:00,3.0,poor,evening,-4.89,2026-02-04T12:30:00+10:00,76.94
2026-02-04,Venus,2026-02-04T19:00:00+10:00,0.78,7.01,2026-02-04T19:00:00+10:00,0.78,poor,evening,-4.89,2026-02-04T12:30:00+10:00,77.98
2026-02-04,Mars,2026-02-04T05:00:00+10:00,0.56,6.13,2026-02-04T05:00:00+10:00,0.56,poor,predawn,-5.56,2026-02-04T11:30:00+10:00,81.27
2026-02-04,Jupiter,2026-02-04T22:00:00+10:00,39.83,151.3,2026-02-04T22:00:00+10:00,39.83,good,overnight,-37.31,2026-02-04T22:00:00+10:00,39.83
2026-02-04,Saturn,2026-02-04T19:00:00+10:00,25.27,43.47,2026-02-04T19:00:00+10:00,25.27,good,evening,-4.89,2026-02-04T15:00:00+10:00,64.79
2026-02-04,Uranus,2026-02-04T19:00:00+10:00,42.56,101.91,2026-02-04T19:00:00+10:00,42.56,good,evening,-4.89,2026-02-04T18:30:00+10:00,43.09
2026-02-04,Neptune,2026-02-04T19:00:00+10:00,25.34,44.7,2026-02-04T19:00:00+10:00,25.34,good,evening,-4.89,2026-02-04T15:00:00+10:00,63.57
2026-02-05,Mercury,2026-02-05T19:00:00+10:00,3.27,10.77,2026-02-05T19:00:00+10:00,3.27,poor,evening,-5.02,2026-02-05T12:30:00+10:00,76.11
2026-02-05,Venus,2026-02-05T19:00:00+10:00,0.8,7.24,2026-02-05T19:00:00+10:00,0.8,poor,evening,-5.02,2026-02-05T12:30:00+10:00,77.57
2026-02-05,Mars,2026-02-05T05:00:00+10:00,0.62,6.36,2026-02-05T05:00:00+10:00,0.62,poor,predawn,-5.73,2026-02-05T11:30:00+10:00,81.1
2026-02-05,Jupiter,2026-02-05T22:00:00+10:00,39.82,150.19,2026-02-05T22:00:00+10:00,39.82,good,overnight,-37.55,2026-02-05T22:00:00+10:00,39.82
2026-02-05,Saturn,2026-02-05T19:00:00+10:00,24.47,42.56,2026-02-05T19:00:00+10:00,24.47,fair,evening,-5.02,2026-02-05T15:00:00+10:00,64.66
2026-02-05,Uranus,2026-02-05T19:00:00+10:00,42.41,100.9,2026-02-05T19:00:00+10:00,42.41,good,evening,-5.02,2026-02-05T18:30:00+10:00,43.08
2026-02-05,Neptune,2026-02-05T19:00:00+10:00,24.5,43.72,2026-02-05T19:00:00+10:00,24.5,fair,evening,-5.02,2026-02-05T15:00:00+10:00,63.48
2026-02-06,Mercury,2026-02-06T19:00:00+10:00,3.52,11.5,2026-02-06T19:00:00+10:00,3.52,poor,evening,-5.17,2026-02-06T13:00:00+10:00,75.54
2026-02-06,Venus,2026-02-06T19:00:00+10:00,0.81,7.48,2026-02-06T19:00:00+10:00,0.81,poor,evening,-5.17,2026-02-06T12:30:00+10:00,77.16
2026-02-06,Mars,2026-02-06T05:00:00+10:00,0.67,6.59,2026-02-06T05:00:00+10:00,0.67,poor,predawn,-5.9,2026-02-06T11:30:00+10:00,80.93
2026-02-06,Jupiter,2026-02-06T22:00:00+10:00,39.78,149.07,2026-02-06T22:00:00+10:00,39.78,good,overnight,-37.79,2026-02-06T22:00:00+10:00,39.78
2026-02-06,Saturn,2026-02-06T19:00:00+10:00,23.67,41.65,2026-02-06T19:00:00+10:00,23.67,fair,evening,-5.17,2026-02-06T14:30:00+10:00,64.63
2026-02-06,Uranus,2026-02-06T19:00:00+10:00,42.24,99.89,2026-02-06T19:00:00+10:00,42.24,good,evening,-5.17,2026-02-06T18:30:00+10:00,43.06
2026-02-06,Neptune,2026-02-06T19:00:00+10:00,23.66,42.74,2026-02-06T19:00:00+10:00,23.66,fair,evening,-5.17,2026-02-06T15:00:00+10:00,63.37
2026-02-07,Mercury,2026-02-07T19:00:00+10:00,3.75,12.22,2026-02-07T19:00:00+10:00,3.75,poor,evening,-5.31,2026-02-07T13:00:00+10:00,74.93
2026-02-07,Venus,2026-02-07T19:00:00+10:00,0.81,7.72,2026-02-07T19:00:00+10:00,0.81,poor,evening,-5.31,2026-02-07T12:30:00+10:00,76.73
2026-02-07,Mars,2026-02-07T05:00:00+10:00,0.73,6.81,2026-02-07T05:00:00+10:00,0.73,poor,predawn,-6.07,2026-02-07T11:30:00+10:00,80.75
2026-02-07,Jupiter,2026-02-07T22:00:00+10:00,39.73,147.96,2026-02-07T22:00:00+10:00,39.73,good,overnight,-38.04,2026-02-07T22:00:00+10:00,39.73
2026-02-07,Saturn,2026-02-07T19:00:00+10:00,22.87,40.75,2026-02-07T19:00:00+10:00,22.87,fair,evening,-5.31,2026-02-07T14:30:00+10:00,64.67
2026-02-07,Uranus,2026-02-07T19:00:00+10:00,42.05,98.88,2026-02-07T19:00:00+10:00,42.05,good,evening,-5.31,2026-02-07T18:30:00+10:00,43.01
2026-02-07,Neptune,2026-02-07T19:00:00+10:00,22.83,41.75,2026-02-07T19:00:00+10:00,22.83,fair,evening,-5.31,2026-02-07T14:30:00+10:00,63.42
2026-02-08,Mercury,2026-02-08T19:00:00+10:00,3.95,12.94,2026-02-08T19:00:00+10:00,3.95,poor,evening,-5.46,2026-02-08T13:00:00+10:00,74.26
2026-02-08,Venus,2026-02-08T19:00:00+10:00,0.81,7.96,2026-02-08T19:00:00+10:00,0.81,poor,evening,-5.46,2026-02-08T12:30:00+10:00,76.3
2026-02-08,Mars,2026-02-08T05:00:00+10:00,0.78,7.04,2026-02-08T05:00:00+10:00,0.78,poor,predawn,-6.24,2026-02-08T11:30:00+10:00,80.56
2026-02-08,Jupiter,2026-02-08T22:00:00+10:00,39.66,146.85,2026-02-08T22:00:00+10:00,39.66,good,overnight,-38.29,2026-02-08T22:00:00+10:00,39.66
2026-02-08,Saturn,2026-02-08T19:00:00+10:00,22.07,39.84,2026-02-08T19:00:00+10:00,22.07,fair,evening,-5.46,2026-02-08T14:30:00+10:00,64.69
2026-02-08,Uranus,2026-02-08T19:00:00+10:00,41.84,97.87,2026-02-08T19:00:00+10:00,41.84,good,evening,-5.46,2026-02-08T18:30:00+10:00,42.95
2026-02-08,Neptune,2026-02-08T19:00:00+10:00,21.99,40.77,2026-02-08T19:00:00+10:00,21.99,fair,evening,-5.46,2026-02-08T14:30:00+10:00,63.49
2026-02-09,Mercury,2026-02-09T19:00:00+10:00,4.13,13.64,2026-02-09T19:00:00+10:00,4.13,poor,evening,-5.62,2026-02-09T13:00:00+10:00,73.55
2026-02-09,Venus,2026-02-09T19:00:00+10:00,0.8,8.19,2026-02-09T19:00:00+10:00,0.8,poor,evening,-5.62,2026-02-09T12:30:00+10:00,75.86
2026-02-09,Mars,2026-02-09T05:00:00+10:00,0.84,7.26,2026-02-09T05:00:00+10:00,0.84,poor,predawn,-6.41,2026-02-09T11:30:00+10:00,80.36
2026-02-09,Jupiter,2026-02-09T21:30:00+10:00,39.69,145.77,2026-02-09T21:30:00+10:00,39.69,good,evening,-34.04,2026-02-09T21:30:00+10:00,39.69
2026-02-09,Saturn,2026-02-09T19:00:00+10:00,21.27,38.94,2026-02-09T19:00:00+10:00,21.27,fair,evening,-5.62,2026-02-09T14:30:00+10:00,64.68
2026-02-09,Uranus,2026-02-09T19:00:00+10:00,41.61,96.86,2026-02-09T19:00:00+10:00,41.61,good,evening,-5.62,2026-02-09T18:00:00+10:00,43.01
2026-02-09,Neptune,2026-02-09T19:00:00+10:00,21.14,39.79,2026-02-09T19:00:00+10:00,21.14,fair,evening,-5.62,2026-02-09T14:30:00+10:00,63.53
2026-02-10,Mercury,2026-02-10T19:00:00+10:00,4.27,14.31,2026-02-10T19:00:00+10:00,4.27,poor,evening,-5.78,2026-02-10T13:00:00+10:00,72.81
2026-02-10,Venus,2026-02-10T19:00:00+10:00,0.78,8.43,2026-02-10T19:00:00+10:00,0.78,poor,evening,-5.78,2026-02-10T12:30:00+10:00,75.4
2026-02-10,Mars,2026-02-10T05:00:00+10:00,0.89,7.49,2026-02-10T05:00:00+10:00,0.89,poor,predawn,-6.58,2026-02-10T11:30:00+10:00,80.16
2026-02-10,Jupiter,2026-02-10T21:30:00+10:00,39.72,144.67,2026-02-10T21:30:00+10:00,39.72,good,evening,-34.29,2026-02-10T21:30:00+10:00,39.72
2026-02-10,Saturn,2026-02-10T19:00:00+10:00,20.47,38.03,2026-02-10T19:00:00+10:00,20.47,fair,evening,-5.78,2026-02-10T14:30:00+10:00,64.64
2026-02-10,Uranus,2026-02-10T19:00:00+10:00,41.37,95.85,2026-02-10T19:00:00+10:00,41.37,good,evening,-5.78,2026-02-10T18:00:00+10:00,43.05
2026-02-10,Neptune,2026-02-10T19:00:00+10:00,20.3,38.81,2026-02-10T19:00:00+10:00,20.3,fair,evening,-5.78,2026-02-10T14:30:00+10:00,63.54
2026-02-11,Mercury,2026-02-11T19:00:00+10:00,4.37,14.96,2026-02-11T19:00:00+10:00,4.37,poor,evening,-5.94,2026-02-11T13:00:00+10:00,72.04
2026-02-11,Venus,2026-02-11T19:00:00+10:00,0.76,8.67,2026-02-11T19:00:00+10:00,0.76,poor,evening,-5.94,2026-02-11T12:30:00+10:00,74.95
2026-02-11,Mars,2026-02-11T05:00:00+10:00,0.95,7.71,2026-02-11T05:00:00+10:00,0.95,poor,predawn,-6.75,2026-02-11T11:30:00+10:00,79.95
2026-02-11,Jupiter,2026-02-11T21:30:00+10:00,39.73,143.57,2026-02-11T21:30:00+10:00,39.73,good,evening,-34.53,2026-02-11T21:30:00+10:00,39.73
2026-02-11,Saturn,2026-02-11T19:00:00+10:00,19.67,37.13,2026-02-11T19:00:00+10:00,19.67,fair,evening,-5.94,2026-02-11T14:30:00+10:00,64.57
2026-02-11,Uranus,2026-02-11T19:00:00+10:00,41.11,94.84,2026-02-11T19:00:00+10:00,41.11,good,evening,-5.94,2026-02-11T18:00:00+10:00,43.08
2026-02-11,Neptune,2026-02-11T19:00:00+10:00,19.46,37.83,2026-02-11T19:00:00+10:00,19.46,fair,evening,-5.94,2026-02-11T14:30:00+10:00,63.52
2026-02-12,Mercury,2026-02-12T19:00:00+10:00,4.43,15.58,2026-02-12T19:00:00+10:00,4.43,poor,evening,-6.11,2026-02-12T13:00:00+10:00,71.26
2026-02-12,Venus,2026-02-12T19:00:00+10:00,0.74,8.91,2026-02-12T19:00:00+10:00,0.74,poor,evening,-6.11,2026-02-12T12:30:00+10:00,74.48
2026-02-12,Mars,2026-02-12T05:00:00+10:00,1.0,7.94,2026-02-12T05:00:00+10:00,1.0,poor,predawn,-6.92,2026-02-12T11:30:00+10:00,79.73
2026-02-12,Jupiter,2026-02-12T21:30:00+10:00,39.72,142.47,2026-02-12T21:30:00+10:00,39.72,good,evening,-34.78,2026-02-12T21:30:00+10:00,39.72
2026-02-12,Saturn,2026-02-12T19:00:00+10:00,18.87,36.23,2026-02-12T19:00:00+10:00,18.87,fair,evening,-6.11,2026-02-12T14:30:00+10:00,64.48
2026-02-12,Uranus,2026-02-12T19:00:00+10:00,40.83,93.84,2026-02-12T19:00:00+10:00,40.83,good,evening,-6.11,2026-02-12T18:00:00+10:00,43.08
2026-02-12,Neptune,2026-02-12T19:00:00+10:00,18.61,36.85,2026-02-12T19:00:00+10:00,18.61,fair,evening,-6.11,2026-02-12T14:30:00+10:00,63.46
2026-02-13,Mercury,2026-02-13T19:00:00+10:00,4.45,16.15,2026-02-13T19:00:00+10:00,4.45,poor,evening,-6.28,2026-02-13T13:00:00+10:00,70.46
2026-02-13,Venus,2026-02-13T19:00:00+10:00,0.7,9.15,2026-02-13T19:00:00+10:00,0.7,poor,evening,-6.28,2026-02-13T12:30:00+10:00,74.01
2026-02-13,Mars,2026-02-13T05:00:00+10:00,1.06,8.16,2026-02-13T05:00:00+10:00,1.06,poor,predawn,-7.09,2026-02-13T11:30:00+10:00,79.5
2026-02-13,Jupiter,2026-02-13T21:30:00+10:00,39.69,141.38,2026-02-13T21:30:00+10:00,39.69,good,evening,-35.03,2026-02-13T21:30:00+10:00,39.69
2026-02-13,Saturn,2026-02-13T19:00:00+10:00,18.07,35.33,2026-02-13T19:00:00+10:00,18.07,fair,evening,-6.28,2026-02-13T14:30:00+10:00,64.35
2026-02-13,Uranus,2026-02-13T19:00:00+10:00,40.54,92.84,2026-02-13T19:00:00+10:00,40.54,good,evening,-6.28,2026-02-13T18:00:00+10:00,43.07
2026-02-13,Neptune,2026-02-13T19:00:00+10:00,17.77,35.87,2026-02-13T19:00:00+10:00,17.77,fair,evening,-6.28,2026-02-13T14:30:00+10:00,63.37
2026-02-14,Mercury,2026-02-14T19:00:00+10:00,4.42,16.67,2026-02-14T19:00:00+10:00,4.42,poor,evening,-6.46,2026-02-14T13:00:00+10:00,69.67
2026-02-14,Venus,2026-02-14T19:00:00+10:00,0.66,9.38,2026-02-14T19:00:00+10:00,0.66,poor,evening,-6.46,2026-02-14T12:30:00+10:00,73.54
2026-02-14,Mars,2026-02-14T05:00:00+10:00,1.12,8.38,2026-02-14T05:00:00+10:00,1.12,poor,predawn,-7.25,2026-02-14T11:30:00+10:00,79.27
2026-02-14,Jupiter,2026-02-14T21:30:00+10:00,39.64,140.29,2026-02-14T21:30:00+10:00,39.64,good,evening,-35.29,2026-02-14T21:30:00+10:00,39.64
2026-02-14,Saturn,2026-02-14T19:00:00+10:00,17.27,34.43,2026-02-14T19:00:00+10:00,17.27,fair,evening,-6.46,2026-02-14T14:00:00+10:00,64.22
2026-02-14,Uranus,2026-02-14T19:00:00+10:00,40.23,91.83,2026-02-14T19:00:00+10:00,40.23,good,evening,-6.46,2026-02-14T18:00:00+10:00,43.03
2026-02-14,Neptune,2026-02-14T19:00:00+10:00,16.92,34.89,2026-02-14T19:00:00+10:00,16.92,fair,evening,-6.46,2026-02-14T14:30:00+10:00,63.25
2026-02-15,Mercury,2026-02-15T19:00:00+10:00,4.33,17.13,2026-02-15T19:00:00+10:00,4.33,poor,evening,-6.64,2026-02-15T13:00:00+10:00,68.88
2026-02-15,Venus,2026-02-15T19:00:00+10:00,0.62,9.62,2026-02-15T19:00:00+10:00,0.62,poor,evening,-6.64,2026-02-15T12:30:00+10:00,73.05
2026-02-15,Mars,2026-02-15T05:00:00+10:00,1.18,8.61,2026-02-15T05:00:00+10:00,1.18,poor,predawn,-7.42,2026-02-15T11:30:00+10:00,79.03
2026-02-15,Jupiter,2026-02-15T21:30:00+10:00,39.57,139.2,2026-02-15T21:30:00+10:00,39.57,good,evening,-35.55,2026-02-15T21:30:00+10:00,39.57
2026-02-15,Saturn,2026-02-15T19:00:00+10:00,16.47,33.53,2026-02-15T19:00:00+10:00,16.47,fair,evening,-6.64,2026-02-15T14:00:00+10:00,64.28
2026-02-15,Uranus,2026-02-15T19:00:00+10:00,39.91,90.83,2026-02-15T19:00:00+10:00,39.91,good,evening,-6.64,2026-02-15T18:00:00+10:00,42.98
2026-02-15,Neptune,2026-02-15T19:00:00+10:00,16.08,33.92,2026-02-15T19:00:00+10:00,16.08,fair,evening,-6.64,2026-02-15T14:00:00+10:00,63.33
2026-02-16,Mercury,2026-02-16T19:00:00+10:00,4.18,17.51,2026-02-16T19:00:00+10:00,4.18,poor,evening,-6.82,2026-02-16T13:00:00+10:00,68.12
2026-02-16,Venus,2026-02-16T19:00:00+10:00,0.57,9.86,2026-02-16T19:00:00+10:00,0.57,poor,evening,-6.82,2026-02-16T12:30:00+10:00,72.57
2026-02-16,Mars,2026-02-16T05:00:00+10:00,1.23,8.83,2026-02-16T05:00:00+10:00,1.23,poor,predawn,-7.58,2026-02-16T11:30:00+10:00,78.79
2026-02-16,Jupiter,2026-02-16T21:00:00+10:00,39.61,138.14,2026-02-16T21:00:00+10:00,39.61,good,evening,-30.64,2026-02-16T21:00:00+10:00,39.61
2026-02-16,Saturn,2026-02-16T19:00:00+10:00,15.67,32.63,2026-02-16T19:00:00+10:00,15.67,fair,evening,-6.82,2026-02-16T14:00:00+10:00,64.31
2026-02-16,Uranus,2026-02-16T19:00:00+10:00,39.57,89.83,2026-02-16T19:00:00+10:00,39.57,good,evening,-6.82,2026-02-16T17:30:00+10:00,42.95
2026-02-16,Neptune,2026-02-16T19:00:00+10:00,15.23,32.94,2026-02-16T19:00:00+10:00,15.23,fair,evening,-6.82,2026-02-16T14:00:00+10:00,63.4
2026-02-17,Mercury,2026-02-17T19:00:00+10:00,3.96,17.81,2026-02-17T19:00:00+10:00,3.96,poor,evening,-7.01,2026-02-17T13:00:00+10:00,67.38
2026-02-17,Venus,2026-02-17T19:00:00+10:00,0.52,10.1,2026-02-17T19:00:00+10:00,0.52,poor,evening,-7.01,2026-02-17T12:30:00+10:00,72.07
2026-02-17,Mars,2026-02-17T05:00:00+10:00,1.29,9.05,2026-02-17T05:00:00+10:00,1.29,poor,predawn,-7.74,2026-02-17T11:30:00+10:00,78.54
2026-02-17,Jupiter,2026-02-17T21:00:00+10:00,39.64,137.06,2026-02-17T21:00:00+10:00,39.64,good,evening,-30.89,2026-02-17T21:00:00+10:00,39.64
2026-02-17,Saturn,2026-02-17T19:00:00+10:00,14.87,31.74,2026-02-17T19:00:00+10:00,14.87,poor,evening,-7.01,2026-02-17T14:00:00+10:00,64.31
2026-02-17,Uranus,2026-02-17T19:00:00+10:00,39.21,88.83,2026-02-17T19:00:00+10:00,39.21,good,evening,-7.01,2026-02-17T17:30:00+10:00,43.01
2026-02-17,Neptune,2026-02-17T19:00:00+10:00,14.38,31.96,2026-02-17T19:00:00+10:00,14.38,poor,evening,-7.01,2026-02-17T14:00:00+10:00,63.43
2026-02-18,Mercury,2026-02-18T19:00:00+10:00,3.67,18.02,2026-02-18T19:00:00+10:00,3.67,poor,evening,-7.21,2026-02-18T13:00:00+10:00,66.67
2026-02-18,Venus,2026-02-18T19:00:00+10:00,0.46,10.34,2026-02-18T19:00:00+10:00,0.46,poor,evening,-7.21,2026-02-18T12:30:00+10:00,71.58
2026-02-18,Mars,2026-02-18T05:00:00+10:00,1.35,9.27,2026-02-18T05:00:00+10:00,1.35,poor,predawn,-7.91,2026-02-18T11:30:00+10:00,78.29
2026-02-18,Jupiter,2026-02-18T21:00:00+10:00,39.66,135.98,2026-02-18T21:00:00+10:00,39.66,good,evening,-31.14,2026-02-18T21:00:00+10:00,39.66
2026-02-18,Saturn,2026-02-18T19:00:00+10:00,14.07,30.84,2026-02-18T19:00:00+10:00,14.07,poor,evening,-7.21,2026-02-18T14:00:00+10:00,64.28
2026-02-18,Uranus,2026-02-18T19:00:00+10:00,38.84,87.84,2026-02-18T19:00:00+10:00,38.84,good,evening,-7.21,2026-02-18T17:30:00+10:00,43.04
2026-02-18,Neptune,2026-02-18T19:00:00+10:00,13.53,30.99,2026-02-18T19:00:00+10:00,13.53,poor,evening,-7.21,2026-02-18T14:00:00+10:00,63.44
2026-02-19,Mercury,2026-02-19T19:00:00+10:00,3.31,18.11,2026-02-19T19:00:00+10:00,3.31,poor,evening,-7.4,2026-02-19T13:00:00+10:00,66.01
2026-02-19,Venus,2026-02-19T19:00:00+10:00,0.4,10.58,2026-02-19T19:00:00+10:00,0.4,poor,evening,-7.4,2026-02-19T12:30:00+10:00,71.08
2026-02-19,Mars,2026-02-19T05:00:00+10:00,1.41,9.49,2026-02-19T05:00:00+10:00,1.41,poor,predawn,-8.07,2026-02-19T11:30:00+10:00,78.03
2026-02-19,Jupiter,2026-02-19T21:00:00+10:00,39.65,134.91,2026-02-19T21:00:00+10:00,39.65,good,evening,-31.39,2026-02-19T21:00:00+10:00,39.65
2026-02-19,Saturn,2026-02-19T19:00:00+10:00,13.27,29.95,2026-02-19T19:00:00+10:00,13.27,poor,evening,-7.4,2026-02-19T14:00:00+10:00,64.23
2026-02-19,Uranus,2026-02-19T19:00:00+10:00,38.46,86.84,2026-02-19T19:00:00+10:00,38.46,good,evening,-7.4,2026-02-19T17:30:00+10:00,43.06
2026-02-19,Neptune,2026-02-19T19:00:00+10:00,12.68,30.01,2026-02-19T19:00:00+10:00,12.68,poor,evening,-7.4,2026-02-19T14:00:00+10:00,63.41
2026-02-20,Mercury,2026-02-20T19:00:00+10:00,2.86,18.1,2026-02-20T19:00:00+10:00,2.86,poor,evening,-7.6,2026-02-20T13:00:00+10:00,65.4
2026-02-20,Venus,2026-02-20T19:00:00+10:00,0.33,10.81,2026-02-20T19:00:00+10:00,0.33,poor,evening,-7.6,2026-02-20T12:30:00+10:00,70.57
2026-02-20,Mars,2026-02-20T05:00:00+10:00,1.47,9.71,2026-02-20T05:00:00+10:00,1.47,poor,predawn,-8.23,2026-02-20T11:30:00+10:00,77.76
2026-02-20,Jupiter,2026-02-20T21:00:00+10:00,39.63,133.84,2026-02-20T21:00:00+10:00,39.63,good,evening,-31.65,2026-02-20T21:00:00+10:00,39.63
2026-02-20,Saturn,2026-02-20T19:00:00+10:00,12.47,29.06,2026-02-20T19:00:00+10:00,12.47,poor,evening,-7.6,2026-02-20T14:00:00+10:00,64.14
2026-02-20,Uranus,2026-02-20T19:00:00+10:00,38.06,85.85,2026-02-20T19:00:00+10:00,38.06,good,evening,-7.6,2026-02-20T17:30:00+10:00,43.06
2026-02-20,Neptune,2026-02-20T19:00:00+10:00,11.84,29.04,2026-02-20T19:00:00+10:00,11.84,poor,evening,-7.6,2026-02-20T14:00:00+10:00,63.34
2026-02-21,Mercury,2026-02-21T19:00:00+10:00,2.32,17.95,2026-02-21T19:00:00+10:00,2.32,poor,evening,-7.81,2026-02-21T13:00:00+10:00,64.84
2026-02-21,Venus,2026-02-21T19:00:00+10:00,0.26,11.05,2026-02-21T19:00:00+10:00,0.26,poor,evening,-7.81,2026-02-21T12:30:00+10:00,70.07
2026-02-21,Mars,2026-02-21T05:00:00+10:00,1.53,9.93,2026-02-21T05:00:00+10:00,1.53,poor,predawn,-8.39,2026-02-21T11:30:00+10:00,77.49
2026-02-21,Jupiter,2026-02-21T21:00:00+10:00,39.58,132.77,2026-02-21T21:00:00+10:00,39.58,good,evening,-31.92,2026-02-21T21:00:00+10:00,39.58
2026-02-21,Saturn,2026-02-21T19:00:00+10:00,11.67,28.17,2026-02-21T19:00:00+10:00,11.67,poor,evening,-7.81,2026-02-21T14:00:00+10:00,64.03
2026-02-21,Uranus,2026-02-21T19:00:00+10:00,37.64,84.85,2026-02-21T19:00:00+10:00,37.64,good,evening,-7.81,2026-02-21T17:30:00+10:00,43.04
2026-02-21,Neptune,2026-02-21T19:00:00+10:00,10.99,28.07,2026-02-21T19:00:00+10:00,10.99,poor,evening,-7.81,2026-02-21T14:00:00+10:00,63.25
2026-02-22,Mercury,2026-02-22T19:00:00+10:00,1.7,17.67,2026-02-22T19:00:00+10:00,1.7,poor,evening,-8.01,2026-02-22T13:00:00+10:00,64.33
2026-02-22,Venus,2026-02-22T19:00:00+10:00,0.18,11.29,2026-02-22T19:00:00+10:00,0.18,poor,evening,-8.01,2026-02-22T13:00:00+10:00,69.58
2026-02-22,Mars,2026-02-22T05:00:00+10:00,1.6,10.15,2026-02-22T05:00:00+10:00,1.6,poor,predawn,-8.54,2026-02-22T11:30:00+10:00,77.21
2026-02-22,Jupiter,2026-02-22T21:00:00+10:00,39.52,131.71,2026-02-22T21:00:00+10:00,39.52,good,evening,-32.18,2026-02-22T21:00:00+10:00,39.52
2026-02-22,Saturn,2026-02-22T19:00:00+10:00,10.87,27.28,2026-02-22T19:00:00+10:00,10.87,poor,evening,-8.01,2026-02-22T14:00:00+10:00,63.89
2026-02-22,Uranus,2026-02-22T19:00:00+10:00,37.22,83.86,2026-02-22T19:00:00+10:00,37.22,good,evening,-8.01,2026-02-22T17:30:00+10:00,43.0
2026-02-22,Neptune,2026-02-22T19:00:00+10:00,10.14,27.1,2026-02-22T19:00:00+10:00,10.14,poor,evening,-8.01,2026-02-22T13:30:00+10:00,63.15
2026-02-23,Mercury,2026-02-23T19:00:00+10:00,0.98,17.25,2026-02-23T19:00:00+10:00,0.98,poor,evening,-8.23,2026-02-23T13:00:00+10:00,63.89
2026-02-23,Venus,2026-02-23T19:00:00+10:00,0.1,11.53,2026-02-23T19:00:00+10:00,0.1,poor,evening,-8.23,2026-02-23T13:00:00+10:00,69.12
2026-02-23,Mars,2026-02-23T05:00:00+10:00,1.66,10.37,2026-02-23T05:00:00+10:00,1.66,poor,predawn,-8.7,2026-02-23T11:30:00+10:00,76.93
2026-02-23,Jupiter,2026-02-23T20:30:00+10:00,39.54,130.67,2026-02-23T20:30:00+10:00,39.54,good,evening,-26.75,2026-02-23T20:30:00+10:00,39.54
2026-02-23,Saturn,2026-02-23T19:00:00+10:00,10.07,26.39,2026-02-23T19:00:00+10:00,10.07,poor,evening,-8.23,2026-02-23T13:30:00+10:00,63.86
2026-02-23,Uranus,2026-02-23T19:00:00+10:00,36.78,82.87,2026-02-23T19:00:00+10:00,36.78,good,evening,-8.23,2026-02-23T17:30:00+10:00,42.94
2026-02-23,Neptune,2026-02-23T19:00:00+10:00,9.28,26.12,2026-02-23T19:00:00+10:00,9.28,poor,evening,-8.23,2026-02-23T13:30:00+10:00,63.24
2026-02-24,Mercury,2026-02-24T19:00:00+10:00,0.16,16.67,2026-02-24T19:00:00+10:00,0.16,poor,evening,-8.44,2026-02-24T13:00:00+10:00,63.5
2026-02-24,Venus,2026-02-24T19:00:00+10:00,0.02,11.77,2026-02-24T19:00:00+10:00,0.02,poor,evening,-8.44,2026-02-24T13:00:00+10:00,68.66
2026-02-24,Mars,2026-02-24T05:00:00+10:00,1.72,10.59,2026-02-24T05:00:00+10:00,1.72,poor,predawn,-8.85,2026-02-24T11:30:00+10:00,76.64
2026-02-24,Jupiter,2026-02-24T20:30:00+10:00,39.58,129.61,2026-02-24T20:30:00+10:00,39.58,good,evening,-27.0,2026-02-24T20:30:00+10:00,39.58
2026-02-24,Saturn,2026-02-24T19:00:00+10:00,9.27,25.5,2026-02-24T19:00:00+10:00,9.27,poor,evening,-8.44,2026-02-24T13:30:00+10:00,63.9
2026-02-24,Uranus,2026-02-24T19:00:00+10:00,36.33,81.88,2026-02-24T19:00:00+10:00,36.33,good,evening,-8.44,2026-02-24T17:00:00+10:00,42.94
2026-02-24,Neptune,2026-02-24T19:00:00+10:00,8.43,25.15,2026-02-24T19:00:00+10:00,8.43,poor,evening,-8.44,2026-02-24T13:30:00+10:00,63.3
2026-02-25,Mercury,2026-02-25T19:00:00+10:00,-0.75,15.94,2026-02-25T19:00:00+10:00,-0.75,not visible,evening,-8.66,2026-02-25T13:00:00+10:00,63.16
2026-02-25,Venus,2026-02-25T19:00:00+10:00,-0.06,12.01,2026-02-25T19:00:00+10:00,-0.06,not visible,evening,-8.66,2026-02-25T13:00:00+10:00,68.19
2026-02-25,Mars,2026-02-25T05:00:00+10:00,1.79,10.8,2026-02-25T05:00:00+10:00,1.79,poor,predawn,-9.01,2026-02-25T11:30:00+10:00,76.35
2026-02-25,Jupiter,2026-02-25T20:30:00+10:00,39.6,128.56,2026-02-25T20:30:00+10:00,39.6,good,evening,-27.26,2026-02-25T20:30:00+10:00,39.6
2026-02-25,Saturn,2026-02-25T19:00:00+10:00,8.47,24.62,2026-02-25T19:00:00+10:00,8.47,poor,evening,-8.66,2026-02-25T13:30:00+10:00,63.92
2026-02-25,Uranus,2026-02-25T19:00:00+10:00,35.87,80.89,2026-02-25T19:00:00+10:00,35.87,good,evening,-8.66,2026-02-25T17:00:00+10:00,42.99
2026-02-25,Neptune,2026-02-25T19:00:00+10:00,7.58,24.19,2026-02-25T19:00:00+10:00,7.58,poor,evening,-8.66,2026-02-25T13:30:00+10:00,63.33
2026-02-26,Mercury,2026-02-26T19:00:00+10:00,-1.75,15.05,2026-02-26T19:00:00+10:00,-1.75,not visible,evening,-8.88,2026-02-26T13:00:00+10:00,62.86
2026-02-26,Venus,2026-02-26T19:00:00+10:00,-0.15,12.25,2026-02-26T19:00:00+10:00,-0.15,not visible,evening,-8.88,2026-02-26T13:00:00+10:00,67.71
2026-02-26,Mars,2026-02-26T05:00:00+10:00,1.85,11.02,2026-02-26T05:00:00+10:00,1.85,poor,predawn,-9.16,2026-02-26T11:30:00+10:00,76.06
2026-02-26,Jupiter,2026-02-26T20:30:00+10:00,39.6,127.51,2026-02-26T20:30:00+10:00,39.6,good,evening,-27.52,2026-02-26T20:30:00+10:00,39.6
2026-02-26,Saturn,2026-02-26T19:00:00+10:00,7.66,23.73,2026-02-26T19:00:00+10:00,7.66,poor,evening,-8.88,2026-02-26T13:30:00+10:00,63.9
2026-02-26,Uranus,2026-02-26T19:00:00+10:00,35.39,79.91,2026-02-26T19:00:00+10:00,35.39,good,evening,-8.88,2026-02-26T17:00:00+10:00,43.02
2026-02-26,Neptune,2026-02-26T19:00:00+10:00,6.73,23.22,2026-02-26T19:00:00+10:00,6.73,poor,evening,-8.88,2026-02-26T13:30:00+10:00,63.32
2026-02-27,Mercury,2026-02-27T19:00:00+10:00,-2.84,14.01,2026-02-27T19:00:00+10:00,-2.84,not visible,evening,-9.1,2026-02-27T13:00:00+10:00,62.6
2026-02-27,Venus,2026-02-27T19:00:00+10:00,-0.25,12.49,2026-02-27T19:00:00+10:00,-0.25,not visible,evening,-9.1,2026-02-27T13:00:00+10:00,67.23
2026-02-27,Mars,2026-02-27T05:00:00+10:00,1.92,11.24,2026-02-27T05:00:00+10:00,1.92,poor,predawn,-9.31,2026-02-27T11:30:00+10:00,75.76
2026-02-27,Jupiter,2026-02-27T20:30:00+10:00,39.59,126.47,2026-02-27T20:30:00+10:00,39.59,good,evening,-27.78,2026-02-27T20:30:00+10:00,39.59
2026-02-27,Saturn,2026-02-27T19:00:00+10:00,6.86,22.85,2026-02-27T19:00:00+10:00,6.86,poor,evening,-9.1,2026-02-27T13:30:00+10:00,63.86
2026-02-27,Uranus,2026-02-27T19:00:00+10:00,34.9,78.92,2026-02-27T19:00:00+10:00,34.9,good,evening,-9.1,2026-02-27T17:00:00+10:00,43.03
2026-02-27,Neptune,2026-02-27T19:00:00+10:00,5.88,22.25,2026-02-27T19:00:00+10:00,5.88,poor,evening,-9.1,2026-02-27T13:30:00+10:00,63.29
2026-02-28,Mercury,2026-02-28T19:00:00+10:00,-4.02,12.83,2026-02-28T19:00:00+10:00,-4.02,not visible,evening,-9.33,2026-02-28T12:30:00+10:00,62.49
2026-02-28,Venus,2026-02-28T19:00:00+10:00,-0.34,12.73,2026-02-28T19:00:00+10:00,-0.34,not visible,evening,-9.33,2026-02-28T13:00:00+10:00,66.75
2026-02-28,Mars,2026-02-28T05:00:00+10:00,1.99,11.45,2026-02-28T05:00:00+10:00,1.99,poor,predawn,-9.46,2026-02-28T11:30:00+10:00,75.45
2026-02-28,Jupiter,2026-02-28T20:30:00+10:00,39.55,125.43,2026-02-28T20:30:00+10:00,39.55,good,evening,-28.04,2026-02-28T20:30:00+10:00,39.55
2026-02-28,Saturn,2026-02-28T19:00:00+10:00,6.07,21.97,2026-02-28T19:00:00+10:00,6.07,poor,evening,-9.33,2026-02-28T13:30:00+10:00,63.79
2026-02-28,Uranus,2026-02-28T19:00:00+10:00,34.41,77.94,2026-02-28T19:00:00+10:00,34.41,good,evening,-9.33,2026-02-28T17:00:00+10:00,43.02
2026-02-28,Neptune,2026-02-28T19:00:00+10:00,5.03,21.28,2026-02-28T19:00:00+10:00,5.03,poor,evening,-9.33,2026-02-28T13:30:00+10:00,63.23
2026-03-01,Mercury,2026-03-01T19:00:00+10:00,-5.28,11.51,2026-03-01T19:00:00+10:00,-5.28,not visible,evening,-9.56,2026-03-01T12:30:00+10:00,62.6
2026-03-01,Venus,2026-03-01T19:00:00+10:00,-0.44,12.97,2026-03-01T19:00:00+10:00,-0.44,not visible,evening,-9.56,2026-03-01T13:00:00+10:00,66.26
2026-03-01,Mars,2026-03-01T05:00:00+10:00,2.05,11.67,2026-03-01T05:00:00+10:00,2.05,poor,predawn,-9.61,2026-03-01T11:30:00+10:00,75.14
2026-03-01,Jupiter,2026-03-01T20:30:00+10:00,39.5,124.39,2026-03-01T20:30:00+10:00,39.5,good,evening,-28.31,2026-03-01T20:30:00+10:00,39.5
2026-03-01,Saturn,2026-03-01T19:00:00+10:00,5.27,21.09,2026-03-01T19:00:00+10:00,5.27,poor,evening,-9.56,2026-03-01T13:30:00+10:00,63.69
2026-03-01,Uranus,2026-03-01T19:00:00+10:00,33.9,76.96,2026-03-01T19:00:00+10:00,33.9,good,evening,-9.56,2026-03-01T17:00:00+10:00,42.99
2026-03-01,Neptune,2026-03-01T19:00:00+10:00,4.18,20.32,2026-03-01T19:00:00+10:00,4.18,poor,evening,-9.56,2026-03-01T13:30:00+10:00,63.13
2026-03-02,Mercury,2026-03-02T19:00:00+10:00,-6.6,10.08,2026-03-02T19:00:00+10:00,-6.6,not visible,evening,-9.79,2026-03-02T12:30:00+10:00,62.73
2026-03-02,Venus,2026-03-02T19:00:00+10:00,-0.54,13.21,2026-03-02T19:00:00+10:00,-0.54,not visible,evening,-9.79,2026-03-02T13:00:00+10:00,65.77
2026-03-02,Mars,2026-03-02T05:00:00+10:00,2.12,11.88,2026-03-02T05:00:00+10:00,2.12,poor,predawn,-9.75,2026-03-02T11:30:00+10:00,74.83
2026-03-02,Jupiter,2026-03-02T20:00:00+10:00,39.48,123.38,2026-03-02T20:00:00+10:00,39.48,good,evening,-22.49,2026-03-02T20:00:00+10:00,39.48
2026-03-02,Saturn,2026-03-02T19:00:00+10:00,4.47,20.21,2026-03-02T19:00:00+10:00,4.47,poor,evening,-9.79,2026-03-02T13:30:00+10:00,63.57
2026-03-02,Uranus,2026-03-02T19:00:00+10:00,33.38,75.98,2026-03-02T19:00:00+10:00,33.38,good,evening,-9.79,2026-03-02T17:00:00+10:00,42.95
2026-03-02,Neptune,2026-03-02T19:00:00+10:00,3.33,19.35,2026-03-02T19:00:00+10:00,3.33,poor,evening,-9.79,2026-03-02T13:00:00+10:00,63.05
2026-03-03,Mercury,2026-03-03T19:00:00+10:00,-7.97,8.56,2026-03-03T19:00:00+10:00,-7.97,not visible,evening,-10.02,2026-03-03T12:30:00+10:00,62.86
2026-03-03,Venus,2026-03-03T19:00:00+10:00,-0.64,13.45,2026-03-03T19:00:00+10:00,-0.64,not visible,evening,-10.02,2026-03-03T13:00:00+10:00,65.27
2026-03-03,Mars,2026-03-03T05:00:00+10:00,2.19,12.1,2026-03-03T05:00:00+10:00,2.19,poor,predawn,-9.9,2026-03-03T11:30:00+10:00,74.51
2026-03-03,Jupiter,2026-03-03T20:00:00+10:00,39.53,122.35,2026-03-03T20:00:00+10:00,39.53,good,evening,-22.74,2026-03-03T20:00:00+10:00,39.53
2026-03-03,Saturn,2026-03-03T19:00:00+10:00,3.67,19.33,2026-03-03T19:00:00+10:00,3.67,poor,evening,-10.02,2026-03-03T13:00:00+10:00,63.42
2026-03-03,Uranus,2026-03-03T19:00:00+10:00,32.85,75.0,2026-03-03T19:00:00+10:00,32.85,good,evening,-10.02,2026-03-03T17:00:00+10:00,42.89
2026-03-03,Neptune,2026-03-03T19:00:00+10:00,2.47,18.39,2026-03-03T19:00:00+10:00,2.47,poor,evening,-10.02,2026-03-03T13:00:00+10:00,63.13
2026-03-04,Mercury,2026-03-04T19:00:00+10:00,-9.39,7.01,2026-03-04T19:00:00+10:00,-9.39,not visible,evening,-10.26,2026-03-04T12:30:00+10:00,62.96
2026-03-04,Venus,2026-03-04T19:00:00+10:00,-0.74,13.69,2026-03-04T19:00:00+10:00,-0.74,not visible,evening,-10.26,2026-03-04T13:00:00+10:00,64.77
2026-03-04,Mars,2026-03-04T05:00:00+10:00,2.26,12.31,2026-03-04T05:00:00+10:00,2.26,poor,predawn,-10.04,2026-03-04T11:00:00+10:00,74.19
2026-03-04,Jupiter,2026-03-04T20:00:00+10:00,39.56,121.32,2026-03-04T20:00:00+10:00,39.56,good,evening,-23.0,2026-03-04T20:00:00+10:00,39.56
2026-03-04,Saturn,2026-03-04T19:00:00+10:00,2.87,18.46,2026-03-04T19:00:00+10:00,2.87,poor,evening,-10.26,2026-03-04T13:00:00+10:00,63.48
2026-03-04,Uranus,2026-03-04T19:00:00+10:00,32.31,74.02,2026-03-04T19:00:00+10:00,32.31,good,evening,-10.26,2026-03-04T16:30:00+10:00,42.91
2026-03-04,Neptune,2026-03-04T19:00:00+10:00,1.62,17.42,2026-03-04T19:00:00+10:00,1.62,poor,evening,-10.26,2026-03-04T13:00:00+10:00,63.19
2026-03-05,Mercury,2026-03-05T19:00:00+10:00,-10.84,5.52,2026-03-05T19:00:00+10:00,-10.84,not visible,evening,-10.5,2026-03-05T12:00:00+10:00,63.27
2026-03-05,Venus,2026-03-05T19:00:00+10:00,-0.85,13.93,2026-03-05T19:00:00+10:00,-0.85,not visible,evening,-10.5,2026-03-05T13:00:00+10:00,64.27
2026-03-05,Mars,2026-03-05T05:00:00+10:00,2.34,12.52,2026-03-05T05:00:00+10:00,2.34,poor,predawn,-10.18,2026-03-05T11:00:00+10:00,73.97
2026-03-05,Jupiter,2026-03-05T20:00:00+10:00,39.57,120.3,2026-03-05T20:00:00+10:00,39.57,good,evening,-23.26,2026-03-05T20:00:00+10:00,39.57
2026-03-05,Saturn,2026-03-05T19:00:00+10:00,2.07,17.58,2026-03-05T19:00:00+10:00,2.07,poor,evening,-10.5,2026-03-05T13:00:00+10:00,63.5
2026-03-05,Uranus,2026-03-05T19:00:00+10:00,31.76,73.04,2026-03-05T19:00:00+10:00,31.76,good,evening,-10.5,2026-03-05T16:30:00+10:00,42.95
2026-03-05,Neptune,2026-03-05T19:00:00+10:00,0.77,16.46,2026-03-05T19:00:00+10:00,0.77,poor,evening,-10.5,2026-03-05T13:00:00+10:00,63.21
2026-03-06,Mercury,2026-03-06T18:30:00+10:00,-5.65,4.29,2026-03-06T18:30:00+10:00,-5.65,not visible,evening,-4.19,2026-03-06T12:00:00+10:00,63.74
2026-03-06,Venus,2026-03-06T18:30:00+10:00,5.7,14.17,2026-03-06T18:30:00+10:00,5.7,poor,evening,-4.19,2026-03-06T13:00:00+10:00,63.77
2026-03-06,Mars,2026-03-06T05:00:00+10:00,2.41,12.74,2026-03-06T05:00:00+10:00,2.41,poor,predawn,-10.32,2026-03-06T11:00:00+10:00,73.73
2026-03-06,Jupiter,2026-03-06T20:00:00+10:00,39.57,119.28,2026-03-06T20:00:00+10:00,39.57,good,evening,-23.52,2026-03-06T20:00:00+10:00,39.57
2026-03-06,Saturn,2026-03-06T18:30:00+10:00,7.94,16.73,2026-03-06T18:30:00+10:00,7.94,poor,evening,-4.19,2026-03-06T13:00:00+10:00,63.5
2026-03-06,Uranus,2026-03-06T18:30:00+10:00,35.27,72.09,2026-03-06T18:30:00+10:00,35.27,good,evening,-4.19,2026-03-06T16:30:00+10:00,42.98
2026-03-06,Neptune,2026-03-06T18:30:00+10:00,6.59,15.52,2026-03-06T18:30:00+10:00,6.59,poor,evening,-4.19,2026-03-06T13:00:00+10:00,63.21
2026-03-07,Mercury,2026-03-07T18:30:00+10:00,-7.12,3.65,2026-03-07T18:30:00+10:00,-7.12,not visible,evening,-4.42,2026-03-07T12:00:00+10:00,64.15
2026-03-07,Venus,2026-03-07T18:30:00+10:00,5.59,14.41,2026-03-07T18:30:00+10:00,5.59,poor,evening,-4.42,2026-03-07T13:00:00+10:00,63.26
2026-03-07,Mars,2026-03-07T05:00:00+10:00,2.48,12.95,2026-03-07T05:00:00+10:00,2.48,poor,predawn,-10.46,2026-03-07T11:00:00+10:00,73.49
2026-03-07,Jupiter,2026-03-07T20:00:00+10:00,39.54,118.27,2026-03-07T20:00:00+10:00,39.54,good,evening,-23.78,2026-03-07T20:00:00+10:00,39.54
2026-03-07,Saturn,2026-03-07T18:30:00+10:00,7.14,15.86,2026-03-07T18:30:00+10:00,7.14,poor,evening,-4.42,2026-03-07T13:00:00+10:00,63.47
2026-03-07,Uranus,2026-03-07T18:30:00+10:00,34.78,71.11,2026-03-07T18:30:00+10:00,34.78,good,evening,-4.42,2026-03-07T16:30:00+10:00,42.99
2026-03-07,Neptune,2026-03-07T18:30:00+10:00,5.74,14.56,2026-03-07T18:30:00+10:00,5.74,poor,evening,-4.42,2026-03-07T13:00:00+10:00,63.17
2026-03-08,Mercury,2026-03-08T05:30:00+10:00,-3.66,3.68,2026-03-08T05:30:00+10:00,-3.66,not visible,predawn,-4.05,2026-03-08T12:00:00+10:00,64.47
2026-03-08,Venus,2026-03-08T18:30:00+10:00,5.48,14.65,2026-03-08T18:30:00+10:00,5.48,poor,evening,-4.66,2026-03-08T13:00:00+10:00,62.76
2026-03-08,Mars,2026-03-08T05:30:00+10:00,9.12,13.16,2026-03-08T05:30:00+10:00,9.12,poor,predawn,-4.05,2026-03-08T11:00:00+10:00,73.24
2026-03-08,Jupiter,2026-03-08T20:00:00+10:00,39.5,117.26,2026-03-08T20:00:00+10:00,39.5,good,evening,-24.04,2026-03-08T20:00:00+10:00,39.5
2026-03-08,Saturn,2026-03-08T18:30:00+10:00,6.34,14.99,2026-03-08T18:30:00+10:00,6.34,poor,evening,-4.66,2026-03-08T13:00:00+10:00,63.42
2026-03-08,Uranus,2026-03-08T18:30:00+10:00,34.28,70.14,2026-03-08T18:30:00+10:00,34.28,good,evening,-4.66,2026-03-08T16:30:00+10:00,42.97
2026-03-08,Neptune,2026-03-08T18:30:00+10:00,4.89,13.6,2026-03-08T18:30:00+10:00,4.89,poor,evening,-4.66,2026-03-08T13:00:00+10:00,63.1
2026-03-09,Mercury,2026-03-09T05:30:00+10:00,-1.77,4.45,2026-03-09T05:30:00+10:00,-1.77,not visible,predawn,-4.18,2026-03-09T11:30:00+10:00,64.94
2026-03-09,Venus,2026-03-09T18:30:00+10:00,5.37,14.89,2026-03-09T18:30:00+10:00,5.37,poor,evening,-4.9,2026-03-09T13:00:00+10:00,62.25
2026-03-09,Mars,2026-03-09T05:30:00+10:00,9.2,13.38,2026-03-09T05:30:00+10:00,9.2,poor,predawn,-4.18,2026-03-09T11:00:00+10:00,72.99
2026-03-09,Jupiter,2026-03-09T20:00:00+10:00,39.44,116.25,2026-03-09T20:00:00+10:00,39.44,good,evening,-24.31,2026-03-09T20:00:00+10:00,39.44
2026-03-09,Saturn,2026-03-09T18:30:00+10:00,5.55,14.12,2026-03-09T18:30:00+10:00,5.55,poor,evening,-4.9,2026-03-09T13:00:00+10:00,63.34
2026-03-09,Uranus,2026-03-09T18:30:00+10:00,33.78,69.17,2026-03-09T18:30:00+10:00,33.78,good,evening,-4.9,2026-03-09T16:30:00+10:00,42.94
2026-03-09,Neptune,2026-03-09T18:30:00+10:00,4.04,12.64,2026-03-09T18:30:00+10:00,4.04,poor,evening,-4.9,2026-03-09T13:00:00+10:00,63.0
2026-03-10,Mercury,2026-03-10T05:30:00+10:00,0.11,5.82,2026-03-10T05:30:00+10:00,0.11,poor,predawn,-4.3,2026-03-10T11:30:00+10:00,65.56
2026-03-10,Venus,2026-03-10T18:30:00+10:00,5.26,15.13,2026-03-10T18:30:00+10:00,5.26,poor,evening,-5.14,2026-03-10T13:00:00+10:00,61.74
2026-03-10,Mars,2026-03-10T05:30:00+10:00,9.28,13.59,2026-03-10T05:30:00+10:00,9.28,poor,predawn,-4.3,2026-03-10T11:00:00+10:00,72.73
2026-03-10,Jupiter,2026-03-10T19:30:00+10:00,39.49,115.27,2026-03-10T19:30:00+10:00,39.49,good,evening,-18.2,2026-03-10T19:30:00+10:00,39.49
2026-03-10,Saturn,2026-03-10T18:30:00+10:00,4.75,13.25,2026-03-10T18:30:00+10:00,4.75,poor,evening,-5.14,2026-03-10T13:00:00+10:00,63.23
2026-03-10,Uranus,2026-03-10T18:30:00+10:00,33.26,68.19,2026-03-10T18:30:00+10:00,33.26,good,evening,-5.14,2026-03-10T16:30:00+10:00,42.89
2026-03-10,Neptune,2026-03-10T18:30:00+10:00,3.19,11.69,2026-03-10T18:30:00+10:00,3.19,poor,evening,-5.14,2026-03-10T12:30:00+10:00,62.94
2026-03-11,Mercury,2026-03-11T05:30:00+10:00,1.95,7.44,2026-03-11T05:30:00+10:00,1.95,poor,predawn,-4.43,2026-03-11T11:30:00+10:00,66.07
2026-03-11,Venus,2026-03-11T18:30:00+10:00,5.15,15.37,2026-03-11T18:30:00+10:00,5.15,poor,evening,-5.38,2026-03-11T13:00:00+10:00,61.23
2026-03-11,Mars,2026-03-11T05:30:00+10:00,9.37,13.8,2026-03-11T05:30:00+10:00,9.37,poor,predawn,-4.43,2026-03-11T11:00:00+10:00,72.47
2026-03-11,Jupiter,2026-03-11T19:30:00+10:00,39.53,114.27,2026-03-11T19:30:00+10:00,39.53,good,evening,-18.46,2026-03-11T19:30:00+10:00,39.53
2026-03-11,Saturn,2026-03-11T18:30:00+10:00,3.95,12.39,2026-03-11T18:30:00+10:00,3.95,poor,evening,-5.38,2026-03-11T13:00:00+10:00,63.1
2026-03-11,Uranus,2026-03-11T18:30:00+10:00,32.73,67.23,2026-03-11T18:30:00+10:00,32.73,good,evening,-5.38,2026-03-11T16:30:00+10:00,42.83
2026-03-11,Neptune,2026-03-11T18:30:00+10:00,2.34,10.73,2026-03-11T18:30:00+10:00,2.34,poor,evening,-5.38,2026-03-11T12:30:00+10:00,63.02
2026-03-12,Mercury,2026-03-12T05:30:00+10:00,3.75,9.13,2026-03-12T05:30:00+10:00,3.75,poor,predawn,-4.56,2026-03-12T11:30:00+10:00,66.46
2026-03-12,Venus,2026-03-12T18:30:00+10:00,5.04,15.61,2026-03-12T18:30:00+10:00,5.04,poor,evening,-5.62,2026-03-12T13:00:00+10:00,60.72
2026-03-12,Mars,2026-03-12T05:30:00+10:00,9.45,14.01,2026-03-12T05:30:00+10:00,9.45,poor,predawn,-4.56,2026-03-12T11:00:00+10:00,72.2
2026-03-12,Jupiter,2026-03-12T19:30:00+10:00,39.55,113.27,2026-03-12T19:30:00+10:00,39.55,good,evening,-18.72,2026-03-12T19:30:00+10:00,39.55
2026-03-12,Saturn,2026-03-12T18:30:00+10:00,3.16,11.53,2026-03-12T18:30:00+10:00,3.16,poor,evening,-5.62,2026-03-12T12:30:00+10:00,63.03
2026-03-12,Uranus,2026-03-12T18:30:00+10:00,32.19,66.26,2026-03-12T18:30:00+10:00,32.19,good,evening,-5.62,2026-03-12T16:00:00+10:00,42.87
2026-03-12,Neptune,2026-03-12T18:30:00+10:00,1.49,9.78,2026-03-12T18:30:00+10:00,1.49,poor,evening,-5.62,2026-03-12T12:30:00+10:00,63.08
2026-03-13,Mercury,2026-03-13T05:30:00+10:00,5.48,10.83,2026-03-13T05:30:00+10:00,5.48,poor,predawn,-4.68,2026-03-13T11:00:00+10:00,66.87
2026-03-13,Venus,2026-03-13T18:30:00+10:00,4.93,15.85,2026-03-13T18:30:00+10:00,4.93,poor,evening,-5.87,2026-03-13T13:00:00+10:00,60.21
2026-03-13,Mars,2026-03-13T05:30:00+10:00,9.54,14.22,2026-03-13T05:30:00+10:00,9.54,poor,predawn,-4.68,2026-03-13T11:00:00+10:00,71.93
2026-03-13,Jupiter,2026-03-13T19:30:00+10:00,39.56,112.28,2026-03-13T19:30:00+10:00,39.56,good,evening,-18.97,2026-03-13T19:30:00+10:00,39.56
2026-03-13,Saturn,2026-03-13T18:30:00+10:00,2.36,10.67,2026-03-13T18:30:00+10:00,2.36,poor,evening,-5.87,2026-03-13T12:30:00+10:00,63.07
2026-03-13,Uranus,2026-03-13T18:30:00+10:00,31.65,65.29,2026-03-13T18:30:00+10:00,31.65,good,evening,-5.87,2026-03-13T16:00:00+10:00,42.91
2026-03-13,Neptune,2026-03-13T18:30:00+10:00,0.63,8.83,2026-03-13T18:30:00+10:00,0.63,poor,evening,-5.87,2026-03-13T12:30:00+10:00,63.1
2026-03-14,Mercury,2026-03-14T05:30:00+10:00,7.13,12.49,2026-03-14T05:30:00+10:00,7.13,poor,predawn,-4.81,2026-03-14T11:00:00+10:00,67.5
2026-03-14,Venus,2026-03-14T18:30:00+10:00,4.82,16.09,2026-03-14T18:30:00+10:00,4.82,poor,evening,-6.11,2026-03-14T13:00:00+10:00,59.7
2026-03-14,Mars,2026-03-14T05:30:00+10:00,9.62,14.43,2026-03-14T05:30:00+10:00,9.62,poor,predawn,-4.81,2026-03-14T11:00:00+10:00,71.65
2026-03-14,Jupiter,2026-03-14T19:30:00+10:00,39.55,111.29,2026-03-14T19:30:00+10:00,39.55,good,evening,-19.23,2026-03-14T19:30:00+10:00,39.55
2026-03-14,Saturn,2026-03-14T18:30:00+10:00,1.56,9.81,2026-03-14T18:30:00+10:00,1.56,poor,evening,-6.11,2026-03-14T12:30:00+10:00,63.08
2026-03-14,Uranus,2026-03-14T18:30:00+10:00,31.09,64.32,2026-03-14T18:30:00+10:00,31.09,good,evening,-6.11,2026-03-14T16:00:00+10:00,42.93
2026-03-14,Neptune,2026-03-14T18:30:00+10:00,-0.22,7.88,2026-03-14T18:30:00+10:00,-0.22,not visible,evening,-6.11,2026-03-14T12:30:00+10:00,63.09
2026-03-15,Mercury,2026-03-15T05:30:00+10:00,8.69,14.08,2026-03-15T05:30:00+10:00,8.69,poor,predawn,-4.93,2026-03-15T11:00:00+10:00,68.01
2026-03-15,Venus,2026-03-15T18:30:00+10:00,4.71,16.33,2026-03-15T18:30:00+10:00,4.71,poor,evening,-6.36,2026-03-15T13:00:00+10:00,59.19
2026-03-15,Mars,2026-03-15T05:30:00+10:00,9.71,14.64,2026-03-15T05:30:00+10:00,9.71,poor,predawn,-4.93,2026-03-15T11:00:00+10:00,71.37
2026-03-15,Jupiter,2026-03-15T19:30:00+10:00,39.52,110.31,2026-03-15T19:30:00+10:00,39.52,good,evening,-19.49,2026-03-15T19:30:00+10:00,39.52
2026-03-15,Saturn,2026-03-15T18:30:00+10:00,0.77,8.96,2026-03-15T18:30:00+10:00,0.77,poor,evening,-6.36,2026-03-15T12:30:00+10:00,63.07
2026-03-15,Uranus,2026-03-15T18:30:00+10:00,30.52,63.36,2026-03-15T18:30:00+10:00,30.52,good,evening,-6.36,2026-03-15T16:00:00+10:00,42.93
2026-03-15,Neptune,2026-03-15T18:30:00+10:00,-1.07,6.94,2026-03-15T18:30:00+10:00,-1.07,not visible,evening,-6.36,2026-03-15T12:30:00+10:00,63.05
2026-03-16,Mercury,2026-03-16T05:30:00+10:00,10.15,15.59,2026-03-16T05:30:00+10:00,10.15,poor,predawn,-5.06,2026-03-16T11:00:00+10:00,68.4
2026-03-16,Venus,2026-03-16T18:30:00+10:00,4.6,16.58,2026-03-16T18:30:00+10:00,4.6,poor,evening,-6.61,2026-03-16T13:00:00+10:00,58.68
2026-03-16,Mars,2026-03-16T05:30:00+10:00,9.79,14.85,2026-03-16T05:30:00+10:00,9.79,poor,predawn,-5.06,2026-03-16T11:00:00+10:00,71.08
2026-03-16,Jupiter,2026-03-16T19:30:00+10:00,39.48,109.33,2026-03-16T19:30:00+10:00,39.48,good,evening,-19.75,2026-03-16T19:30:00+10:00,39.48
2026-03-16,Saturn,2026-03-16T18:30:00+10:00,-0.03,8.12,2026-03-16T18:30:00+10:00,-0.03,not visible,evening,-6.61,2026-03-16T12:30:00+10:00,63.03
2026-03-16,Uranus,2026-03-16T18:30:00+10:00,29.95,62.4,2026-03-16T18:30:00+10:00,29.95,good,evening,-6.61,2026-03-16T16:00:00+10:00,42.91
2026-03-16,Neptune,2026-03-16T18:30:00+10:00,-1.92,6.0,2026-03-16T18:30:00+10:00,-1.92,not visible,evening,-6.61,2026-03-16T12:30:00+10:00,62.98
2026-03-17,Mercury,2026-03-17T05:30:00+10:00,11.51,17.02,2026-03-17T05:30:00+10:00,11.51,poor,predawn,-5.18,2026-03-17T11:00:00+10:00,68.69
2026-03-17,Venus,2026-03-17T18:30:00+10:00,4.49,16.82,2026-03-17T18:30:00+10:00,4.49,poor,evening,-6.86,2026-03-17T13:00:00+10:00,58.17
2026-03-17,Mars,2026-03-17T05:30:00+10:00,9.88,15.06,2026-03-17T05:30:00+10:00,9.88,poor,predawn,-5.18,2026-03-17T11:00:00+10:00,70.79
2026-03-17,Jupiter,2026-03-17T19:00:00+10:00,39.45,108.37,2026-03-17T19:00:00+10:00,39.45,good,evening,-13.47,2026-03-17T19:00:00+10:00,39.45
2026-03-17,Saturn,2026-03-17T18:30:00+10:00,-0.83,7.28,2026-03-17T18:30:00+10:00,-0.83,not visible,evening,-6.86,2026-03-17T12:30:00+10:00,62.97
2026-03-17,Uranus,2026-03-17T18:30:00+10:00,29.37,61.43,2026-03-17T18:30:00+10:00,29.37,good,evening,-6.86,2026-03-17T16:00:00+10:00,42.88
2026-03-17,Neptune,2026-03-17T18:30:00+10:00,-2.77,5.07,2026-03-17T18:30:00+10:00,-2.77,not visible,evening,-6.86,2026-03-17T12:30:00+10:00,62.87
2026-03-18,Mercury,2026-03-18T05:30:00+10:00,12.77,18.34,2026-03-18T05:30:00+10:00,12.77,poor,predawn,-5.3,2026-03-18T11:00:00+10:00,68.88
2026-03-18,Venus,2026-03-18T18:30:00+10:00,4.38,17.06,2026-03-18T18:30:00+10:00,4.38,poor,evening,-7.11,2026-03-18T13:00:00+10:00,57.66
2026-03-18,Mars,2026-03-18T05:30:00+10:00,9.97,15.26,2026-03-18T05:30:00+10:00,9.97,poor,predawn,-5.3,2026-03-18T11:00:00+10:00,70.49
2026-03-18,Jupiter,2026-03-18T19:00:00+10:00,39.5,107.39,2026-03-18T19:00:00+10:00,39.5,good,evening,-13.72,2026-03-18T19:00:00+10:00,39.5
2026-03-18,Saturn,2026-03-18T18:30:00+10:00,-1.62,6.45,2026-03-18T18:30:00+10:00,-1.62,not visible,evening,-7.11,2026-03-18T12:30:00+10:00,62.88
2026-03-18,Uranus,2026-03-18T18:30:00+10:00,28.78,60.47,2026-03-18T18:30:00+10:00,28.78,good,evening,-7.11,2026-03-18T16:00:00+10:00,42.83
2026-03-18,Neptune,2026-03-18T18:30:00+10:00,-3.62,4.15,2026-03-18T18:30:00+10:00,-3.62,not visible,evening,-7.11,2026-03-18T12:00:00+10:00,62.83
2026-03-19,Mercury,2026-03-19T05:30:00+10:00,13.92,19.57,2026-03-19T05:30:00+10:00,13.92,poor,predawn,-5.42,2026-03-19T10:30:00+10:00,69.34
2026-03-19,Venus,2026-03-19T18:30:00+10:00,4.27,17.3,2026-03-19T18:30:00+10:00,4.27,poor,evening,-7.35,2026-03-19T13:00:00+10:00,57.15
2026-03-19,Mars,2026-03-19T05:30:00+10:00,10.06,15.47,2026-03-19T05:30:00+10:00,10.06,poor,predawn,-5.42,2026-03-19T11:00:00+10:00,70.19
2026-03-19,Jupiter,2026-03-19T19:00:00+10:00,39.54,106.42,2026-03-19T19:00:00+10:00,39.54,good,evening,-13.97,2026-03-19T19:00:00+10:00,39.54
2026-03-19,Saturn,2026-03-19T18:30:00+10:00,-2.42,5.64,2026-03-19T18:30:00+10:00,-2.42,not visible,evening,-7.35,2026-03-19T12:30:00+10:00,62.76
2026-03-19,Uranus,2026-03-19T18:30:00+10:00,28.18,59.51,2026-03-19T18:30:00+10:00,28.18,good,evening,-7.35,2026-03-19T16:00:00+10:00,42.76
2026-03-19,Neptune,2026-03-19T18:30:00+10:00,-4.47,3.25,2026-03-19T18:30:00+10:00,-4.47,not visible,evening,-7.35,2026-03-19T12:00:00+10:00,62.91
2026-03-20,Mercury,2026-03-20T05:30:00+10:00,14.97,20.7,2026-03-20T05:30:00+10:00,14.97,poor,predawn,-5.54,2026-03-20T10:30:00+10:00,69.72
2026-03-20,Venus,2026-03-20T18:30:00+10:00,4.16,17.54,2026-03-20T18:30:00+10:00,4.16,poor,evening,-7.6,2026-03-20T13:00:00+10:00,56.65
2026-03-20,Mars,2026-03-20T05:30:00+10:00,10.14,15.68,2026-03-20T05:30:00+10:00,10.14,poor,predawn,-5.54,2026-03-20T11:00:00+10:00,69.89
2026-03-20,Jupiter,2026-03-20T19:00:00+10:00,39.57,105.46,2026-03-20T19:00:00+10:00,39.57,good,evening,-14.23,2026-03-20T19:00:00+10:00,39.57
2026-03-20,Saturn,2026-03-20T18:30:00+10:00,-3.21,4.84,2026-03-20T18:30:00+10:00,-3.21,not visible,evening,-7.6,2026-03-20T12:30:00+10:00,62.62
2026-03-20,Uranus,2026-03-20T18:30:00+10:00,27.58,58.55,2026-03-20T18:30:00+10:00,27.58,good,evening,-7.6,2026-03-20T15:30:00+10:00,42.81
2026-03-20,Neptune,2026-03-20T18:30:00+10:00,-5.31,2.41,2026-03-20T18:30:00+10:00,-5.31,not visible,evening,-7.6,2026-03-20T12:00:00+10:00,62.96
2026-03-21,Mercury,2026-03-21T05:30:00+10:00,15.91,21.73,2026-03-21T05:30:00+10:00,15.91,fair,predawn,-5.66,2026-03-21T10:30:00+10:00,70.0
2026-03-21,Venus,2026-03-21T18:30:00+10:00,4.06,17.78,2026-03-21T18:30:00+10:00,4.06,poor,evening,-7.85,2026-03-21T13:00:00+10:00,56.14
2026-03-21,Mars,2026-03-21T05:30:00+10:00,10.23,15.89,2026-03-21T05:30:00+10:00,10.23,poor,predawn,-5.66,2026-03-21T11:00:00+10:00,69.58
2026-03-21,Jupiter,2026-03-21T19:00:00+10:00,39.57,104.5,2026-03-21T19:00:00+10:00,39.57,good,evening,-14.48,2026-03-21T19:00:00+10:00,39.57
2026-03-21,Saturn,2026-03-21T18:30:00+10:00,-4.01,4.08,2026-03-21T18:30:00+10:00,-4.01,not visible,evening,-7.85,2026-03-21T12:00:00+10:00,62.63
2026-03-21,Uranus,2026-03-21T18:30:00+10:00,26.97,57.6,2026-03-21T18:30:00+10:00,26.97,good,evening,-7.85,2026-03-21T15:30:00+10:00,42.85
2026-03-21,Neptune,2026-03-21T18:30:00+10:00,-6.16,1.69,2026-03-21T18:30:00+10:00,-6.16,not visible,evening,-7.85,2026-03-21T12:00:00+10:00,62.98
2026-03-22,Mercury,2026-03-22T05:30:00+10:00,16.76,22.66,2026-03-22T05:30:00+10:00,16.76,fair,predawn,-5.77,2026-03-22T10:30:00+10:00,70.21
2026-03-22,Venus,2026-03-22T18:30:00+10:00,3.96,18.03,2026-03-22T18:30:00+10:00,3.96,poor,evening,-8.1,2026-03-22T13:00:00+10:00,55.64
2026-03-22,Mars,2026-03-22T05:30:00+10:00,10.32,16.09,2026-03-22T05:30:00+10:00,10.32,poor,predawn,-5.77,2026-03-22T11:00:00+10:00,69.27
2026-03-22,Jupiter,2026-03-22T19:00:00+10:00,39.56,103.54,2026-03-22T19:00:00+10:00,39.56,good,evening,-14.73,2026-03-22T19:00:00+10:00,39.56
2026-03-22,Saturn,2026-03-22T18:30:00+10:00,-4.8,3.37,2026-03-22T18:30:00+10:00,-4.8,not visible,evening,-8.1,2026-03-22T12:00:00+10:00,62.66
2026-03-22,Uranus,2026-03-22T18:30:00+10:00,26.35,56.64,2026-03-22T18:30:00+10:00,26.35,good,evening,-8.1,2026-03-22T15:30:00+10:00,42.87
2026-03-22,Neptune,2026-03-22T05:30:00+10:00,-6.3,1.45,2026-03-22T05:30:00+10:00,-6.3,not visible,predawn,-5.77,2026-03-22T12:00:00+10:00,62.97
2026-03-23,Mercury,2026-03-23T05:30:00+10:00,17.51,23.5,2026-03-23T05:30:00+10:00,17.51,fair,predawn,-5.89,2026-03-23T10:30:00+10:00,70.35
2026-03-23,Venus,2026-03-23T18:30:00+10:00,3.86,18.27,2026-03-23T18:30:00+10:00,3.86,poor,evening,-8.35,2026-03-23T13:00:00+10:00,55.14
2026-03-23,Mars,2026-03-23T05:30:00+10:00,10.41,16.3,2026-03-23T05:30:00+10:00,10.41,poor,predawn,-5.89,2026-03-23T11:00:00+10:00,68.95
2026-03-23,Jupiter,2026-03-23T19:00:00+10:00,39.53,102.58,2026-03-23T19:00:00+10:00,39.53,good,evening,-14.98,2026-03-23T19:00:00+10:00,39.53
2026-03-23,Saturn,2026-03-23T18:30:00+10:00,-5.6,2.75,2026-03-23T18:30:00+10:00,-5.6,not visible,evening,-8.35,2026-03-23T12:00:00+10:00,62.66
2026-03-23,Uranus,2026-03-23T18:30:00+10:00,25.73,55.69,2026-03-23T18:30:00+10:00,25.73,good,evening,-8.35,2026-03-23T15:30:00+10:00,42.87
2026-03-23,Neptune,2026-03-23T05:30:00+10:00,-5.47,1.35,2026-03-23T05:30:00+10:00,-5.47,not visible,predawn,-5.89,2026-03-23T12:00:00+10:00,62.92
2026-03-24,Mercury,2026-03-24T05:30:00+10:00,18.17,24.26,2026-03-24T05:30:00+10:00,18.17,fair,predawn,-6.01,2026-03-24T10:30:00+10:00,70.44
2026-03-24,Venus,2026-03-24T18:30:00+10:00,3.76,18.51,2026-03-24T18:30:00+10:00,3.76,poor,evening,-8.6,2026-03-24T13:00:00+10:00,54.64
2026-03-24,Mars,2026-03-24T05:30:00+10:00,10.5,16.51,2026-03-24T05:30:00+10:00,10.5,poor,predawn,-6.01,2026-03-24T11:00:00+10:00,68.63
2026-03-24,Jupiter,2026-03-24T19:00:00+10:00,39.49,101.63,2026-03-24T19:00:00+10:00,39.49,good,evening,-15.24,2026-03-24T19:00:00+10:00,39.49
2026-03-24,Saturn,2026-03-24T18:30:00+10:00,-6.39,2.3,2026-03-24T18:30:00+10:00,-6.39,not visible,evening,-8.6,2026-03-24T12:00:00+10:00,62.64
2026-03-24,Uranus,2026-03-24T18:30:00+10:00,25.09,54.73,2026-03-24T18:30:00+10:00,25.09,good,evening,-8.6,2026-03-24T15:30:00+10:00,42.85
2026-03-24,Neptune,2026-03-24T05:30:00+10:00,-4.63,1.83,2026-03-24T05:30:00+10:00,-4.63,not visible,predawn,-6.01,2026-03-24T12:00:00+10:00,62.85
2026-03-25,Mercury,2026-03-25T05:30:00+10:00,18.74,24.93,2026-03-25T05:30:00+10:00,18.74,fair,predawn,-6.12,2026-03-25T10:30:00+10:00,70.47
2026-03-25,Venus,2026-03-25T18:30:00+10:00,3.66,18.75,2026-03-25T18:30:00+10:00,3.66,poor,evening,-8.85,2026-03-25T13:00:00+10:00,54.14
2026-03-25,Mars,2026-03-25T05:30:00+10:00,10.59,16.71,2026-03-25T05:30:00+10:00,10.59,poor,predawn,-6.12,2026-03-25T11:00:00+10:00,68.31
2026-03-25,Jupiter,2026-03-25T18:30:00+10:00,39.48,100.7,2026-03-25T18:30:00+10:00,39.48,good,evening,-8.85,2026-03-25T18:30:00+10:00,39.48
2026-03-25,Saturn,2026-03-25T05:30:00+10:00,-6.45,2.18,2026-03-25T05:30:00+10:00,-6.45,not visible,predawn,-6.12,2026-03-25T12:00:00+10:00,62.59
2026-03-25,Uranus,2026-03-25T18:30:00+10:00,24.46,53.78,2026-03-25T18:30:00+10:00,24.46,fair,evening,-8.85,2026-03-25T15:30:00+10:00,42.81
2026-03-25,Neptune,2026-03-25T05:30:00+10:00,-3.8,2.59,2026-03-25T05:30:00+10:00,-3.8,not visible,predawn,-6.12,2026-03-25T12:00:00+10:00,62.75
2026-03-26,Mercury,2026-03-26T05:30:00+10:00,19.23,25.52,2026-03-26T05:30:00+10:00,19.23,fair,predawn,-6.24,2026-03-26T10:30:00+10:00,70.45
2026-03-26,Venus,2026-03-26T18:30:00+10:00,3.57,19.0,2026-03-26T18:30:00+10:00,3.57,poor,evening,-9.1,2026-03-26T13:00:00+10:00,53.65
2026-03-26,Mars,2026-03-26T05:30:00+10:00,10.68,16.92,2026-03-26T05:30:00+10:00,10.68,poor,predawn,-6.24,2026-03-26T11:00:00+10:00,67.99
2026-03-26,Jupiter,2026-03-26T18:30:00+10:00,39.53,99.76,2026-03-26T18:30:00+10:00,39.53,good,evening,-9.1,2026-03-26T18:30:00+10:00,39.53
2026-03-26,Saturn,2026-03-26T05:30:00+10:00,-5.7,2.16,2026-03-26T05:30:00+10:00,-5.7,not visible,predawn,-6.24,2026-03-26T12:00:00+10:00,62.51
2026-03-26,Uranus,2026-03-26T18:30:00+10:00,23.81,52.83,2026-03-26T18:30:00+10:00,23.81,fair,evening,-9.1,2026-03-26T15:30:00+10:00,42.76
2026-03-26,Neptune,2026-03-26T05:30:00+10:00,-2.96,3.44,2026-03-26T05:30:00+10:00,-2.96,not visible,predawn,-6.24,2026-03-26T11:30:00+10:00,62.72
2026-03-27,Mercury,2026-03-27T05:30:00+10:00,19.64,26.03,2026-03-27T05:30:00+10:00,19.64,fair,predawn,-6.35,2026-03-27T10:30:00+10:00,70.4
2026-03-27,Venus,2026-03-27T18:30:00+10:00,3.48,19.24,2026-03-27T18:30:00+10:00,3.48,poor,evening,-9.35,2026-03-27T13:00:00+10:00,53.16
2026-03-27,Mars,2026-03-27T05:30:00+10:00,10.78,17.13,2026-03-27T05:30:00+10:00,10.78,poor,predawn,-6.35,2026-03-27T11:00:00+10:00,67.66
2026-03-27,Jupiter,2026-03-27T18:30:00+10:00,39.57,98.82,2026-03-27T18:30:00+10:00,39.57,good,evening,-9.35,2026-03-27T18:30:00+10:00,39.57
2026-03-27,Saturn,2026-03-27T05:30:00+10:00,-4.95,2.47,2026-03-27T05:30:00+10:00,-4.95,not visible,predawn,-6.35,2026-03-27T12:00:00+10:00,62.41
2026-03-27,Uranus,2026-03-27T18:30:00+10:00,23.16,51.88,2026-03-27T18:30:00+10:00,23.16,fair,evening,-9.35,2026-03-27T15:00:00+10:00,42.69
2026-03-27,Neptune,2026-03-27T05:30:00+10:00,-2.13,4.34,2026-03-27T05:30:00+10:00,-2.13,not visible,predawn,-6.35,2026-03-27T11:30:00+10:00,62.8
2026-03-28,Mercury,2026-03-28T05:30:00+10:00,19.97,26.47,2026-03-28T05:30:00+10:00,19.97,fair,predawn,-6.46,2026-03-28T10:30:00+10:00,70.31
2026-03-28,Venus,2026-03-28T18:30:00+10:00,3.4,19.48,2026-03-28T18:30:00+10:00,3.4,poor,evening,-9.59,2026-03-28T13:00:00+10:00,52.67
2026-03-28,Mars,2026-03-28T05:30:00+10:00,10.87,17.33,2026-03-28T05:30:00+10:00,10.87,poor,predawn,-6.46,2026-03-28T11:00:00+10:00,67.33
2026-03-28,Jupiter,2026-03-28T18:30:00+10:00,39.6,97.88,2026-03-28T18:30:00+10:00,39.6,good,evening,-9.59,2026-03-28T18:30:00+10:00,39.6
2026-03-28,Saturn,2026-03-28T05:30:00+10:00,-4.2,3.0,2026-03-28T05:30:00+10:00,-4.2,not visible,predawn,-6.46,2026-03-28T12:00:00+10:00,62.29
2026-03-28,Uranus,2026-03-28T18:30:00+10:00,22.51,50.93,2026-03-28T18:30:00+10:00,22.51,fair,evening,-9.59,2026-03-28T15:00:00+10:00,42.74
2026-03-28,Neptune,2026-03-28T05:30:00+10:00,-1.29,5.26,2026-03-28T05:30:00+10:00,-1.29,not visible,predawn,-6.46,2026-03-28T11:30:00+10:00,62.85
2026-03-29,Mercury,2026-03-29T05:30:00+10:00,20.24,26.84,2026-03-29T05:30:00+10:00,20.24,fair,predawn,-6.58,2026-03-29T10:00:00+10:00,70.19
2026-03-29,Venus,2026-03-29T18:30:00+10:00,3.31,19.73,2026-03-29T18:30:00+10:00,3.31,poor,evening,-9.84,2026-03-29T13:00:00+10:00,52.18
2026-03-29,Mars,2026-03-29T05:30:00+10:00,10.96,17.54,2026-03-29T05:30:00+10:00,10.96,poor,predawn,-6.58,2026-03-29T11:00:00+10:00,66.99
2026-03-29,Jupiter,2026-03-29T18:30:00+10:00,39.61,96.95,2026-03-29T18:30:00+10:00,39.61,good,evening,-9.84,2026-03-29T18:30:00+10:00,39.61
2026-03-29,Saturn,2026-03-29T05:30:00+10:00,-3.45,3.66,2026-03-29T05:30:00+10:00,-3.45,not visible,predawn,-6.58,2026-03-29T11:30:00+10:00,62.18
2026-03-29,Uranus,2026-03-29T18:30:00+10:00,21.85,49.98,2026-03-29T18:30:00+10:00,21.85,fair,evening,-9.84,2026-03-29T15:00:00+10:00,42.78
2026-03-29,Neptune,2026-03-29T05:30:00+10:00,-0.45,6.18,2026-03-29T05:30:00+10:00,-0.45,not visible,predawn,-6.58,2026-03-29T11:30:00+10:00,62.86
2026-03-30,Mercury,2026-03-30T05:30:00+10:00,20.44,27.15,2026-03-30T05:30:00+10:00,20.44,fair,predawn,-6.69,2026-03-30T10:00:00+10:00,70.14
2026-03-30,Venus,2026-03-30T18:30:00+10:00,3.23,19.97,2026-03-30T18:30:00+10:00,3.23,poor,evening,-10.08,2026-03-30T13:00:00+10:00,51.7
2026-03-30,Mars,2026-03-30T05:30:00+10:00,11.05,17.74,2026-03-30T05:30:00+10:00,11.05,poor,predawn,-6.69,2026-03-30T11:00:00+10:00,66.65
2026-03-30,Jupiter,2026-03-30T18:30:00+10:00,39.6,96.02,2026-03-30T18:30:00+10:00,39.6,good,evening,-10.08,2026-03-30T18:30:00+10:00,39.6
2026-03-30,Saturn,2026-03-30T05:30:00+10:00,-2.7,4.39,2026-03-30T05:30:00+10:00,-2.7,not visible,predawn,-6.69,2026-03-30T11:30:00+10:00,62.22
2026-03-30,Uranus,2026-03-30T18:30:00+10:00,21.18,49.04,2026-03-30T18:30:00+10:00,21.18,fair,evening,-10.08,2026-03-30T15:00:00+10:00,42.79
2026-03-30,Neptune,2026-03-30T05:30:00+10:00,0.38,7.11,2026-03-30T05:30:00+10:00,0.38,poor,predawn,-6.69,2026-03-30T11:30:00+10:00,62.85
2026-03-31,Mercury,2026-03-31T05:30:00+10:00,20.58,27.39,2026-03-31T05:30:00+10:00,20.58,fair,predawn,-6.8,2026-03-31T10:00:00+10:00,70.04
2026-03-31,Venus,2026-03-31T18:30:00+10:00,3.16,20.21,2026-03-31T18:30:00+10:00,3.16,poor,evening,-10.33,2026-03-31T13:00:00+10:00,51.22
2026-03-31,Mars,2026-03-31T05:30:00+10:00,11.15,17.94,2026-03-31T05:30:00+10:00,11.15,poor,predawn,-6.8,2026-03-31T11:00:00+10:00,66.31
2026-03-31,Jupiter,2026-03-31T18:30:00+10:00,39.58,95.1,2026-03-31T18:30:00+10:00,39.58,good,evening,-10.33,2026-03-31T18:30:00+10:00,39.58
2026-03-31,Saturn,2026-03-31T05:30:00+10:00,-1.95,5.16,2026-03-31T05:30:00+10:00,-1.95,not visible,predawn,-6.8,2026-03-31T11:30:00+10:00,62.24
2026-03-31,Uranus,2026-03-31T18:30:00+10:00,20.51,48.09,2026-03-31T18:30:00+10:00,20.51,fair,evening,-10.33,2026-03-31T15:00:00+10:00,42.79
2026-03-31,Neptune,2026-03-31T05:30:00+10:00,1.22,8.05,2026-03-31T05:30:00+10:00,1.22,poor,predawn,-6.8,2026-03-31T11:30:00+10:00,62.8
2026-04-01,Mercury,2026-04-01T05:30:00+10:00,20.66,27.58,2026-04-01T05:30:00+10:00,20.66,fair,predawn,-6.91,2026-04-01T10:00:00+10:00,69.9
2026-04-01,Venus,2026-04-01T18:30:00+10:00,3.09,20.46,2026-04-01T18:30:00+10:00,3.09,poor,evening,-10.57,2026-04-01T13:00:00+10:00,50.75
2026-04-01,Mars,2026-04-01T05:30:00+10:00,11.24,18.15,2026-04-01T05:30:00+10:00,11.24,poor,predawn,-6.91,2026-04-01T11:00:00+10:00,65.97
2026-04-01,Jupiter,2026-04-01T18:30:00+10:00,39.54,94.17,2026-04-01T18:30:00+10:00,39.54,good,evening,-10.57,2026-04-01T18:30:00+10:00,39.54
2026-04-01,Saturn,2026-04-01T05:30:00+10:00,-1.2,5.96,2026-04-01T05:30:00+10:00,-1.2,not visible,predawn,-6.91,2026-04-01T11:30:00+10:00,62.23
2026-04-01,Uranus,2026-04-01T18:30:00+10:00,19.83,47.15,2026-04-01T18:30:00+10:00,19.83,fair,evening,-10.57,2026-04-01T15:00:00+10:00,42.77
2026-04-01,Neptune,2026-04-01T05:30:00+10:00,2.06,8.99,2026-04-01T05:30:00+10:00,2.06,poor,predawn,-6.91,2026-04-01T11:30:00+10:00,62.73
2026-04-02,Mercury,2026-04-02T05:30:00+10:00,20.69,27.71,2026-04-02T05:30:00+10:00,20.69,fair,predawn,-7.02,2026-04-02T10:00:00+10:00,69.72
2026-04-02,Venus,2026-04-02T18:00:00+10:00,9.37,20.69,2026-04-02T18:00:00+10:00,9.37,poor,evening,-4.16,2026-04-02T13:00:00+10:00,50.28
2026-04-02,Mars,2026-04-02T05:30:00+10:00,11.33,18.35,2026-04-02T05:30:00+10:00,11.33,poor,predawn,-7.02,2026-04-02T11:00:00+10:00,65.63
2026-04-02,Jupiter,2026-04-02T18:00:00+10:00,39.52,93.27,2026-04-02T18:00:00+10:00,39.52,good,evening,-4.16,2026-04-02T18:00:00+10:00,39.52
2026-04-02,Saturn,2026-04-02T05:30:00+10:00,-0.45,6.77,2026-04-02T05:30:00+10:00,-0.45,not visible,predawn,-7.02,2026-04-02T11:30:00+10:00,62.2
2026-04-02,Uranus,2026-04-02T18:00:00+10:00,24.39,46.23,2026-04-02T18:00:00+10:00,24.39,fair,evening,-4.16,2026-04-02T15:00:00+10:00,42.74
2026-04-02,Neptune,2026-04-02T05:30:00+10:00,2.89,9.93,2026-04-02T05:30:00+10:00,2.89,poor,predawn,-7.02,2026-04-02T11:30:00+10:00,62.62
2026-04-03,Mercury,2026-04-03T05:30:00+10:00,20.66,27.79,2026-04-03T05:30:00+10:00,20.66,fair,predawn,-7.13,2026-04-03T10:00:00+10:00,69.5
2026-04-03,Venus,2026-04-03T18:00:00+10:00,9.29,20.94,2026-04-03T18:00:00+10:00,9.29,poor,evening,-4.4,2026-04-03T13:00:00+10:00,49.81
2026-04-03,Mars,2026-04-03T05:30:00+10:00,11.43,18.56,2026-04-03T05:30:00+10:00,11.43,poor,predawn,-7.13,2026-04-03T10:30:00+10:00,65.31
2026-04-03,Jupiter,2026-04-03T18:00:00+10:00,39.58,92.36,2026-04-03T18:00:00+10:00,39.58,good,evening,-4.4,2026-04-03T18:00:00+10:00,39.58
2026-04-03,Saturn,2026-04-03T05:30:00+10:00,0.3,7.59,2026-04-03T05:30:00+10:00,0.3,poor,predawn,-7.13,2026-04-03T11:30:00+10:00,62.14
2026-04-03,Uranus,2026-04-03T18:00:00+10:00,23.75,45.29,2026-04-03T18:00:00+10:00,23.75,fair,evening,-4.4,2026-04-03T15:00:00+10:00,42.68
2026-04-03,Neptune,2026-04-03T05:30:00+10:00,3.73,10.87,2026-04-03T05:30:00+10:00,3.73,poor,predawn,-7.13,2026-04-03T11:00:00+10:00,62.62
2026-04-04,Mercury,2026-04-04T05:30:00+10:00,20.58,27.82,2026-04-04T05:30:00+10:00,20.58,fair,predawn,-7.24,2026-04-04T10:00:00+10:00,69.25
2026-04-04,Venus,2026-04-04T18:00:00+10:00,9.22,21.18,2026-04-04T18:00:00+10:00,9.22,poor,evening,-4.64,2026-04-04T13:00:00+10:00,49.35
2026-04-04,Mars,2026-04-04T05:30:00+10:00,11.52,18.76,2026-04-04T05:30:00+10:00,11.52,poor,predawn,-7.24,2026-04-04T10:30:00+10:00,65.03
2026-04-04,Jupiter,2026-04-04T18:00:00+10:00,39.62,91.45,2026-04-04T18:00:00+10:00,39.62,good,evening,-4.64,2026-04-04T18:00:00+10:00,39.62
2026-04-04,Saturn,2026-04-04T05:30:00+10:00,1.05,8.42,2026-04-04T05:30:00+10:00,1.05,poor,predawn,-7.24,2026-04-04T11:30:00+10:00,62.06
2026-04-04,Uranus,2026-04-04T18:00:00+10:00,23.1,44.34,2026-04-04T18:00:00+10:00,23.1,fair,evening,-4.64,2026-04-04T14:30:00+10:00,42.62
2026-04-04,Neptune,2026-04-04T05:30:00+10:00,4.57,11.81,2026-04-04T05:30:00+10:00,4.57,poor,predawn,-7.24,2026-04-04T11:00:00+10:00,62.69
2026-04-05,Mercury,2026-04-05T05:30:00+10:00,20.45,27.8,2026-04-05T05:30:00+10:00,20.45,fair,predawn,-7.35,2026-04-05T10:00:00+10:00,68.97
2026-04-05,Venus,2026-04-05T18:00:00+10:00,9.15,21.43,2026-04-05T18:00:00+10:00,9.15,poor,evening,-4.88,2026-04-05T13:00:00+10:00,48.89
2026-04-05,Mars,2026-04-05T05:30:00+10:00,11.61,18.96,2026-04-05T05:30:00+10:00,11.61,poor,predawn,-7.35,2026-04-05T10:30:00+10:00,64.75
2026-04-05,Jupiter,2026-04-05T18:00:00+10:00,39.65,90.54,2026-04-05T18:00:00+10:00,39.65,good,evening,-4.88,2026-04-05T18:00:00+10:00,39.65
2026-04-05,Saturn,2026-04-05T05:30:00+10:00,1.8,9.26,2026-04-05T05:30:00+10:00,1.8,poor,predawn,-7.35,2026-04-05T11:30:00+10:00,61.95
2026-04-05,Uranus,2026-04-05T18:00:00+10:00,22.45,43.41,2026-04-05T18:00:00+10:00,22.45,fair,evening,-4.88,2026-04-05T14:30:00+10:00,42.67
2026-04-05,Neptune,2026-04-05T05:30:00+10:00,5.4,12.75,2026-04-05T05:30:00+10:00,5.4,poor,predawn,-7.35,2026-04-05T11:00:00+10:00,62.73
2026-04-06,Mercury,2026-04-06T05:30:00+10:00,20.28,27.74,2026-04-06T05:30:00+10:00,20.28,fair,predawn,-7.46,2026-04-06T10:00:00+10:00,68.66
2026-04-06,Venus,2026-04-06T18:00:00+10:00,9.08,21.67,2026-04-06T18:00:00+10:00,9.08,poor,evening,-5.11,2026-04-06T13:00:00+10:00,48.44
2026-04-06,Mars,2026-04-06T05:30:00+10:00,11.71,19.17,2026-04-06T05:30:00+10:00,11.71,poor,predawn,-7.46,2026-04-06T10:30:00+10:00,64.47
2026-04-06,Jupiter,2026-04-06T18:00:00+10:00,39.67,89.63,2026-04-06T18:00:00+10:00,39.67,good,evening,-5.11,2026-04-06T18:00:00+10:00,39.67
2026-04-06,Saturn,2026-04-06T05:30:00+10:00,2.55,10.1,2026-04-06T05:30:00+10:00,2.55,poor,predawn,-7.46,2026-04-06T11:30:00+10:00,61.82
2026-04-06,Uranus,2026-04-06T18:00:00+10:00,21.79,42.47,2026-04-06T18:00:00+10:00,21.79,fair,evening,-5.11,2026-04-06T14:30:00+10:00,42.7
2026-04-06,Neptune,2026-04-06T05:30:00+10:00,6.24,13.7,2026-04-06T05:30:00+10:00,6.24,poor,predawn,-7.46,2026-04-06T11:00:00+10:00,62.75
2026-04-07,Mercury,2026-04-07T05:30:00+10:00,20.07,27.64,2026-04-07T05:30:00+10:00,20.07,fair,predawn,-7.56,2026-04-07T10:00:00+10:00,68.31
2026-04-07,Venus,2026-04-07T18:00:00+10:00,9.02,21.91,2026-04-07T18:00:00+10:00,9.02,poor,evening,-5.35,2026-04-07T13:00:00+10:00,47.99
2026-04-07,Mars,2026-04-07T05:30:00+10:00,11.8,19.37,2026-04-07T05:30:00+10:00,11.8,poor,predawn,-7.56,2026-04-07T10:30:00+10:00,64.18
2026-04-07,Jupiter,2026-04-07T18:00:00+10:00,39.67,88.73,2026-04-07T18:00:00+10:00,39.67,good,evening,-5.35,2026-04-07T18:00:00+10:00,39.67
2026-04-07,Saturn,2026-04-07T05:30:00+10:00,3.3,10.94,2026-04-07T05:30:00+10:00,3.3,poor,predawn,-7.56,2026-04-07T11:00:00+10:00,61.78
2026-04-07,Uranus,2026-04-07T18:00:00+10:00,21.13,41.53,2026-04-07T18:00:00+10:00,21.13,fair,evening,-5.35,2026-04-07T14:30:00+10:00,42.71
2026-04-07,Neptune,2026-04-07T05:30:00+10:00,7.08,14.64,2026-04-07T05:30:00+10:00,7.08,poor,predawn,-7.56,2026-04-07T11:00:00+10:00,62.73
2026-04-08,Mercury,2026-04-08T05:30:00+10:00,19.82,27.49,2026-04-08T05:30:00+10:00,19.82,fair,predawn,-7.67,2026-04-08T10:00:00+10:00,67.94
2026-04-08,Venus,2026-04-08T18:00:00+10:00,8.96,22.16,2026-04-08T18:00:00+10:00,8.96,poor,evening,-5.58,2026-04-08T13:00:00+10:00,47.55
2026-04-08,Mars,2026-04-08T05:30:00+10:00,11.9,19.57,2026-04-08T05:30:00+10:00,11.9,poor,predawn,-7.67,2026-04-08T10:30:00+10:00,63.89
2026-04-08,Jupiter,2026-04-08T18:00:00+10:00,39.66,87.83,2026-04-08T18:00:00+10:00,39.66,good,evening,-5.58,2026-04-08T18:00:00+10:00,39.66
2026-04-08,Saturn,2026-04-08T05:30:00+10:00,4.05,11.79,2026-04-08T05:30:00+10:00,4.05,poor,predawn,-7.67,2026-04-08T11:00:00+10:00,61.82
2026-04-08,Uranus,2026-04-08T18:00:00+10:00,20.46,40.59,2026-04-08T18:00:00+10:00,20.46,fair,evening,-5.58,2026-04-08T14:30:00+10:00,42.71
2026-04-08,Neptune,2026-04-08T05:30:00+10:00,7.91,15.58,2026-04-08T05:30:00+10:00,7.91,poor,predawn,-7.67,2026-04-08T11:00:00+10:00,62.68
2026-04-09,Mercury,2026-04-09T05:30:00+10:00,19.52,27.3,2026-04-09T05:30:00+10:00,19.52,fair,predawn,-7.78,2026-04-09T10:00:00+10:00,67.54
2026-04-09,Venus,2026-04-09T18:00:00+10:00,8.91,22.4,2026-04-09T18:00:00+10:00,8.91,poor,evening,-5.81,2026-04-09T13:30:00+10:00,47.11
2026-04-09,Mars,2026-04-09T05:30:00+10:00,11.99,19.78,2026-04-09T05:30:00+10:00,11.99,poor,predawn,-7.78,2026-04-09T10:30:00+10:00,63.6
2026-04-09,Jupiter,2026-04-09T18:00:00+10:00,39.63,86.94,2026-04-09T18:00:00+10:00,39.63,good,evening,-5.81,2026-04-09T18:00:00+10:00,39.63
2026-04-09,Saturn,2026-04-09T05:30:00+10:00,4.8,12.63,2026-04-09T05:30:00+10:00,4.8,poor,predawn,-7.78,2026-04-09T11:00:00+10:00,61.83
2026-04-09,Uranus,2026-04-09T18:00:00+10:00,19.79,39.66,2026-04-09T18:00:00+10:00,19.79,fair,evening,-5.81,2026-04-09T14:30:00+10:00,42.69
2026-04-09,Neptune,2026-04-09T05:30:00+10:00,8.75,16.52,2026-04-09T05:30:00+10:00,8.75,poor,predawn,-7.78,2026-04-09T11:00:00+10:00,62.6
2026-04-10,Mercury,2026-04-10T05:30:00+10:00,19.19,27.08,2026-04-10T05:30:00+10:00,19.19,fair,predawn,-7.89,2026-04-10T10:00:00+10:00,67.11
2026-04-10,Venus,2026-04-10T18:00:00+10:00,8.86,22.64,2026-04-10T18:00:00+10:00,8.86,poor,evening,-6.04,2026-04-10T13:30:00+10:00,46.71
2026-04-10,Mars,2026-04-10T05:30:00+10:00,12.08,19.98,2026-04-10T05:30:00+10:00,12.08,poor,predawn,-7.89,2026-04-10T10:30:00+10:00,63.31
2026-04-10,Jupiter,2026-04-10T18:00:00+10:00,39.59,86.04,2026-04-10T18:00:00+10:00,39.59,good,evening,-6.04,2026-04-10T18:00:00+10:00,39.59
2026-04-10,Saturn,2026-04-10T05:30:00+10:00,5.55,13.48,2026-04-10T05:30:00+10:00,5.55,poor,predawn,-7.89,2026-04-10T11:00:00+10:00,61.81
2026-04-10,Uranus,2026-04-10T18:00:00+10:00,19.11,38.73,2026-04-10T18:00:00+10:00,19.11,fair,evening,-6.04,2026-04-10T14:30:00+10:00,42.65
2026-04-10,Neptune,2026-04-10T05:30:00+10:00,9.58,17.47,2026-04-10T05:30:00+10:00,9.58,poor,predawn,-7.89,2026-04-10T11:00:00+10:00,62.49
2026-04-11,Mercury,2026-04-11T05:30:00+10:00,18.82,26.82,2026-04-11T05:30:00+10:00,18.82,fair,predawn,-8.0,2026-04-11T10:00:00+10:00,66.65
2026-04-11,Venus,2026-04-11T18:00:00+10:00,8.82,22.89,2026-04-11T18:00:00+10:00,8.82,poor,evening,-6.26,2026-04-11T13:30:00+10:00,46.32
2026-04-11,Mars,2026-04-11T05:30:00+10:00,12.18,20.18,2026-04-11T05:30:00+10:00,12.18,poor,predawn,-8.0,2026-04-11T10:30:00+10:00,63.01
2026-04-11,Jupiter,2026-04-11T18:00:00+10:00,39.53,85.15,2026-04-11T18:00:00+10:00,39.53,good,evening,-6.26,2026-04-11T17:30:00+10:00,39.63
2026-04-11,Saturn,2026-04-11T05:30:00+10:00,6.3,14.33,2026-04-11T05:30:00+10:00,6.3,poor,predawn,-8.0,2026-04-11T11:00:00+10:00,61.77
2026-04-11,Uranus,2026-04-11T18:00:00+10:00,18.43,37.79,2026-04-11T18:00:00+10:00,18.43,fair,evening,-6.26,2026-04-11T14:30:00+10:00,42.6
2026-04-11,Neptune,2026-04-11T05:30:00+10:00,10.42,18.41,2026-04-11T05:30:00+10:00,10.42,poor,predawn,-8.0,2026-04-11T10:30:00+10:00,62.51
2026-04-12,Mercury,2026-04-12T05:30:00+10:00,18.42,26.53,2026-04-12T05:30:00+10:00,18.42,fair,predawn,-8.1,2026-04-12T10:30:00+10:00,66.19
2026-04-12,Venus,2026-04-12T18:00:00+10:00,8.79,23.13,2026-04-12T18:00:00+10:00,8.79,poor,evening,-6.49,2026-04-12T13:30:00+10:00,45.93
2026-04-12,Mars,2026-04-12T05:30:00+10:00,12.27,20.39,2026-04-12T05:30:00+10:00,12.27,poor,predawn,-8.1,2026-04-12T10:30:00+10:00,62.71
2026-04-12,Jupiter,2026-04-12T18:00:00+10:00,39.46,84.27,2026-04-12T18:00:00+10:00,39.46,good,evening,-6.49,2026-04-12T17:30:00+10:00,39.69
2026-04-12,Saturn,2026-04-12T05:30:00+10:00,7.05,15.18,2026-04-12T05:30:00+10:00,7.05,poor,predawn,-8.1,2026-04-12T11:00:00+10:00,61.71
2026-04-12,Uranus,2026-04-12T18:00:00+10:00,17.74,36.86,2026-04-12T18:00:00+10:00,17.74,fair,evening,-6.49,2026-04-12T14:00:00+10:00,42.53
2026-04-12,Neptune,2026-04-12T05:30:00+10:00,11.25,19.35,2026-04-12T05:30:00+10:00,11.25,poor,predawn,-8.1,2026-04-12T10:30:00+10:00,62.58
2026-04-13,Mercury,2026-04-13T05:30:00+10:00,17.98,26.2,2026-04-13T05:30:00+10:00,17.98,fair,predawn,-8.21,2026-04-13T10:30:00+10:00,65.75
2026-04-13,Venus,2026-04-13T18:00:00+10:00,8.76,23.37,2026-04-13T18:00:00+10:00,8.76,poor,evening,-6.71,2026-04-13T13:30:00+10:00,45.55
2026-04-13,Mars,2026-04-13T05:30:00+10:00,12.37,20.59,2026-04-13T05:30:00+10:00,12.37,poor,predawn,-8.21,2026-04-13T10:30:00+10:00,62.4
2026-04-13,Jupiter,2026-04-13T18:00:00+10:00,39.38,83.38,2026-04-13T18:00:00+10:00,39.38,good,evening,-6.71,2026-04-13T17:30:00+10:00,39.73
2026-04-13,Saturn,2026-04-13T05:30:00+10:00,7.8,16.03,2026-04-13T05:30:00+10:00,7.8,poor,predawn,-8.21,2026-04-13T11:00:00+10:00,61.62
2026-04-13,Uranus,2026-04-13T18:00:00+10:00,17.05,35.93,2026-04-13T18:00:00+10:00,17.05,fair,evening,-6.71,2026-04-13T14:00:00+10:00,42.58
2026-04-13,Neptune,2026-04-13T05:30:00+10:00,12.08,20.3,2026-04-13T05:30:00+10:00,12.08,poor,predawn,-8.21,2026-04-13T10:30:00+10:00,62.62
2026-04-14,Mercury,2026-04-14T05:30:00+10:00,17.51,25.83,2026-04-14T05:30:00+10:00,17.51,fair,predawn,-8.32,2026-04-14T10:30:00+10:00,65.28
2026-04-14,Venus,2026-04-14T18:00:00+10:00,8.74,23.62,2026-04-14T18:00:00+10:00,8.74,poor,evening,-6.93,2026-04-14T13:30:00+10:00,45.17
2026-04-14,Mars,2026-04-14T05:30:00+10:00,12.46,20.79,2026-04-14T05:30:00+10:00,12.46,poor,predawn,-8.32,2026-04-14T10:30:00+10:00,62.1
2026-04-14,Jupiter,2026-04-14T18:00:00+10:00,39.28,82.5,2026-04-14T18:00:00+10:00,39.28,good,evening,-6.93,2026-04-14T17:30:00+10:00,39.75
2026-04-14,Saturn,2026-04-14T05:30:00+10:00,8.55,16.88,2026-04-14T05:30:00+10:00,8.55,poor,predawn,-8.32,2026-04-14T11:00:00+10:00,61.5
2026-04-14,Uranus,2026-04-14T18:00:00+10:00,16.36,35.0,2026-04-14T18:00:00+10:00,16.36,fair,evening,-6.93,2026-04-14T14:00:00+10:00,42.61
2026-04-14,Neptune,2026-04-14T05:30:00+10:00,12.92,21.24,2026-04-14T05:30:00+10:00,12.92,poor,predawn,-8.32,2026-04-14T10:30:00+10:00,62.63
2026-04-15,Mercury,2026-04-15T05:30:00+10:00,17.01,25.44,2026-04-15T05:30:00+10:00,17.01,fair,predawn,-8.42,2026-04-15T10:30:00+10:00,64.8
2026-04-15,Venus,2026-04-15T18:00:00+10:00,8.72,23.86,2026-04-15T18:00:00+10:00,8.72,poor,evening,-7.14,2026-04-15T13:30:00+10:00,44.8
2026-04-15,Mars,2026-04-15T05:30:00+10:00,12.55,20.99,2026-04-15T05:30:00+10:00,12.55,poor,predawn,-8.42,2026-04-15T10:30:00+10:00,61.79
2026-04-15,Jupiter,2026-04-15T18:00:00+10:00,39.17,81.63,2026-04-15T18:00:00+10:00,39.17,good,evening,-7.14,2026-04-15T17:30:00+10:00,39.76
2026-04-15,Saturn,2026-04-15T05:30:00+10:00,9.3,17.74,2026-04-15T05:30:00+10:00,9.3,poor,predawn,-8.42,2026-04-15T11:00:00+10:00,61.36
2026-04-15,Uranus,2026-04-15T18:00:00+10:00,15.66,34.07,2026-04-15T18:00:00+10:00,15.66,fair,evening,-7.14,2026-04-15T14:00:00+10:00,42.63
2026-04-15,Neptune,2026-04-15T05:30:00+10:00,13.75,22.18,2026-04-15T05:30:00+10:00,13.75,poor,predawn,-8.42,2026-04-15T10:30:00+10:00,62.61
2026-04-16,Mercury,2026-04-16T05:30:00+10:00,16.48,25.01,2026-04-16T05:30:00+10:00,16.48,fair,predawn,-8.53,2026-04-16T10:30:00+10:00,64.29
2026-04-16,Venus,2026-04-16T18:00:00+10:00,8.71,24.1,2026-04-16T18:00:00+10:00,8.71,poor,evening,-7.35,2026-04-16T13:30:00+10:00,44.44
2026-04-16,Mars,2026-04-16T05:30:00+10:00,12.65,21.2,2026-04-16T05:30:00+10:00,12.65,poor,predawn,-8.53,2026-04-16T10:30:00+10:00,61.48
2026-04-16,Jupiter,2026-04-16T18:00:00+10:00,39.05,80.75,2026-04-16T18:00:00+10:00,39.05,good,evening,-7.35,2026-04-16T17:30:00+10:00,39.76
2026-04-16,Saturn,2026-04-16T05:30:00+10:00,10.05,18.59,2026-04-16T05:30:00+10:00,10.05,poor,predawn,-8.53,2026-04-16T10:30:00+10:00,61.4
2026-04-16,Uranus,2026-04-16T18:00:00+10:00,14.95,33.14,2026-04-16T18:00:00+10:00,14.95,poor,evening,-7.35,2026-04-16T14:00:00+10:00,42.63
2026-04-16,Neptune,2026-04-16T05:30:00+10:00,14.58,23.12,2026-04-16T05:30:00+10:00,14.58,poor,predawn,-8.53,2026-04-16T10:30:00+10:00,62.56
2026-04-17,Mercury,2026-04-17T05:30:00+10:00,15.91,24.55,2026-04-17T05:30:00+10:00,15.91,fair,predawn,-8.64,2026-04-17T10:30:00+10:00,63.76
2026-04-17,Venus,2026-04-17T18:00:00+10:00,8.7,24.35,2026-04-17T18:00:00+10:00,8.7,poor,evening,-7.56,2026-04-17T13:30:00+10:00,44.08
2026-04-17,Mars,2026-04-17T05:30:00+10:00,12.74,21.4,2026-04-17T05:30:00+10:00,12.74,poor,predawn,-8.64,2026-04-17T10:30:00+10:00,61.17
2026-04-17,Jupiter,2026-04-17T18:00:00+10:00,38.91,79.88,2026-04-17T18:00:00+10:00,38.91,good,evening,-7.56,2026-04-17T17:30:00+10:00,39.74
2026-04-17,Saturn,2026-04-17T05:30:00+10:00,10.8,19.44,2026-04-17T05:30:00+10:00,10.8,poor,predawn,-8.64,2026-04-17T10:30:00+10:00,61.42
2026-04-17,Uranus,2026-04-17T18:00:00+10:00,14.25,32.21,2026-04-17T18:00:00+10:00,14.25,poor,evening,-7.56,2026-04-17T14:00:00+10:00,42.61
2026-04-17,Neptune,2026-04-17T05:30:00+10:00,15.41,24.07,2026-04-17T05:30:00+10:00,15.41,fair,predawn,-8.64,2026-04-17T10:30:00+10:00,62.48
2026-04-18,Mercury,2026-04-18T05:30:00+10:00,15.31,24.06,2026-04-18T05:30:00+10:00,15.31,fair,predawn,-8.75,2026-04-18T10:30:00+10:00,63.2
2026-04-18,Venus,2026-04-18T18:00:00+10:00,8.7,24.59,2026-04-18T18:00:00+10:00,8.7,poor,evening,-7.77,2026-04-18T13:30:00+10:00,43.73
2026-04-18,Mars,2026-04-18T05:30:00+10:00,12.83,21.6,2026-04-18T05:30:00+10:00,12.83,poor,predawn,-8.75,2026-04-18T10:30:00+10:00,60.85
2026-04-18,Jupiter,2026-04-18T18:00:00+10:00,38.76,79.01,2026-04-18T18:00:00+10:00,38.76,good,evening,-7.77,2026-04-18T17:30:00+10:00,39.71
2026-04-18,Saturn,2026-04-18T05:30:00+10:00,11.55,20.29,2026-04-18T05:30:00+10:00,11.55,poor,predawn,-8.75,2026-04-18T10:30:00+10:00,61.42
2026-04-18,Uranus,2026-04-18T18:00:00+10:00,13.54,31.29,2026-04-18T18:00:00+10:00,13.54,poor,evening,-7.77,2026-04-18T14:00:00+10:00,42.57
2026-04-18,Neptune,2026-04-18T05:30:00+10:00,16.24,25.01,2026-04-18T05:30:00+10:00,16.24,fair,predawn,-8.75,2026-04-18T10:30:00+10:00,62.37
2026-04-19,Mercury,2026-04-19T05:30:00+10:00,14.69,23.54,2026-04-19T05:30:00+10:00,14.69,poor,predawn,-8.85,2026-04-19T10:30:00+10:00,62.63
2026-04-19,Venus,2026-04-19T18:00:00+10:00,8.71,24.83,2026-04-19T18:00:00+10:00,8.71,poor,evening,-7.97,2026-04-19T13:30:00+10:00,43.39
2026-04-19,Mars,2026-04-19T05:30:00+10:00,12.92,21.81,2026-04-19T05:30:00+10:00,12.92,poor,predawn,-8.85,2026-04-19T10:30:00+10:00,60.54
2026-04-19,Jupiter,2026-04-19T18:00:00+10:00,38.6,78.15,2026-04-19T18:00:00+10:00,38.6,good,evening,-7.97,2026-04-19T17:00:00+10:00,39.7
2026-04-19,Saturn,2026-04-19T05:30:00+10:00,12.3,21.15,2026-04-19T05:30:00+10:00,12.3,poor,predawn,-8.85,2026-04-19T10:30:00+10:00,61.4
2026-04-19,Uranus,2026-04-19T18:00:00+10:00,12.82,30.36,2026-04-19T18:00:00+10:00,12.82,poor,evening,-7.97,2026-04-19T14:00:00+10:00,42.51
2026-04-19,Neptune,2026-04-19T05:30:00+10:00,17.07,25.95,2026-04-19T05:30:00+10:00,17.07,fair,predawn,-8.85,2026-04-19T10:00:00+10:00,62.41
2026-04-20,Mercury,2026-04-20T05:30:00+10:00,14.03,22.99,2026-04-20T05:30:00+10:00,14.03,poor,predawn,-8.96,2026-04-20T10:30:00+10:00,62.02
2026-04-20,Venus,2026-04-20T18:00:00+10:00,8.73,25.07,2026-04-20T18:00:00+10:00,8.73,poor,evening,-8.17,2026-04-20T13:30:00+10:00,43.05
2026-04-20,Mars,2026-04-20T05:30:00+10:00,13.02,22.01,2026-04-20T05:30:00+10:00,13.02,poor,predawn,-8.96,2026-04-20T10:30:00+10:00,60.22
2026-04-20,Jupiter,2026-04-20T18:00:00+10:00,38.43,77.29,2026-04-20T18:00:00+10:00,38.43,good,evening,-8.17,2026-04-20T17:00:00+10:00,39.76
2026-04-20,Saturn,2026-04-20T05:30:00+10:00,13.04,22.0,2026-04-20T05:30:00+10:00,13.04,poor,predawn,-8.96,2026-04-20T10:30:00+10:00,61.35
2026-04-20,Uranus,2026-04-20T18:00:00+10:00,12.1,29.44,2026-04-20T18:00:00+10:00,12.1,poor,evening,-8.17,2026-04-20T14:00:00+10:00,42.44
2026-04-20,Neptune,2026-04-20T05:30:00+10:00,17.9,26.89,2026-04-20T05:30:00+10:00,17.9,fair,predawn,-8.96,2026-04-20T10:00:00+10:00,62.48
2026-04-21,Mercury,2026-04-21T05:30:00+10:00,13.34,22.41,2026-04-21T05:30:00+10:00,13.34,poor,predawn,-9.07,2026-04-21T10:30:00+10:00,61.4
2026-04-21,Venus,2026-04-21T18:00:00+10:00,8.75,25.32,2026-04-21T18:00:00+10:00,8.75,poor,evening,-8.37,2026-04-21T13:30:00+10:00,42.72
2026-04-21,Mars,2026-04-21T05:30:00+10:00,13.11,22.21,2026-04-21T05:30:00+10:00,13.11,poor,predawn,-9.07,2026-04-21T10:30:00+10:00,59.9
2026-04-21,Jupiter,2026-04-21T18:00:00+10:00,38.25,76.43,2026-04-21T18:00:00+10:00,38.25,good,evening,-8.37,2026-04-21T17:00:00+10:00,39.81
2026-04-21,Saturn,2026-04-21T05:30:00+10:00,13.79,22.86,2026-04-21T05:30:00+10:00,13.79,poor,predawn,-9.07,2026-04-21T10:30:00+10:00,61.28
2026-04-21,Uranus,2026-04-21T18:00:00+10:00,11.38,28.51,2026-04-21T18:00:00+10:00,11.38,poor,evening,-8.37,2026-04-21T13:30:00+10:00,42.49
2026-04-21,Neptune,2026-04-21T05:30:00+10:00,18.73,27.83,2026-04-21T05:30:00+10:00,18.73,fair,predawn,-9.07,2026-04-21T10:00:00+10:00,62.52
2026-04-22,Mercury,2026-04-22T05:30:00+10:00,12.63,21.8,2026-04-22T05:30:00+10:00,12.63,poor,predawn,-9.17,2026-04-22T10:30:00+10:00,60.75
2026-04-22,Venus,2026-04-22T18:00:00+10:00,8.77,25.56,2026-04-22T18:00:00+10:00,8.77,poor,evening,-8.56,2026-04-22T13:30:00+10:00,42.4
2026-04-22,Mars,2026-04-22T05:30:00+10:00,13.2,22.42,2026-04-22T05:30:00+10:00,13.2,poor,predawn,-9.17,2026-04-22T10:30:00+10:00,59.58
2026-04-22,Jupiter,2026-04-22T18:00:00+10:00,38.05,75.57,2026-04-22T18:00:00+10:00,38.05,good,evening,-8.56,2026-04-22T17:00:00+10:00,39.85
2026-04-22,Saturn,2026-04-22T05:30:00+10:00,14.54,23.71,2026-04-22T05:30:00+10:00,14.54,poor,predawn,-9.17,2026-04-22T10:30:00+10:00,61.18
2026-04-22,Uranus,2026-04-22T18:00:00+10:00,10.66,27.59,2026-04-22T18:00:00+10:00,10.66,poor,evening,-8.56,2026-04-22T13:30:00+10:00,42.52
2026-04-22,Neptune,2026-04-22T05:30:00+10:00,19.55,28.77,2026-04-22T05:30:00+10:00,19.55,fair,predawn,-9.17,2026-04-22T10:00:00+10:00,62.53
2026-04-23,Mercury,2026-04-23T05:30:00+10:00,11.88,21.16,2026-04-23T05:30:00+10:00,11.88,poor,predawn,-9.28,2026-04-23T10:30:00+10:00,60.08
2026-04-23,Venus,2026-04-23T18:00:00+10:00,8.81,25.8,2026-04-23T18:00:00+10:00,8.81,poor,evening,-8.75,2026-04-23T13:30:00+10:00,42.08
2026-04-23,Mars,2026-04-23T05:30:00+10:00,13.29,22.62,2026-04-23T05:30:00+10:00,13.29,poor,predawn,-9.28,2026-04-23T10:30:00+10:00,59.26
2026-04-23,Jupiter,2026-04-23T18:00:00+10:00,37.84,74.72,2026-04-23T18:00:00+10:00,37.84,good,evening,-8.75,2026-04-23T17:00:00+10:00,39.88
2026-04-23,Saturn,2026-04-23T05:30:00+10:00,15.28,24.56,2026-04-23T05:30:00+10:00,15.28,fair,predawn,-9.28,2026-04-23T10:30:00+10:00,61.06
2026-04-23,Uranus,2026-04-23T18:00:00+10:00,9.93,26.67,2026-04-23T18:00:00+10:00,9.93,poor,evening,-8.75,2026-04-23T13:30:00+10:00,42.54
2026-04-23,Neptune,2026-04-23T05:30:00+10:00,20.38,29.71,2026-04-23T05:30:00+10:00,20.38,fair,predawn,-9.28,2026-04-23T10:00:00+10:00,62.5
2026-04-24,Mercury,2026-04-24T05:30:00+10:00,11.1,20.49,2026-04-24T05:30:00+10:00,11.1,poor,predawn,-9.39,2026-04-24T10:30:00+10:00,59.39
2026-04-24,Venus,2026-04-24T18:00:00+10:00,8.85,26.05,2026-04-24T18:00:00+10:00,8.85,poor,evening,-8.94,2026-04-24T13:30:00+10:00,41.78
2026-04-24,Mars,2026-04-24T05:30:00+10:00,13.38,22.82,2026-04-24T05:30:00+10:00,13.38,poor,predawn,-9.39,2026-04-24T10:30:00+10:00,58.94
2026-04-24,Jupiter,2026-04-24T18:00:00+10:00,37.62,73.87,2026-04-24T18:00:00+10:00,37.62,good,evening,-8.94,2026-04-24T17:00:00+10:00,39.89
2026-04-24,Saturn,2026-04-24T05:30:00+10:00,16.03,25.42,2026-04-24T05:30:00+10:00,16.03,fair,predawn,-9.39,2026-04-24T10:00:00+10:00,60.98
2026-04-24,Uranus,2026-04-24T18:00:00+10:00,9.2,25.75,2026-04-24T18:00:00+10:00,9.2,poor,evening,-8.94,2026-04-24T13:30:00+10:00,42.53
2026-04-24,Neptune,2026-04-24T05:30:00+10:00,21.2,30.65,2026-04-24T05:30:00+10:00,21.2,fair,predawn,-9.39,2026-04-24T10:00:00+10:00,62.45
2026-04-25,Mercury,2026-04-25T05:30:00+10:00,10.3,19.79,2026-04-25T05:30:00+10:00,10.3,poor,predawn,-9.49,2026-04-25T10:30:00+10:00,58.67
2026-04-25,Venus,2026-04-25T18:00:00+10:00,8.9,26.29,2026-04-25T18:00:00+10:00,8.9,poor,evening,-9.12,2026-04-25T13:30:00+10:00,41.48
2026-04-25,Mars,2026-04-25T05:30:00+10:00,13.47,23.03,2026-04-25T05:30:00+10:00,13.47,poor,predawn,-9.49,2026-04-25T10:30:00+10:00,58.61
2026-04-25,Jupiter,2026-04-25T18:00:00+10:00,37.39,73.02,2026-04-25T18:00:00+10:00,37.39,good,evening,-9.12,2026-04-25T17:00:00+10:00,39.88
2026-04-25,Saturn,2026-04-25T05:30:00+10:00,16.77,26.27,2026-04-25T05:30:00+10:00,16.77,fair,predawn,-9.49,2026-04-25T10:00:00+10:00,61.02
2026-04-25,Uranus,2026-04-25T18:00:00+10:00,8.47,24.83,2026-04-25T18:00:00+10:00,8.47,poor,evening,-9.12,2026-04-25T13:30:00+10:00,42.52
2026-04-25,Neptune,2026-04-25T05:30:00+10:00,22.02,31.59,2026-04-25T05:30:00+10:00,22.02,fair,predawn,-9.49,2026-04-25T10:00:00+10:00,62.37
2026-04-26,Mercury,2026-04-26T05:30:00+10:00,9.46,19.06,2026-04-26T05:30:00+10:00,9.46,poor,predawn,-9.6,2026-04-26T10:30:00+10:00,57.93
2026-04-26,Venus,2026-04-26T18:00:00+10:00,8.95,26.53,2026-04-26T18:00:00+10:00,8.95,poor,evening,-9.3,2026-04-26T13:30:00+10:00,41.19
2026-04-26,Mars,2026-04-26T05:30:00+10:00,13.56,23.23,2026-04-26T05:30:00+10:00,13.56,poor,predawn,-9.6,2026-04-26T10:30:00+10:00,58.29
2026-04-26,Jupiter,2026-04-26T18:00:00+10:00,37.15,72.17,2026-04-26T18:00:00+10:00,37.15,good,evening,-9.3,2026-04-26T17:00:00+10:00,39.87
2026-04-26,Saturn,2026-04-26T05:30:00+10:00,17.51,27.13,2026-04-26T05:30:00+10:00,17.51,fair,predawn,-9.6,2026-04-26T10:00:00+10:00,61.04
2026-04-26,Uranus,2026-04-26T18:00:00+10:00,7.73,23.91,2026-04-26T18:00:00+10:00,7.73,poor,evening,-9.3,2026-04-26T13:30:00+10:00,42.48
2026-04-26,Neptune,2026-04-26T05:30:00+10:00,22.84,32.53,2026-04-26T05:30:00+10:00,22.84,fair,predawn,-9.6,2026-04-26T10:00:00+10:00,62.25
2026-04-27,Mercury,2026-04-27T05:30:00+10:00,8.6,18.3,2026-04-27T05:30:00+10:00,8.6,poor,predawn,-9.71,2026-04-27T10:30:00+10:00,57.16
2026-04-27,Venus,2026-04-27T18:00:00+10:00,9.01,26.77,2026-04-27T18:00:00+10:00,9.01,poor,evening,-9.48,2026-04-27T13:30:00+10:00,40.9
2026-04-27,Mars,2026-04-27T05:30:00+10:00,13.65,23.43,2026-04-27T05:30:00+10:00,13.65,poor,predawn,-9.71,2026-04-27T10:30:00+10:00,57.96
2026-04-27,Jupiter,2026-04-27T18:00:00+10:00,36.9,71.33,2026-04-27T18:00:00+10:00,36.9,good,evening,-9.48,2026-04-27T17:00:00+10:00,39.84
2026-04-27,Saturn,2026-04-27T05:30:00+10:00,18.26,27.98,2026-04-27T05:30:00+10:00,18.26,fair,predawn,-9.71,2026-04-27T10:00:00+10:00,61.03
2026-04-27,Uranus,2026-04-27T18:00:00+10:00,6.99,22.99,2026-04-27T18:00:00+10:00,6.99,poor,evening,-9.48,2026-04-27T13:30:00+10:00,42.43
2026-04-27,Neptune,2026-04-27T05:30:00+10:00,23.66,33.47,2026-04-27T05:30:00+10:00,23.66,fair,predawn,-9.71,2026-04-27T09:30:00+10:00,62.32
2026-04-28,Mercury,2026-04-28T05:30:00+10:00,7.7,17.51,2026-04-28T05:30:00+10:00,7.7,poor,predawn,-9.81,2026-04-28T10:30:00+10:00,56.38
2026-04-28,Venus,2026-04-28T18:00:00+10:00,9.08,27.01,2026-04-28T18:00:00+10:00,9.08,poor,evening,-9.65,2026-04-28T13:30:00+10:00,40.63
2026-04-28,Mars,2026-04-28T05:30:00+10:00,13.74,23.64,2026-04-28T05:30:00+10:00,13.74,poor,predawn,-9.81,2026-04-28T10:30:00+10:00,57.63
2026-04-28,Jupiter,2026-04-28T18:00:00+10:00,36.64,70.49,2026-04-28T18:00:00+10:00,36.64,good,evening,-9.65,2026-04-28T16:30:00+10:00,39.85
2026-04-28,Saturn,2026-04-28T05:30:00+10:00,19.0,28.84,2026-04-28T05:30:00+10:00,19.0,fair,predawn,-9.81,2026-04-28T10:00:00+10:00,61.0
2026-04-28,Uranus,2026-04-28T18:00:00+10:00,6.25,22.07,2026-04-28T18:00:00+10:00,6.25,poor,evening,-9.65,2026-04-28T13:30:00+10:00,42.36
2026-04-28,Neptune,2026-04-28T05:30:00+10:00,24.48,34.41,2026-04-28T05:30:00+10:00,24.48,fair,predawn,-9.81,2026-04-28T09:30:00+10:00,62.39
2026-04-29,Mercury,2026-04-29T05:30:00+10:00,6.78,16.69,2026-04-29T05:30:00+10:00,6.78,poor,predawn,-9.92,2026-04-29T11:00:00+10:00,55.59
2026-04-29,Venus,2026-04-29T18:00:00+10:00,9.16,27.26,2026-04-29T18:00:00+10:00,9.16,poor,evening,-9.82,2026-04-29T13:30:00+10:00,40.36
2026-04-29,Mars,2026-04-29T05:30:00+10:00,13.83,23.84,2026-04-29T05:30:00+10:00,13.83,poor,predawn,-9.92,2026-04-29T10:30:00+10:00,57.3
2026-04-29,Jupiter,2026-04-29T18:00:00+10:00,36.37,69.66,2026-04-29T18:00:00+10:00,36.37,good,evening,-9.82,2026-04-29T16:30:00+10:00,39.92
2026-04-29,Saturn,2026-04-29T05:30:00+10:00,19.74,29.69,2026-04-29T05:30:00+10:00,19.74,fair,predawn,-9.92,2026-04-29T10:00:00+10:00,60.94
2026-04-29,Uranus,2026-04-29T18:00:00+10:00,5.5,21.15,2026-04-29T18:00:00+10:00,5.5,poor,evening,-9.82,2026-04-29T13:00:00+10:00,42.39
2026-04-29,Neptune,2026-04-29T05:30:00+10:00,25.3,35.35,2026-04-29T05:30:00+10:00,25.3,good,predawn,-9.92,2026-04-29T09:30:00+10:00,62.42
2026-04-30,Mercury,2026-04-30T05:30:00+10:00,5.82,15.84,2026-04-30T05:30:00+10:00,5.82,poor,predawn,-10.02,2026-04-30T11:00:00+10:00,54.89
2026-04-30,Venus,2026-04-30T18:00:00+10:00,9.24,27.5,2026-04-30T18:00:00+10:00,9.24,poor,evening,-9.98,2026-04-30T13:30:00+10:00,40.1
2026-04-30,Mars,2026-04-30T05:30:00+10:00,13.92,24.04,2026-04-30T05:30:00+10:00,13.92,poor,predawn,-10.02,2026-04-30T10:00:00+10:00,56.98
2026-04-30,Jupiter,2026-04-30T18:00:00+10:00,36.09,68.82,2026-04-30T18:00:00+10:00,36.09,good,evening,-9.98,2026-04-30T16:30:00+10:00,39.97
2026-04-30,Saturn,2026-04-30T05:30:00+10:00,20.48,30.55,2026-04-30T05:30:00+10:00,20.48,fair,predawn,-10.02,2026-04-30T10:00:00+10:00,60.86
2026-04-30,Uranus,2026-04-30T18:00:00+10:00,4.75,20.24,2026-04-30T18:00:00+10:00,4.75,poor,evening,-9.98,2026-04-30T13:00:00+10:00,42.42
2026-04-30,Neptune,2026-04-30T05:30:00+10:00,26.11,36.29,2026-04-30T05:30:00+10:00,26.11,good,predawn,-10.02,2026-04-30T09:30:00+10:00,62.43
2026-05-01,Mercury,2026-05-01T05:30:00+10:00,4.83,14.96,2026-05-01T05:30:00+10:00,4.83,poor,predawn,-10.13,2026-05-01T11:00:00+10:00,54.17
2026-05-01,Venus,2026-05-01T18:00:00+10:00,9.33,27.74,2026-05-01T18:00:00+10:00,9.33,poor,evening,-10.14,2026-05-01T13:30:00+10:00,39.85
2026-05-01,Mars,2026-05-01T05:30:00+10:00,14.01,24.25,2026-05-01T05:30:00+10:00,14.01,poor,predawn,-10.13,2026-05-01T10:00:00+10:00,56.71
2026-05-01,Jupiter,2026-05-01T18:00:00+10:00,35.8,67.99,2026-05-01T18:00:00+10:00,35.8,good,evening,-10.14,2026-05-01T16:30:00+10:00,40.01
2026-05-01,Saturn,2026-05-01T05:30:00+10:00,21.22,31.4,2026-05-01T05:30:00+10:00,21.22,fair,predawn,-10.13,2026-05-01T10:00:00+10:00,60.76
2026-05-01,Uranus,2026-05-01T18:00:00+10:00,4.0,19.32,2026-05-01T18:00:00+10:00,4.0,poor,evening,-10.14,2026-05-01T13:00:00+10:00,42.44
2026-05-01,Neptune,2026-05-01T05:30:00+10:00,26.92,37.23,2026-05-01T05:30:00+10:00,26.92,good,predawn,-10.13,2026-05-01T09:30:00+10:00,62.4
2026-05-02,Mercury,2026-05-02T05:30:00+10:00,3.82,14.05,2026-05-02T05:30:00+10:00,3.82,poor,predawn,-10.24,2026-05-02T11:00:00+10:00,53.42
2026-05-02,Venus,2026-05-02T18:00:00+10:00,9.43,27.98,2026-05-02T18:00:00+10:00,9.43,poor,evening,-10.3,2026-05-02T13:30:00+10:00,39.61
2026-05-02,Mars,2026-05-02T05:30:00+10:00,14.1,24.45,2026-05-02T05:30:00+10:00,14.1,poor,predawn,-10.24,2026-05-02T10:00:00+10:00,56.44
2026-05-02,Jupiter,2026-05-02T18:00:00+10:00,35.5,67.16,2026-05-02T18:00:00+10:00,35.5,good,evening,-10.3,2026-05-02T16:30:00+10:00,40.03
2026-05-02,Saturn,2026-05-02T05:30:00+10:00,21.95,32.26,2026-05-02T05:30:00+10:00,21.95,fair,predawn,-10.24,2026-05-02T10:00:00+10:00,60.63
2026-05-02,Uranus,2026-05-02T18:00:00+10:00,3.25,18.41,2026-05-02T18:00:00+10:00,3.25,poor,evening,-10.3,2026-05-02T13:00:00+10:00,42.44
2026-05-02,Neptune,2026-05-02T05:30:00+10:00,27.73,38.17,2026-05-02T05:30:00+10:00,27.73,good,predawn,-10.24,2026-05-02T09:30:00+10:00,62.35
2026-05-03,Mercury,2026-05-03T05:30:00+10:00,2.77,13.11,2026-05-03T05:30:00+10:00,2.77,poor,predawn,-10.34,2026-05-03T11:00:00+10:00,52.65
2026-05-03,Venus,2026-05-03T18:00:00+10:00,9.54,28.22,2026-05-03T18:00:00+10:00,9.54,poor,evening,-10.45,2026-05-03T13:30:00+10:00,39.38
2026-05-03,Mars,2026-05-03T05:30:00+10:00,14.18,24.66,2026-05-03T05:30:00+10:00,14.18,poor,predawn,-10.34,2026-05-03T10:00:00+10:00,56.16
2026-05-03,Jupiter,2026-05-03T18:00:00+10:00,35.19,66.33,2026-05-03T18:00:00+10:00,35.19,good,evening,-10.45,2026-05-03T16:30:00+10:00,40.05
2026-05-03,Saturn,2026-05-03T05:30:00+10:00,22.69,33.12,2026-05-03T05:30:00+10:00,22.69,fair,predawn,-10.34,2026-05-03T09:30:00+10:00,60.64
2026-05-03,Uranus,2026-05-03T18:00:00+10:00,2.5,17.5,2026-05-03T18:00:00+10:00,2.5,poor,evening,-10.45,2026-05-03T13:00:00+10:00,42.42
2026-05-03,Neptune,2026-05-03T05:30:00+10:00,28.54,39.1,2026-05-03T05:30:00+10:00,28.54,good,predawn,-10.34,2026-05-03T09:30:00+10:00,62.26
2026-05-04,Mercury,2026-05-04T05:30:00+10:00,1.69,12.14,2026-05-04T05:30:00+10:00,1.69,poor,predawn,-10.45,2026-05-04T11:00:00+10:00,51.86
2026-05-04,Venus,2026-05-04T17:30:00+10:00,15.1,28.45,2026-05-04T17:30:00+10:00,15.1,fair,evening,-4.15,2026-05-04T13:30:00+10:00,39.16
2026-05-04,Mars,2026-05-04T05:30:00+10:00,14.27,24.86,2026-05-04T05:30:00+10:00,14.27,poor,predawn,-10.45,2026-05-04T10:00:00+10:00,55.89
2026-05-04,Jupiter,2026-05-04T17:30:00+10:00,37.54,65.53,2026-05-04T17:30:00+10:00,37.54,good,evening,-4.15,2026-05-04T16:30:00+10:00,40.05
2026-05-04,Saturn,2026-05-04T05:30:00+10:00,23.42,33.97,2026-05-04T05:30:00+10:00,23.42,fair,predawn,-10.45,2026-05-04T09:30:00+10:00,60.67
2026-05-04,Uranus,2026-05-04T17:30:00+10:00,7.75,16.6,2026-05-04T17:30:00+10:00,7.75,poor,evening,-4.15,2026-05-04T13:00:00+10:00,42.39
2026-05-04,Neptune,2026-05-04T05:30:00+10:00,29.35,40.04,2026-05-04T05:30:00+10:00,29.35,good,predawn,-10.45,2026-05-04T09:00:00+10:00,62.15
2026-05-05,Mercury,2026-05-05T06:00:00+10:00,6.99,11.12,2026-05-05T06:00:00+10:00,6.99,poor,predawn,-4.11,2026-05-05T11:00:00+10:00,51.05
2026-05-05,Venus,2026-05-05T17:30:00+10:00,15.2,28.69,2026-05-05T17:30:00+10:00,15.2,fair,evening,-4.3,2026-05-05T13:30:00+10:00,38.94
2026-05-05,Mars,2026-05-05T06:00:00+10:00,20.69,25.07,2026-05-05T06:00:00+10:00,20.69,fair,predawn,-4.11,2026-05-05T10:00:00+10:00,55.61
2026-05-05,Jupiter,2026-05-05T17:30:00+10:00,37.31,64.7,2026-05-05T17:30:00+10:00,37.31,good,evening,-4.3,2026-05-05T16:30:00+10:00,40.04
2026-05-05,Saturn,2026-05-05T06:00:00+10:00,30.5,34.85,2026-05-05T06:00:00+10:00,30.5,good,predawn,-4.11,2026-05-05T09:30:00+10:00,60.68
2026-05-05,Uranus,2026-05-05T17:30:00+10:00,7.02,15.69,2026-05-05T17:30:00+10:00,7.02,poor,evening,-4.3,2026-05-05T13:00:00+10:00,42.34
2026-05-05,Neptune,2026-05-05T06:00:00+10:00,36.41,41.0,2026-05-05T06:00:00+10:00,36.41,good,predawn,-4.11,2026-05-05T09:00:00+10:00,62.24
2026-05-06,Mercury,2026-05-06T06:00:00+10:00,5.84,10.08,2026-05-06T06:00:00+10:00,5.84,poor,predawn,-4.23,2026-05-06T11:00:00+10:00,50.22
2026-05-06,Venus,2026-05-06T17:30:00+10:00,15.3,28.93,2026-05-06T17:30:00+10:00,15.3,fair,evening,-4.45,2026-05-06T13:30:00+10:00,38.73
2026-05-06,Mars,2026-05-06T06:00:00+10:00,20.76,25.28,2026-05-06T06:00:00+10:00,20.76,fair,predawn,-4.23,2026-05-06T10:00:00+10:00,55.34
2026-05-06,Jupiter,2026-05-06T17:30:00+10:00,37.07,63.88,2026-05-06T17:30:00+10:00,37.07,good,evening,-4.45,2026-05-06T16:30:00+10:00,40.01
2026-05-06,Saturn,2026-05-06T06:00:00+10:00,31.21,35.7,2026-05-06T06:00:00+10:00,31.21,good,predawn,-4.23,2026-05-06T09:30:00+10:00,60.66
2026-05-06,Uranus,2026-05-06T17:30:00+10:00,6.28,14.78,2026-05-06T17:30:00+10:00,6.28,poor,evening,-4.45,2026-05-06T13:00:00+10:00,42.27
2026-05-06,Neptune,2026-05-06T06:00:00+10:00,37.18,41.94,2026-05-06T06:00:00+10:00,37.18,good,predawn,-4.23,2026-05-06T09:00:00+10:00,62.3
2026-05-07,Mercury,2026-05-07T06:00:00+10:00,4.67,9.02,2026-05-07T06:00:00+10:00,4.67,poor,predawn,-4.34,2026-05-07T11:00:00+10:00,49.36
2026-05-07,Venus,2026-05-07T17:30:00+10:00,15.41,29.17,2026-05-07T17:30:00+10:00,15.41,fair,evening,-4.59,2026-05-07T14:00:00+10:00,38.55
2026-05-07,Mars,2026-05-07T06:00:00+10:00,20.83,25.48,2026-05-07T06:00:00+10:00,20.83,fair,predawn,-4.34,2026-05-07T10:00:00+10:00,55.06
2026-05-07,Jupiter,2026-05-07T17:30:00+10:00,36.82,63.07,2026-05-07T17:30:00+10:00,36.82,good,evening,-4.59,2026-05-07T16:00:00+10:00,40.03
2026-05-07,Saturn,2026-05-07T06:00:00+10:00,31.92,36.56,2026-05-07T06:00:00+10:00,31.92,good,predawn,-4.34,2026-05-07T09:30:00+10:00,60.62
2026-05-07,Uranus,2026-05-07T17:30:00+10:00,5.53,13.87,2026-05-07T17:30:00+10:00,5.53,poor,evening,-4.59,2026-05-07T12:30:00+10:00,42.29
2026-05-07,Neptune,2026-05-07T06:00:00+10:00,37.95,42.88,2026-05-07T06:00:00+10:00,37.95,good,predawn,-4.34,2026-05-07T09:00:00+10:00,62.33
2026-05-08,Mercury,2026-05-08T06:00:00+10:00,3.47,7.93,2026-05-08T06:00:00+10:00,3.47,poor,predawn,-4.45,2026-05-08T11:30:00+10:00,48.49
2026-05-08,Venus,2026-05-08T17:30:00+10:00,15.53,29.41,2026-05-08T17:30:00+10:00,15.53,fair,evening,-4.73,2026-05-08T14:00:00+10:00,38.41
2026-05-08,Mars,2026-05-08T06:00:00+10:00,20.9,25.69,2026-05-08T06:00:00+10:00,20.9,fair,predawn,-4.45,2026-05-08T10:00:00+10:00,54.78
2026-05-08,Jupiter,2026-05-08T17:30:00+10:00,36.55,62.25,2026-05-08T17:30:00+10:00,36.55,good,evening,-4.73,2026-05-08T16:00:00+10:00,40.09
2026-05-08,Saturn,2026-05-08T06:00:00+10:00,32.62,37.42,2026-05-08T06:00:00+10:00,32.62,good,predawn,-4.45,2026-05-08T09:30:00+10:00,60.56
2026-05-08,Uranus,2026-05-08T17:30:00+10:00,4.79,12.96,2026-05-08T17:30:00+10:00,4.79,poor,evening,-4.73,2026-05-08T12:30:00+10:00,42.32
2026-05-08,Neptune,2026-05-08T06:00:00+10:00,38.72,43.81,2026-05-08T06:00:00+10:00,38.72,good,predawn,-4.45,2026-05-08T09:00:00+10:00,62.33
2026-05-09,Mercury,2026-05-09T06:00:00+10:00,2.24,6.82,2026-05-09T06:00:00+10:00,2.24,poor,predawn,-4.57,2026-05-09T11:30:00+10:00,47.77
2026-05-09,Venus,2026-05-09T17:30:00+10:00,15.66,29.65,2026-05-09T17:30:00+10:00,15.66,fair,evening,-4.86,2026-05-09T14:00:00+10:00,38.27
2026-05-09,Mars,2026-05-09T06:00:00+10:00,20.97,25.89,2026-05-09T06:00:00+10:00,20.97,fair,predawn,-4.57,2026-05-09T10:00:00+10:00,54.5
2026-05-09,Jupiter,2026-05-09T17:30:00+10:00,36.28,61.44,2026-05-09T17:30:00+10:00,36.28,good,evening,-4.86,2026-05-09T16:00:00+10:00,40.15
2026-05-09,Saturn,2026-05-09T06:00:00+10:00,33.33,38.28,2026-05-09T06:00:00+10:00,33.33,good,predawn,-4.57,2026-05-09T09:30:00+10:00,60.47
2026-05-09,Uranus,2026-05-09T17:30:00+10:00,4.04,12.05,2026-05-09T17:30:00+10:00,4.04,poor,evening,-4.86,2026-05-09T12:30:00+10:00,42.34
2026-05-09,Neptune,2026-05-09T06:00:00+10:00,39.48,44.75,2026-05-09T06:00:00+10:00,39.48,good,predawn,-4.57,2026-05-09T09:00:00+10:00,62.3
2026-05-10,Mercury,2026-05-10T06:00:00+10:00,0.98,5.68,2026-05-10T06:00:00+10:00,0.98,poor,predawn,-4.68,2026-05-10T11:30:00+10:00,47.03
2026-05-10,Venus,2026-05-10T17:30:00+10:00,15.79,29.89,2026-05-10T17:30:00+10:00,15.79,fair,evening,-4.99,2026-05-10T14:00:00+10:00,38.15
2026-05-10,Mars,2026-05-10T06:00:00+10:00,21.04,26.1,2026-05-10T06:00:00+10:00,21.04,fair,predawn,-4.68,2026-05-10T10:00:00+10:00,54.22
2026-05-10,Jupiter,2026-05-10T17:30:00+10:00,36.0,60.63,2026-05-10T17:30:00+10:00,36.0,good,evening,-4.99,2026-05-10T16:00:00+10:00,40.19
2026-05-10,Saturn,2026-05-10T06:00:00+10:00,34.03,39.14,2026-05-10T06:00:00+10:00,34.03,good,predawn,-4.68,2026-05-10T09:30:00+10:00,60.35
2026-05-10,Uranus,2026-05-10T17:30:00+10:00,3.29,11.14,2026-05-10T17:30:00+10:00,3.29,poor,evening,-4.99,2026-05-10T12:30:00+10:00,42.34
2026-05-10,Neptune,2026-05-10T06:00:00+10:00,40.24,45.69,2026-05-10T06:00:00+10:00,40.24,good,predawn,-4.68,2026-05-10T09:00:00+10:00,62.25
2026-05-11,Mercury,2026-05-11T06:00:00+10:00,-0.29,4.52,2026-05-11T06:00:00+10:00,-0.29,not visible,predawn,-4.79,2026-05-11T11:30:00+10:00,46.27
2026-05-11,Venus,2026-05-11T17:30:00+10:00,15.93,30.12,2026-05-11T17:30:00+10:00,15.93,fair,evening,-5.12,2026-05-11T14:00:00+10:00,38.03
2026-05-11,Mars,2026-05-11T06:00:00+10:00,21.1,26.31,2026-05-11T06:00:00+10:00,21.1,fair,predawn,-4.79,2026-05-11T10:00:00+10:00,53.94
2026-05-11,Jupiter,2026-05-11T17:30:00+10:00,35.71,59.82,2026-05-11T17:30:00+10:00,35.71,good,evening,-5.12,2026-05-11T16:00:00+10:00,40.22
2026-05-11,Saturn,2026-05-11T06:00:00+10:00,34.72,40.0,2026-05-11T06:00:00+10:00,34.72,good,predawn,-4.79,2026-05-11T09:00:00+10:00,60.28
2026-05-11,Uranus,2026-05-11T17:30:00+10:00,2.54,10.23,2026-05-11T17:30:00+10:00,2.54,poor,evening,-5.12,2026-05-11T12:30:00+10:00,42.33
2026-05-11,Neptune,2026-05-11T06:00:00+10:00,40.99,46.63,2026-05-11T06:00:00+10:00,40.99,good,predawn,-4.79,2026-05-11T09:00:00+10:00,62.16
2026-05-12,Mercury,2026-05-12T06:00:00+10:00,-1.59,3.34,2026-05-12T06:00:00+10:00,-1.59,not visible,predawn,-4.9,2026-05-12T11:30:00+10:00,45.5
2026-05-12,Venus,2026-05-12T17:30:00+10:00,16.08,30.36,2026-05-12T17:30:00+10:00,16.08,fair,evening,-5.24,2026-05-12T14:00:00+10:00,37.93
2026-05-12,Mars,2026-05-12T06:00:00+10:00,21.17,26.51,2026-05-12T06:00:00+10:00,21.17,fair,predawn,-4.9,2026-05-12T10:00:00+10:00,53.66
2026-05-12,Jupiter,2026-05-12T17:30:00+10:00,35.42,59.01,2026-05-12T17:30:00+10:00,35.42,good,evening,-5.24,2026-05-12T16:00:00+10:00,40.24
2026-05-12,Saturn,2026-05-12T06:00:00+10:00,35.42,40.86,2026-05-12T06:00:00+10:00,35.42,good,predawn,-4.9,2026-05-12T09:00:00+10:00,60.32
2026-05-12,Uranus,2026-05-12T17:30:00+10:00,1.78,9.32,2026-05-12T17:30:00+10:00,1.78,poor,evening,-5.24,2026-05-12T12:30:00+10:00,42.3
2026-05-12,Neptune,2026-05-12T06:00:00+10:00,41.74,47.57,2026-05-12T06:00:00+10:00,41.74,good,predawn,-4.9,2026-05-12T08:30:00+10:00,62.08
2026-05-13,Mercury,2026-05-13T06:00:00+10:00,-2.9,2.14,2026-05-13T06:00:00+10:00,-2.9,not visible,predawn,-5.02,2026-05-13T11:30:00+10:00,44.72
2026-05-13,Venus,2026-05-13T17:30:00+10:00,16.24,30.6,2026-05-13T17:30:00+10:00,16.24,fair,evening,-5.35,2026-05-13T14:00:00+10:00,37.83
2026-05-13,Mars,2026-05-13T06:00:00+10:00,21.23,26.72,2026-05-13T06:00:00+10:00,21.23,fair,predawn,-5.02,2026-05-13T10:00:00+10:00,53.37
2026-05-13,Jupiter,2026-05-13T17:30:00+10:00,35.11,58.21,2026-05-13T17:30:00+10:00,35.11,good,evening,-5.35,2026-05-13T16:00:00+10:00,40.25
2026-05-13,Saturn,2026-05-13T06:00:00+10:00,36.11,41.72,2026-05-13T06:00:00+10:00,36.11,good,predawn,-5.02,2026-05-13T09:00:00+10:00,60.34
2026-05-13,Uranus,2026-05-13T17:30:00+10:00,1.02,8.41,2026-05-13T17:30:00+10:00,1.02,poor,evening,-5.35,2026-05-13T12:30:00+10:00,42.25
2026-05-13,Neptune,2026-05-13T06:00:00+10:00,42.48,48.5,2026-05-13T06:00:00+10:00,42.48,good,predawn,-5.02,2026-05-13T08:30:00+10:00,62.17
2026-05-14,Mercury,2026-05-14T06:00:00+10:00,-4.22,0.93,2026-05-14T06:00:00+10:00,-4.22,not visible,predawn,-5.13,2026-05-14T11:30:00+10:00,43.93
2026-05-14,Venus,2026-05-14T17:30:00+10:00,16.4,30.83,2026-05-14T17:30:00+10:00,16.4,fair,evening,-5.47,2026-05-14T14:00:00+10:00,37.74
2026-05-14,Mars,2026-05-14T06:00:00+10:00,21.29,26.93,2026-05-14T06:00:00+10:00,21.29,fair,predawn,-5.13,2026-05-14T10:00:00+10:00,53.09
2026-05-14,Jupiter,2026-05-14T17:30:00+10:00,34.79,57.4,2026-05-14T17:30:00+10:00,34.79,good,evening,-5.47,2026-05-14T16:00:00+10:00,40.24
2026-05-14,Saturn,2026-05-14T06:00:00+10:00,36.79,42.58,2026-05-14T06:00:00+10:00,36.79,good,predawn,-5.13,2026-05-14T09:00:00+10:00,60.34
2026-05-14,Uranus,2026-05-14T17:30:00+10:00,0.26,7.5,2026-05-14T17:30:00+10:00,0.26,poor,evening,-5.47,2026-05-14T12:30:00+10:00,42.18
2026-05-14,Neptune,2026-05-14T06:00:00+10:00,43.22,49.44,2026-05-14T06:00:00+10:00,43.22,good,predawn,-5.13,2026-05-14T08:30:00+10:00,62.22
2026-05-15,Mercury,2026-05-15T17:30:00+10:00,-5.1,0.91,2026-05-15T17:30:00+10:00,-5.1,not visible,evening,-5.57,2026-05-15T12:00:00+10:00,43.18
2026-05-15,Venus,2026-05-15T17:30:00+10:00,16.57,31.07,2026-05-15T17:30:00+10:00,16.57,fair,evening,-5.57,2026-05-15T14:00:00+10:00,37.67
2026-05-15,Mars,2026-05-15T06:00:00+10:00,21.36,27.14,2026-05-15T06:00:00+10:00,21.36,fair,predawn,-5.24,2026-05-15T10:00:00+10:00,52.81
2026-05-15,Jupiter,2026-05-15T17:30:00+10:00,34.47,56.6,2026-05-15T17:30:00+10:00,34.47,good,evening,-5.57,2026-05-15T16:00:00+10:00,40.23
2026-05-15,Saturn,2026-05-15T06:00:00+10:00,37.48,43.44,2026-05-15T06:00:00+10:00,37.48,good,predawn,-5.24,2026-05-15T09:00:00+10:00,60.32
2026-05-15,Uranus,2026-05-15T17:30:00+10:00,-0.5,6.6,2026-05-15T17:30:00+10:00,-0.5,not visible,evening,-5.57,2026-05-15T12:00:00+10:00,42.19
2026-05-15,Neptune,2026-05-15T06:00:00+10:00,43.95,50.38,2026-05-15T06:00:00+10:00,43.95,good,predawn,-5.24,2026-05-15T08:30:00+10:00,62.25
2026-05-16,Mercury,2026-05-16T17:30:00+10:00,-4.39,2.14,2026-05-16T17:30:00+10:00,-4.39,not visible,evening,-5.67,2026-05-16T12:00:00+10:00,42.56
2026-05-16,Venus,2026-05-16T17:30:00+10:00,16.75,31.3,2026-05-16T17:30:00+10:00,16.75,fair,evening,-5.67,2026-05-16T14:00:00+10:00,37.6
2026-05-16,Mars,2026-05-16T06:00:00+10:00,21.42,27.35,2026-05-16T06:00:00+10:00,21.42,fair,predawn,-5.35,2026-05-16T10:00:00+10:00,52.53
2026-05-16,Jupiter,2026-05-16T17:30:00+10:00,34.14,55.81,2026-05-16T17:30:00+10:00,34.14,good,evening,-5.67,2026-05-16T15:30:00+10:00,40.22
2026-05-16,Saturn,2026-05-16T06:00:00+10:00,38.16,44.3,2026-05-16T06:00:00+10:00,38.16,good,predawn,-5.35,2026-05-16T09:00:00+10:00,60.27
2026-05-16,Uranus,2026-05-16T17:30:00+10:00,-1.26,5.69,2026-05-16T17:30:00+10:00,-1.26,not visible,evening,-5.67,2026-05-16T12:00:00+10:00,42.22
2026-05-16,Neptune,2026-05-16T06:00:00+10:00,44.67,51.32,2026-05-16T06:00:00+10:00,44.67,good,predawn,-5.35,2026-05-16T08:30:00+10:00,62.25
2026-05-17,Mercury,2026-05-17T17:30:00+10:00,-3.66,3.37,2026-05-17T17:30:00+10:00,-3.66,not visible,evening,-5.77,2026-05-17T12:00:00+10:00,41.94
2026-05-17,Venus,2026-05-17T17:30:00+10:00,16.93,31.54,2026-05-17T17:30:00+10:00,16.93,fair,evening,-5.77,2026-05-17T14:00:00+10:00,37.54
2026-05-17,Mars,2026-05-17T06:00:00+10:00,21.48,27.55,2026-05-17T06:00:00+10:00,21.48,fair,predawn,-5.46,2026-05-17T10:00:00+10:00,52.25
2026-05-17,Jupiter,2026-05-17T17:30:00+10:00,33.8,55.01,2026-05-17T17:30:00+10:00,33.8,good,evening,-5.77,2026-05-17T15:30:00+10:00,40.3
2026-05-17,Saturn,2026-05-17T06:00:00+10:00,38.83,45.16,2026-05-17T06:00:00+10:00,38.83,good,predawn,-5.46,2026-05-17T09:00:00+10:00,60.19
2026-05-17,Uranus,2026-05-17T17:30:00+10:00,-2.03,4.79,2026-05-17T17:30:00+10:00,-2.03,not visible,evening,-5.77,2026-05-17T12:00:00+10:00,42.24
2026-05-17,Neptune,2026-05-17T06:00:00+10:00,45.39,52.25,2026-05-17T06:00:00+10:00,45.39,excellent,predawn,-5.46,2026-05-17T08:30:00+10:00,62.22
2026-05-18,Mercury,2026-05-18T17:30:00+10:00,-2.91,4.59,2026-05-18T17:30:00+10:00,-2.91,not visible,evening,-5.87,2026-05-18T12:00:00+10:00,41.32
2026-05-18,Venus,2026-05-18T17:30:00+10:00,17.12,31.77,2026-05-18T17:30:00+10:00,17.12,fair,evening,-5.87,2026-05-18T14:00:00+10:00,37.49
2026-05-18,Mars,2026-05-18T06:00:00+10:00,21.54,27.76,2026-05-18T06:00:00+10:00,21.54,fair,predawn,-5.57,2026-05-18T10:00:00+10:00,51.96
2026-05-18,Jupiter,2026-05-18T17:30:00+10:00,33.45,54.21,2026-05-18T17:30:00+10:00,33.45,good,evening,-5.87,2026-05-18T15:30:00+10:00,40.36
2026-05-18,Saturn,2026-05-18T06:00:00+10:00,39.5,46.03,2026-05-18T06:00:00+10:00,39.5,good,predawn,-5.57,2026-05-18T09:00:00+10:00,60.09
2026-05-18,Uranus,2026-05-18T17:30:00+10:00,-2.8,3.88,2026-05-18T17:30:00+10:00,-2.8,not visible,evening,-5.87,2026-05-18T12:00:00+10:00,42.25
2026-05-18,Neptune,2026-05-18T06:00:00+10:00,46.1,53.19,2026-05-18T06:00:00+10:00,46.1,excellent,predawn,-5.57,2026-05-18T08:30:00+10:00,62.15
2026-05-19,Mercury,2026-05-19T17:30:00+10:00,-2.15,5.81,2026-05-19T17:30:00+10:00,-2.15,not visible,evening,-5.96,2026-05-19T12:00:00+10:00,40.71
2026-05-19,Venus,2026-05-19T17:30:00+10:00,17.32,32.01,2026-05-19T17:30:00+10:00,17.32,fair,evening,-5.96,2026-05-19T14:00:00+10:00,37.46
2026-05-19,Mars,2026-05-19T06:00:00+10:00,21.6,27.97,2026-05-19T06:00:00+10:00,21.6,fair,predawn,-5.68,2026-05-19T10:00:00+10:00,51.68
2026-05-19,Jupiter,2026-05-19T17:30:00+10:00,33.1,53.42,2026-05-19T17:30:00+10:00,33.1,good,evening,-5.96,2026-05-19T15:30:00+10:00,40.41
2026-05-19,Saturn,2026-05-19T06:00:00+10:00,40.17,46.89,2026-05-19T06:00:00+10:00,40.17,good,predawn,-5.68,2026-05-19T09:00:00+10:00,59.97
2026-05-19,Uranus,2026-05-19T17:30:00+10:00,-3.57,2.98,2026-05-19T17:30:00+10:00,-3.57,not visible,evening,-5.96,2026-05-19T12:00:00+10:00,42.23
2026-05-19,Neptune,2026-05-19T06:00:00+10:00,46.81,54.13,2026-05-19T06:00:00+10:00,46.81,excellent,predawn,-5.68,2026-05-19T08:30:00+10:00,62.06
2026-05-20,Mercury,2026-05-20T17:30:00+10:00,-1.39,7.02,2026-05-20T17:30:00+10:00,-1.39,not visible,evening,-6.04,2026-05-20T12:00:00+10:00,40.1
2026-05-20,Venus,2026-05-20T17:30:00+10:00,17.53,32.24,2026-05-20T17:30:00+10:00,17.53,fair,evening,-6.04,2026-05-20T14:00:00+10:00,37.43
2026-05-20,Mars,2026-05-20T06:00:00+10:00,21.66,28.19,2026-05-20T06:00:00+10:00,21.66,fair,predawn,-5.79,2026-05-20T10:00:00+10:00,51.4
2026-05-20,Jupiter,2026-05-20T17:30:00+10:00,32.74,52.63,2026-05-20T17:30:00+10:00,32.74,good,evening,-6.04,2026-05-20T15:30:00+10:00,40.45
2026-05-20,Saturn,2026-05-20T06:00:00+10:00,40.83,47.75,2026-05-20T06:00:00+10:00,40.83,good,predawn,-5.79,2026-05-20T08:30:00+10:00,60.0
2026-05-20,Uranus,2026-05-20T17:30:00+10:00,-4.34,2.07,2026-05-20T17:30:00+10:00,-4.34,not visible,evening,-6.04,2026-05-20T12:00:00+10:00,42.2
2026-05-20,Neptune,2026-05-20T06:00:00+10:00,47.5,55.07,2026-05-20T06:00:00+10:00,47.5,excellent,predawn,-5.79,2026-05-20T08:00:00+10:00,62.02
2026-05-21,Mercury,2026-05-21T17:30:00+10:00,-0.61,8.2,2026-05-21T17:30:00+10:00,-0.61,not visible,evening,-6.12,2026-05-21T12:30:00+10:00,39.56
2026-05-21,Venus,2026-05-21T17:30:00+10:00,17.74,32.47,2026-05-21T17:30:00+10:00,17.74,fair,evening,-6.12,2026-05-21T14:00:00+10:00,37.41
2026-05-21,Mars,2026-05-21T06:00:00+10:00,21.71,28.4,2026-05-21T06:00:00+10:00,21.71,fair,predawn,-5.89,2026-05-21T10:00:00+10:00,51.12
2026-05-21,Jupiter,2026-05-21T17:30:00+10:00,32.37,51.84,2026-05-21T17:30:00+10:00,32.37,good,evening,-6.12,2026-05-21T15:30:00+10:00,40.47
2026-05-21,Saturn,2026-05-21T06:00:00+10:00,41.49,48.62,2026-05-21T06:00:00+10:00,41.49,good,predawn,-5.89,2026-05-21T08:30:00+10:00,60.03
2026-05-21,Uranus,2026-05-21T17:30:00+10:00,-5.11,1.17,2026-05-21T17:30:00+10:00,-5.11,not visible,evening,-6.12,2026-05-21T12:00:00+10:00,42.16
2026-05-21,Neptune,2026-05-21T06:00:00+10:00,48.19,56.01,2026-05-21T06:00:00+10:00,48.19,excellent,predawn,-5.89,2026-05-21T08:00:00+10:00,62.1
2026-05-22,Mercury,2026-05-22T17:30:00+10:00,0.16,9.36,2026-05-22T17:30:00+10:00,0.16,poor,evening,-6.2,2026-05-22T12:30:00+10:00,39.16
2026-05-22,Venus,2026-05-22T17:30:00+10:00,17.96,32.7,2026-05-22T17:30:00+10:00,17.96,fair,evening,-6.2,2026-05-22T14:00:00+10:00,37.4
2026-05-22,Mars,2026-05-22T06:00:00+10:00,21.77,28.61,2026-05-22T06:00:00+10:00,21.77,fair,predawn,-6.0,2026-05-22T10:00:00+10:00,50.84
2026-05-22,Jupiter,2026-05-22T17:30:00+10:00,32.0,51.06,2026-05-22T17:30:00+10:00,32.0,good,evening,-6.2,2026-05-22T15:30:00+10:00,40.49
2026-05-22,Saturn,2026-05-22T06:00:00+10:00,42.14,49.48,2026-05-22T06:00:00+10:00,42.14,good,predawn,-6.0,2026-05-22T08:30:00+10:00,60.04
2026-05-22,Uranus,2026-05-22T17:30:00+10:00,-5.89,0.31,2026-05-22T17:30:00+10:00,-5.89,not visible,evening,-6.2,2026-05-22T12:00:00+10:00,42.09
2026-05-22,Neptune,2026-05-22T06:00:00+10:00,48.87,56.94,2026-05-22T06:00:00+10:00,48.87,excellent,predawn,-6.0,2026-05-22T08:00:00+10:00,62.16
2026-05-23,Mercury,2026-05-23T17:30:00+10:00,0.94,10.49,2026-05-23T17:30:00+10:00,0.94,poor,evening,-6.27,2026-05-23T12:30:00+10:00,38.76
2026-05-23,Venus,2026-05-23T17:30:00+10:00,18.18,32.93,2026-05-23T17:30:00+10:00,18.18,fair,evening,-6.27,2026-05-23T14:00:00+10:00,37.41
2026-05-23,Mars,2026-05-23T06:00:00+10:00,21.83,28.82,2026-05-23T06:00:00+10:00,21.83,fair,predawn,-6.11,2026-05-23T10:00:00+10:00,50.56
2026-05-23,Jupiter,2026-05-23T17:30:00+10:00,31.61,50.27,2026-05-23T17:30:00+10:00,31.61,good,evening,-6.27,2026-05-23T15:30:00+10:00,40.49
2026-05-23,Saturn,2026-05-23T06:00:00+10:00,42.79,50.35,2026-05-23T06:00:00+10:00,42.79,good,predawn,-6.11,2026-05-23T08:30:00+10:00,60.03
2026-05-23,Uranus,2026-05-23T06:00:00+10:00,-5.86,0.27,2026-05-23T06:00:00+10:00,-5.86,not visible,predawn,-6.11,2026-05-23T11:30:00+10:00,42.08
2026-05-23,Neptune,2026-05-23T06:00:00+10:00,49.54,57.88,2026-05-23T06:00:00+10:00,49.54,excellent,predawn,-6.11,2026-05-23T08:00:00+10:00,62.18
2026-05-24,Mercury,2026-05-24T17:30:00+10:00,1.71,11.59,2026-05-24T17:30:00+10:00,1.71,poor,evening,-6.33,2026-05-24T12:30:00+10:00,38.39
2026-05-24,Venus,2026-05-24T17:30:00+10:00,18.41,33.16,2026-05-24T17:30:00+10:00,18.41,fair,evening,-6.33,2026-05-24T14:00:00+10:00,37.42
2026-05-24,Mars,2026-05-24T06:00:00+10:00,21.88,29.03,2026-05-24T06:00:00+10:00,21.88,fair,predawn,-6.21,2026-05-24T10:00:00+10:00,50.28
2026-05-24,Jupiter,2026-05-24T17:30:00+10:00,31.22,49.49,2026-05-24T17:30:00+10:00,31.22,good,evening,-6.33,2026-05-24T15:30:00+10:00,40.49
2026-05-24,Saturn,2026-05-24T06:00:00+10:00,43.43,51.22,2026-05-24T06:00:00+10:00,43.43,good,predawn,-6.21,2026-05-24T08:30:00+10:00,59.99
2026-05-24,Uranus,2026-05-24T06:00:00+10:00,-5.09,1.13,2026-05-24T06:00:00+10:00,-5.09,not visible,predawn,-6.21,2026-05-24T11:30:00+10:00,42.12
2026-05-24,Neptune,2026-05-24T06:00:00+10:00,50.2,58.82,2026-05-24T06:00:00+10:00,50.2,excellent,predawn,-6.21,2026-05-24T08:00:00+10:00,62.17
2026-05-25,Mercury,2026-05-25T17:30:00+10:00,2.48,12.66,2026-05-25T17:30:00+10:00,2.48,poor,evening,-6.4,2026-05-25T12:30:00+10:00,38.03
2026-05-25,Venus,2026-05-25T17:30:00+10:00,18.65,33.39,2026-05-25T17:30:00+10:00,18.65,fair,evening,-6.4,2026-05-25T14:00:00+10:00,37.44
2026-05-25,Mars,2026-05-25T06:00:00+10:00,21.94,29.24,2026-05-25T06:00:00+10:00,21.94,fair,predawn,-6.31,2026-05-25T10:00:00+10:00,50.0
2026-05-25,Jupiter,2026-05-25T17:30:00+10:00,30.83,48.71,2026-05-25T17:30:00+10:00,30.83,good,evening,-6.4,2026-05-25T15:30:00+10:00,40.47
2026-05-25,Saturn,2026-05-25T06:00:00+10:00,44.06,52.08,2026-05-25T06:00:00+10:00,44.06,good,predawn,-6.31,2026-05-25T08:30:00+10:00,59.93
2026-05-25,Uranus,2026-05-25T06:00:00+10:00,-4.33,2.02,2026-05-25T06:00:00+10:00,-4.33,not visible,predawn,-6.31,2026-05-25T11:30:00+10:00,42.14
2026-05-25,Neptune,2026-05-25T06:00:00+10:00,50.85,59.76,2026-05-25T06:00:00+10:00,50.85,excellent,predawn,-6.31,2026-05-25T08:00:00+10:00,62.14
2026-05-26,Mercury,2026-05-26T17:30:00+10:00,3.24,13.69,2026-05-26T17:30:00+10:00,3.24,poor,evening,-6.45,2026-05-26T12:30:00+10:00,37.69
2026-05-26,Venus,2026-05-26T17:30:00+10:00,18.9,33.62,2026-05-26T17:30:00+10:00,18.9,fair,evening,-6.45,2026-05-26T14:00:00+10:00,37.47
2026-05-26,Mars,2026-05-26T06:00:00+10:00,21.99,29.46,2026-05-26T06:00:00+10:00,21.99,fair,predawn,-6.42,2026-05-26T10:00:00+10:00,49.73
2026-05-26,Jupiter,2026-05-26T17:30:00+10:00,30.43,47.93,2026-05-26T17:30:00+10:00,30.43,good,evening,-6.45,2026-05-26T15:00:00+10:00,40.53
2026-05-26,Saturn,2026-05-26T06:00:00+10:00,44.69,52.95,2026-05-26T06:00:00+10:00,44.69,good,predawn,-6.42,2026-05-26T08:30:00+10:00,59.85
2026-05-26,Uranus,2026-05-26T06:00:00+10:00,-3.57,2.92,2026-05-26T06:00:00+10:00,-3.57,not visible,predawn,-6.42,2026-05-26T11:30:00+10:00,42.15
2026-05-26,Neptune,2026-05-26T06:00:00+10:00,51.49,60.7,2026-05-26T06:00:00+10:00,51.49,excellent,predawn,-6.42,2026-05-26T08:00:00+10:00,62.07
2026-05-27,Mercury,2026-05-27T17:30:00+10:00,3.98,14.68,2026-05-27T17:30:00+10:00,3.98,poor,evening,-6.51,2026-05-27T13:00:00+10:00,37.4
2026-05-27,Venus,2026-05-27T17:30:00+10:00,19.15,33.85,2026-05-27T17:30:00+10:00,19.15,fair,evening,-6.51,2026-05-27T14:00:00+10:00,37.52
2026-05-27,Mars,2026-05-27T06:00:00+10:00,22.05,29.67,2026-05-27T06:00:00+10:00,22.05,fair,predawn,-6.52,2026-05-27T10:00:00+10:00,49.45
2026-05-27,Jupiter,2026-05-27T17:30:00+10:00,30.02,47.15,2026-05-27T17:30:00+10:00,30.02,good,evening,-6.51,2026-05-27T15:00:00+10:00,40.6
2026-05-27,Saturn,2026-05-27T06:00:00+10:00,45.31,53.82,2026-05-27T06:00:00+10:00,45.31,excellent,predawn,-6.52,2026-05-27T08:30:00+10:00,59.74
2026-05-27,Uranus,2026-05-27T06:00:00+10:00,-2.81,3.82,2026-05-27T06:00:00+10:00,-2.81,not visible,predawn,-6.52,2026-05-27T11:30:00+10:00,42.14
2026-05-27,Neptune,2026-05-27T06:00:00+10:00,52.11,61.64,2026-05-27T06:00:00+10:00,52.11,excellent,predawn,-6.52,2026-05-27T08:00:00+10:00,61.97
2026-05-28,Mercury,2026-05-28T17:30:00+10:00,4.72,15.63,2026-05-28T17:30:00+10:00,4.72,poor,evening,-6.56,2026-05-28T13:00:00+10:00,37.26
2026-05-28,Venus,2026-05-28T17:30:00+10:00,19.4,34.07,2026-05-28T17:30:00+10:00,19.4,fair,evening,-6.56,2026-05-28T14:00:00+10:00,37.57
2026-05-28,Mars,2026-05-28T06:00:00+10:00,22.1,29.89,2026-05-28T06:00:00+10:00,22.1,fair,predawn,-6.62,2026-05-28T09:30:00+10:00,49.2
2026-05-28,Jupiter,2026-05-28T17:30:00+10:00,29.61,46.37,2026-05-28T17:30:00+10:00,29.61,good,evening,-6.56,2026-05-28T15:00:00+10:00,40.66
2026-05-28,Saturn,2026-05-28T06:00:00+10:00,45.92,54.69,2026-05-28T06:00:00+10:00,45.92,excellent,predawn,-6.62,2026-05-28T08:00:00+10:00,59.7
2026-05-28,Uranus,2026-05-28T06:00:00+10:00,-2.05,4.73,2026-05-28T06:00:00+10:00,-2.05,not visible,predawn,-6.62,2026-05-28T11:30:00+10:00,42.11
2026-05-28,Neptune,2026-05-28T06:00:00+10:00,52.73,62.57,2026-05-28T06:00:00+10:00,52.73,excellent,predawn,-6.62,2026-05-28T07:30:00+10:00,61.97
2026-05-29,Mercury,2026-05-29T17:30:00+10:00,5.44,16.53,2026-05-29T17:30:00+10:00,5.44,poor,evening,-6.6,2026-05-29T13:00:00+10:00,37.13
2026-05-29,Venus,2026-05-29T17:30:00+10:00,19.66,34.3,2026-05-29T17:30:00+10:00,19.66,fair,evening,-6.6,2026-05-29T14:00:00+10:00,37.63
2026-05-29,Mars,2026-05-29T06:00:00+10:00,22.15,30.1,2026-05-29T06:00:00+10:00,22.15,fair,predawn,-6.72,2026-05-29T09:30:00+10:00,48.97
2026-05-29,Jupiter,2026-05-29T17:30:00+10:00,29.19,45.6,2026-05-29T17:30:00+10:00,29.19,good,evening,-6.6,2026-05-29T15:00:00+10:00,40.7
2026-05-29,Saturn,2026-05-29T06:00:00+10:00,46.53,55.56,2026-05-29T06:00:00+10:00,46.53,excellent,predawn,-6.72,2026-05-29T08:00:00+10:00,59.75
2026-05-29,Uranus,2026-05-29T06:00:00+10:00,-1.3,5.63,2026-05-29T06:00:00+10:00,-1.3,not visible,predawn,-6.72,2026-05-29T11:30:00+10:00,42.07
2026-05-29,Neptune,2026-05-29T06:00:00+10:00,53.33,63.51,2026-05-29T06:00:00+10:00,53.33,excellent,predawn,-6.72,2026-05-29T07:30:00+10:00,62.05
2026-05-30,Mercury,2026-05-30T17:30:00+10:00,6.14,17.39,2026-05-30T17:30:00+10:00,6.14,poor,evening,-6.64,2026-05-30T13:00:00+10:00,37.03
2026-05-30,Venus,2026-05-30T17:30:00+10:00,19.93,34.53,2026-05-30T17:30:00+10:00,19.93,fair,evening,-6.64,2026-05-30T14:30:00+10:00,37.72
2026-05-30,Mars,2026-05-30T06:00:00+10:00,22.21,30.32,2026-05-30T06:00:00+10:00,22.21,fair,predawn,-6.81,2026-05-30T09:30:00+10:00,48.74
2026-05-30,Jupiter,2026-05-30T17:30:00+10:00,28.77,44.83,2026-05-30T17:30:00+10:00,28.77,good,evening,-6.64,2026-05-30T15:00:00+10:00,40.74
2026-05-30,Saturn,2026-05-30T06:00:00+10:00,47.13,56.43,2026-05-30T06:00:00+10:00,47.13,excellent,predawn,-6.81,2026-05-30T08:00:00+10:00,59.77
2026-05-30,Uranus,2026-05-30T06:00:00+10:00,-0.55,6.53,2026-05-30T06:00:00+10:00,-0.55,not visible,predawn,-6.81,2026-05-30T11:30:00+10:00,42.01
2026-05-30,Neptune,2026-05-30T06:00:00+10:00,53.92,64.45,2026-05-30T06:00:00+10:00,53.92,excellent,predawn,-6.81,2026-05-30T07:30:00+10:00,62.1
2026-05-31,Mercury,2026-05-31T17:30:00+10:00,6.82,18.2,2026-05-31T17:30:00+10:00,6.82,poor,evening,-6.68,2026-05-31T13:00:00+10:00,36.94
2026-05-31,Venus,2026-05-31T17:30:00+10:00,20.21,34.75,2026-05-31T17:30:00+10:00,20.21,fair,evening,-6.68,2026-05-31T14:30:00+10:00,37.85
2026-05-31,Mars,2026-05-31T06:00:00+10:00,22.26,30.53,2026-05-31T06:00:00+10:00,22.26,fair,predawn,-6.91,2026-05-31T09:30:00+10:00,48.51
2026-05-31,Jupiter,2026-05-31T17:30:00+10:00,28.34,44.06,2026-05-31T17:30:00+10:00,28.34,good,evening,-6.68,2026-05-31T15:00:00+10:00,40.77
2026-05-31,Saturn,2026-05-31T06:00:00+10:00,47.72,57.3,2026-05-31T06:00:00+10:00,47.72,excellent,predawn,-6.91,2026-05-31T08:00:00+10:00,59.77
2026-05-31,Uranus,2026-05-31T06:00:00+10:00,0.2,7.43,2026-05-31T06:00:00+10:00,0.2,poor,predawn,-6.91,2026-05-31T11:00:00+10:00,41.98
2026-05-31,Neptune,2026-05-31T06:00:00+10:00,54.5,65.39,2026-05-31T06:00:00+10:00,54.5,excellent,predawn,-6.91,2026-05-31T07:30:00+10:00,62.12
2026-06-01,Mercury,2026-06-01T17:30:00+10:00,7.49,18.97,2026-06-01T17:30:00+10:00,7.49,poor,evening,-6.71,2026-06-01T13:00:00+10:00,36.88
2026-06-01,Venus,2026-06-01T17:30:00+10:00,20.48,34.97,2026-06-01T17:30:00+10:00,20.48,fair,evening,-6.71,2026-06-01T14:30:00+10:00,37.98
2026-06-01,Mars,2026-06-01T06:00:00+10:00,22.31,30.75,2026-06-01T06:00:00+10:00,22.31,fair,predawn,-7.0,2026-06-01T09:30:00+10:00,48.29
2026-06-01,Jupiter,2026-06-01T17:30:00+10:00,27.9,43.29,2026-06-01T17:30:00+10:00,27.9,good,evening,-6.71,2026-06-01T15:00:00+10:00,40.78
2026-06-01,Saturn,2026-06-01T06:00:00+10:00,48.3,58.17,2026-06-01T06:00:00+10:00,48.3,excellent,predawn,-7.0,2026-06-01T08:00:00+10:00,59.75
2026-06-01,Uranus,2026-06-01T06:00:00+10:00,0.95,8.33,2026-06-01T06:00:00+10:00,0.95,poor,predawn,-7.0,2026-06-01T11:00:00+10:00,42.02
2026-06-01,Neptune,2026-06-01T06:00:00+10:00,55.06,66.33,2026-06-01T06:00:00+10:00,55.06,excellent,predawn,-7.0,2026-06-01T07:30:00+10:00,62.11
2026-06-02,Mercury,2026-06-02T17:30:00+10:00,8.13,19.69,2026-06-02T17:30:00+10:00,8.13,poor,evening,-6.74,2026-06-02T13:00:00+10:00,36.84
2026-06-02,Venus,2026-06-02T17:30:00+10:00,20.77,35.2,2026-06-02T17:30:00+10:00,20.77,fair,evening,-6.74,2026-06-02T14:30:00+10:00,38.12
2026-06-02,Mars,2026-06-02T06:00:00+10:00,22.36,30.97,2026-06-02T06:00:00+10:00,22.36,fair,predawn,-7.09,2026-06-02T09:30:00+10:00,48.06
2026-06-02,Jupiter,2026-06-02T17:30:00+10:00,27.46,42.52,2026-06-02T17:30:00+10:00,27.46,good,evening,-6.74,2026-06-02T15:00:00+10:00,40.78
2026-06-02,Saturn,2026-06-02T06:00:00+10:00,48.87,59.05,2026-06-02T06:00:00+10:00,48.87,excellent,predawn,-7.09,2026-06-02T08:00:00+10:00,59.7
2026-06-02,Uranus,2026-06-02T06:00:00+10:00,1.69,9.23,2026-06-02T06:00:00+10:00,1.69,poor,predawn,-7.09,2026-06-02T11:00:00+10:00,42.05
2026-06-02,Neptune,2026-06-02T06:00:00+10:00,55.61,67.27,2026-06-02T06:00:00+10:00,55.61,excellent,predawn,-7.09,2026-06-02T07:30:00+10:00,62.07
2026-06-03,Mercury,2026-06-03T17:30:00+10:00,8.75,20.36,2026-06-03T17:30:00+10:00,8.75,poor,evening,-6.76,2026-06-03T13:00:00+10:00,36.82
2026-06-03,Venus,2026-06-03T17:30:00+10:00,21.06,35.42,2026-06-03T17:30:00+10:00,21.06,fair,evening,-6.76,2026-06-03T14:30:00+10:00,38.27
2026-06-03,Mars,2026-06-03T06:00:00+10:00,22.41,31.18,2026-06-03T06:00:00+10:00,22.41,fair,predawn,-7.18,2026-06-03T09:30:00+10:00,47.83
2026-06-03,Jupiter,2026-06-03T17:30:00+10:00,27.01,41.75,2026-06-03T17:30:00+10:00,27.01,good,evening,-6.76,2026-06-03T15:00:00+10:00,40.77
2026-06-03,Saturn,2026-06-03T06:00:00+10:00,49.44,59.92,2026-06-03T06:00:00+10:00,49.44,excellent,predawn,-7.18,2026-06-03T08:00:00+10:00,59.62
2026-06-03,Uranus,2026-06-03T06:00:00+10:00,2.43,10.13,2026-06-03T06:00:00+10:00,2.43,poor,predawn,-7.18,2026-06-03T11:00:00+10:00,42.06
2026-06-03,Neptune,2026-06-03T06:00:00+10:00,56.14,68.21,2026-06-03T06:00:00+10:00,56.14,excellent,predawn,-7.18,2026-06-03T07:30:00+10:00,61.99
2026-06-04,Mercury,2026-06-04T17:30:00+10:00,9.35,20.98,2026-06-04T17:30:00+10:00,9.35,poor,evening,-6.78,2026-06-04T13:30:00+10:00,36.89
2026-06-04,Venus,2026-06-04T17:30:00+10:00,21.35,35.64,2026-06-04T17:30:00+10:00,21.35,fair,evening,-6.78,2026-06-04T14:30:00+10:00,38.43
2026-06-04,Mars,2026-06-04T06:00:00+10:00,22.46,31.4,2026-06-04T06:00:00+10:00,22.46,fair,predawn,-7.27,2026-06-04T09:30:00+10:00,47.61
2026-06-04,Jupiter,2026-06-04T17:30:00+10:00,26.56,40.98,2026-06-04T17:30:00+10:00,26.56,good,evening,-6.78,2026-06-04T14:30:00+10:00,40.78
2026-06-04,Saturn,2026-06-04T06:00:00+10:00,49.99,60.8,2026-06-04T06:00:00+10:00,49.99,excellent,predawn,-7.27,2026-06-04T08:00:00+10:00,59.52
2026-06-04,Uranus,2026-06-04T06:00:00+10:00,3.17,11.03,2026-06-04T06:00:00+10:00,3.17,poor,predawn,-7.27,2026-06-04T11:00:00+10:00,42.05
2026-06-04,Neptune,2026-06-04T06:00:00+10:00,56.65,69.14,2026-06-04T06:00:00+10:00,56.65,excellent,predawn,-7.27,2026-06-04T07:30:00+10:00,61.89
2026-06-05,Mercury,2026-06-05T17:30:00+10:00,9.92,21.55,2026-06-05T17:30:00+10:00,9.92,poor,evening,-6.8,2026-06-05T13:30:00+10:00,37.02
2026-06-05,Venus,2026-06-05T17:30:00+10:00,21.65,35.86,2026-06-05T17:30:00+10:00,21.65,fair,evening,-6.8,2026-06-05T14:30:00+10:00,38.6
2026-06-05,Mars,2026-06-05T06:00:00+10:00,22.51,31.62,2026-06-05T06:00:00+10:00,22.51,fair,predawn,-7.36,2026-06-05T09:30:00+10:00,47.38
2026-06-05,Jupiter,2026-06-05T17:30:00+10:00,26.11,40.22,2026-06-05T17:30:00+10:00,26.11,good,evening,-6.8,2026-06-05T14:30:00+10:00,40.86
2026-06-05,Saturn,2026-06-05T06:00:00+10:00,50.54,61.67,2026-06-05T06:00:00+10:00,50.54,excellent,predawn,-7.36,2026-06-05T07:30:00+10:00,59.43
2026-06-05,Uranus,2026-06-05T06:00:00+10:00,3.91,11.93,2026-06-05T06:00:00+10:00,3.91,poor,predawn,-7.36,2026-06-05T11:00:00+10:00,42.02
2026-06-05,Neptune,2026-06-05T06:00:00+10:00,57.14,70.08,2026-06-05T06:00:00+10:00,57.14,excellent,predawn,-7.36,2026-06-05T07:00:00+10:00,61.94
2026-06-06,Mercury,2026-06-06T17:30:00+10:00,10.47,22.08,2026-06-06T17:30:00+10:00,10.47,poor,evening,-6.81,2026-06-06T13:30:00+10:00,37.16
2026-06-06,Venus,2026-06-06T17:30:00+10:00,21.96,36.07,2026-06-06T17:30:00+10:00,21.96,fair,evening,-6.81,2026-06-06T14:30:00+10:00,38.78
2026-06-06,Mars,2026-06-06T06:00:00+10:00,22.56,31.84,2026-06-06T06:00:00+10:00,22.56,fair,predawn,-7.45,2026-06-06T09:30:00+10:00,47.16
2026-06-06,Jupiter,2026-06-06T17:30:00+10:00,25.65,39.46,2026-06-06T17:30:00+10:00,25.65,good,evening,-6.81,2026-06-06T14:30:00+10:00,40.93
2026-06-06,Saturn,2026-06-06T06:00:00+10:00,51.07,62.55,2026-06-06T06:00:00+10:00,51.07,excellent,predawn,-7.45,2026-06-06T07:30:00+10:00,59.49
2026-06-06,Uranus,2026-06-06T06:00:00+10:00,4.64,12.83,2026-06-06T06:00:00+10:00,4.64,poor,predawn,-7.45,2026-06-06T11:00:00+10:00,41.98
2026-06-06,Neptune,2026-06-06T06:00:00+10:00,57.62,71.02,2026-06-06T06:00:00+10:00,57.62,excellent,predawn,-7.45,2026-06-06T07:00:00+10:00,62.02
2026-06-07,Mercury,2026-06-07T17:30:00+10:00,10.99,22.55,2026-06-07T17:30:00+10:00,10.99,poor,evening,-6.82,2026-06-07T13:30:00+10:00,37.33
2026-06-07,Venus,2026-06-07T17:30:00+10:00,22.26,36.29,2026-06-07T17:30:00+10:00,22.26,fair,evening,-6.82,2026-06-07T14:30:00+10:00,38.97
2026-06-07,Mars,2026-06-07T06:00:00+10:00,22.61,32.06,2026-06-07T06:00:00+10:00,22.61,fair,predawn,-7.53,2026-06-07T09:30:00+10:00,46.94
2026-06-07,Jupiter,2026-06-07T17:30:00+10:00,25.18,38.7,2026-06-07T17:30:00+10:00,25.18,good,evening,-6.82,2026-06-07T14:30:00+10:00,40.99
2026-06-07,Saturn,2026-06-07T06:00:00+10:00,51.59,63.43,2026-06-07T06:00:00+10:00,51.59,excellent,predawn,-7.53,2026-06-07T07:30:00+10:00,59.53
2026-06-07,Uranus,2026-06-07T06:00:00+10:00,5.37,13.73,2026-06-07T06:00:00+10:00,5.37,poor,predawn,-7.53,2026-06-07T11:00:00+10:00,41.92
2026-06-07,Neptune,2026-06-07T06:00:00+10:00,58.08,71.96,2026-06-07T06:00:00+10:00,58.08,excellent,predawn,-7.53,2026-06-07T07:00:00+10:00,62.06
2026-06-08,Mercury,2026-06-08T17:30:00+10:00,11.48,22.98,2026-06-08T17:30:00+10:00,11.48,poor,evening,-6.82,2026-06-08T13:30:00+10:00,37.51
2026-06-08,Venus,2026-06-08T17:30:00+10:00,22.58,36.51,2026-06-08T17:30:00+10:00,22.58,fair,evening,-6.82,2026-06-08T14:30:00+10:00,39.17
2026-06-08,Mars,2026-06-08T06:00:00+10:00,22.65,32.28,2026-06-08T06:00:00+10:00,22.65,fair,predawn,-7.61,2026-06-08T09:30:00+10:00,46.72
2026-06-08,Jupiter,2026-06-08T17:30:00+10:00,24.71,37.94,2026-06-08T17:30:00+10:00,24.71,fair,evening,-6.82,2026-06-08T14:30:00+10:00,41.04
2026-06-08,Saturn,2026-06-08T06:00:00+10:00,52.1,64.31,2026-06-08T06:00:00+10:00,52.1,excellent,predawn,-7.61,2026-06-08T07:30:00+10:00,59.54
2026-06-08,Uranus,2026-06-08T06:00:00+10:00,6.1,14.63,2026-06-08T06:00:00+10:00,6.1,poor,predawn,-7.61,2026-06-08T10:30:00+10:00,41.88
2026-06-08,Neptune,2026-06-08T06:00:00+10:00,58.51,72.9,2026-06-08T06:00:00+10:00,58.51,excellent,predawn,-7.61,2026-06-08T07:00:00+10:00,62.07
2026-06-09,Mercury,2026-06-09T17:30:00+10:00,11.94,23.35,2026-06-09T17:30:00+10:00,11.94,poor,evening,-6.82,2026-06-09T13:30:00+10:00,37.71
2026-06-09,Venus,2026-06-09T17:30:00+10:00,22.9,36.72,2026-06-09T17:30:00+10:00,22.9,fair,evening,-6.82,2026-06-09T14:30:00+10:00,39.38
2026-06-09,Mars,2026-06-09T06:00:00+10:00,22.7,32.51,2026-06-09T06:00:00+10:00,22.7,fair,predawn,-7.69,2026-06-09T09:30:00+10:00,46.5
2026-06-09,Jupiter,2026-06-09T17:30:00+10:00,24.24,37.18,2026-06-09T17:30:00+10:00,24.24,fair,evening,-6.82,2026-06-09T14:30:00+10:00,41.07
2026-06-09,Saturn,2026-06-09T06:00:00+10:00,52.59,65.19,2026-06-09T06:00:00+10:00,52.59,excellent,predawn,-7.69,2026-06-09T07:30:00+10:00,59.53
2026-06-09,Uranus,2026-06-09T06:00:00+10:00,6.83,15.53,2026-06-09T06:00:00+10:00,6.83,poor,predawn,-7.69,2026-06-09T10:30:00+10:00,41.93
2026-06-09,Neptune,2026-06-09T06:00:00+10:00,58.93,73.85,2026-06-09T06:00:00+10:00,58.93,excellent,predawn,-7.69,2026-06-09T07:00:00+10:00,62.06
2026-06-10,Mercury,2026-06-10T17:30:00+10:00,12.37,23.68,2026-06-10T17:30:00+10:00,12.37,poor,evening,-6.81,2026-06-10T13:30:00+10:00,37.92
2026-06-10,Venus,2026-06-10T17:30:00+10:00,23.22,36.93,2026-06-10T17:30:00+10:00,23.22,fair,evening,-6.81,2026-06-10T14:30:00+10:00,39.59
2026-06-10,Mars,2026-06-10T06:00:00+10:00,22.75,32.73,2026-06-10T06:00:00+10:00,22.75,fair,predawn,-7.77,2026-06-10T09:30:00+10:00,46.28
2026-06-10,Jupiter,2026-06-10T17:30:00+10:00,23.76,36.42,2026-06-10T17:30:00+10:00,23.76,fair,evening,-6.81,2026-06-10T14:30:00+10:00,41.1
2026-06-10,Saturn,2026-06-10T06:00:00+10:00,53.08,66.07,2026-06-10T06:00:00+10:00,53.08,excellent,predawn,-7.77,2026-06-10T07:30:00+10:00,59.49
2026-06-10,Uranus,2026-06-10T06:00:00+10:00,7.55,16.43,2026-06-10T06:00:00+10:00,7.55,poor,predawn,-7.77,2026-06-10T10:30:00+10:00,41.95
2026-06-10,Neptune,2026-06-10T06:00:00+10:00,59.32,74.79,2026-06-10T06:00:00+10:00,59.32,excellent,predawn,-7.77,2026-06-10T07:00:00+10:00,62.01
2026-06-11,Mercury,2026-06-11T17:30:00+10:00,12.77,23.95,2026-06-11T17:30:00+10:00,12.77,poor,evening,-6.8,2026-06-11T13:30:00+10:00,38.15
2026-06-11,Venus,2026-06-11T17:30:00+10:00,23.54,37.15,2026-06-11T17:30:00+10:00,23.54,fair,evening,-6.8,2026-06-11T14:30:00+10:00,39.82
2026-06-11,Mars,2026-06-11T06:00:00+10:00,22.8,32.95,2026-06-11T06:00:00+10:00,22.8,fair,predawn,-7.84,2026-06-11T09:30:00+10:00,46.06
2026-06-11,Jupiter,2026-06-11T17:30:00+10:00,23.28,35.66,2026-06-11T17:30:00+10:00,23.28,fair,evening,-6.8,2026-06-11T14:30:00+10:00,41.11
2026-06-11,Saturn,2026-06-11T06:00:00+10:00,53.55,66.95,2026-06-11T06:00:00+10:00,53.55,excellent,predawn,-7.84,2026-06-11T07:30:00+10:00,59.42
2026-06-11,Uranus,2026-06-11T06:00:00+10:00,8.27,17.33,2026-06-11T06:00:00+10:00,8.27,poor,predawn,-7.84,2026-06-11T10:30:00+10:00,41.96
2026-06-11,Neptune,2026-06-11T06:00:00+10:00,59.69,75.73,2026-06-11T06:00:00+10:00,59.69,excellent,predawn,-7.84,2026-06-11T07:00:00+10:00,61.93
2026-06-12,Mercury,2026-06-12T17:30:00+10:00,13.13,24.17,2026-06-12T17:30:00+10:00,13.13,poor,evening,-6.79,2026-06-12T13:30:00+10:00,38.4
2026-06-12,Venus,2026-06-12T17:30:00+10:00,23.87,37.36,2026-06-12T17:30:00+10:00,23.87,fair,evening,-6.79,2026-06-12T14:30:00+10:00,40.05
2026-06-12,Mars,2026-06-12T06:00:00+10:00,22.85,33.18,2026-06-12T06:00:00+10:00,22.85,fair,predawn,-7.92,2026-06-12T09:30:00+10:00,45.84
2026-06-12,Jupiter,2026-06-12T17:30:00+10:00,22.8,34.9,2026-06-12T17:30:00+10:00,22.8,fair,evening,-6.79,2026-06-12T14:30:00+10:00,41.12
2026-06-12,Saturn,2026-06-12T06:00:00+10:00,54.0,67.84,2026-06-12T06:00:00+10:00,54.0,excellent,predawn,-7.92,2026-06-12T07:30:00+10:00,59.33
2026-06-12,Uranus,2026-06-12T06:00:00+10:00,8.98,18.23,2026-06-12T06:00:00+10:00,8.98,poor,predawn,-7.92,2026-06-12T10:30:00+10:00,41.96
2026-06-12,Neptune,2026-06-12T06:00:00+10:00,60.03,76.67,2026-06-12T06:00:00+10:00,60.03,excellent,predawn,-7.92,2026-06-12T06:30:00+10:00,61.82
2026-06-13,Mercury,2026-06-13T17:30:00+10:00,13.46,24.34,2026-06-13T17:30:00+10:00,13.46,poor,evening,-6.78,2026-06-13T13:30:00+10:00,38.66
2026-06-13,Venus,2026-06-13T17:30:00+10:00,24.21,37.57,2026-06-13T17:30:00+10:00,24.21,fair,evening,-6.78,2026-06-13T14:30:00+10:00,40.29
2026-06-13,Mars,2026-06-13T06:00:00+10:00,22.89,33.4,2026-06-13T06:00:00+10:00,22.89,fair,predawn,-7.99,2026-06-13T09:30:00+10:00,45.63
2026-06-13,Jupiter,2026-06-13T17:30:00+10:00,22.31,34.15,2026-06-13T17:30:00+10:00,22.31,fair,evening,-6.78,2026-06-13T14:30:00+10:00,41.11
2026-06-13,Saturn,2026-06-13T06:00:00+10:00,54.44,68.72,2026-06-13T06:00:00+10:00,54.44,excellent,predawn,-7.99,2026-06-13T07:30:00+10:00,59.22
2026-06-13,Uranus,2026-06-13T06:00:00+10:00,9.69,19.13,2026-06-13T06:00:00+10:00,9.69,poor,predawn,-7.99,2026-06-13T10:30:00+10:00,41.93
2026-06-13,Neptune,2026-06-13T06:00:00+10:00,60.35,77.61,2026-06-13T06:00:00+10:00,60.35,excellent,predawn,-7.99,2026-06-13T06:30:00+10:00,61.92
2026-06-14,Mercury,2026-06-14T17:30:00+10:00,13.75,24.45,2026-06-14T17:30:00+10:00,13.75,poor,evening,-6.76,2026-06-14T13:30:00+10:00,38.93
2026-06-14,Venus,2026-06-14T17:30:00+10:00,24.54,37.77,2026-06-14T17:30:00+10:00,24.54,fair,evening,-6.76,2026-06-14T14:30:00+10:00,40.54
2026-06-14,Mars,2026-06-14T06:00:00+10:00,22.94,33.63,2026-06-14T06:00:00+10:00,22.94,fair,predawn,-8.06,2026-06-14T09:30:00+10:00,45.42
2026-06-14,Jupiter,2026-06-14T17:30:00+10:00,21.81,33.4,2026-06-14T17:30:00+10:00,21.81,fair,evening,-6.76,2026-06-14T14:00:00+10:00,41.16
2026-06-14,Saturn,2026-06-14T06:00:00+10:00,54.87,69.61,2026-06-14T06:00:00+10:00,54.87,excellent,predawn,-8.06,2026-06-14T07:00:00+10:00,59.28
2026-06-14,Uranus,2026-06-14T06:00:00+10:00,10.4,20.03,2026-06-14T06:00:00+10:00,10.4,poor,predawn,-8.06,2026-06-14T10:30:00+10:00,41.89
2026-06-14,Neptune,2026-06-14T06:00:00+10:00,60.65,78.56,2026-06-14T06:00:00+10:00,60.65,excellent,predawn,-8.06,2026-06-14T06:30:00+10:00,61.99
2026-06-15,Mercury,2026-06-15T17:30:00+10:00,14.0,24.51,2026-06-15T17:30:00+10:00,14.0,poor,evening,-6.73,2026-06-15T13:30:00+10:00,39.22
2026-06-15,Venus,2026-06-15T17:30:00+10:00,24.88,37.98,2026-06-15T17:30:00+10:00,24.88,fair,evening,-6.73,2026-06-15T14:30:00+10:00,40.8
2026-06-15,Mars,2026-06-15T06:00:00+10:00,22.99,33.86,2026-06-15T06:00:00+10:00,22.99,fair,predawn,-8.12,2026-06-15T09:30:00+10:00,45.2
2026-06-15,Jupiter,2026-06-15T17:30:00+10:00,21.32,32.64,2026-06-15T17:30:00+10:00,21.32,fair,evening,-6.73,2026-06-15T14:00:00+10:00,41.24
2026-06-15,Saturn,2026-06-15T06:00:00+10:00,55.27,70.5,2026-06-15T06:00:00+10:00,55.27,excellent,predawn,-8.12,2026-06-15T07:00:00+10:00,59.33
2026-06-15,Uranus,2026-06-15T06:00:00+10:00,11.11,20.93,2026-06-15T06:00:00+10:00,11.11,poor,predawn,-8.12,2026-06-15T10:30:00+10:00,41.84
2026-06-15,Neptune,2026-06-15T06:00:00+10:00,60.92,79.5,2026-06-15T06:00:00+10:00,60.92,excellent,predawn,-8.12,2026-06-15T06:30:00+10:00,62.03
2026-06-16,Mercury,2026-06-16T17:30:00+10:00,14.2,24.51,2026-06-16T17:30:00+10:00,14.2,poor,evening,-6.7,2026-06-16T13:30:00+10:00,39.52
2026-06-16,Venus,2026-06-16T17:30:00+10:00,25.23,38.19,2026-06-16T17:30:00+10:00,25.23,good,evening,-6.7,2026-06-16T14:30:00+10:00,41.07
2026-06-16,Mars,2026-06-16T06:00:00+10:00,23.04,34.08,2026-06-16T06:00:00+10:00,23.04,fair,predawn,-8.18,2026-06-16T09:30:00+10:00,44.99
2026-06-16,Jupiter,2026-06-16T17:30:00+10:00,20.81,31.89,2026-06-16T17:30:00+10:00,20.81,fair,evening,-6.7,2026-06-16T14:00:00+10:00,41.31
2026-06-16,Saturn,2026-06-16T06:00:00+10:00,55.67,71.38,2026-06-16T06:00:00+10:00,55.67,excellent,predawn,-8.18,2026-06-16T07:00:00+10:00,59.35
2026-06-16,Uranus,2026-06-16T06:00:00+10:00,11.81,21.83,2026-06-16T06:00:00+10:00,11.81,poor,predawn,-8.18,2026-06-16T10:00:00+10:00,41.79
2026-06-16,Neptune,2026-06-16T06:00:00+10:00,61.16,80.44,2026-06-16T06:00:00+10:00,61.16,excellent,predawn,-8.18,2026-06-16T06:30:00+10:00,62.04
2026-06-17,Mercury,2026-06-17T17:30:00+10:00,14.36,24.45,2026-06-17T17:30:00+10:00,14.36,poor,evening,-6.67,2026-06-17T13:30:00+10:00,39.83
2026-06-17,Venus,2026-06-17T17:30:00+10:00,25.57,38.39,2026-06-17T17:30:00+10:00,25.57,good,evening,-6.67,2026-06-17T14:30:00+10:00,41.35
2026-06-17,Mars,2026-06-17T06:00:00+10:00,23.08,34.31,2026-06-17T06:00:00+10:00,23.08,fair,predawn,-8.24,2026-06-17T09:30:00+10:00,44.79
2026-06-17,Jupiter,2026-06-17T17:30:00+10:00,20.31,31.14,2026-06-17T17:30:00+10:00,20.31,fair,evening,-6.67,2026-06-17T14:00:00+10:00,41.37
2026-06-17,Saturn,2026-06-17T06:00:00+10:00,56.04,72.27,2026-06-17T06:00:00+10:00,56.04,excellent,predawn,-8.24,2026-06-17T07:00:00+10:00,59.34
2026-06-17,Uranus,2026-06-17T06:00:00+10:00,12.51,22.73,2026-06-17T06:00:00+10:00,12.51,poor,predawn,-8.24,2026-06-17T10:00:00+10:00,41.83
2026-06-17,Neptune,2026-06-17T06:00:00+10:00,61.37,81.39,2026-06-17T06:00:00+10:00,61.37,excellent,predawn,-8.24,2026-06-17T06:30:00+10:00,62.01
2026-06-18,Mercury,2026-06-18T17:30:00+10:00,14.48,24.34,2026-06-18T17:30:00+10:00,14.48,poor,evening,-6.64,2026-06-18T13:30:00+10:00,40.15
2026-06-18,Venus,2026-06-18T17:30:00+10:00,25.92,38.59,2026-06-18T17:30:00+10:00,25.92,good,evening,-6.64,2026-06-18T14:30:00+10:00,41.63
2026-06-18,Mars,2026-06-18T06:00:00+10:00,23.13,34.54,2026-06-18T06:00:00+10:00,23.13,fair,predawn,-8.3,2026-06-18T09:30:00+10:00,44.58
2026-06-18,Jupiter,2026-06-18T17:30:00+10:00,19.8,30.39,2026-06-18T17:30:00+10:00,19.8,fair,evening,-6.64,2026-06-18T14:00:00+10:00,41.41
2026-06-18,Saturn,2026-06-18T06:00:00+10:00,56.39,73.17,2026-06-18T06:00:00+10:00,56.39,excellent,predawn,-8.3,2026-06-18T07:00:00+10:00,59.31
2026-06-18,Uranus,2026-06-18T06:00:00+10:00,13.2,23.63,2026-06-18T06:00:00+10:00,13.2,poor,predawn,-8.3,2026-06-18T10:00:00+10:00,41.86
2026-06-18,Neptune,2026-06-18T06:00:00+10:00,61.55,82.33,2026-06-18T06:00:00+10:00,61.55,excellent,predawn,-8.3,2026-06-18T06:30:00+10:00,61.96
2026-06-19,Mercury,2026-06-19T17:30:00+10:00,14.54,24.16,2026-06-19T17:30:00+10:00,14.54,poor,evening,-6.6,2026-06-19T13:30:00+10:00,40.47
2026-06-19,Venus,2026-06-19T17:30:00+10:00,26.28,38.79,2026-06-19T17:30:00+10:00,26.28,good,evening,-6.6,2026-06-19T14:30:00+10:00,41.92
2026-06-19,Mars,2026-06-19T06:00:00+10:00,23.18,34.77,2026-06-19T06:00:00+10:00,23.18,fair,predawn,-8.36,2026-06-19T09:30:00+10:00,44.37
2026-06-19,Jupiter,2026-06-19T17:30:00+10:00,19.29,29.64,2026-06-19T17:30:00+10:00,19.29,fair,evening,-6.6,2026-06-19T14:00:00+10:00,41.45
2026-06-19,Saturn,2026-06-19T06:00:00+10:00,56.73,74.06,2026-06-19T06:00:00+10:00,56.73,excellent,predawn,-8.36,2026-06-19T07:00:00+10:00,59.25
2026-06-19,Uranus,2026-06-19T06:00:00+10:00,13.89,24.53,2026-06-19T06:00:00+10:00,13.89,poor,predawn,-8.36,2026-06-19T10:00:00+10:00,41.88
2026-06-19,Neptune,2026-06-19T06:00:00+10:00,61.7,83.27,2026-06-19T06:00:00+10:00,61.7,excellent,predawn,-8.36,2026-06-19T06:30:00+10:00,61.87
2026-06-20,Mercury,2026-06-20T17:30:00+10:00,14.55,23.92,2026-06-20T17:30:00+10:00,14.55,poor,evening,-6.56,2026-06-20T13:30:00+10:00,40.8
2026-06-20,Venus,2026-06-20T17:30:00+10:00,26.63,38.99,2026-06-20T17:30:00+10:00,26.63,good,evening,-6.56,2026-06-20T14:30:00+10:00,42.22
2026-06-20,Mars,2026-06-20T06:00:00+10:00,23.23,35.0,2026-06-20T06:00:00+10:00,23.23,fair,predawn,-8.41,2026-06-20T09:30:00+10:00,44.17
2026-06-20,Jupiter,2026-06-20T17:30:00+10:00,18.78,28.9,2026-06-20T17:30:00+10:00,18.78,fair,evening,-6.56,2026-06-20T14:00:00+10:00,41.48
2026-06-20,Saturn,2026-06-20T06:00:00+10:00,57.05,74.95,2026-06-20T06:00:00+10:00,57.05,excellent,predawn,-8.41,2026-06-20T07:00:00+10:00,59.17
2026-06-20,Uranus,2026-06-20T06:00:00+10:00,14.58,25.43,2026-06-20T06:00:00+10:00,14.58,poor,predawn,-8.41,2026-06-20T10:00:00+10:00,41.87
2026-06-20,Neptune,2026-06-20T06:00:00+10:00,61.83,84.22,2026-06-20T06:00:00+10:00,61.83,excellent,predawn,-8.41,2026-06-20T06:00:00+10:00,61.83
2026-06-21,Mercury,2026-06-21T17:30:00+10:00,14.51,23.62,2026-06-21T17:30:00+10:00,14.51,poor,evening,-6.52,2026-06-21T13:30:00+10:00,41.13
2026-06-21,Venus,2026-06-21T17:30:00+10:00,26.99,39.19,2026-06-21T17:30:00+10:00,26.99,good,evening,-6.52,2026-06-21T14:30:00+10:00,42.53
2026-06-21,Mars,2026-06-21T06:00:00+10:00,23.28,35.24,2026-06-21T06:00:00+10:00,23.28,fair,predawn,-8.45,2026-06-21T09:30:00+10:00,43.97
2026-06-21,Jupiter,2026-06-21T17:30:00+10:00,18.26,28.15,2026-06-21T17:30:00+10:00,18.26,fair,evening,-6.52,2026-06-21T14:00:00+10:00,41.49
2026-06-21,Saturn,2026-06-21T06:00:00+10:00,57.34,75.85,2026-06-21T06:00:00+10:00,57.34,excellent,predawn,-8.45,2026-06-21T07:00:00+10:00,59.07
2026-06-21,Uranus,2026-06-21T06:00:00+10:00,15.26,26.33,2026-06-21T06:00:00+10:00,15.26,fair,predawn,-8.45,2026-06-21T10:00:00+10:00,41.85
2026-06-21,Neptune,2026-06-21T06:00:00+10:00,61.92,85.16,2026-06-21T06:00:00+10:00,61.92,excellent,predawn,-8.45,2026-06-21T06:00:00+10:00,61.92
2026-06-22,Mercury,2026-06-22T17:30:00+10:00,14.4,23.26,2026-06-22T17:30:00+10:00,14.4,poor,evening,-6.48,2026-06-22T13:30:00+10:00,41.45
2026-06-22,Venus,2026-06-22T17:30:00+10:00,27.34,39.39,2026-06-22T17:30:00+10:00,27.34,good,evening,-6.48,2026-06-22T14:30:00+10:00,42.84
2026-06-22,Mars,2026-06-22T06:00:00+10:00,23.33,35.47,2026-06-22T06:00:00+10:00,23.33,fair,predawn,-8.5,2026-06-22T09:30:00+10:00,43.77
2026-06-22,Jupiter,2026-06-22T17:30:00+10:00,17.74,27.4,2026-06-22T17:30:00+10:00,17.74,fair,evening,-6.48,2026-06-22T14:00:00+10:00,41.5
2026-06-22,Saturn,2026-06-22T06:00:00+10:00,57.62,76.74,2026-06-22T06:00:00+10:00,57.62,excellent,predawn,-8.5,2026-06-22T06:30:00+10:00,59.11
2026-06-22,Uranus,2026-06-22T06:00:00+10:00,15.94,27.23,2026-06-22T06:00:00+10:00,15.94,fair,predawn,-8.5,2026-06-22T10:00:00+10:00,41.81
2026-06-22,Neptune,2026-06-22T06:00:00+10:00,61.98,86.11,2026-06-22T06:00:00+10:00,61.98,excellent,predawn,-8.5,2026-06-22T06:00:00+10:00,61.98
2026-06-23,Mercury,2026-06-23T17:30:00+10:00,14.24,22.82,2026-06-23T17:30:00+10:00,14.24,poor,evening,-6.43,2026-06-23T13:30:00+10:00,41.77
2026-06-23,Venus,2026-06-23T17:30:00+10:00,27.7,39.58,2026-06-23T17:30:00+10:00,27.7,good,evening,-6.43,2026-06-23T14:30:00+10:00,43.16
2026-06-23,Mars,2026-06-23T06:00:00+10:00,23.38,35.7,2026-06-23T06:00:00+10:00,23.38,fair,predawn,-8.54,2026-06-23T09:30:00+10:00,43.57
2026-06-23,Jupiter,2026-06-23T17:30:00+10:00,17.21,26.66,2026-06-23T17:30:00+10:00,17.21,fair,evening,-6.43,2026-06-23T14:00:00+10:00,41.49
2026-06-23,Saturn,2026-06-23T06:00:00+10:00,57.87,77.64,2026-06-23T06:00:00+10:00,57.87,excellent,predawn,-8.54,2026-06-23T06:30:00+10:00,59.16
2026-06-23,Uranus,2026-06-23T06:00:00+10:00,16.61,28.13,2026-06-23T06:00:00+10:00,16.61,fair,predawn,-8.54,2026-06-23T10:00:00+10:00,41.76
2026-06-23,Neptune,2026-06-23T06:00:00+10:00,62.01,87.06,2026-06-23T06:00:00+10:00,62.01,excellent,predawn,-8.54,2026-06-23T06:00:00+10:00,62.01
2026-06-24,Mercury,2026-06-24T17:30:00+10:00,14.01,22.32,2026-06-24T17:30:00+10:00,14.01,poor,evening,-6.37,2026-06-24T13:30:00+10:00,42.08
2026-06-24,Venus,2026-06-24T17:30:00+10:00,28.07,39.78,2026-06-24T17:30:00+10:00,28.07,good,evening,-6.37,2026-06-24T14:30:00+10:00,43.49
2026-06-24,Mars,2026-06-24T06:00:00+10:00,23.43,35.94,2026-06-24T06:00:00+10:00,23.43,fair,predawn,-8.58,2026-06-24T09:30:00+10:00,43.38
2026-06-24,Jupiter,2026-06-24T17:30:00+10:00,16.68,25.91,2026-06-24T17:30:00+10:00,16.68,fair,evening,-6.37,2026-06-24T13:30:00+10:00,41.56
2026-06-24,Saturn,2026-06-24T06:00:00+10:00,58.1,78.54,2026-06-24T06:00:00+10:00,58.1,excellent,predawn,-8.58,2026-06-24T06:30:00+10:00,59.19
2026-06-24,Uranus,2026-06-24T06:00:00+10:00,17.28,29.03,2026-06-24T06:00:00+10:00,17.28,fair,predawn,-8.58,2026-06-24T09:30:00+10:00,41.7
2026-06-24,Neptune,2026-06-24T06:00:00+10:00,62.01,88.0,2026-06-24T06:00:00+10:00,62.01,excellent,predawn,-8.58,2026-06-24T06:00:00+10:00,62.01
2026-06-25,Mercury,2026-06-25T17:30:00+10:00,13.71,21.75,2026-06-25T17:30:00+10:00,13.71,poor,evening,-6.32,2026-06-25T13:30:00+10:00,42.38
2026-06-25,Venus,2026-06-25T17:30:00+10:00,28.43,39.97,2026-06-25T17:30:00+10:00,28.43,good,evening,-6.32,2026-06-25T14:30:00+10:00,43.83
2026-06-25,Mars,2026-06-25T06:00:00+10:00,23.48,36.17,2026-06-25T06:00:00+10:00,23.48,fair,predawn,-8.61,2026-06-25T09:30:00+10:00,43.19
2026-06-25,Jupiter,2026-06-25T17:30:00+10:00,16.15,25.17,2026-06-25T17:30:00+10:00,16.15,fair,evening,-6.32,2026-06-25T13:30:00+10:00,41.65
2026-06-25,Saturn,2026-06-25T06:00:00+10:00,58.31,79.44,2026-06-25T06:00:00+10:00,58.31,excellent,predawn,-8.61,2026-06-25T06:30:00+10:00,59.19
2026-06-25,Uranus,2026-06-25T06:00:00+10:00,17.94,29.93,2026-06-25T06:00:00+10:00,17.94,fair,predawn,-8.61,2026-06-25T09:30:00+10:00,41.75
2026-06-25,Neptune,2026-06-25T06:00:00+10:00,61.98,88.95,2026-06-25T06:00:00+10:00,61.98,excellent,predawn,-8.61,2026-06-25T06:00:00+10:00,61.98
2026-06-26,Mercury,2026-06-26T17:30:00+10:00,13.34,21.11,2026-06-26T17:30:00+10:00,13.34,poor,evening,-6.26,2026-06-26T13:30:00+10:00,42.66
2026-06-26,Venus,2026-06-26T17:30:00+10:00,28.79,40.16,2026-06-26T17:30:00+10:00,28.79,good,evening,-6.26,2026-06-26T14:30:00+10:00,44.17
2026-06-26,Mars,2026-06-26T06:00:00+10:00,23.53,36.41,2026-06-26T06:00:00+10:00,23.53,fair,predawn,-8.65,2026-06-26T09:00:00+10:00,43.01
2026-06-26,Jupiter,2026-06-26T17:30:00+10:00,15.62,24.43,2026-06-26T17:30:00+10:00,15.62,fair,evening,-6.26,2026-06-26T13:30:00+10:00,41.72
2026-06-26,Saturn,2026-06-26T06:00:00+10:00,58.49,80.34,2026-06-26T06:00:00+10:00,58.49,excellent,predawn,-8.65,2026-06-26T06:30:00+10:00,59.17
2026-06-26,Uranus,2026-06-26T06:00:00+10:00,18.6,30.83,2026-06-26T06:00:00+10:00,18.6,fair,predawn,-8.65,2026-06-26T09:30:00+10:00,41.78
2026-06-26,Neptune,2026-06-26T06:00:00+10:00,61.91,89.89,2026-06-26T06:00:00+10:00,61.91,excellent,predawn,-8.65,2026-06-26T06:00:00+10:00,61.91
2026-06-27,Mercury,2026-06-27T17:30:00+10:00,12.91,20.4,2026-06-27T17:30:00+10:00,12.91,poor,evening,-6.2,2026-06-27T13:30:00+10:00,42.92
2026-06-27,Venus,2026-06-27T17:30:00+10:00,29.16,40.35,2026-06-27T17:30:00+10:00,29.16,good,evening,-6.2,2026-06-27T14:30:00+10:00,44.52
2026-06-27,Mars,2026-06-27T06:00:00+10:00,23.59,36.65,2026-06-27T06:00:00+10:00,23.59,fair,predawn,-8.67,2026-06-27T09:00:00+10:00,42.86
2026-06-27,Jupiter,2026-06-27T17:30:00+10:00,15.08,23.69,2026-06-27T17:30:00+10:00,15.08,fair,evening,-6.2,2026-06-27T13:30:00+10:00,41.78
2026-06-27,Saturn,2026-06-27T06:00:00+10:00,58.65,81.24,2026-06-27T06:00:00+10:00,58.65,excellent,predawn,-8.67,2026-06-27T06:30:00+10:00,59.12
2026-06-27,Uranus,2026-06-27T06:00:00+10:00,19.26,31.74,2026-06-27T06:00:00+10:00,19.26,fair,predawn,-8.67,2026-06-27T09:30:00+10:00,41.79
2026-06-27,Neptune,2026-06-27T06:00:00+10:00,61.82,90.84,2026-06-27T06:00:00+10:00,61.82,excellent,predawn,-8.67,2026-06-27T06:00:00+10:00,61.82
2026-06-28,Mercury,2026-06-28T17:30:00+10:00,12.39,19.62,2026-06-28T17:30:00+10:00,12.39,poor,evening,-6.14,2026-06-28T13:00:00+10:00,43.16
2026-06-28,Venus,2026-06-28T17:30:00+10:00,29.52,40.53,2026-06-28T17:30:00+10:00,29.52,good,evening,-6.14,2026-06-28T14:30:00+10:00,44.88
2026-06-28,Mars,2026-06-28T06:00:00+10:00,23.64,36.88,2026-06-28T06:00:00+10:00,23.64,fair,predawn,-8.7,2026-06-28T09:00:00+10:00,42.71
2026-06-28,Jupiter,2026-06-28T17:30:00+10:00,14.54,22.95,2026-06-28T17:30:00+10:00,14.54,poor,evening,-6.14,2026-06-28T13:30:00+10:00,41.83
2026-06-28,Saturn,2026-06-28T06:00:00+10:00,58.79,82.15,2026-06-28T06:00:00+10:00,58.79,excellent,predawn,-8.7,2026-06-28T06:30:00+10:00,59.04
2026-06-28,Uranus,2026-06-28T06:00:00+10:00,19.91,32.64,2026-06-28T06:00:00+10:00,19.91,fair,predawn,-8.7,2026-06-28T09:30:00+10:00,41.79
2026-06-28,Neptune,2026-06-28T05:30:00+10:00,61.84,91.77,2026-06-28T05:30:00+10:00,61.84,excellent,predawn,-14.94,2026-06-28T05:30:00+10:00,61.84
2026-06-29,Mercury,2026-06-29T17:30:00+10:00,11.8,18.77,2026-06-29T17:30:00+10:00,11.8,poor,evening,-6.08,2026-06-29T13:00:00+10:00,43.5
2026-06-29,Venus,2026-06-29T17:30:00+10:00,29.89,40.72,2026-06-29T17:30:00+10:00,29.89,good,evening,-6.08,2026-06-29T14:30:00+10:00,45.24
2026-06-29,Mars,2026-06-29T06:00:00+10:00,23.7,37.12,2026-06-29T06:00:00+10:00,23.7,fair,predawn,-8.72,2026-06-29T09:00:00+10:00,42.56
2026-06-29,Jupiter,2026-06-29T17:30:00+10:00,14.0,22.21,2026-06-29T17:30:00+10:00,14.0,poor,evening,-6.08,2026-06-29T13:30:00+10:00,41.87
2026-06-29,Saturn,2026-06-29T06:00:00+10:00,58.9,83.05,2026-06-29T06:00:00+10:00,58.9,excellent,predawn,-8.72,2026-06-29T06:30:00+10:00,58.94
2026-06-29,Uranus,2026-06-29T06:00:00+10:00,20.55,33.54,2026-06-29T06:00:00+10:00,20.55,fair,predawn,-8.72,2026-06-29T09:30:00+10:00,41.77
2026-06-29,Neptune,2026-06-29T05:30:00+10:00,61.93,92.72,2026-06-29T05:30:00+10:00,61.93,excellent,predawn,-14.96,2026-06-29T05:30:00+10:00,61.93
2026-06-30,Mercury,2026-06-30T17:30:00+10:00,11.13,17.84,2026-06-30T17:30:00+10:00,11.13,poor,evening,-6.01,2026-06-30T13:00:00+10:00,43.8
2026-06-30,Venus,2026-06-30T17:30:00+10:00,30.25,40.9,2026-06-30T17:30:00+10:00,30.25,good,evening,-6.01,2026-06-30T14:30:00+10:00,45.61
2026-06-30,Mars,2026-06-30T06:00:00+10:00,23.75,37.36,2026-06-30T06:00:00+10:00,23.75,fair,predawn,-8.74,2026-06-30T09:00:00+10:00,42.41
2026-06-30,Jupiter,2026-06-30T17:30:00+10:00,13.46,21.47,2026-06-30T17:30:00+10:00,13.46,poor,evening,-6.01,2026-06-30T13:30:00+10:00,41.9
2026-06-30,Saturn,2026-06-30T06:00:00+10:00,58.98,83.96,2026-06-30T06:00:00+10:00,58.98,excellent,predawn,-8.74,2026-06-30T06:00:00+10:00,58.98
2026-06-30,Uranus,2026-06-30T06:00:00+10:00,21.19,34.44,2026-06-30T06:00:00+10:00,21.19,fair,predawn,-8.74,2026-06-30T09:30:00+10:00,41.74
2026-06-30,Neptune,2026-06-30T05:30:00+10:00,61.98,93.67,2026-06-30T05:30:00+10:00,61.98,excellent,predawn,-14.98,2026-06-30T05:30:00+10:00,61.98
2026-07-01,Mercury,2026-07-01T17:30:00+10:00,10.39,16.85,2026-07-01T17:30:00+10:00,10.39,poor,evening,-5.94,2026-07-01T13:00:00+10:00,44.07
2026-07-01,Venus,2026-07-01T17:30:00+10:00,30.62,41.08,2026-07-01T17:30:00+10:00,30.62,good,evening,-5.94,2026-07-01T14:30:00+10:00,45.99
2026-07-01,Mars,2026-07-01T06:00:00+10:00,23.81,37.61,2026-07-01T06:00:00+10:00,23.81,fair,predawn,-8.75,2026-07-01T09:00:00+10:00,42.27
2026-07-01,Jupiter,2026-07-01T17:30:00+10:00,12.91,20.73,2026-07-01T17:30:00+10:00,12.91,poor,evening,-5.94,2026-07-01T13:30:00+10:00,41.91
2026-07-01,Saturn,2026-07-01T06:00:00+10:00,59.04,84.87,2026-07-01T06:00:00+10:00,59.04,excellent,predawn,-8.75,2026-07-01T06:00:00+10:00,59.04
2026-07-01,Uranus,2026-07-01T06:00:00+10:00,21.82,35.35,2026-07-01T06:00:00+10:00,21.82,fair,predawn,-8.75,2026-07-01T09:30:00+10:00,41.69
2026-07-01,Neptune,2026-07-01T05:30:00+10:00,62.0,94.62,2026-07-01T05:30:00+10:00,62.0,excellent,predawn,-15.0,2026-07-01T05:30:00+10:00,62.0
2026-07-02,Mercury,2026-07-02T17:30:00+10:00,9.56,15.8,2026-07-02T17:30:00+10:00,9.56,poor,evening,-5.87,2026-07-02T13:00:00+10:00,44.3
2026-07-02,Venus,2026-07-02T17:30:00+10:00,30.99,41.26,2026-07-02T17:30:00+10:00,30.99,good,evening,-5.87,2026-07-02T15:00:00+10:00,46.38
2026-07-02,Mars,2026-07-02T06:00:00+10:00,23.86,37.85,2026-07-02T06:00:00+10:00,23.86,fair,predawn,-8.76,2026-07-02T09:00:00+10:00,42.13
2026-07-02,Jupiter,2026-07-02T17:30:00+10:00,12.36,19.99,2026-07-02T17:30:00+10:00,12.36,poor,evening,-5.87,2026-07-02T13:30:00+10:00,41.92
2026-07-02,Saturn,2026-07-02T06:00:00+10:00,59.07,85.78,2026-07-02T06:00:00+10:00,59.07,excellent,predawn,-8.76,2026-07-02T06:00:00+10:00,59.07
2026-07-02,Uranus,2026-07-02T06:00:00+10:00,22.45,36.25,2026-07-02T06:00:00+10:00,22.45,fair,predawn,-8.76,2026-07-02T09:30:00+10:00,41.62
2026-07-02,Neptune,2026-07-02T05:30:00+10:00,61.99,95.57,2026-07-02T05:30:00+10:00,61.99,excellent,predawn,-15.01,2026-07-02T05:30:00+10:00,61.99
2026-07-03,Mercury,2026-07-03T17:30:00+10:00,8.66,14.69,2026-07-03T17:30:00+10:00,8.66,poor,evening,-5.79,2026-07-03T13:00:00+10:00,44.48
2026-07-03,Venus,2026-07-03T17:30:00+10:00,31.35,41.43,2026-07-03T17:30:00+10:00,31.35,good,evening,-5.79,2026-07-03T15:00:00+10:00,46.79
2026-07-03,Mars,2026-07-03T06:00:00+10:00,23.92,38.09,2026-07-03T06:00:00+10:00,23.92,fair,predawn,-8.76,2026-07-03T09:00:00+10:00,41.99
2026-07-03,Jupiter,2026-07-03T17:30:00+10:00,11.81,19.25,2026-07-03T17:30:00+10:00,11.81,poor,evening,-5.79,2026-07-03T13:30:00+10:00,41.91
2026-07-03,Saturn,2026-07-03T06:00:00+10:00,59.08,86.69,2026-07-03T06:00:00+10:00,59.08,excellent,predawn,-8.76,2026-07-03T06:00:00+10:00,59.08
2026-07-03,Uranus,2026-07-03T06:00:00+10:00,23.07,37.15,2026-07-03T06:00:00+10:00,23.07,fair,predawn,-8.76,2026-07-03T09:00:00+10:00,41.67
2026-07-03,Neptune,2026-07-03T05:30:00+10:00,61.95,96.52,2026-07-03T05:30:00+10:00,61.95,excellent,predawn,-15.02,2026-07-03T05:30:00+10:00,61.95
2026-07-04,Mercury,2026-07-04T17:30:00+10:00,7.68,13.52,2026-07-04T17:30:00+10:00,7.68,poor,evening,-5.72,2026-07-04T13:00:00+10:00,44.6
2026-07-04,Venus,2026-07-04T17:30:00+10:00,31.72,41.6,2026-07-04T17:30:00+10:00,31.72,good,evening,-5.72,2026-07-04T15:00:00+10:00,47.2
2026-07-04,Mars,2026-07-04T06:00:00+10:00,23.98,38.34,2026-07-04T06:00:00+10:00,23.98,fair,predawn,-8.77,2026-07-04T09:00:00+10:00,41.85
2026-07-04,Jupiter,2026-07-04T17:30:00+10:00,11.25,18.51,2026-07-04T17:30:00+10:00,11.25,poor,evening,-5.72,2026-07-04T13:00:00+10:00,42.01
2026-07-04,Saturn,2026-07-04T06:00:00+10:00,59.06,87.6,2026-07-04T06:00:00+10:00,59.06,excellent,predawn,-8.77,2026-07-04T06:00:00+10:00,59.06
2026-07-04,Uranus,2026-07-04T06:00:00+10:00,23.69,38.06,2026-07-04T06:00:00+10:00,23.69,fair,predawn,-8.77,2026-07-04T09:00:00+10:00,41.7
2026-07-04,Neptune,2026-07-04T05:30:00+10:00,61.88,97.47,2026-07-04T05:30:00+10:00,61.88,excellent,predawn,-15.02,2026-07-04T05:30:00+10:00,61.88
2026-07-05,Mercury,2026-07-05T17:30:00+10:00,6.63,12.31,2026-07-05T17:30:00+10:00,6.63,poor,evening,-5.64,2026-07-05T12:30:00+10:00,44.8
2026-07-05,Venus,2026-07-05T17:30:00+10:00,32.08,41.77,2026-07-05T17:30:00+10:00,32.08,good,evening,-5.64,2026-07-05T15:00:00+10:00,47.62
2026-07-05,Mars,2026-07-05T06:00:00+10:00,24.04,38.58,2026-07-05T06:00:00+10:00,24.04,fair,predawn,-8.76,2026-07-05T09:00:00+10:00,41.71
2026-07-05,Jupiter,2026-07-05T17:30:00+10:00,10.7,17.78,2026-07-05T17:30:00+10:00,10.7,poor,evening,-5.64,2026-07-05T13:00:00+10:00,42.09
2026-07-05,Saturn,2026-07-05T06:00:00+10:00,59.02,88.52,2026-07-05T06:00:00+10:00,59.02,excellent,predawn,-8.76,2026-07-05T06:00:00+10:00,59.02
2026-07-05,Uranus,2026-07-05T06:00:00+10:00,24.3,38.96,2026-07-05T06:00:00+10:00,24.3,fair,predawn,-8.76,2026-07-05T09:00:00+10:00,41.72
2026-07-05,Neptune,2026-07-05T05:30:00+10:00,61.77,98.42,2026-07-05T05:30:00+10:00,61.77,excellent,predawn,-15.03,2026-07-05T05:30:00+10:00,61.77
2026-07-06,Mercury,2026-07-06T17:30:00+10:00,5.51,11.07,2026-07-06T17:30:00+10:00,5.51,poor,evening,-5.56,2026-07-06T12:30:00+10:00,45.01
2026-07-06,Venus,2026-07-06T17:30:00+10:00,32.45,41.94,2026-07-06T17:30:00+10:00,32.45,good,evening,-5.56,2026-07-06T15:00:00+10:00,48.04
2026-07-06,Mars,2026-07-06T06:00:00+10:00,24.1,38.83,2026-07-06T06:00:00+10:00,24.1,fair,predawn,-8.76,2026-07-06T09:00:00+10:00,41.58
2026-07-06,Jupiter,2026-07-06T17:30:00+10:00,10.14,17.04,2026-07-06T17:30:00+10:00,10.14,poor,evening,-5.56,2026-07-06T13:00:00+10:00,42.17
2026-07-06,Saturn,2026-07-06T06:00:00+10:00,58.94,89.43,2026-07-06T06:00:00+10:00,58.94,excellent,predawn,-8.76,2026-07-06T06:00:00+10:00,58.94
2026-07-06,Uranus,2026-07-06T06:00:00+10:00,24.9,39.87,2026-07-06T06:00:00+10:00,24.9,fair,predawn,-8.76,2026-07-06T09:00:00+10:00,41.72
2026-07-06,Neptune,2026-07-06T05:00:00+10:00,61.87,99.35,2026-07-06T05:00:00+10:00,61.87,excellent,predawn,-21.39,2026-07-06T05:00:00+10:00,61.87
2026-07-07,Mercury,2026-07-07T17:30:00+10:00,4.32,9.82,2026-07-07T17:30:00+10:00,4.32,poor,evening,-5.48,2026-07-07T12:30:00+10:00,45.16
2026-07-07,Venus,2026-07-07T17:30:00+10:00,32.81,42.11,2026-07-07T17:30:00+10:00,32.81,good,evening,-5.48,2026-07-07T15:00:00+10:00,48.47
2026-07-07,Mars,2026-07-07T06:00:00+10:00,24.16,39.08,2026-07-07T06:00:00+10:00,24.16,fair,predawn,-8.75,2026-07-07T09:00:00+10:00,41.45
2026-07-07,Jupiter,2026-07-07T17:30:00+10:00,9.57,16.3,2026-07-07T17:30:00+10:00,9.57,poor,evening,-5.48,2026-07-07T13:00:00+10:00,42.23
2026-07-07,Saturn,2026-07-07T06:00:00+10:00,58.85,90.35,2026-07-07T06:00:00+10:00,58.85,excellent,predawn,-8.75,2026-07-07T06:00:00+10:00,58.85
2026-07-07,Uranus,2026-07-07T06:00:00+10:00,25.5,40.77,2026-07-07T06:00:00+10:00,25.5,good,predawn,-8.75,2026-07-07T09:00:00+10:00,41.7
2026-07-07,Neptune,2026-07-07T05:00:00+10:00,61.95,100.3,2026-07-07T05:00:00+10:00,61.95,excellent,predawn,-21.39,2026-07-07T05:00:00+10:00,61.95
2026-07-08,Mercury,2026-07-08T17:30:00+10:00,3.08,8.57,2026-07-08T17:30:00+10:00,3.08,poor,evening,-5.4,2026-07-08T12:30:00+10:00,45.24
2026-07-08,Venus,2026-07-08T17:30:00+10:00,33.17,42.27,2026-07-08T17:30:00+10:00,33.17,good,evening,-5.4,2026-07-08T15:00:00+10:00,48.9
2026-07-08,Mars,2026-07-08T06:00:00+10:00,24.23,39.33,2026-07-08T06:00:00+10:00,24.23,fair,predawn,-8.73,2026-07-08T09:00:00+10:00,41.32
2026-07-08,Jupiter,2026-07-08T17:30:00+10:00,9.01,15.57,2026-07-08T17:30:00+10:00,9.01,poor,evening,-5.4,2026-07-08T13:00:00+10:00,42.28
2026-07-08,Saturn,2026-07-08T05:30:00+10:00,58.9,91.25,2026-07-08T05:30:00+10:00,58.9,excellent,predawn,-15.01,2026-07-08T05:30:00+10:00,58.9
2026-07-08,Uranus,2026-07-08T06:00:00+10:00,26.09,41.68,2026-07-08T06:00:00+10:00,26.09,good,predawn,-8.73,2026-07-08T09:00:00+10:00,41.67
2026-07-08,Neptune,2026-07-08T05:00:00+10:00,61.99,101.26,2026-07-08T05:00:00+10:00,61.99,excellent,predawn,-21.39,2026-07-08T05:00:00+10:00,61.99
2026-07-09,Mercury,2026-07-09T17:30:00+10:00,1.78,7.38,2026-07-09T17:30:00+10:00,1.78,poor,evening,-5.31,2026-07-09T12:30:00+10:00,45.23
2026-07-09,Venus,2026-07-09T17:30:00+10:00,33.53,42.43,2026-07-09T17:30:00+10:00,33.53,good,evening,-5.31,2026-07-09T15:00:00+10:00,49.34
2026-07-09,Mars,2026-07-09T06:00:00+10:00,24.29,39.58,2026-07-09T06:00:00+10:00,24.29,fair,predawn,-8.71,2026-07-09T09:00:00+10:00,41.19
2026-07-09,Jupiter,2026-07-09T17:30:00+10:00,8.44,14.83,2026-07-09T17:30:00+10:00,8.44,poor,evening,-5.31,2026-07-09T13:00:00+10:00,42.32
2026-07-09,Saturn,2026-07-09T05:30:00+10:00,58.97,92.17,2026-07-09T05:30:00+10:00,58.97,excellent,predawn,-14.99,2026-07-09T05:30:00+10:00,58.97
2026-07-09,Uranus,2026-07-09T06:00:00+10:00,26.67,42.59,2026-07-09T06:00:00+10:00,26.67,good,predawn,-8.71,2026-07-09T09:00:00+10:00,41.61
2026-07-09,Neptune,2026-07-09T05:00:00+10:00,62.0,102.21,2026-07-09T05:00:00+10:00,62.0,excellent,predawn,-21.38,2026-07-09T05:00:00+10:00,62.0
2026-07-10,Mercury,2026-07-10T17:30:00+10:00,0.44,6.31,2026-07-10T17:30:00+10:00,0.44,poor,evening,-5.22,2026-07-10T12:00:00+10:00,45.33
2026-07-10,Venus,2026-07-10T17:30:00+10:00,33.89,42.59,2026-07-10T17:30:00+10:00,33.89,good,evening,-5.22,2026-07-10T15:00:00+10:00,49.78
2026-07-10,Mars,2026-07-10T06:00:00+10:00,24.36,39.83,2026-07-10T06:00:00+10:00,24.36,fair,predawn,-8.69,2026-07-10T09:00:00+10:00,41.06
2026-07-10,Jupiter,2026-07-10T17:30:00+10:00,7.87,14.1,2026-07-10T17:30:00+10:00,7.87,poor,evening,-5.22,2026-07-10T13:00:00+10:00,42.35
2026-07-10,Saturn,2026-07-10T05:30:00+10:00,59.0,93.1,2026-07-10T05:30:00+10:00,59.0,excellent,predawn,-14.98,2026-07-10T05:30:00+10:00,59.0
2026-07-10,Uranus,2026-07-10T06:00:00+10:00,27.24,43.49,2026-07-10T06:00:00+10:00,27.24,good,predawn,-8.69,2026-07-10T09:00:00+10:00,41.55
2026-07-10,Neptune,2026-07-10T05:00:00+10:00,61.98,103.16,2026-07-10T05:00:00+10:00,61.98,excellent,predawn,-21.36,2026-07-10T05:00:00+10:00,61.98
2026-07-11,Mercury,2026-07-11T17:30:00+10:00,-0.94,5.44,2026-07-11T17:30:00+10:00,-0.94,not visible,evening,-5.13,2026-07-11T12:00:00+10:00,45.43
2026-07-11,Venus,2026-07-11T17:30:00+10:00,34.25,42.75,2026-07-11T17:30:00+10:00,34.25,good,evening,-5.13,2026-07-11T15:00:00+10:00,50.22
2026-07-11,Mars,2026-07-11T06:00:00+10:00,24.42,40.08,2026-07-11T06:00:00+10:00,24.42,fair,predawn,-8.67,2026-07-11T09:00:00+10:00,40.94
2026-07-11,Jupiter,2026-07-11T17:30:00+10:00,7.3,13.36,2026-07-11T17:30:00+10:00,7.3,poor,evening,-5.13,2026-07-11T13:00:00+10:00,42.37
2026-07-11,Saturn,2026-07-11T05:30:00+10:00,59.01,94.02,2026-07-11T05:30:00+10:00,59.01,excellent,predawn,-14.95,2026-07-11T05:30:00+10:00,59.01
2026-07-11,Uranus,2026-07-11T06:00:00+10:00,27.81,44.4,2026-07-11T06:00:00+10:00,27.81,good,predawn,-8.67,2026-07-11T08:30:00+10:00,41.59
2026-07-11,Neptune,2026-07-11T05:00:00+10:00,61.93,104.12,2026-07-11T05:00:00+10:00,61.93,excellent,predawn,-21.35,2026-07-11T05:00:00+10:00,61.93
2026-07-12,Mercury,2026-07-12T17:30:00+10:00,-2.34,4.92,2026-07-12T17:30:00+10:00,-2.34,not visible,evening,-5.04,2026-07-12T12:00:00+10:00,45.44
2026-07-12,Venus,2026-07-12T17:30:00+10:00,34.61,42.9,2026-07-12T17:30:00+10:00,34.61,good,evening,-5.04,2026-07-12T15:00:00+10:00,50.67
2026-07-12,Mars,2026-07-12T06:00:00+10:00,24.49,40.33,2026-07-12T06:00:00+10:00,24.49,fair,predawn,-8.63,2026-07-12T09:00:00+10:00,40.82
2026-07-12,Jupiter,2026-07-12T17:30:00+10:00,6.73,12.63,2026-07-12T17:30:00+10:00,6.73,poor,evening,-5.04,2026-07-12T13:00:00+10:00,42.38
2026-07-12,Saturn,2026-07-12T05:30:00+10:00,58.99,94.95,2026-07-12T05:30:00+10:00,58.99,excellent,predawn,-14.93,2026-07-12T05:30:00+10:00,58.99
2026-07-12,Uranus,2026-07-12T06:00:00+10:00,28.37,45.31,2026-07-12T06:00:00+10:00,28.37,good,predawn,-8.63,2026-07-12T08:30:00+10:00,41.63
2026-07-12,Neptune,2026-07-12T05:00:00+10:00,61.85,105.07,2026-07-12T05:00:00+10:00,61.85,excellent,predawn,-21.33,2026-07-12T05:00:00+10:00,61.85
2026-07-13,Mercury,2026-07-13T17:30:00+10:00,-3.75,4.87,2026-07-13T17:30:00+10:00,-3.75,not visible,evening,-4.95,2026-07-13T12:00:00+10:00,45.38
2026-07-13,Venus,2026-07-13T17:30:00+10:00,34.96,43.05,2026-07-13T17:30:00+10:00,34.96,good,evening,-4.95,2026-07-13T15:00:00+10:00,51.12
2026-07-13,Mars,2026-07-13T06:00:00+10:00,24.56,40.59,2026-07-13T06:00:00+10:00,24.56,fair,predawn,-8.6,2026-07-13T09:00:00+10:00,40.7
2026-07-13,Jupiter,2026-07-13T17:30:00+10:00,6.15,11.89,2026-07-13T17:30:00+10:00,6.15,poor,evening,-4.95,2026-07-13T12:30:00+10:00,42.39
2026-07-13,Saturn,2026-07-13T05:30:00+10:00,58.95,95.88,2026-07-13T05:30:00+10:00,58.95,excellent,predawn,-14.9,2026-07-13T05:30:00+10:00,58.95
2026-07-13,Uranus,2026-07-13T06:00:00+10:00,28.93,46.22,2026-07-13T06:00:00+10:00,28.93,good,predawn,-8.6,2026-07-13T08:30:00+10:00,41.65
2026-07-13,Neptune,2026-07-13T04:30:00+10:00,61.82,106.01,2026-07-13T04:30:00+10:00,61.82,excellent,predawn,-27.78,2026-07-13T04:30:00+10:00,61.82
2026-07-14,Mercury,2026-07-14T06:00:00+10:00,-4.72,5.04,2026-07-14T06:00:00+10:00,-4.72,not visible,predawn,-8.56,2026-07-14T11:30:00+10:00,45.27
2026-07-14,Venus,2026-07-14T17:30:00+10:00,35.31,43.2,2026-07-14T17:30:00+10:00,35.31,good,evening,-4.86,2026-07-14T15:00:00+10:00,51.57
2026-07-14,Mars,2026-07-14T06:00:00+10:00,24.63,40.84,2026-07-14T06:00:00+10:00,24.63,fair,predawn,-8.56,2026-07-14T09:00:00+10:00,40.59
2026-07-14,Jupiter,2026-07-14T17:30:00+10:00,5.57,11.16,2026-07-14T17:30:00+10:00,5.57,poor,evening,-4.86,2026-07-14T12:30:00+10:00,42.49
2026-07-14,Saturn,2026-07-14T05:30:00+10:00,58.88,96.81,2026-07-14T05:30:00+10:00,58.88,excellent,predawn,-14.86,2026-07-14T05:30:00+10:00,58.88
2026-07-14,Uranus,2026-07-14T06:00:00+10:00,29.47,47.13,2026-07-14T06:00:00+10:00,29.47,good,predawn,-8.56,2026-07-14T08:30:00+10:00,41.65
2026-07-14,Neptune,2026-07-14T04:30:00+10:00,61.91,106.97,2026-07-14T04:30:00+10:00,61.91,excellent,predawn,-27.76,2026-07-14T04:30:00+10:00,61.91
2026-07-15,Mercury,2026-07-15T06:00:00+10:00,-3.36,5.67,2026-07-15T06:00:00+10:00,-3.36,not visible,predawn,-8.51,2026-07-15T11:30:00+10:00,45.31
2026-07-15,Venus,2026-07-15T17:30:00+10:00,35.66,43.35,2026-07-15T17:30:00+10:00,35.66,good,evening,-4.76,2026-07-15T15:00:00+10:00,52.03
2026-07-15,Mars,2026-07-15T06:00:00+10:00,24.71,41.1,2026-07-15T06:00:00+10:00,24.71,fair,predawn,-8.51,2026-07-15T09:00:00+10:00,40.47
2026-07-15,Jupiter,2026-07-15T17:30:00+10:00,5.0,10.43,2026-07-15T17:30:00+10:00,5.0,poor,evening,-4.76,2026-07-15T12:30:00+10:00,42.58
2026-07-15,Saturn,2026-07-15T05:00:00+10:00,58.78,97.72,2026-07-15T05:00:00+10:00,58.78,excellent,predawn,-21.24,2026-07-15T05:00:00+10:00,58.78
2026-07-15,Uranus,2026-07-15T06:00:00+10:00,30.01,48.04,2026-07-15T06:00:00+10:00,30.01,good,predawn,-8.51,2026-07-15T08:30:00+10:00,41.63
2026-07-15,Neptune,2026-07-15T04:30:00+10:00,61.98,107.93,2026-07-15T04:30:00+10:00,61.98,excellent,predawn,-27.73,2026-07-15T04:30:00+10:00,61.98
2026-07-16,Mercury,2026-07-16T06:00:00+10:00,-2.04,6.58,2026-07-16T06:00:00+10:00,-2.04,not visible,predawn,-8.47,2026-07-16T11:30:00+10:00,45.26
2026-07-16,Venus,2026-07-16T17:30:00+10:00,36.0,43.49,2026-07-16T17:30:00+10:00,36.0,good,evening,-4.67,2026-07-16T15:00:00+10:00,52.49
2026-07-16,Mars,2026-07-16T06:00:00+10:00,24.78,41.36,2026-07-16T06:00:00+10:00,24.78,fair,predawn,-8.47,2026-07-16T09:00:00+10:00,40.36
2026-07-16,Jupiter,2026-07-16T17:30:00+10:00,4.41,9.69,2026-07-16T17:30:00+10:00,4.41,poor,evening,-4.67,2026-07-16T12:30:00+10:00,42.65
2026-07-16,Saturn,2026-07-16T05:00:00+10:00,58.87,98.65,2026-07-16T05:00:00+10:00,58.87,excellent,predawn,-21.2,2026-07-16T05:00:00+10:00,58.87
2026-07-16,Uranus,2026-07-16T06:00:00+10:00,30.53,48.95,2026-07-16T06:00:00+10:00,30.53,good,predawn,-8.47,2026-07-16T08:30:00+10:00,41.6
2026-07-16,Neptune,2026-07-16T04:30:00+10:00,62.01,108.88,2026-07-16T04:30:00+10:00,62.01,excellent,predawn,-27.7,2026-07-16T04:30:00+10:00,62.01
2026-07-17,Mercury,2026-07-17T06:00:00+10:00,-0.78,7.65,2026-07-17T06:00:00+10:00,-0.78,not visible,predawn,-8.41,2026-07-17T11:30:00+10:00,45.15
2026-07-17,Venus,2026-07-17T17:30:00+10:00,36.34,43.63,2026-07-17T17:30:00+10:00,36.34,good,evening,-4.57,2026-07-17T15:00:00+10:00,52.95
2026-07-17,Mars,2026-07-17T06:00:00+10:00,24.86,41.62,2026-07-17T06:00:00+10:00,24.86,fair,predawn,-8.41,2026-07-17T09:00:00+10:00,40.25
2026-07-17,Jupiter,2026-07-17T17:30:00+10:00,3.83,8.96,2026-07-17T17:30:00+10:00,3.83,poor,evening,-4.57,2026-07-17T12:30:00+10:00,42.72
2026-07-17,Saturn,2026-07-17T05:00:00+10:00,58.94,99.59,2026-07-17T05:00:00+10:00,58.94,excellent,predawn,-21.16,2026-07-17T05:00:00+10:00,58.94
2026-07-17,Uranus,2026-07-17T06:00:00+10:00,31.05,49.86,2026-07-17T06:00:00+10:00,31.05,good,predawn,-8.41,2026-07-17T08:30:00+10:00,41.55
2026-07-17,Neptune,2026-07-17T04:30:00+10:00,62.02,109.84,2026-07-17T04:30:00+10:00,62.02,excellent,predawn,-27.66,2026-07-17T04:30:00+10:00,62.02
2026-07-18,Mercury,2026-07-18T06:00:00+10:00,0.43,8.8,2026-07-18T06:00:00+10:00,0.43,poor,predawn,-8.35,2026-07-18T11:30:00+10:00,44.97
2026-07-18,Venus,2026-07-18T17:30:00+10:00,36.68,43.76,2026-07-18T17:30:00+10:00,36.68,good,evening,-4.47,2026-07-18T15:00:00+10:00,53.42
2026-07-18,Mars,2026-07-18T06:00:00+10:00,24.94,41.88,2026-07-18T06:00:00+10:00,24.94,fair,predawn,-8.35,2026-07-18T09:00:00+10:00,40.15
2026-07-18,Jupiter,2026-07-18T17:30:00+10:00,3.24,8.23,2026-07-18T17:30:00+10:00,3.24,poor,evening,-4.47,2026-07-18T12:30:00+10:00,42.77
2026-07-18,Saturn,2026-07-18T05:00:00+10:00,58.97,100.53,2026-07-18T05:00:00+10:00,58.97,excellent,predawn,-21.11,2026-07-18T05:00:00+10:00,58.97
2026-07-18,Uranus,2026-07-18T06:00:00+10:00,31.56,50.78,2026-07-18T06:00:00+10:00,31.56,good,predawn,-8.35,2026-07-18T08:30:00+10:00,41.48
2026-07-18,Neptune,2026-07-18T04:30:00+10:00,61.98,110.8,2026-07-18T04:30:00+10:00,61.98,excellent,predawn,-27.62,2026-07-18T04:30:00+10:00,61.98
2026-07-19,Mercury,2026-07-19T06:00:00+10:00,1.57,9.97,2026-07-19T06:00:00+10:00,1.57,poor,predawn,-8.29,2026-07-19T11:00:00+10:00,44.8
2026-07-19,Venus,2026-07-19T17:30:00+10:00,37.02,43.9,2026-07-19T17:30:00+10:00,37.02,good,evening,-4.38,2026-07-19T15:00:00+10:00,53.89
2026-07-19,Mars,2026-07-19T06:00:00+10:00,25.02,42.14,2026-07-19T06:00:00+10:00,25.02,good,predawn,-8.29,2026-07-19T09:00:00+10:00,40.04
2026-07-19,Jupiter,2026-07-19T17:30:00+10:00,2.66,7.49,2026-07-19T17:30:00+10:00,2.66,poor,evening,-4.38,2026-07-19T12:30:00+10:00,42.82
2026-07-19,Saturn,2026-07-19T05:00:00+10:00,58.98,101.46,2026-07-19T05:00:00+10:00,58.98,excellent,predawn,-21.06,2026-07-19T05:00:00+10:00,58.98
2026-07-19,Uranus,2026-07-19T06:00:00+10:00,32.06,51.69,2026-07-19T06:00:00+10:00,32.06,good,predawn,-8.29,2026-07-19T08:00:00+10:00,41.53
2026-07-19,Neptune,2026-07-19T04:30:00+10:00,61.92,111.76,2026-07-19T04:30:00+10:00,61.92,excellent,predawn,-27.57,2026-07-19T04:30:00+10:00,61.92
2026-07-20,Mercury,2026-07-20T06:00:00+10:00,2.63,11.12,2026-07-20T06:00:00+10:00,2.63,poor,predawn,-8.23,2026-07-20T11:00:00+10:00,44.73
2026-07-20,Venus,2026-07-20T17:30:00+10:00,37.35,44.03,2026-07-20T17:30:00+10:00,37.35,good,evening,-4.28,2026-07-20T15:00:00+10:00,54.36
2026-07-20,Mars,2026-07-20T06:00:00+10:00,25.1,42.41,2026-07-20T06:00:00+10:00,25.1,good,predawn,-8.23,2026-07-20T09:00:00+10:00,39.94
2026-07-20,Jupiter,2026-07-20T17:30:00+10:00,2.07,6.76,2026-07-20T17:30:00+10:00,2.07,poor,evening,-4.28,2026-07-20T12:30:00+10:00,42.85
2026-07-20,Saturn,2026-07-20T05:00:00+10:00,58.96,102.41,2026-07-20T05:00:00+10:00,58.96,excellent,predawn,-21.0,2026-07-20T05:00:00+10:00,58.96
2026-07-20,Uranus,2026-07-20T06:00:00+10:00,32.55,52.6,2026-07-20T06:00:00+10:00,32.55,good,predawn,-8.23,2026-07-20T08:00:00+10:00,41.57
2026-07-20,Neptune,2026-07-20T04:30:00+10:00,61.83,112.72,2026-07-20T04:30:00+10:00,61.83,excellent,predawn,-27.52,2026-07-20T04:30:00+10:00,61.83
2026-07-21,Mercury,2026-07-21T06:00:00+10:00,3.62,12.24,2026-07-21T06:00:00+10:00,3.62,poor,predawn,-8.15,2026-07-21T11:00:00+10:00,44.6
2026-07-21,Venus,2026-07-21T17:30:00+10:00,37.68,44.15,2026-07-21T17:30:00+10:00,37.68,good,evening,-4.18,2026-07-21T15:00:00+10:00,54.83
2026-07-21,Mars,2026-07-21T06:00:00+10:00,25.18,42.67,2026-07-21T06:00:00+10:00,25.18,good,predawn,-8.15,2026-07-21T09:00:00+10:00,39.84
2026-07-21,Jupiter,2026-07-21T17:30:00+10:00,1.47,6.03,2026-07-21T17:30:00+10:00,1.47,poor,evening,-4.18,2026-07-21T12:30:00+10:00,42.87
2026-07-21,Saturn,2026-07-21T05:00:00+10:00,58.92,103.35,2026-07-21T05:00:00+10:00,58.92,excellent,predawn,-20.95,2026-07-21T05:00:00+10:00,58.92
2026-07-21,Uranus,2026-07-21T06:00:00+10:00,33.03,53.52,2026-07-21T06:00:00+10:00,33.03,good,predawn,-8.15,2026-07-21T08:00:00+10:00,41.58
2026-07-21,Neptune,2026-07-21T04:00:00+10:00,61.88,113.66,2026-07-21T04:00:00+10:00,61.88,excellent,predawn,-34.04,2026-07-21T04:00:00+10:00,61.88
2026-07-22,Mercury,2026-07-22T06:00:00+10:00,4.53,13.3,2026-07-22T06:00:00+10:00,4.53,poor,predawn,-8.08,2026-07-22T11:00:00+10:00,44.43
2026-07-22,Venus,2026-07-22T17:30:00+10:00,38.0,44.28,2026-07-22T17:30:00+10:00,38.0,good,evening,-4.08,2026-07-22T15:00:00+10:00,55.31
2026-07-22,Mars,2026-07-22T06:00:00+10:00,25.27,42.94,2026-07-22T06:00:00+10:00,25.27,good,predawn,-8.08,2026-07-22T09:00:00+10:00,39.75
2026-07-22,Jupiter,2026-07-22T17:30:00+10:00,0.88,5.3,2026-07-22T17:30:00+10:00,0.88,poor,evening,-4.08,2026-07-22T12:30:00+10:00,42.88
2026-07-22,Saturn,2026-07-22T05:00:00+10:00,58.85,104.29,2026-07-22T05:00:00+10:00,58.85,excellent,predawn,-20.88,2026-07-22T05:00:00+10:00,58.85
2026-07-22,Uranus,2026-07-22T06:00:00+10:00,33.5,54.43,2026-07-22T06:00:00+10:00,33.5,good,predawn,-8.08,2026-07-22T08:00:00+10:00,41.59
2026-07-22,Neptune,2026-07-22T04:00:00+10:00,61.97,114.62,2026-07-22T04:00:00+10:00,61.97,excellent,predawn,-33.98,2026-07-22T04:00:00+10:00,61.97
2026-07-23,Mercury,2026-07-23T06:00:00+10:00,5.34,14.29,2026-07-23T06:00:00+10:00,5.34,poor,predawn,-8.0,2026-07-23T11:00:00+10:00,44.23
2026-07-23,Venus,2026-07-23T18:00:00+10:00,32.69,44.4,2026-07-23T18:00:00+10:00,32.69,good,evening,-10.26,2026-07-23T15:00:00+10:00,55.78
2026-07-23,Mars,2026-07-23T06:00:00+10:00,25.36,43.21,2026-07-23T06:00:00+10:00,25.36,good,predawn,-8.0,2026-07-23T09:00:00+10:00,39.65
2026-07-23,Jupiter,2026-07-23T18:00:00+10:00,-5.96,4.55,2026-07-23T18:00:00+10:00,-5.96,not visible,evening,-10.26,2026-07-23T12:00:00+10:00,42.9
2026-07-23,Saturn,2026-07-23T04:30:00+10:00,58.8,105.22,2026-07-23T04:30:00+10:00,58.8,excellent,predawn,-27.34,2026-07-23T04:30:00+10:00,58.8
2026-07-23,Uranus,2026-07-23T06:00:00+10:00,33.96,55.35,2026-07-23T06:00:00+10:00,33.96,good,predawn,-8.0,2026-07-23T08:00:00+10:00,41.57
2026-07-23,Neptune,2026-07-23T04:00:00+10:00,62.02,115.59,2026-07-23T04:00:00+10:00,62.02,excellent,predawn,-33.92,2026-07-23T04:00:00+10:00,62.02
2026-07-24,Mercury,2026-07-24T06:00:00+10:00,6.07,15.21,2026-07-24T06:00:00+10:00,6.07,poor,predawn,-7.91,2026-07-24T11:00:00+10:00,43.99
2026-07-24,Venus,2026-07-24T18:00:00+10:00,32.97,44.51,2026-07-24T18:00:00+10:00,32.97,good,evening,-10.17,2026-07-24T15:00:00+10:00,56.26
2026-07-24,Mars,2026-07-24T06:00:00+10:00,25.45,43.48,2026-07-24T06:00:00+10:00,25.45,good,predawn,-7.91,2026-07-24T09:00:00+10:00,39.56
2026-07-24,Jupiter,2026-07-24T18:00:00+10:00,-6.57,3.82,2026-07-24T18:00:00+10:00,-6.57,not visible,evening,-10.17,2026-07-24T12:00:00+10:00,43.0
2026-07-24,Saturn,2026-07-24T04:30:00+10:00,58.89,106.17,2026-07-24T04:30:00+10:00,58.89,excellent,predawn,-27.27,2026-07-24T04:30:00+10:00,58.89
2026-07-24,Uranus,2026-07-24T06:00:00+10:00,34.41,56.27,2026-07-24T06:00:00+10:00,34.41,good,predawn,-7.91,2026-07-24T08:00:00+10:00,41.54
2026-07-24,Neptune,2026-07-24T04:00:00+10:00,62.04,116.55,2026-07-24T04:00:00+10:00,62.04,excellent,predawn,-33.86,2026-07-24T04:00:00+10:00,62.04
2026-07-25,Mercury,2026-07-25T06:00:00+10:00,6.72,16.05,2026-07-25T06:00:00+10:00,6.72,poor,predawn,-7.82,2026-07-25T11:00:00+10:00,43.74
2026-07-25,Venus,2026-07-25T18:00:00+10:00,33.25,44.63,2026-07-25T18:00:00+10:00,33.25,good,evening,-10.07,2026-07-25T15:00:00+10:00,56.74
2026-07-25,Mars,2026-07-25T06:00:00+10:00,25.54,43.75,2026-07-25T06:00:00+10:00,25.54,good,predawn,-7.82,2026-07-25T09:00:00+10:00,39.47
2026-07-25,Jupiter,2026-07-25T18:00:00+10:00,-7.18,3.1,2026-07-25T18:00:00+10:00,-7.18,not visible,evening,-10.07,2026-07-25T12:00:00+10:00,43.09
2026-07-25,Saturn,2026-07-25T04:30:00+10:00,58.95,107.12,2026-07-25T04:30:00+10:00,58.95,excellent,predawn,-27.2,2026-07-25T04:30:00+10:00,58.95
2026-07-25,Uranus,2026-07-25T06:00:00+10:00,34.85,57.18,2026-07-25T06:00:00+10:00,34.85,good,predawn,-7.82,2026-07-25T08:00:00+10:00,41.49
2026-07-25,Neptune,2026-07-25T04:00:00+10:00,62.03,117.51,2026-07-25T04:00:00+10:00,62.03,excellent,predawn,-33.79,2026-07-25T04:00:00+10:00,62.03
2026-07-26,Mercury,2026-07-26T06:00:00+10:00,7.27,16.8,2026-07-26T06:00:00+10:00,7.27,poor,predawn,-7.73,2026-07-26T10:30:00+10:00,43.57
2026-07-26,Venus,2026-07-26T18:00:00+10:00,33.53,44.74,2026-07-26T18:00:00+10:00,33.53,good,evening,-9.98,2026-07-26T15:00:00+10:00,57.22
2026-07-26,Mars,2026-07-26T06:00:00+10:00,25.63,44.02,2026-07-26T06:00:00+10:00,25.63,good,predawn,-7.73,2026-07-26T09:00:00+10:00,39.38
2026-07-26,Jupiter,2026-07-26T18:00:00+10:00,-7.8,2.38,2026-07-26T18:00:00+10:00,-7.8,not visible,evening,-9.98,2026-07-26T12:00:00+10:00,43.17
2026-07-26,Saturn,2026-07-26T04:30:00+10:00,58.99,108.07,2026-07-26T04:30:00+10:00,58.99,excellent,predawn,-27.12,2026-07-26T04:30:00+10:00,58.99
2026-07-26,Uranus,2026-07-26T06:00:00+10:00,35.27,58.1,2026-07-26T06:00:00+10:00,35.27,good,predawn,-7.73,2026-07-26T08:00:00+10:00,41.42
2026-07-26,Neptune,2026-07-26T04:00:00+10:00,61.99,118.48,2026-07-26T04:00:00+10:00,61.99,excellent,predawn,-33.72,2026-07-26T04:00:00+10:00,61.99
2026-07-27,Mercury,2026-07-27T06:00:00+10:00,7.74,17.46,2026-07-27T06:00:00+10:00,7.74,poor,predawn,-7.63,2026-07-27T10:30:00+10:00,43.42
2026-07-27,Venus,2026-07-27T18:00:00+10:00,33.8,44.84,2026-07-27T18:00:00+10:00,33.8,good,evening,-9.88,2026-07-27T15:00:00+10:00,57.7
2026-07-27,Mars,2026-07-27T06:00:00+10:00,25.73,44.29,2026-07-27T06:00:00+10:00,25.73,good,predawn,-7.63,2026-07-27T08:30:00+10:00,39.32
2026-07-27,Jupiter,2026-07-27T18:00:00+10:00,-8.42,1.66,2026-07-27T18:00:00+10:00,-8.42,not visible,evening,-9.88,2026-07-27T12:00:00+10:00,43.24
2026-07-27,Saturn,2026-07-27T04:30:00+10:00,58.99,109.02,2026-07-27T04:30:00+10:00,58.99,excellent,predawn,-27.04,2026-07-27T04:30:00+10:00,58.99
2026-07-27,Uranus,2026-07-27T06:00:00+10:00,35.69,59.02,2026-07-27T06:00:00+10:00,35.69,good,predawn,-7.63,2026-07-27T07:30:00+10:00,41.48
2026-07-27,Neptune,2026-07-27T04:00:00+10:00,61.92,119.44,2026-07-27T04:00:00+10:00,61.92,excellent,predawn,-33.64,2026-07-27T04:00:00+10:00,61.92
2026-07-28,Mercury,2026-07-28T06:00:00+10:00,8.11,18.03,2026-07-28T06:00:00+10:00,8.11,poor,predawn,-7.52,2026-07-28T10:30:00+10:00,43.25
2026-07-28,Venus,2026-07-28T18:00:00+10:00,34.06,44.94,2026-07-28T18:00:00+10:00,34.06,good,evening,-9.78,2026-07-28T15:00:00+10:00,58.18
2026-07-28,Mars,2026-07-28T06:00:00+10:00,25.83,44.56,2026-07-28T06:00:00+10:00,25.83,good,predawn,-7.52,2026-07-28T08:30:00+10:00,39.27
2026-07-28,Jupiter,2026-07-28T06:00:00+10:00,-8.76,1.32,2026-07-28T06:00:00+10:00,-8.76,not visible,predawn,-7.52,2026-07-28T12:00:00+10:00,43.29
2026-07-28,Saturn,2026-07-28T04:30:00+10:00,58.97,109.98,2026-07-28T04:30:00+10:00,58.97,excellent,predawn,-26.95,2026-07-28T04:30:00+10:00,58.97
2026-07-28,Uranus,2026-07-28T06:00:00+10:00,36.09,59.94,2026-07-28T06:00:00+10:00,36.09,good,predawn,-7.52,2026-07-28T07:30:00+10:00,41.51
2026-07-28,Neptune,2026-07-28T03:30:00+10:00,61.85,120.39,2026-07-28T03:30:00+10:00,61.85,excellent,predawn,-40.19,2026-07-28T03:30:00+10:00,61.85
2026-07-29,Mercury,2026-07-29T06:00:00+10:00,8.41,18.51,2026-07-29T06:00:00+10:00,8.41,poor,predawn,-7.41,2026-07-29T10:30:00+10:00,43.08
2026-07-29,Venus,2026-07-29T18:00:00+10:00,34.32,45.04,2026-07-29T18:00:00+10:00,34.32,good,evening,-9.69,2026-07-29T15:00:00+10:00,58.66
2026-07-29,Mars,2026-07-29T06:00:00+10:00,25.93,44.84,2026-07-29T06:00:00+10:00,25.93,good,predawn,-7.41,2026-07-29T08:30:00+10:00,39.23
2026-07-29,Jupiter,2026-07-29T06:00:00+10:00,-8.09,0.68,2026-07-29T06:00:00+10:00,-8.09,not visible,predawn,-7.41,2026-07-29T12:00:00+10:00,43.34
2026-07-29,Saturn,2026-07-29T04:30:00+10:00,58.92,110.93,2026-07-29T04:30:00+10:00,58.92,excellent,predawn,-26.86,2026-07-29T04:30:00+10:00,58.92
2026-07-29,Uranus,2026-07-29T06:00:00+10:00,36.48,60.86,2026-07-29T06:00:00+10:00,36.48,good,predawn,-7.41,2026-07-29T07:30:00+10:00,41.53
2026-07-29,Neptune,2026-07-29T03:30:00+10:00,61.96,121.35,2026-07-29T03:30:00+10:00,61.96,excellent,predawn,-40.11,2026-07-29T03:30:00+10:00,61.96
2026-07-30,Mercury,2026-07-30T06:00:00+10:00,8.62,18.89,2026-07-30T06:00:00+10:00,8.62,poor,predawn,-7.3,2026-07-30T10:30:00+10:00,42.91
2026-07-30,Venus,2026-07-30T18:00:00+10:00,34.57,45.13,2026-07-30T18:00:00+10:00,34.57,good,evening,-9.59,2026-07-30T15:00:00+10:00,59.15
2026-07-30,Mars,2026-07-30T06:00:00+10:00,26.03,45.12,2026-07-30T06:00:00+10:00,26.03,good,predawn,-7.3,2026-07-30T08:30:00+10:00,39.18
2026-07-30,Jupiter,2026-07-30T06:00:00+10:00,-7.43,0.53,2026-07-30T06:00:00+10:00,-7.43,not visible,predawn,-7.3,2026-07-30T12:00:00+10:00,43.37
2026-07-30,Saturn,2026-07-30T04:30:00+10:00,58.84,111.89,2026-07-30T04:30:00+10:00,58.84,excellent,predawn,-26.76,2026-07-30T04:30:00+10:00,58.84
2026-07-30,Uranus,2026-07-30T06:00:00+10:00,36.86,61.78,2026-07-30T06:00:00+10:00,36.86,good,predawn,-7.3,2026-07-30T07:30:00+10:00,41.53
2026-07-30,Neptune,2026-07-30T03:30:00+10:00,62.03,122.32,2026-07-30T03:30:00+10:00,62.03,excellent,predawn,-40.02,2026-07-30T03:30:00+10:00,62.03
2026-07-31,Mercury,2026-07-31T06:00:00+10:00,8.75,19.17,2026-07-31T06:00:00+10:00,8.75,poor,predawn,-7.18,2026-07-31T10:30:00+10:00,42.75
2026-07-31,Venus,2026-07-31T18:00:00+10:00,34.81,45.21,2026-07-31T18:00:00+10:00,34.81,good,evening,-9.49,2026-07-31T15:00:00+10:00,59.63
2026-07-31,Mars,2026-07-31T06:00:00+10:00,26.13,45.4,2026-07-31T06:00:00+10:00,26.13,good,predawn,-7.18,2026-07-31T08:30:00+10:00,39.14
2026-07-31,Jupiter,2026-07-31T06:00:00+10:00,-6.76,1.08,2026-07-31T06:00:00+10:00,-6.76,not visible,predawn,-7.18,2026-07-31T12:00:00+10:00,43.4
2026-07-31,Saturn,2026-07-31T04:00:00+10:00,58.87,112.83,2026-07-31T04:00:00+10:00,58.87,excellent,predawn,-33.28,2026-07-31T04:00:00+10:00,58.87
2026-07-31,Uranus,2026-07-31T06:00:00+10:00,37.22,62.7,2026-07-31T06:00:00+10:00,37.22,good,predawn,-7.18,2026-07-31T07:30:00+10:00,41.52
2026-07-31,Neptune,2026-07-31T03:30:00+10:00,62.07,123.29,2026-07-31T03:30:00+10:00,62.07,excellent,predawn,-39.92,2026-07-31T03:30:00+10:00,62.07
2026-08-01,Mercury,2026-08-01T06:00:00+10:00,8.8,19.36,2026-08-01T06:00:00+10:00,8.8,poor,predawn,-7.06,2026-08-01T10:30:00+10:00,42.6
2026-08-01,Venus,2026-08-01T18:00:00+10:00,35.05,45.3,2026-08-01T18:00:00+10:00,35.05,good,evening,-9.4,2026-08-01T15:00:00+10:00,60.11
2026-08-01,Mars,2026-08-01T06:00:00+10:00,26.24,45.67,2026-08-01T06:00:00+10:00,26.24,good,predawn,-7.06,2026-08-01T08:30:00+10:00,39.1
2026-08-01,Jupiter,2026-08-01T06:00:00+10:00,-6.1,1.77,2026-08-01T06:00:00+10:00,-6.1,not visible,predawn,-7.06,2026-08-01T12:00:00+10:00,43.41
2026-08-01,Saturn,2026-08-01T04:00:00+10:00,58.96,113.79,2026-08-01T04:00:00+10:00,58.96,excellent,predawn,-33.18,2026-08-01T04:00:00+10:00,58.96
2026-08-01,Uranus,2026-08-01T06:00:00+10:00,37.57,63.63,2026-08-01T06:00:00+10:00,37.57,good,predawn,-7.06,2026-08-01T07:30:00+10:00,41.49
2026-08-01,Neptune,2026-08-01T03:30:00+10:00,62.08,124.25,2026-08-01T03:30:00+10:00,62.08,excellent,predawn,-39.82,2026-08-01T03:30:00+10:00,62.08
2026-08-02,Mercury,2026-08-02T06:00:00+10:00,8.77,19.46,2026-08-02T06:00:00+10:00,8.77,poor,predawn,-6.93,2026-08-02T10:30:00+10:00,42.47
2026-08-02,Venus,2026-08-02T18:00:00+10:00,35.28,45.37,2026-08-02T18:00:00+10:00,35.28,good,evening,-9.3,2026-08-02T15:00:00+10:00,60.59
2026-08-02,Mars,2026-08-02T06:00:00+10:00,26.35,45.96,2026-08-02T06:00:00+10:00,26.35,good,predawn,-6.93,2026-08-02T08:30:00+10:00,39.07
2026-08-02,Jupiter,2026-08-02T06:00:00+10:00,-5.44,2.49,2026-08-02T06:00:00+10:00,-5.44,not visible,predawn,-6.93,2026-08-02T11:30:00+10:00,43.44
2026-08-02,Saturn,2026-08-02T04:00:00+10:00,59.01,114.76,2026-08-02T04:00:00+10:00,59.01,excellent,predawn,-33.07,2026-08-02T04:00:00+10:00,59.01
2026-08-02,Uranus,2026-08-02T06:00:00+10:00,37.91,64.55,2026-08-02T06:00:00+10:00,37.91,good,predawn,-6.93,2026-08-02T07:30:00+10:00,41.44
2026-08-02,Neptune,2026-08-02T03:30:00+10:00,62.06,125.22,2026-08-02T03:30:00+10:00,62.06,excellent,predawn,-39.72,2026-08-02T03:30:00+10:00,62.06
2026-08-03,Mercury,2026-08-03T06:00:00+10:00,8.68,19.46,2026-08-03T06:00:00+10:00,8.68,poor,predawn,-6.8,2026-08-03T10:30:00+10:00,42.36
2026-08-03,Venus,2026-08-03T18:00:00+10:00,35.51,45.45,2026-08-03T18:00:00+10:00,35.51,good,evening,-9.2,2026-08-03T15:00:00+10:00,61.07
2026-08-03,Mars,2026-08-03T06:00:00+10:00,26.46,46.24,2026-08-03T06:00:00+10:00,26.46,good,predawn,-6.8,2026-08-03T08:30:00+10:00,39.03
2026-08-03,Jupiter,2026-08-03T06:00:00+10:00,-4.77,3.22,2026-08-03T06:00:00+10:00,-4.77,not visible,predawn,-6.8,2026-08-03T11:30:00+10:00,43.54
2026-08-03,Saturn,2026-08-03T04:00:00+10:00,59.04,115.72,2026-08-03T04:00:00+10:00,59.04,excellent,predawn,-32.96,2026-08-03T04:00:00+10:00,59.04
2026-08-03,Uranus,2026-08-03T06:00:00+10:00,38.23,65.48,2026-08-03T06:00:00+10:00,38.23,good,predawn,-6.8,2026-08-03T07:00:00+10:00,41.38
2026-08-03,Neptune,2026-08-03T03:30:00+10:00,62.0,126.19,2026-08-03T03:30:00+10:00,62.0,excellent,predawn,-39.61,2026-08-03T03:30:00+10:00,62.0
2026-08-04,Mercury,2026-08-04T06:00:00+10:00,8.52,19.37,2026-08-04T06:00:00+10:00,8.52,poor,predawn,-6.67,2026-08-04T10:30:00+10:00,42.26
2026-08-04,Venus,2026-08-04T18:00:00+10:00,35.73,45.52,2026-08-04T18:00:00+10:00,35.73,good,evening,-9.11,2026-08-04T15:00:00+10:00,61.55
2026-08-04,Mars,2026-08-04T06:00:00+10:00,26.57,46.52,2026-08-04T06:00:00+10:00,26.57,good,predawn,-6.67,2026-08-04T08:30:00+10:00,39.0
2026-08-04,Jupiter,2026-08-04T06:00:00+10:00,-4.11,3.95,2026-08-04T06:00:00+10:00,-4.11,not visible,predawn,-6.67,2026-08-04T11:30:00+10:00,43.63
2026-08-04,Saturn,2026-08-04T04:00:00+10:00,59.04,116.69,2026-08-04T04:00:00+10:00,59.04,excellent,predawn,-32.84,2026-08-04T04:00:00+10:00,59.04
2026-08-04,Uranus,2026-08-04T06:00:00+10:00,38.55,66.4,2026-08-04T06:00:00+10:00,38.55,good,predawn,-6.67,2026-08-04T07:00:00+10:00,41.43
2026-08-04,Neptune,2026-08-04T03:30:00+10:00,61.91,127.16,2026-08-04T03:30:00+10:00,61.91,excellent,predawn,-39.49,2026-08-04T03:30:00+10:00,61.91
2026-08-05,Mercury,2026-08-05T06:00:00+10:00,8.29,19.18,2026-08-05T06:00:00+10:00,8.29,poor,predawn,-6.53,2026-08-05T10:30:00+10:00,42.2
2026-08-05,Venus,2026-08-05T18:00:00+10:00,35.94,45.58,2026-08-05T18:00:00+10:00,35.94,good,evening,-9.01,2026-08-05T15:00:00+10:00,62.03
2026-08-05,Mars,2026-08-05T06:00:00+10:00,26.69,46.81,2026-08-05T06:00:00+10:00,26.69,good,predawn,-6.53,2026-08-05T08:30:00+10:00,38.97
2026-08-05,Jupiter,2026-08-05T06:00:00+10:00,-3.45,4.68,2026-08-05T06:00:00+10:00,-3.45,not visible,predawn,-6.53,2026-08-05T11:30:00+10:00,43.71
2026-08-05,Saturn,2026-08-05T04:00:00+10:00,59.01,117.66,2026-08-05T04:00:00+10:00,59.01,excellent,predawn,-32.72,2026-08-05T04:00:00+10:00,59.01
2026-08-05,Uranus,2026-08-05T06:00:00+10:00,38.84,67.33,2026-08-05T06:00:00+10:00,38.84,good,predawn,-6.53,2026-08-05T07:00:00+10:00,41.47
2026-08-05,Neptune,2026-08-05T03:00:00+10:00,61.94,128.11,2026-08-05T03:00:00+10:00,61.94,excellent,predawn,-46.02,2026-08-05T03:00:00+10:00,61.94
2026-08-06,Mercury,2026-08-06T06:00:00+10:00,8.01,18.91,2026-08-06T06:00:00+10:00,8.01,poor,predawn,-6.38,2026-08-06T10:30:00+10:00,42.16
2026-08-06,Venus,2026-08-06T18:00:00+10:00,36.14,45.64,2026-08-06T18:00:00+10:00,36.14,good,evening,-8.91,2026-08-06T15:00:00+10:00,62.5
2026-08-06,Mars,2026-08-06T06:00:00+10:00,26.81,47.1,2026-08-06T06:00:00+10:00,26.81,good,predawn,-6.38,2026-08-06T08:30:00+10:00,38.94
2026-08-06,Jupiter,2026-08-06T06:00:00+10:00,-2.79,5.41,2026-08-06T06:00:00+10:00,-2.79,not visible,predawn,-6.38,2026-08-06T11:30:00+10:00,43.78
2026-08-06,Saturn,2026-08-06T04:00:00+10:00,58.95,118.64,2026-08-06T04:00:00+10:00,58.95,excellent,predawn,-32.6,2026-08-06T04:00:00+10:00,58.95
2026-08-06,Uranus,2026-08-06T06:00:00+10:00,39.12,68.26,2026-08-06T06:00:00+10:00,39.12,good,predawn,-6.38,2026-08-06T07:00:00+10:00,41.49
2026-08-06,Neptune,2026-08-06T03:00:00+10:00,62.04,129.09,2026-08-06T03:00:00+10:00,62.04,excellent,predawn,-45.9,2026-08-06T03:00:00+10:00,62.04
2026-08-07,Mercury,2026-08-07T06:00:00+10:00,7.67,18.56,2026-08-07T06:00:00+10:00,7.67,poor,predawn,-6.23,2026-08-07T10:30:00+10:00,42.14
2026-08-07,Venus,2026-08-07T18:00:00+10:00,36.34,45.69,2026-08-07T18:00:00+10:00,36.34,good,evening,-8.81,2026-08-07T15:00:00+10:00,62.98
2026-08-07,Mars,2026-08-07T06:00:00+10:00,26.93,47.38,2026-08-07T06:00:00+10:00,26.93,good,predawn,-6.23,2026-08-07T08:30:00+10:00,38.91
2026-08-07,Jupiter,2026-08-07T06:00:00+10:00,-2.13,6.15,2026-08-07T06:00:00+10:00,-2.13,not visible,predawn,-6.23,2026-08-07T11:30:00+10:00,43.84
2026-08-07,Saturn,2026-08-07T03:30:00+10:00,58.88,119.59,2026-08-07T03:30:00+10:00,58.88,excellent,predawn,-39.12,2026-08-07T03:30:00+10:00,58.88
2026-08-07,Uranus,2026-08-07T06:00:00+10:00,39.39,69.19,2026-08-07T06:00:00+10:00,39.39,good,predawn,-6.23,2026-08-07T07:00:00+10:00,41.49
2026-08-07,Neptune,2026-08-07T03:00:00+10:00,62.1,130.06,2026-08-07T03:00:00+10:00,62.1,excellent,predawn,-45.77,2026-08-07T03:00:00+10:00,62.1
2026-08-08,Mercury,2026-08-08T06:00:00+10:00,7.28,18.12,2026-08-08T06:00:00+10:00,7.28,poor,predawn,-6.08,2026-08-08T10:30:00+10:00,42.15
2026-08-08,Venus,2026-08-08T18:00:00+10:00,36.53,45.73,2026-08-08T18:00:00+10:00,36.53,good,evening,-8.72,2026-08-08T15:00:00+10:00,63.45
2026-08-08,Mars,2026-08-08T06:00:00+10:00,27.05,47.67,2026-08-08T06:00:00+10:00,27.05,good,predawn,-6.08,2026-08-08T08:30:00+10:00,38.89
2026-08-08,Jupiter,2026-08-08T06:00:00+10:00,-1.47,6.88,2026-08-08T06:00:00+10:00,-1.47,not visible,predawn,-6.08,2026-08-08T11:30:00+10:00,43.89
2026-08-08,Saturn,2026-08-08T03:30:00+10:00,58.98,120.57,2026-08-08T03:30:00+10:00,58.98,excellent,predawn,-38.99,2026-08-08T03:30:00+10:00,58.98
2026-08-08,Uranus,2026-08-08T06:00:00+10:00,39.64,70.12,2026-08-08T06:00:00+10:00,39.64,good,predawn,-6.08,2026-08-08T07:00:00+10:00,41.47
2026-08-08,Neptune,2026-08-08T03:00:00+10:00,62.13,131.03,2026-08-08T03:00:00+10:00,62.13,excellent,predawn,-45.63,2026-08-08T03:00:00+10:00,62.13
2026-08-09,Mercury,2026-08-09T06:00:00+10:00,6.84,17.61,2026-08-09T06:00:00+10:00,6.84,poor,predawn,-5.92,2026-08-09T10:30:00+10:00,42.19
2026-08-09,Venus,2026-08-09T18:00:00+10:00,36.71,45.78,2026-08-09T18:00:00+10:00,36.71,good,evening,-8.62,2026-08-09T14:30:00+10:00,63.92
2026-08-09,Mars,2026-08-09T06:00:00+10:00,27.18,47.97,2026-08-09T06:00:00+10:00,27.18,good,predawn,-5.92,2026-08-09T08:30:00+10:00,38.87
2026-08-09,Jupiter,2026-08-09T06:00:00+10:00,-0.81,7.62,2026-08-09T06:00:00+10:00,-0.81,not visible,predawn,-5.92,2026-08-09T11:30:00+10:00,43.92
2026-08-09,Saturn,2026-08-09T03:30:00+10:00,59.06,121.54,2026-08-09T03:30:00+10:00,59.06,excellent,predawn,-38.85,2026-08-09T03:30:00+10:00,59.06
2026-08-09,Uranus,2026-08-09T06:00:00+10:00,39.87,71.05,2026-08-09T06:00:00+10:00,39.87,good,predawn,-5.92,2026-08-09T07:00:00+10:00,41.44
2026-08-09,Neptune,2026-08-09T03:00:00+10:00,62.12,132.01,2026-08-09T03:00:00+10:00,62.12,excellent,predawn,-45.49,2026-08-09T03:00:00+10:00,62.12
2026-08-10,Mercury,2026-08-10T06:00:00+10:00,6.36,17.02,2026-08-10T06:00:00+10:00,6.36,poor,predawn,-5.76,2026-08-10T11:00:00+10:00,42.26
2026-08-10,Venus,2026-08-10T18:00:00+10:00,36.88,45.81,2026-08-10T18:00:00+10:00,36.88,good,evening,-8.52,2026-08-10T14:30:00+10:00,64.42
2026-08-10,Mars,2026-08-10T06:00:00+10:00,27.31,48.26,2026-08-10T06:00:00+10:00,27.31,good,predawn,-5.76,2026-08-10T08:30:00+10:00,38.85
2026-08-10,Jupiter,2026-08-10T06:00:00+10:00,-0.15,8.35,2026-08-10T06:00:00+10:00,-0.15,not visible,predawn,-5.76,2026-08-10T11:30:00+10:00,43.94
2026-08-10,Saturn,2026-08-10T03:30:00+10:00,59.11,122.52,2026-08-10T03:30:00+10:00,59.11,excellent,predawn,-38.71,2026-08-10T03:30:00+10:00,59.11
2026-08-10,Uranus,2026-08-10T06:00:00+10:00,40.09,71.98,2026-08-10T06:00:00+10:00,40.09,good,predawn,-5.76,2026-08-10T07:00:00+10:00,41.39
2026-08-10,Neptune,2026-08-10T03:00:00+10:00,62.08,132.98,2026-08-10T03:00:00+10:00,62.08,excellent,predawn,-45.35,2026-08-10T03:00:00+10:00,62.08
2026-08-11,Mercury,2026-08-11T06:00:00+10:00,5.85,16.36,2026-08-11T06:00:00+10:00,5.85,poor,predawn,-5.6,2026-08-11T11:00:00+10:00,42.47
2026-08-11,Venus,2026-08-11T18:00:00+10:00,37.05,45.84,2026-08-11T18:00:00+10:00,37.05,good,evening,-8.42,2026-08-11T14:30:00+10:00,64.91
2026-08-11,Mars,2026-08-11T06:00:00+10:00,27.44,48.56,2026-08-11T06:00:00+10:00,27.44,good,predawn,-5.6,2026-08-11T08:30:00+10:00,38.83
2026-08-11,Jupiter,2026-08-11T06:00:00+10:00,0.51,9.09,2026-08-11T06:00:00+10:00,0.51,poor,predawn,-5.6,2026-08-11T11:30:00+10:00,43.96
2026-08-11,Saturn,2026-08-11T03:30:00+10:00,59.13,123.51,2026-08-11T03:30:00+10:00,59.13,excellent,predawn,-38.56,2026-08-11T03:30:00+10:00,59.13
2026-08-11,Uranus,2026-08-11T06:00:00+10:00,40.3,72.91,2026-08-11T06:00:00+10:00,40.3,good,predawn,-5.6,2026-08-11T06:30:00+10:00,41.35
2026-08-11,Neptune,2026-08-11T03:00:00+10:00,62.01,133.96,2026-08-11T03:00:00+10:00,62.01,excellent,predawn,-45.2,2026-08-11T03:00:00+10:00,62.01
2026-08-12,Mercury,2026-08-12T06:00:00+10:00,5.31,15.64,2026-08-12T06:00:00+10:00,5.31,poor,predawn,-5.43,2026-08-12T11:00:00+10:00,42.71
2026-08-12,Venus,2026-08-12T18:00:00+10:00,37.2,45.86,2026-08-12T18:00:00+10:00,37.2,good,evening,-8.33,2026-08-12T14:30:00+10:00,65.41
2026-08-12,Mars,2026-08-12T06:00:00+10:00,27.57,48.85,2026-08-12T06:00:00+10:00,27.57,good,predawn,-5.43,2026-08-12T08:30:00+10:00,38.82
2026-08-12,Jupiter,2026-08-12T06:00:00+10:00,1.17,9.83,2026-08-12T06:00:00+10:00,1.17,poor,predawn,-5.43,2026-08-12T11:00:00+10:00,44.0
2026-08-12,Saturn,2026-08-12T03:30:00+10:00,59.12,124.49,2026-08-12T03:30:00+10:00,59.12,excellent,predawn,-38.41,2026-08-12T03:30:00+10:00,59.12
2026-08-12,Uranus,2026-08-12T06:00:00+10:00,40.49,73.85,2026-08-12T06:00:00+10:00,40.49,good,predawn,-5.43,2026-08-12T06:30:00+10:00,41.4
2026-08-12,Neptune,2026-08-12T02:30:00+10:00,61.93,134.91,2026-08-12T02:30:00+10:00,61.93,excellent,overnight,-51.63,2026-08-12T02:30:00+10:00,61.93
2026-08-13,Mercury,2026-08-13T06:00:00+10:00,4.74,14.85,2026-08-13T06:00:00+10:00,4.74,poor,predawn,-5.26,2026-08-13T11:00:00+10:00,42.99
2026-08-13,Venus,2026-08-13T18:00:00+10:00,37.35,45.88,2026-08-13T18:00:00+10:00,37.35,good,evening,-8.23,2026-08-13T14:30:00+10:00,65.9
2026-08-13,Mars,2026-08-13T06:00:00+10:00,27.71,49.15,2026-08-13T06:00:00+10:00,27.71,good,predawn,-5.26,2026-08-13T08:30:00+10:00,38.8
2026-08-13,Jupiter,2026-08-13T06:00:00+10:00,1.82,10.57,2026-08-13T06:00:00+10:00,1.82,poor,predawn,-5.26,2026-08-13T11:00:00+10:00,44.1
2026-08-13,Saturn,2026-08-13T03:30:00+10:00,59.08,125.48,2026-08-13T03:30:00+10:00,59.08,excellent,predawn,-38.25,2026-08-13T03:30:00+10:00,59.08
2026-08-13,Uranus,2026-08-13T06:00:00+10:00,40.66,74.78,2026-08-13T06:00:00+10:00,40.66,good,predawn,-5.26,2026-08-13T06:30:00+10:00,41.43
2026-08-13,Neptune,2026-08-13T02:30:00+10:00,62.05,135.89,2026-08-13T02:30:00+10:00,62.05,excellent,overnight,-51.46,2026-08-13T02:30:00+10:00,62.05
2026-08-14,Mercury,2026-08-14T06:00:00+10:00,4.15,14.02,2026-08-14T06:00:00+10:00,4.15,poor,predawn,-5.08,2026-08-14T11:00:00+10:00,43.29
2026-08-14,Venus,2026-08-14T18:00:00+10:00,37.49,45.89,2026-08-14T18:00:00+10:00,37.49,good,evening,-8.13,2026-08-14T14:30:00+10:00,66.4
2026-08-14,Mars,2026-08-14T06:00:00+10:00,27.85,49.45,2026-08-14T06:00:00+10:00,27.85,good,predawn,-5.08,2026-08-14T08:30:00+10:00,38.79
2026-08-14,Jupiter,2026-08-14T06:00:00+10:00,2.48,11.31,2026-08-14T06:00:00+10:00,2.48,poor,predawn,-5.08,2026-08-14T11:00:00+10:00,44.2
2026-08-14,Saturn,2026-08-14T03:30:00+10:00,59.01,126.46,2026-08-14T03:30:00+10:00,59.01,excellent,predawn,-38.09,2026-08-14T03:30:00+10:00,59.01
2026-08-14,Uranus,2026-08-14T06:00:00+10:00,40.81,75.72,2026-08-14T06:00:00+10:00,40.81,good,predawn,-5.08,2026-08-14T06:30:00+10:00,41.45
2026-08-14,Neptune,2026-08-14T02:30:00+10:00,62.13,136.87,2026-08-14T02:30:00+10:00,62.13,excellent,overnight,-51.29,2026-08-14T02:30:00+10:00,62.13
2026-08-15,Mercury,2026-08-15T06:00:00+10:00,3.54,13.14,2026-08-15T06:00:00+10:00,3.54,poor,predawn,-4.9,2026-08-15T11:00:00+10:00,43.62
2026-08-15,Venus,2026-08-15T18:00:00+10:00,37.62,45.89,2026-08-15T18:00:00+10:00,37.62,good,evening,-8.04,2026-08-15T14:30:00+10:00,66.89
2026-08-15,Mars,2026-08-15T06:00:00+10:00,27.99,49.75,2026-08-15T06:00:00+10:00,27.99,good,predawn,-4.9,2026-08-15T08:30:00+10:00,38.78
2026-08-15,Jupiter,2026-08-15T06:00:00+10:00,3.13,12.05,2026-08-15T06:00:00+10:00,3.13,poor,predawn,-4.9,2026-08-15T11:00:00+10:00,44.28
2026-08-15,Saturn,2026-08-15T03:00:00+10:00,59.04,127.43,2026-08-15T03:00:00+10:00,59.04,excellent,predawn,-44.55,2026-08-15T03:00:00+10:00,59.04
2026-08-15,Uranus,2026-08-15T06:00:00+10:00,40.95,76.66,2026-08-15T06:00:00+10:00,40.95,good,predawn,-4.9,2026-08-15T06:30:00+10:00,41.45
2026-08-15,Neptune,2026-08-15T02:30:00+10:00,62.17,137.85,2026-08-15T02:30:00+10:00,62.17,excellent,overnight,-51.12,2026-08-15T02:30:00+10:00,62.17
2026-08-16,Mercury,2026-08-16T06:00:00+10:00,2.93,12.22,2026-08-16T06:00:00+10:00,2.93,poor,predawn,-4.71,2026-08-16T11:00:00+10:00,43.98
2026-08-16,Venus,2026-08-16T18:00:00+10:00,37.74,45.89,2026-08-16T18:00:00+10:00,37.74,good,evening,-7.94,2026-08-16T14:30:00+10:00,67.38
2026-08-16,Mars,2026-08-16T06:00:00+10:00,28.13,50.06,2026-08-16T06:00:00+10:00,28.13,good,predawn,-4.71,2026-08-16T08:30:00+10:00,38.77
2026-08-16,Jupiter,2026-08-16T06:00:00+10:00,3.79,12.8,2026-08-16T06:00:00+10:00,3.79,poor,predawn,-4.71,2026-08-16T11:00:00+10:00,44.35
2026-08-16,Saturn,2026-08-16T03:00:00+10:00,59.14,128.42,2026-08-16T03:00:00+10:00,59.14,excellent,predawn,-44.38,2026-08-16T03:00:00+10:00,59.14
2026-08-16,Uranus,2026-08-16T06:00:00+10:00,41.07,77.6,2026-08-16T06:00:00+10:00,41.07,good,predawn,-4.71,2026-08-16T06:30:00+10:00,41.43
2026-08-16,Neptune,2026-08-16T02:30:00+10:00,62.19,138.83,2026-08-16T02:30:00+10:00,62.19,excellent,overnight,-50.93,2026-08-16T02:30:00+10:00,62.19
2026-08-17,Mercury,2026-08-17T06:00:00+10:00,2.31,11.27,2026-08-17T06:00:00+10:00,2.31,poor,predawn,-4.52,2026-08-17T11:00:00+10:00,44.36
2026-08-17,Venus,2026-08-17T18:00:00+10:00,37.85,45.88,2026-08-17T18:00:00+10:00,37.85,good,evening,-7.84,2026-08-17T14:30:00+10:00,67.87
2026-08-17,Mars,2026-08-17T06:00:00+10:00,28.28,50.36,2026-08-17T06:00:00+10:00,28.28,good,predawn,-4.52,2026-08-17T08:30:00+10:00,38.77
2026-08-17,Jupiter,2026-08-17T06:00:00+10:00,4.44,13.54,2026-08-17T06:00:00+10:00,4.44,poor,predawn,-4.52,2026-08-17T11:00:00+10:00,44.41
2026-08-17,Saturn,2026-08-17T03:00:00+10:00,59.2,129.42,2026-08-17T03:00:00+10:00,59.2,excellent,predawn,-44.2,2026-08-17T03:00:00+10:00,59.2
2026-08-17,Uranus,2026-08-17T06:00:00+10:00,41.17,78.54,2026-08-17T06:00:00+10:00,41.17,good,predawn,-4.52,2026-08-17T06:30:00+10:00,41.4
2026-08-17,Neptune,2026-08-17T02:30:00+10:00,62.17,139.81,2026-08-17T02:30:00+10:00,62.17,excellent,overnight,-50.75,2026-08-17T02:30:00+10:00,62.17
2026-08-18,Mercury,2026-08-18T06:00:00+10:00,1.7,10.3,2026-08-18T06:00:00+10:00,1.7,poor,predawn,-4.33,2026-08-18T11:00:00+10:00,44.76
2026-08-18,Venus,2026-08-18T18:00:00+10:00,37.95,45.86,2026-08-18T18:00:00+10:00,37.95,good,evening,-7.75,2026-08-18T14:30:00+10:00,68.36
2026-08-18,Mars,2026-08-18T06:00:00+10:00,28.43,50.67,2026-08-18T06:00:00+10:00,28.43,good,predawn,-4.33,2026-08-18T08:30:00+10:00,38.76
2026-08-18,Jupiter,2026-08-18T06:00:00+10:00,5.09,14.28,2026-08-18T06:00:00+10:00,5.09,poor,predawn,-4.33,2026-08-18T11:00:00+10:00,44.45
2026-08-18,Saturn,2026-08-18T03:00:00+10:00,59.24,130.41,2026-08-18T03:00:00+10:00,59.24,excellent,predawn,-44.01,2026-08-18T03:00:00+10:00,59.24
2026-08-18,Uranus,2026-08-18T06:00:00+10:00,41.26,79.48,2026-08-18T06:00:00+10:00,41.26,good,predawn,-4.33,2026-08-18T06:30:00+10:00,41.34
2026-08-18,Neptune,2026-08-18T02:30:00+10:00,62.11,140.79,2026-08-18T02:30:00+10:00,62.11,excellent,overnight,-50.55,2026-08-18T02:30:00+10:00,62.11
2026-08-19,Mercury,2026-08-19T06:00:00+10:00,1.09,9.31,2026-08-19T06:00:00+10:00,1.09,poor,predawn,-4.13,2026-08-19T11:30:00+10:00,45.32
2026-08-19,Venus,2026-08-19T18:00:00+10:00,38.05,45.83,2026-08-19T18:00:00+10:00,38.05,good,evening,-7.65,2026-08-19T14:30:00+10:00,68.84
2026-08-19,Mars,2026-08-19T06:00:00+10:00,28.58,50.98,2026-08-19T06:00:00+10:00,28.58,good,predawn,-4.13,2026-08-19T08:30:00+10:00,38.76
2026-08-19,Jupiter,2026-08-19T06:00:00+10:00,5.75,15.03,2026-08-19T06:00:00+10:00,5.75,poor,predawn,-4.13,2026-08-19T11:00:00+10:00,44.49
2026-08-19,Saturn,2026-08-19T03:00:00+10:00,59.25,131.41,2026-08-19T03:00:00+10:00,59.25,excellent,predawn,-43.82,2026-08-19T03:00:00+10:00,59.25
2026-08-19,Uranus,2026-08-19T06:00:00+10:00,41.33,80.42,2026-08-19T06:00:00+10:00,41.33,good,predawn,-4.13,2026-08-19T06:00:00+10:00,41.33
2026-08-19,Neptune,2026-08-19T02:30:00+10:00,62.03,141.77,2026-08-19T02:30:00+10:00,62.03,excellent,overnight,-50.36,2026-08-19T02:30:00+10:00,62.03
2026-08-20,Mercury,2026-08-20T05:30:00+10:00,-5.85,8.32,2026-08-20T05:30:00+10:00,-5.85,not visible,predawn,-10.48,2026-08-20T11:30:00+10:00,45.91
2026-08-20,Venus,2026-08-20T18:00:00+10:00,38.13,45.8,2026-08-20T18:00:00+10:00,38.13,good,evening,-7.55,2026-08-20T14:30:00+10:00,69.32
2026-08-20,Mars,2026-08-20T05:30:00+10:00,24.48,51.28,2026-08-20T05:30:00+10:00,24.48,fair,predawn,-10.48,2026-08-20T08:30:00+10:00,38.76
2026-08-20,Jupiter,2026-08-20T05:30:00+10:00,0.23,15.76,2026-08-20T05:30:00+10:00,0.23,poor,predawn,-10.48,2026-08-20T11:00:00+10:00,44.51
2026-08-20,Saturn,2026-08-20T03:00:00+10:00,59.22,132.41,2026-08-20T03:00:00+10:00,59.22,excellent,predawn,-43.63,2026-08-20T03:00:00+10:00,59.22
2026-08-20,Uranus,2026-08-20T05:30:00+10:00,40.49,81.35,2026-08-20T05:30:00+10:00,40.49,good,predawn,-10.48,2026-08-20T06:00:00+10:00,41.38
2026-08-20,Neptune,2026-08-20T02:00:00+10:00,62.06,142.73,2026-08-20T02:00:00+10:00,62.06,excellent,overnight,-56.53,2026-08-20T02:00:00+10:00,62.06
2026-08-21,Mercury,2026-08-21T05:30:00+10:00,-6.47,7.31,2026-08-21T05:30:00+10:00,-6.47,not visible,predawn,-10.28,2026-08-21T11:30:00+10:00,46.51
2026-08-21,Venus,2026-08-21T18:00:00+10:00,38.2,45.75,2026-08-21T18:00:00+10:00,38.2,good,evening,-7.46,2026-08-21T14:30:00+10:00,69.8
2026-08-21,Mars,2026-08-21T05:30:00+10:00,24.66,51.59,2026-08-21T05:30:00+10:00,24.66,fair,predawn,-10.28,2026-08-21T08:30:00+10:00,38.76
2026-08-21,Jupiter,2026-08-21T05:30:00+10:00,0.89,16.5,2026-08-21T05:30:00+10:00,0.89,poor,predawn,-10.28,2026-08-21T11:00:00+10:00,44.52
2026-08-21,Saturn,2026-08-21T03:00:00+10:00,59.17,133.41,2026-08-21T03:00:00+10:00,59.17,excellent,predawn,-43.43,2026-08-21T03:00:00+10:00,59.17
2026-08-21,Uranus,2026-08-21T05:30:00+10:00,40.66,82.29,2026-08-21T05:30:00+10:00,40.66,good,predawn,-10.28,2026-08-21T06:00:00+10:00,41.41
2026-08-21,Neptune,2026-08-21T02:00:00+10:00,62.15,143.71,2026-08-21T02:00:00+10:00,62.15,excellent,overnight,-56.3,2026-08-21T02:00:00+10:00,62.15
2026-08-22,Mercury,2026-08-22T05:30:00+10:00,-7.07,6.31,2026-08-22T05:30:00+10:00,-7.07,not visible,predawn,-10.08,2026-08-22T11:30:00+10:00,47.12
2026-08-22,Venus,2026-08-22T18:00:00+10:00,38.26,45.7,2026-08-22T18:00:00+10:00,38.26,good,evening,-7.36,2026-08-22T14:30:00+10:00,70.27
2026-08-22,Mars,2026-08-22T05:30:00+10:00,24.84,51.91,2026-08-22T05:30:00+10:00,24.84,fair,predawn,-10.08,2026-08-22T08:30:00+10:00,38.77
2026-08-22,Jupiter,2026-08-22T05:30:00+10:00,1.56,17.25,2026-08-22T05:30:00+10:00,1.56,poor,predawn,-10.08,2026-08-22T10:30:00+10:00,44.58
2026-08-22,Saturn,2026-08-22T02:30:00+10:00,59.12,134.39,2026-08-22T02:30:00+10:00,59.12,excellent,overnight,-49.74,2026-08-22T02:30:00+10:00,59.12
2026-08-22,Uranus,2026-08-22T05:30:00+10:00,40.81,83.24,2026-08-22T05:30:00+10:00,40.81,good,predawn,-10.08,2026-08-22T06:00:00+10:00,41.43
2026-08-22,Neptune,2026-08-22T02:00:00+10:00,62.22,144.69,2026-08-22T02:00:00+10:00,62.22,excellent,overnight,-56.08,2026-08-22T02:00:00+10:00,62.22
2026-08-23,Mercury,2026-08-23T05:30:00+10:00,-7.65,5.32,2026-08-23T05:30:00+10:00,-7.65,not visible,predawn,-9.88,2026-08-23T11:30:00+10:00,47.74
2026-08-23,Venus,2026-08-23T18:00:00+10:00,38.31,45.64,2026-08-23T18:00:00+10:00,38.31,good,evening,-7.27,2026-08-23T14:30:00+10:00,70.74
2026-08-23,Mars,2026-08-23T05:30:00+10:00,25.02,52.22,2026-08-23T05:30:00+10:00,25.02,good,predawn,-9.88,2026-08-23T08:30:00+10:00,38.77
2026-08-23,Jupiter,2026-08-23T05:30:00+10:00,2.22,17.99,2026-08-23T05:30:00+10:00,2.22,poor,predawn,-9.88,2026-08-23T10:30:00+10:00,44.69
2026-08-23,Saturn,2026-08-23T02:30:00+10:00,59.24,135.39,2026-08-23T02:30:00+10:00,59.24,excellent,overnight,-49.52,2026-08-23T02:30:00+10:00,59.24
2026-08-23,Uranus,2026-08-23T05:30:00+10:00,40.95,84.18,2026-08-23T05:30:00+10:00,40.95,good,predawn,-9.88,2026-08-23T06:00:00+10:00,41.42
2026-08-23,Neptune,2026-08-23T02:00:00+10:00,62.25,145.68,2026-08-23T02:00:00+10:00,62.25,excellent,overnight,-55.85,2026-08-23T02:00:00+10:00,62.25
2026-08-24,Mercury,2026-08-24T05:30:00+10:00,-8.2,4.35,2026-08-24T05:30:00+10:00,-8.2,not visible,predawn,-9.67,2026-08-24T11:30:00+10:00,48.36
2026-08-24,Venus,2026-08-24T18:00:00+10:00,38.35,45.57,2026-08-24T18:00:00+10:00,38.35,good,evening,-7.17,2026-08-24T14:30:00+10:00,71.21
2026-08-24,Mars,2026-08-24T05:30:00+10:00,25.2,52.54,2026-08-24T05:30:00+10:00,25.2,good,predawn,-9.67,2026-08-24T08:30:00+10:00,38.78
2026-08-24,Jupiter,2026-08-24T05:30:00+10:00,2.88,18.74,2026-08-24T05:30:00+10:00,2.88,poor,predawn,-9.67,2026-08-24T10:30:00+10:00,44.78
2026-08-24,Saturn,2026-08-24T02:30:00+10:00,59.32,136.4,2026-08-24T02:30:00+10:00,59.32,excellent,overnight,-49.3,2026-08-24T02:30:00+10:00,59.32
2026-08-24,Uranus,2026-08-24T05:30:00+10:00,41.07,85.13,2026-08-24T05:30:00+10:00,41.07,good,predawn,-9.67,2026-08-24T06:00:00+10:00,41.4
2026-08-24,Neptune,2026-08-24T02:00:00+10:00,62.25,146.66,2026-08-24T02:00:00+10:00,62.25,excellent,overnight,-55.61,2026-08-24T02:00:00+10:00,62.25
2026-08-25,Mercury,2026-08-25T05:30:00+10:00,-8.73,3.43,2026-08-25T05:30:00+10:00,-8.73,not visible,predawn,-9.46,2026-08-25T11:30:00+10:00,48.99
2026-08-25,Venus,2026-08-25T18:00:00+10:00,38.37,45.49,2026-08-25T18:00:00+10:00,38.37,good,evening,-7.08,2026-08-25T14:30:00+10:00,71.67
2026-08-25,Mars,2026-08-25T05:30:00+10:00,25.39,52.86,2026-08-25T05:30:00+10:00,25.39,good,predawn,-9.46,2026-08-25T08:00:00+10:00,38.82
2026-08-25,Jupiter,2026-08-25T05:30:00+10:00,3.54,19.49,2026-08-25T05:30:00+10:00,3.54,poor,predawn,-9.46,2026-08-25T10:30:00+10:00,44.86
2026-08-25,Saturn,2026-08-25T02:30:00+10:00,59.37,137.41,2026-08-25T02:30:00+10:00,59.37,excellent,overnight,-49.07,2026-08-25T02:30:00+10:00,59.37
2026-08-25,Uranus,2026-08-25T05:30:00+10:00,41.17,86.08,2026-08-25T05:30:00+10:00,41.17,good,predawn,-9.46,2026-08-25T06:00:00+10:00,41.36
2026-08-25,Neptune,2026-08-25T02:00:00+10:00,62.21,147.65,2026-08-25T02:00:00+10:00,62.21,excellent,overnight,-55.37,2026-08-25T02:00:00+10:00,62.21
2026-08-26,Mercury,2026-08-26T18:00:00+10:00,-8.54,2.24,2026-08-26T18:00:00+10:00,-8.54,not visible,evening,-6.99,2026-08-26T12:00:00+10:00,49.68
2026-08-26,Venus,2026-08-26T18:00:00+10:00,38.39,45.4,2026-08-26T18:00:00+10:00,38.39,good,evening,-6.99,2026-08-26T14:30:00+10:00,72.13
2026-08-26,Mars,2026-08-26T05:30:00+10:00,25.58,53.18,2026-08-26T05:30:00+10:00,25.58,good,predawn,-9.24,2026-08-26T08:00:00+10:00,38.87
2026-08-26,Jupiter,2026-08-26T05:30:00+10:00,4.21,20.24,2026-08-26T05:30:00+10:00,4.21,poor,predawn,-9.24,2026-08-26T10:30:00+10:00,44.93
2026-08-26,Saturn,2026-08-26T02:30:00+10:00,59.4,138.42,2026-08-26T02:30:00+10:00,59.4,excellent,overnight,-48.84,2026-08-26T02:30:00+10:00,59.4
2026-08-26,Uranus,2026-08-26T05:30:00+10:00,41.25,87.03,2026-08-26T05:30:00+10:00,41.25,good,predawn,-9.24,2026-08-26T06:00:00+10:00,41.31
2026-08-26,Neptune,2026-08-26T02:00:00+10:00,62.14,148.63,2026-08-26T02:00:00+10:00,62.14,excellent,overnight,-55.12,2026-08-26T02:00:00+10:00,62.14
2026-08-27,Mercury,2026-08-27T18:00:00+10:00,-7.43,1.79,2026-08-27T18:00:00+10:00,-7.43,not visible,evening,-6.89,2026-08-27T12:00:00+10:00,50.46
2026-08-27,Venus,2026-08-27T18:00:00+10:00,38.39,45.3,2026-08-27T18:00:00+10:00,38.39,good,evening,-6.89,2026-08-27T14:30:00+10:00,72.58
2026-08-27,Mars,2026-08-27T05:30:00+10:00,25.77,53.5,2026-08-27T05:30:00+10:00,25.77,good,predawn,-9.02,2026-08-27T08:00:00+10:00,38.91
2026-08-27,Jupiter,2026-08-27T05:30:00+10:00,4.87,20.99,2026-08-27T05:30:00+10:00,4.87,poor,predawn,-9.02,2026-08-27T10:30:00+10:00,44.99
2026-08-27,Saturn,2026-08-27T02:30:00+10:00,59.38,139.43,2026-08-27T02:30:00+10:00,59.38,excellent,overnight,-48.61,2026-08-27T02:30:00+10:00,59.38
2026-08-27,Uranus,2026-08-27T05:30:00+10:00,41.32,87.98,2026-08-27T05:30:00+10:00,41.32,good,predawn,-9.02,2026-08-27T05:30:00+10:00,41.32
2026-08-27,Neptune,2026-08-27T01:30:00+10:00,62.07,149.6,2026-08-27T01:30:00+10:00,62.07,excellent,overnight,-60.8,2026-08-27T01:30:00+10:00,62.07
2026-08-28,Mercury,2026-08-28T18:00:00+10:00,-6.34,1.84,2026-08-28T18:00:00+10:00,-6.34,not visible,evening,-6.8,2026-08-28T12:00:00+10:00,51.24
2026-08-28,Venus,2026-08-28T18:00:00+10:00,38.38,45.19,2026-08-28T18:00:00+10:00,38.38,good,evening,-6.8,2026-08-28T14:30:00+10:00,73.02
2026-08-28,Mars,2026-08-28T05:30:00+10:00,25.97,53.82,2026-08-28T05:30:00+10:00,25.97,good,predawn,-8.8,2026-08-28T08:00:00+10:00,38.96
2026-08-28,Jupiter,2026-08-28T05:30:00+10:00,5.53,21.74,2026-08-28T05:30:00+10:00,5.53,poor,predawn,-8.8,2026-08-28T10:30:00+10:00,45.03
2026-08-28,Saturn,2026-08-28T02:30:00+10:00,59.34,140.44,2026-08-28T02:30:00+10:00,59.34,excellent,overnight,-48.37,2026-08-28T02:30:00+10:00,59.34
2026-08-28,Uranus,2026-08-28T05:30:00+10:00,41.37,88.94,2026-08-28T05:30:00+10:00,41.37,good,predawn,-8.8,2026-08-28T05:30:00+10:00,41.37
2026-08-28,Neptune,2026-08-28T01:30:00+10:00,62.18,150.58,2026-08-28T01:30:00+10:00,62.18,excellent,overnight,-60.52,2026-08-28T01:30:00+10:00,62.18
2026-08-29,Mercury,2026-08-29T18:00:00+10:00,-5.27,2.33,2026-08-29T18:00:00+10:00,-5.27,not visible,evening,-6.7,2026-08-29T12:00:00+10:00,52.01
2026-08-29,Venus,2026-08-29T18:00:00+10:00,38.35,45.06,2026-08-29T18:00:00+10:00,38.35,good,evening,-6.7,2026-08-29T14:30:00+10:00,73.46
2026-08-29,Mars,2026-08-29T05:30:00+10:00,26.17,54.15,2026-08-29T05:30:00+10:00,26.17,good,predawn,-8.58,2026-08-29T08:00:00+10:00,39.02
2026-08-29,Jupiter,2026-08-29T05:30:00+10:00,6.19,22.5,2026-08-29T05:30:00+10:00,6.19,poor,predawn,-8.58,2026-08-29T10:30:00+10:00,45.06
2026-08-29,Saturn,2026-08-29T02:30:00+10:00,59.27,141.45,2026-08-29T02:30:00+10:00,59.27,excellent,overnight,-48.13,2026-08-29T02:30:00+10:00,59.27
2026-08-29,Uranus,2026-08-29T05:30:00+10:00,41.4,89.89,2026-08-29T05:30:00+10:00,41.4,good,predawn,-8.58,2026-08-29T05:30:00+10:00,41.4
2026-08-29,Neptune,2026-08-29T01:30:00+10:00,62.26,151.57,2026-08-29T01:30:00+10:00,62.26,excellent,overnight,-60.24,2026-08-29T01:30:00+10:00,62.26
2026-08-30,Mercury,2026-08-30T18:00:00+10:00,-4.21,3.05,2026-08-30T18:00:00+10:00,-4.21,not visible,evening,-6.61,2026-08-30T12:00:00+10:00,52.78
2026-08-30,Venus,2026-08-30T18:00:00+10:00,38.32,44.93,2026-08-30T18:00:00+10:00,38.32,good,evening,-6.61,2026-08-30T14:30:00+10:00,73.89
2026-08-30,Mars,2026-08-30T05:30:00+10:00,26.37,54.48,2026-08-30T05:30:00+10:00,26.37,good,predawn,-8.35,2026-08-30T08:00:00+10:00,39.07
2026-08-30,Jupiter,2026-08-30T05:30:00+10:00,6.85,23.25,2026-08-30T05:30:00+10:00,6.85,poor,predawn,-8.35,2026-08-30T10:30:00+10:00,45.08
2026-08-30,Saturn,2026-08-30T02:00:00+10:00,59.37,142.45,2026-08-30T02:00:00+10:00,59.37,excellent,overnight,-54.09,2026-08-30T02:00:00+10:00,59.37
2026-08-30,Uranus,2026-08-30T05:30:00+10:00,41.41,90.84,2026-08-30T05:30:00+10:00,41.41,good,predawn,-8.35,2026-08-30T05:30:00+10:00,41.41
2026-08-30,Neptune,2026-08-30T01:30:00+10:00,62.31,152.56,2026-08-30T01:30:00+10:00,62.31,excellent,overnight,-59.95,2026-08-30T01:30:00+10:00,62.31
2026-08-31,Mercury,2026-08-31T18:00:00+10:00,-3.17,3.85,2026-08-31T18:00:00+10:00,-3.17,not visible,evening,-6.51,2026-08-31T12:00:00+10:00,53.53
2026-08-31,Venus,2026-08-31T18:00:00+10:00,38.27,44.78,2026-08-31T18:00:00+10:00,38.27,good,evening,-6.51,2026-08-31T14:30:00+10:00,74.31
2026-08-31,Mars,2026-08-31T05:30:00+10:00,26.57,54.81,2026-08-31T05:30:00+10:00,26.57,good,predawn,-8.12,2026-08-31T08:00:00+10:00,39.12
2026-08-31,Jupiter,2026-08-31T05:30:00+10:00,7.5,24.01,2026-08-31T05:30:00+10:00,7.5,poor,predawn,-8.12,2026-08-31T10:30:00+10:00,45.09
2026-08-31,Saturn,2026-08-31T02:00:00+10:00,59.46,143.46,2026-08-31T02:00:00+10:00,59.46,excellent,overnight,-53.82,2026-08-31T02:00:00+10:00,59.46
2026-08-31,Uranus,2026-08-31T05:30:00+10:00,41.4,91.8,2026-08-31T05:30:00+10:00,41.4,good,predawn,-8.12,2026-08-31T05:30:00+10:00,41.4
2026-08-31,Neptune,2026-08-31T01:30:00+10:00,62.32,153.55,2026-08-31T01:30:00+10:00,62.32,excellent,overnight,-59.66,2026-08-31T01:30:00+10:00,62.32
2026-09-01,Mercury,2026-09-01T18:00:00+10:00,-2.16,4.68,2026-09-01T18:00:00+10:00,-2.16,not visible,evening,-6.42,2026-09-01T12:00:00+10:00,54.28
2026-09-01,Venus,2026-09-01T18:00:00+10:00,38.2,44.63,2026-09-01T18:00:00+10:00,38.2,good,evening,-6.42,2026-09-01T14:30:00+10:00,74.72
2026-09-01,Mars,2026-09-01T05:30:00+10:00,26.78,55.14,2026-09-01T05:30:00+10:00,26.78,good,predawn,-7.89,2026-09-01T08:00:00+10:00,39.18
2026-09-01,Jupiter,2026-09-01T05:30:00+10:00,8.16,24.76,2026-09-01T05:30:00+10:00,8.16,poor,predawn,-7.89,2026-09-01T10:00:00+10:00,45.18
2026-09-01,Saturn,2026-09-01T02:00:00+10:00,59.53,144.48,2026-09-01T02:00:00+10:00,59.53,excellent,overnight,-53.55,2026-09-01T02:00:00+10:00,59.53
2026-09-01,Uranus,2026-09-01T05:30:00+10:00,41.38,92.76,2026-09-01T05:30:00+10:00,41.38,good,predawn,-7.89,2026-09-01T05:30:00+10:00,41.38
2026-09-01,Neptune,2026-09-01T01:30:00+10:00,62.3,154.54,2026-09-01T01:30:00+10:00,62.3,excellent,overnight,-59.36,2026-09-01T01:30:00+10:00,62.3
2026-09-02,Mercury,2026-09-02T18:00:00+10:00,-1.16,5.52,2026-09-02T18:00:00+10:00,-1.16,not visible,evening,-6.33,2026-09-02T12:00:00+10:00,55.03
2026-09-02,Venus,2026-09-02T18:00:00+10:00,38.13,44.45,2026-09-02T18:00:00+10:00,38.13,good,evening,-6.33,2026-09-02T14:30:00+10:00,75.12
2026-09-02,Mars,2026-09-02T05:30:00+10:00,26.99,55.47,2026-09-02T05:30:00+10:00,26.99,good,predawn,-7.66,2026-09-02T08:00:00+10:00,39.24
2026-09-02,Jupiter,2026-09-02T05:30:00+10:00,8.82,25.52,2026-09-02T05:30:00+10:00,8.82,poor,predawn,-7.66,2026-09-02T10:00:00+10:00,45.28
2026-09-02,Saturn,2026-09-02T02:00:00+10:00,59.56,145.5,2026-09-02T02:00:00+10:00,59.56,excellent,overnight,-53.27,2026-09-02T02:00:00+10:00,59.56
2026-09-02,Uranus,2026-09-02T05:30:00+10:00,41.33,93.72,2026-09-02T05:30:00+10:00,41.33,good,predawn,-7.66,2026-09-02T05:30:00+10:00,41.33
2026-09-02,Neptune,2026-09-02T01:30:00+10:00,62.25,155.53,2026-09-02T01:30:00+10:00,62.25,excellent,overnight,-59.06,2026-09-02T01:30:00+10:00,62.25
2026-09-03,Mercury,2026-09-03T18:00:00+10:00,-0.18,6.35,2026-09-03T18:00:00+10:00,-0.18,not visible,evening,-6.23,2026-09-03T12:00:00+10:00,55.76
2026-09-03,Venus,2026-09-03T18:00:00+10:00,38.03,44.27,2026-09-03T18:00:00+10:00,38.03,good,evening,-6.23,2026-09-03T14:30:00+10:00,75.51
2026-09-03,Mars,2026-09-03T05:30:00+10:00,27.2,55.81,2026-09-03T05:30:00+10:00,27.2,good,predawn,-7.42,2026-09-03T08:00:00+10:00,39.29
2026-09-03,Jupiter,2026-09-03T05:30:00+10:00,9.47,26.28,2026-09-03T05:30:00+10:00,9.47,poor,predawn,-7.42,2026-09-03T10:00:00+10:00,45.37
2026-09-03,Saturn,2026-09-03T02:00:00+10:00,59.56,146.52,2026-09-03T02:00:00+10:00,59.56,excellent,overnight,-52.99,2026-09-03T02:00:00+10:00,59.56
2026-09-03,Uranus,2026-09-03T05:30:00+10:00,41.27,94.68,2026-09-03T05:30:00+10:00,41.27,good,predawn,-7.42,2026-09-03T05:30:00+10:00,41.27
2026-09-03,Neptune,2026-09-03T01:30:00+10:00,62.16,156.52,2026-09-03T01:30:00+10:00,62.16,excellent,overnight,-58.76,2026-09-03T01:30:00+10:00,62.16
2026-09-04,Mercury,2026-09-04T18:00:00+10:00,0.78,7.18,2026-09-04T18:00:00+10:00,0.78,poor,evening,-6.14,2026-09-04T12:30:00+10:00,56.48
2026-09-04,Venus,2026-09-04T18:00:00+10:00,37.93,44.07,2026-09-04T18:00:00+10:00,37.93,good,evening,-6.14,2026-09-04T14:30:00+10:00,75.88
2026-09-04,Mars,2026-09-04T05:30:00+10:00,27.41,56.15,2026-09-04T05:30:00+10:00,27.41,good,predawn,-7.18,2026-09-04T08:00:00+10:00,39.35
2026-09-04,Jupiter,2026-09-04T05:30:00+10:00,10.13,27.04,2026-09-04T05:30:00+10:00,10.13,poor,predawn,-7.18,2026-09-04T10:00:00+10:00,45.45
2026-09-04,Saturn,2026-09-04T02:00:00+10:00,59.53,147.55,2026-09-04T02:00:00+10:00,59.53,excellent,overnight,-52.71,2026-09-04T02:00:00+10:00,59.53
2026-09-04,Uranus,2026-09-04T05:00:00+10:00,41.32,95.62,2026-09-04T05:00:00+10:00,41.32,good,predawn,-13.83,2026-09-04T05:00:00+10:00,41.32
2026-09-04,Neptune,2026-09-04T01:00:00+10:00,62.2,157.49,2026-09-04T01:00:00+10:00,62.2,excellent,overnight,-63.53,2026-09-04T01:00:00+10:00,62.2
2026-09-05,Mercury,2026-09-05T18:00:00+10:00,1.72,7.99,2026-09-05T18:00:00+10:00,1.72,poor,evening,-6.04,2026-09-05T12:30:00+10:00,57.32
2026-09-05,Venus,2026-09-05T18:00:00+10:00,37.8,43.86,2026-09-05T18:00:00+10:00,37.8,good,evening,-6.04,2026-09-05T14:30:00+10:00,76.24
2026-09-05,Mars,2026-09-05T05:30:00+10:00,27.63,56.49,2026-09-05T05:30:00+10:00,27.63,good,predawn,-6.94,2026-09-05T08:00:00+10:00,39.41
2026-09-05,Jupiter,2026-09-05T05:30:00+10:00,10.78,27.8,2026-09-05T05:30:00+10:00,10.78,poor,predawn,-6.94,2026-09-05T10:00:00+10:00,45.51
2026-09-05,Saturn,2026-09-05T02:00:00+10:00,59.47,148.57,2026-09-05T02:00:00+10:00,59.47,excellent,overnight,-52.42,2026-09-05T02:00:00+10:00,59.47
2026-09-05,Uranus,2026-09-05T05:00:00+10:00,41.37,96.58,2026-09-05T05:00:00+10:00,41.37,good,predawn,-13.59,2026-09-05T05:00:00+10:00,41.37
2026-09-05,Neptune,2026-09-05T01:00:00+10:00,62.3,158.48,2026-09-05T01:00:00+10:00,62.3,excellent,overnight,-63.19,2026-09-05T01:00:00+10:00,62.3
2026-09-06,Mercury,2026-09-06T18:00:00+10:00,2.64,8.78,2026-09-06T18:00:00+10:00,2.64,poor,evening,-5.95,2026-09-06T12:30:00+10:00,58.16
2026-09-06,Venus,2026-09-06T18:00:00+10:00,37.66,43.63,2026-09-06T18:00:00+10:00,37.66,good,evening,-5.95,2026-09-06T14:30:00+10:00,76.58
2026-09-06,Mars,2026-09-06T05:30:00+10:00,27.85,56.83,2026-09-06T05:30:00+10:00,27.85,good,predawn,-6.7,2026-09-06T08:00:00+10:00,39.47
2026-09-06,Jupiter,2026-09-06T05:30:00+10:00,11.44,28.56,2026-09-06T05:30:00+10:00,11.44,poor,predawn,-6.7,2026-09-06T10:00:00+10:00,45.57
2026-09-06,Saturn,2026-09-06T01:30:00+10:00,59.52,149.58,2026-09-06T01:30:00+10:00,59.52,excellent,overnight,-57.82,2026-09-06T01:30:00+10:00,59.52
2026-09-06,Uranus,2026-09-06T05:00:00+10:00,41.39,97.55,2026-09-06T05:00:00+10:00,41.39,good,predawn,-13.35,2026-09-06T05:00:00+10:00,41.39
2026-09-06,Neptune,2026-09-06T01:00:00+10:00,62.37,159.47,2026-09-06T01:00:00+10:00,62.37,excellent,overnight,-62.85,2026-09-06T01:00:00+10:00,62.37
2026-09-07,Mercury,2026-09-07T18:00:00+10:00,3.54,9.56,2026-09-07T18:00:00+10:00,3.54,poor,evening,-5.85,2026-09-07T12:30:00+10:00,58.98
2026-09-07,Venus,2026-09-07T18:00:00+10:00,37.51,43.38,2026-09-07T18:00:00+10:00,37.51,good,evening,-5.85,2026-09-07T14:30:00+10:00,76.91
2026-09-07,Mars,2026-09-07T05:30:00+10:00,28.07,57.17,2026-09-07T05:30:00+10:00,28.07,good,predawn,-6.46,2026-09-07T08:00:00+10:00,39.54
2026-09-07,Jupiter,2026-09-07T05:30:00+10:00,12.09,29.32,2026-09-07T05:30:00+10:00,12.09,poor,predawn,-6.46,2026-09-07T10:00:00+10:00,45.61
2026-09-07,Saturn,2026-09-07T01:30:00+10:00,59.63,150.6,2026-09-07T01:30:00+10:00,59.63,excellent,overnight,-57.51,2026-09-07T01:30:00+10:00,59.63
2026-09-07,Uranus,2026-09-07T05:00:00+10:00,41.4,98.52,2026-09-07T05:00:00+10:00,41.4,good,predawn,-13.11,2026-09-07T05:00:00+10:00,41.4
2026-09-07,Neptune,2026-09-07T01:00:00+10:00,62.4,160.47,2026-09-07T01:00:00+10:00,62.4,excellent,overnight,-62.5,2026-09-07T01:00:00+10:00,62.4
2026-09-08,Mercury,2026-09-08T18:00:00+10:00,4.41,10.32,2026-09-08T18:00:00+10:00,4.41,poor,evening,-5.76,2026-09-08T12:30:00+10:00,59.79
2026-09-08,Venus,2026-09-08T18:00:00+10:00,37.34,43.12,2026-09-08T18:00:00+10:00,37.34,good,evening,-5.76,2026-09-08T14:30:00+10:00,77.22
2026-09-08,Mars,2026-09-08T05:30:00+10:00,28.3,57.52,2026-09-08T05:30:00+10:00,28.3,good,predawn,-6.21,2026-09-08T08:00:00+10:00,39.6
2026-09-08,Jupiter,2026-09-08T05:30:00+10:00,12.74,30.09,2026-09-08T05:30:00+10:00,12.74,poor,predawn,-6.21,2026-09-08T10:00:00+10:00,45.63
2026-09-08,Saturn,2026-09-08T01:30:00+10:00,59.7,151.63,2026-09-08T01:30:00+10:00,59.7,excellent,overnight,-57.18,2026-09-08T01:30:00+10:00,59.7
2026-09-08,Uranus,2026-09-08T05:00:00+10:00,41.39,99.48,2026-09-08T05:00:00+10:00,41.39,good,predawn,-12.87,2026-09-08T05:00:00+10:00,41.39
2026-09-08,Neptune,2026-09-08T01:00:00+10:00,62.39,161.46,2026-09-08T01:00:00+10:00,62.39,excellent,overnight,-62.15,2026-09-08T01:00:00+10:00,62.39
2026-09-09,Mercury,2026-09-09T18:00:00+10:00,5.27,11.07,2026-09-09T18:00:00+10:00,5.27,poor,evening,-5.66,2026-09-09T12:30:00+10:00,60.59
2026-09-09,Venus,2026-09-09T18:00:00+10:00,37.15,42.85,2026-09-09T18:00:00+10:00,37.15,good,evening,-5.66,2026-09-09T14:30:00+10:00,77.5
2026-09-09,Mars,2026-09-09T05:30:00+10:00,28.53,57.86,2026-09-09T05:30:00+10:00,28.53,good,predawn,-5.96,2026-09-09T08:00:00+10:00,39.66
2026-09-09,Jupiter,2026-09-09T05:30:00+10:00,13.39,30.86,2026-09-09T05:30:00+10:00,13.39,poor,predawn,-5.96,2026-09-09T10:00:00+10:00,45.65
2026-09-09,Saturn,2026-09-09T01:30:00+10:00,59.75,152.66,2026-09-09T01:30:00+10:00,59.75,excellent,overnight,-56.86,2026-09-09T01:30:00+10:00,59.75
2026-09-09,Uranus,2026-09-09T05:00:00+10:00,41.36,100.45,2026-09-09T05:00:00+10:00,41.36,good,predawn,-12.62,2026-09-09T05:00:00+10:00,41.36
2026-09-09,Neptune,2026-09-09T01:00:00+10:00,62.35,162.45,2026-09-09T01:00:00+10:00,62.35,excellent,overnight,-61.8,2026-09-09T01:00:00+10:00,62.35
2026-09-10,Mercury,2026-09-10T18:00:00+10:00,6.11,11.79,2026-09-10T18:00:00+10:00,6.11,poor,evening,-5.57,2026-09-10T12:30:00+10:00,61.38
2026-09-10,Venus,2026-09-10T18:00:00+10:00,36.94,42.55,2026-09-10T18:00:00+10:00,36.94,good,evening,-5.57,2026-09-10T14:30:00+10:00,77.76
2026-09-10,Mars,2026-09-10T05:30:00+10:00,28.76,58.21,2026-09-10T05:30:00+10:00,28.76,good,predawn,-5.71,2026-09-10T08:00:00+10:00,39.73
2026-09-10,Jupiter,2026-09-10T05:30:00+10:00,14.04,31.62,2026-09-10T05:30:00+10:00,14.04,poor,predawn,-5.71,2026-09-10T09:30:00+10:00,45.66
2026-09-10,Saturn,2026-09-10T01:30:00+10:00,59.76,153.69,2026-09-10T01:30:00+10:00,59.76,excellent,overnight,-56.53,2026-09-10T01:30:00+10:00,59.76
2026-09-10,Uranus,2026-09-10T05:00:00+10:00,41.31,101.42,2026-09-10T05:00:00+10:00,41.31,good,predawn,-12.37,2026-09-10T05:00:00+10:00,41.31
2026-09-10,Neptune,2026-09-10T01:00:00+10:00,62.28,163.45,2026-09-10T01:00:00+10:00,62.28,excellent,overnight,-61.45,2026-09-10T01:00:00+10:00,62.28
2026-09-11,Mercury,2026-09-11T18:00:00+10:00,6.93,12.5,2026-09-11T18:00:00+10:00,6.93,poor,evening,-5.47,2026-09-11T12:30:00+10:00,62.15
2026-09-11,Venus,2026-09-11T18:00:00+10:00,36.71,42.24,2026-09-11T18:00:00+10:00,36.71,good,evening,-5.47,2026-09-11T14:00:00+10:00,78.11
2026-09-11,Mars,2026-09-11T05:30:00+10:00,28.99,58.57,2026-09-11T05:30:00+10:00,28.99,good,predawn,-5.46,2026-09-11T08:00:00+10:00,39.79
2026-09-11,Jupiter,2026-09-11T05:30:00+10:00,14.68,32.39,2026-09-11T05:30:00+10:00,14.68,poor,predawn,-5.46,2026-09-11T09:30:00+10:00,45.77
2026-09-11,Saturn,2026-09-11T01:30:00+10:00,59.74,154.73,2026-09-11T01:30:00+10:00,59.74,excellent,overnight,-56.21,2026-09-11T01:30:00+10:00,59.74
2026-09-11,Uranus,2026-09-11T04:30:00+10:00,41.28,102.37,2026-09-11T04:30:00+10:00,41.28,good,predawn,-18.77,2026-09-11T04:30:00+10:00,41.28
2026-09-11,Neptune,2026-09-11T00:30:00+10:00,62.23,164.42,2026-09-11T00:30:00+10:00,62.23,excellent,overnight,-64.88,2026-09-11T00:30:00+10:00,62.23
2026-09-12,Mercury,2026-09-12T18:00:00+10:00,7.73,13.19,2026-09-12T18:00:00+10:00,7.73,poor,evening,-5.37,2026-09-12T12:30:00+10:00,62.91
2026-09-12,Venus,2026-09-12T18:00:00+10:00,36.47,41.91,2026-09-12T18:00:00+10:00,36.47,good,evening,-5.37,2026-09-12T14:00:00+10:00,78.55
2026-09-12,Mars,2026-09-12T05:30:00+10:00,29.22,58.92,2026-09-12T05:30:00+10:00,29.22,good,predawn,-5.21,2026-09-12T08:00:00+10:00,39.85
2026-09-12,Jupiter,2026-09-12T05:30:00+10:00,15.33,33.16,2026-09-12T05:30:00+10:00,15.33,fair,predawn,-5.21,2026-09-12T09:30:00+10:00,45.87
2026-09-12,Saturn,2026-09-12T01:30:00+10:00,59.68,155.76,2026-09-12T01:30:00+10:00,59.68,excellent,overnight,-55.87,2026-09-12T01:30:00+10:00,59.68
2026-09-12,Uranus,2026-09-12T04:30:00+10:00,41.34,103.35,2026-09-12T04:30:00+10:00,41.34,good,predawn,-18.52,2026-09-12T04:30:00+10:00,41.34
2026-09-12,Neptune,2026-09-12T00:30:00+10:00,62.34,165.42,2026-09-12T00:30:00+10:00,62.34,excellent,overnight,-64.49,2026-09-12T00:30:00+10:00,62.34
2026-09-13,Mercury,2026-09-13T18:00:00+10:00,8.52,13.87,2026-09-13T18:00:00+10:00,8.52,poor,evening,-5.28,2026-09-13T12:30:00+10:00,63.65
2026-09-13,Venus,2026-09-13T18:00:00+10:00,36.2,41.56,2026-09-13T18:00:00+10:00,36.2,good,evening,-5.28,2026-09-13T14:00:00+10:00,78.97
2026-09-13,Mars,2026-09-13T05:30:00+10:00,29.46,59.28,2026-09-13T05:30:00+10:00,29.46,good,predawn,-4.96,2026-09-13T08:00:00+10:00,39.92
2026-09-13,Jupiter,2026-09-13T05:30:00+10:00,15.97,33.94,2026-09-13T05:30:00+10:00,15.97,fair,predawn,-4.96,2026-09-13T09:30:00+10:00,45.96
2026-09-13,Saturn,2026-09-13T01:00:00+10:00,59.69,156.77,2026-09-13T01:00:00+10:00,59.69,excellent,overnight,-60.37,2026-09-13T01:00:00+10:00,59.69
2026-09-13,Uranus,2026-09-13T04:30:00+10:00,41.37,104.32,2026-09-13T04:30:00+10:00,41.37,good,predawn,-18.26,2026-09-13T04:30:00+10:00,41.37
2026-09-13,Neptune,2026-09-13T00:30:00+10:00,62.42,166.41,2026-09-13T00:30:00+10:00,62.42,excellent,overnight,-64.11,2026-09-13T00:30:00+10:00,62.42
2026-09-14,Mercury,2026-09-14T18:00:00+10:00,9.28,14.52,2026-09-14T18:00:00+10:00,9.28,poor,evening,-5.18,2026-09-14T12:30:00+10:00,64.38
2026-09-14,Venus,2026-09-14T18:00:00+10:00,35.92,41.19,2026-09-14T18:00:00+10:00,35.92,good,evening,-5.18,2026-09-14T14:00:00+10:00,79.38
2026-09-14,Mars,2026-09-14T05:30:00+10:00,29.7,59.64,2026-09-14T05:30:00+10:00,29.7,good,predawn,-4.71,2026-09-14T08:00:00+10:00,39.98
2026-09-14,Jupiter,2026-09-14T05:30:00+10:00,16.62,34.71,2026-09-14T05:30:00+10:00,16.62,fair,predawn,-4.71,2026-09-14T09:30:00+10:00,46.03
2026-09-14,Saturn,2026-09-14T01:00:00+10:00,59.81,157.81,2026-09-14T01:00:00+10:00,59.81,excellent,overnight,-60.01,2026-09-14T01:00:00+10:00,59.81
2026-09-14,Uranus,2026-09-14T04:30:00+10:00,41.4,105.3,2026-09-14T04:30:00+10:00,41.4,good,predawn,-18.01,2026-09-14T04:30:00+10:00,41.4
2026-09-14,Neptune,2026-09-14T00:30:00+10:00,62.47,167.41,2026-09-14T00:30:00+10:00,62.47,excellent,overnight,-63.72,2026-09-14T00:30:00+10:00,62.47
2026-09-15,Mercury,2026-09-15T18:00:00+10:00,10.03,15.16,2026-09-15T18:00:00+10:00,10.03,poor,evening,-5.08,2026-09-15T12:30:00+10:00,65.1
2026-09-15,Venus,2026-09-15T18:00:00+10:00,35.61,40.8,2026-09-15T18:00:00+10:00,35.61,good,evening,-5.08,2026-09-15T14:00:00+10:00,79.78
2026-09-15,Mars,2026-09-15T05:30:00+10:00,29.95,60.0,2026-09-15T05:30:00+10:00,29.95,good,predawn,-4.45,2026-09-15T08:00:00+10:00,40.05
2026-09-15,Jupiter,2026-09-15T05:30:00+10:00,17.26,35.49,2026-09-15T05:30:00+10:00,17.26,fair,predawn,-4.45,2026-09-15T09:30:00+10:00,46.09
2026-09-15,Saturn,2026-09-15T01:00:00+10:00,59.89,158.84,2026-09-15T01:00:00+10:00,59.89,excellent,overnight,-59.64,2026-09-15T01:00:00+10:00,59.89
2026-09-15,Uranus,2026-09-15T04:30:00+10:00,41.4,106.27,2026-09-15T04:30:00+10:00,41.4,good,predawn,-17.75,2026-09-15T04:30:00+10:00,41.4
2026-09-15,Neptune,2026-09-15T00:30:00+10:00,62.48,168.4,2026-09-15T00:30:00+10:00,62.48,excellent,overnight,-63.34,2026-09-15T00:30:00+10:00,62.48
2026-09-16,Mercury,2026-09-16T18:00:00+10:00,10.75,15.78,2026-09-16T18:00:00+10:00,10.75,poor,evening,-4.98,2026-09-16T12:30:00+10:00,65.79
2026-09-16,Venus,2026-09-16T18:00:00+10:00,35.28,40.39,2026-09-16T18:00:00+10:00,35.28,good,evening,-4.98,2026-09-16T14:00:00+10:00,80.15
2026-09-16,Mars,2026-09-16T05:30:00+10:00,30.19,60.36,2026-09-16T05:30:00+10:00,30.19,good,predawn,-4.19,2026-09-16T08:00:00+10:00,40.11
2026-09-16,Jupiter,2026-09-16T05:30:00+10:00,17.9,36.26,2026-09-16T05:30:00+10:00,17.9,fair,predawn,-4.19,2026-09-16T09:30:00+10:00,46.14
2026-09-16,Saturn,2026-09-16T01:00:00+10:00,59.95,159.88,2026-09-16T01:00:00+10:00,59.95,excellent,overnight,-59.28,2026-09-16T01:00:00+10:00,59.95
2026-09-16,Uranus,2026-09-16T04:30:00+10:00,41.38,107.25,2026-09-16T04:30:00+10:00,41.38,good,predawn,-17.49,2026-09-16T04:30:00+10:00,41.38
2026-09-16,Neptune,2026-09-16T00:30:00+10:00,62.46,169.39,2026-09-16T00:30:00+10:00,62.46,excellent,overnight,-62.95,2026-09-16T00:30:00+10:00,62.46
2026-09-17,Mercury,2026-09-17T18:00:00+10:00,11.46,16.39,2026-09-17T18:00:00+10:00,11.46,poor,evening,-4.88,2026-09-17T12:30:00+10:00,66.48
2026-09-17,Venus,2026-09-17T18:00:00+10:00,34.93,39.96,2026-09-17T18:00:00+10:00,34.93,good,evening,-4.88,2026-09-17T14:00:00+10:00,80.49
2026-09-17,Mars,2026-09-17T05:00:00+10:00,26.16,60.72,2026-09-17T05:00:00+10:00,26.16,good,predawn,-10.59,2026-09-17T08:00:00+10:00,40.18
2026-09-17,Jupiter,2026-09-17T05:00:00+10:00,12.67,37.02,2026-09-17T05:00:00+10:00,12.67,poor,predawn,-10.59,2026-09-17T09:30:00+10:00,46.17
2026-09-17,Saturn,2026-09-17T01:00:00+10:00,59.97,160.91,2026-09-17T01:00:00+10:00,59.97,excellent,overnight,-58.91,2026-09-17T01:00:00+10:00,59.97
2026-09-17,Uranus,2026-09-17T04:30:00+10:00,41.34,108.23,2026-09-17T04:30:00+10:00,41.34,good,predawn,-17.23,2026-09-17T04:30:00+10:00,41.34
2026-09-17,Neptune,2026-09-17T00:30:00+10:00,62.4,170.38,2026-09-17T00:30:00+10:00,62.4,excellent,overnight,-62.56,2026-09-17T00:30:00+10:00,62.4
2026-09-18,Mercury,2026-09-18T18:00:00+10:00,12.16,16.97,2026-09-18T18:00:00+10:00,12.16,poor,evening,-4.78,2026-09-18T12:30:00+10:00,67.15
2026-09-18,Venus,2026-09-18T18:00:00+10:00,34.56,39.5,2026-09-18T18:00:00+10:00,34.56,good,evening,-4.78,2026-09-18T14:00:00+10:00,80.81
2026-09-18,Mars,2026-09-18T05:00:00+10:00,26.43,61.09,2026-09-18T05:00:00+10:00,26.43,good,predawn,-10.34,2026-09-18T07:30:00+10:00,40.27
2026-09-18,Jupiter,2026-09-18T05:00:00+10:00,13.33,37.8,2026-09-18T05:00:00+10:00,13.33,poor,predawn,-10.34,2026-09-18T09:30:00+10:00,46.19
2026-09-18,Saturn,2026-09-18T01:00:00+10:00,59.95,161.95,2026-09-18T01:00:00+10:00,59.95,excellent,overnight,-58.54,2026-09-18T01:00:00+10:00,59.95
2026-09-18,Uranus,2026-09-18T04:30:00+10:00,41.29,109.21,2026-09-18T04:30:00+10:00,41.29,good,predawn,-16.97,2026-09-18T04:30:00+10:00,41.29
2026-09-18,Neptune,2026-09-18T00:30:00+10:00,62.31,171.38,2026-09-18T00:30:00+10:00,62.31,excellent,overnight,-62.17,2026-09-18T00:30:00+10:00,62.31
2026-09-19,Mercury,2026-09-19T18:00:00+10:00,12.83,17.54,2026-09-19T18:00:00+10:00,12.83,poor,evening,-4.69,2026-09-19T13:00:00+10:00,67.86
2026-09-19,Venus,2026-09-19T18:00:00+10:00,34.16,39.02,2026-09-19T18:00:00+10:00,34.16,good,evening,-4.69,2026-09-19T14:00:00+10:00,81.08
2026-09-19,Mars,2026-09-19T05:00:00+10:00,26.7,61.46,2026-09-19T05:00:00+10:00,26.7,good,predawn,-10.08,2026-09-19T07:30:00+10:00,40.38
2026-09-19,Jupiter,2026-09-19T05:00:00+10:00,13.99,38.58,2026-09-19T05:00:00+10:00,13.99,poor,predawn,-10.08,2026-09-19T09:30:00+10:00,46.2
2026-09-19,Saturn,2026-09-19T01:00:00+10:00,59.9,162.99,2026-09-19T01:00:00+10:00,59.9,excellent,overnight,-58.17,2026-09-19T01:00:00+10:00,59.9
2026-09-19,Uranus,2026-09-19T04:00:00+10:00,41.31,110.17,2026-09-19T04:00:00+10:00,41.31,good,predawn,-23.28,2026-09-19T04:00:00+10:00,41.31
2026-09-19,Neptune,2026-09-19T00:00:00+10:00,62.38,172.34,2026-09-19T00:00:00+10:00,62.38,excellent,overnight,-63.86,2026-09-19T00:00:00+10:00,62.38
2026-09-20,Mercury,2026-09-20T18:00:00+10:00,13.49,18.1,2026-09-20T18:00:00+10:00,13.49,poor,evening,-4.59,2026-09-20T13:00:00+10:00,68.61
2026-09-20,Venus,2026-09-20T18:00:00+10:00,33.73,38.51,2026-09-20T18:00:00+10:00,33.73,good,evening,-4.59,2026-09-20T14:00:00+10:00,81.31
2026-09-20,Mars,2026-09-20T05:00:00+10:00,26.98,61.83,2026-09-20T05:00:00+10:00,26.98,good,predawn,-9.82,2026-09-20T07:30:00+10:00,40.49
2026-09-20,Jupiter,2026-09-20T05:00:00+10:00,14.65,39.37,2026-09-20T05:00:00+10:00,14.65,poor,predawn,-9.82,2026-09-20T09:00:00+10:00,46.26
2026-09-20,Saturn,2026-09-20T00:30:00+10:00,59.88,164.0,2026-09-20T00:30:00+10:00,59.88,excellent,overnight,-61.38,2026-09-20T00:30:00+10:00,59.88
2026-09-20,Uranus,2026-09-20T04:00:00+10:00,41.36,111.16,2026-09-20T04:00:00+10:00,41.36,good,predawn,-23.01,2026-09-20T04:00:00+10:00,41.36
2026-09-20,Neptune,2026-09-20T00:00:00+10:00,62.47,173.33,2026-09-20T00:00:00+10:00,62.47,excellent,overnight,-63.47,2026-09-20T00:00:00+10:00,62.47
2026-09-21,Mercury,2026-09-21T18:00:00+10:00,14.13,18.63,2026-09-21T18:00:00+10:00,14.13,poor,evening,-4.48,2026-09-21T13:00:00+10:00,69.35
2026-09-21,Venus,2026-09-21T18:00:00+10:00,33.28,37.98,2026-09-21T18:00:00+10:00,33.28,good,evening,-4.48,2026-09-21T14:00:00+10:00,81.49
2026-09-21,Mars,2026-09-21T05:00:00+10:00,27.26,62.2,2026-09-21T05:00:00+10:00,27.26,good,predawn,-9.56,2026-09-21T07:30:00+10:00,40.6
2026-09-21,Jupiter,2026-09-21T05:00:00+10:00,15.31,40.15,2026-09-21T05:00:00+10:00,15.31,fair,predawn,-9.56,2026-09-21T09:00:00+10:00,46.37
2026-09-21,Saturn,2026-09-21T00:30:00+10:00,60.0,165.03,2026-09-21T00:30:00+10:00,60.0,excellent,overnight,-60.99,2026-09-21T00:30:00+10:00,60.0
2026-09-21,Uranus,2026-09-21T04:00:00+10:00,41.39,112.14,2026-09-21T04:00:00+10:00,41.39,good,predawn,-22.75,2026-09-21T04:00:00+10:00,41.39
2026-09-21,Neptune,2026-09-21T00:00:00+10:00,62.53,174.3,2026-09-21T00:00:00+10:00,62.53,excellent,overnight,-63.07,2026-09-21T00:00:00+10:00,62.53
2026-09-22,Mercury,2026-09-22T18:00:00+10:00,14.76,19.15,2026-09-22T18:00:00+10:00,14.76,poor,evening,-4.38,2026-09-22T13:00:00+10:00,70.08
2026-09-22,Venus,2026-09-22T18:00:00+10:00,32.8,37.41,2026-09-22T18:00:00+10:00,32.8,good,evening,-4.38,2026-09-22T14:00:00+10:00,81.62
2026-09-22,Mars,2026-09-22T05:00:00+10:00,27.54,62.58,2026-09-22T05:00:00+10:00,27.54,good,predawn,-9.3,2026-09-22T07:30:00+10:00,40.72
2026-09-22,Jupiter,2026-09-22T05:00:00+10:00,15.96,40.94,2026-09-22T05:00:00+10:00,15.96,fair,predawn,-9.3,2026-09-22T09:00:00+10:00,46.46
2026-09-22,Saturn,2026-09-22T00:30:00+10:00,60.1,166.07,2026-09-22T00:30:00+10:00,60.1,excellent,overnight,-60.6,2026-09-22T00:30:00+10:00,60.1
2026-09-22,Uranus,2026-09-22T04:00:00+10:00,41.41,113.13,2026-09-22T04:00:00+10:00,41.41,good,predawn,-22.48,2026-09-22T04:00:00+10:00,41.41
2026-09-22,Neptune,2026-09-22T00:00:00+10:00,62.56,175.27,2026-09-22T00:00:00+10:00,62.56,excellent,overnight,-62.67,2026-09-22T00:00:00+10:00,62.56
2026-09-23,Mercury,2026-09-23T18:00:00+10:00,15.36,19.65,2026-09-23T18:00:00+10:00,15.36,fair,evening,-4.28,2026-09-23T13:00:00+10:00,70.79
2026-09-23,Venus,2026-09-23T18:00:00+10:00,32.3,36.83,2026-09-23T18:00:00+10:00,32.3,good,evening,-4.28,2026-09-23T14:00:00+10:00,81.67
2026-09-23,Mars,2026-09-23T05:00:00+10:00,27.82,62.96,2026-09-23T05:00:00+10:00,27.82,good,predawn,-9.04,2026-09-23T07:30:00+10:00,40.83
2026-09-23,Jupiter,2026-09-23T05:00:00+10:00,16.62,41.72,2026-09-23T05:00:00+10:00,16.62,fair,predawn,-9.04,2026-09-23T09:00:00+10:00,46.54
2026-09-23,Saturn,2026-09-23T00:30:00+10:00,60.16,167.1,2026-09-23T00:30:00+10:00,60.16,excellent,overnight,-60.21,2026-09-23T00:30:00+10:00,60.16
2026-09-23,Uranus,2026-09-23T04:00:00+10:00,41.4,114.12,2026-09-23T04:00:00+10:00,41.4,good,predawn,-22.21,2026-09-23T04:00:00+10:00,41.4
2026-09-23,Neptune,2026-09-23T00:00:00+10:00,62.55,176.22,2026-09-23T00:00:00+10:00,62.55,excellent,overnight,-62.27,2026-09-23T00:00:00+10:00,62.55
2026-09-24,Mercury,2026-09-24T18:00:00+10:00,15.95,20.14,2026-09-24T18:00:00+10:00,15.95,fair,evening,-4.18,2026-09-24T13:00:00+10:00,71.49
2026-09-24,Venus,2026-09-24T18:00:00+10:00,31.76,36.21,2026-09-24T18:00:00+10:00,31.76,good,evening,-4.18,2026-09-24T14:00:00+10:00,81.66
2026-09-24,Mars,2026-09-24T05:00:00+10:00,28.1,63.34,2026-09-24T05:00:00+10:00,28.1,good,predawn,-8.78,2026-09-24T07:30:00+10:00,40.94
2026-09-24,Jupiter,2026-09-24T05:00:00+10:00,17.27,42.51,2026-09-24T05:00:00+10:00,17.27,fair,predawn,-8.78,2026-09-24T09:00:00+10:00,46.6
2026-09-24,Saturn,2026-09-24T00:30:00+10:00,60.18,168.12,2026-09-24T00:30:00+10:00,60.18,excellent,overnight,-59.81,2026-09-24T00:30:00+10:00,60.18
2026-09-24,Uranus,2026-09-24T04:00:00+10:00,41.38,115.11,2026-09-24T04:00:00+10:00,41.38,good,predawn,-21.94,2026-09-24T04:00:00+10:00,41.38
2026-09-24,Neptune,2026-09-24T00:00:00+10:00,62.51,177.12,2026-09-24T00:00:00+10:00,62.51,excellent,overnight,-61.88,2026-09-24T00:00:00+10:00,62.51
2026-09-25,Mercury,2026-09-25T18:00:00+10:00,16.53,20.61,2026-09-25T18:00:00+10:00,16.53,fair,evening,-4.08,2026-09-25T13:00:00+10:00,72.17
2026-09-25,Venus,2026-09-25T18:00:00+10:00,31.19,35.56,2026-09-25T18:00:00+10:00,31.19,good,evening,-4.08,2026-09-25T13:30:00+10:00,81.98
2026-09-25,Mars,2026-09-25T05:00:00+10:00,28.39,63.72,2026-09-25T05:00:00+10:00,28.39,good,predawn,-8.52,2026-09-25T07:30:00+10:00,41.05
2026-09-25,Jupiter,2026-09-25T05:00:00+10:00,17.92,43.3,2026-09-25T05:00:00+10:00,17.92,fair,predawn,-8.52,2026-09-25T09:00:00+10:00,46.65
2026-09-25,Saturn,2026-09-25T00:30:00+10:00,60.17,169.15,2026-09-25T00:30:00+10:00,60.17,excellent,overnight,-59.42,2026-09-25T00:30:00+10:00,60.17
2026-09-25,Uranus,2026-09-25T04:00:00+10:00,41.33,116.1,2026-09-25T04:00:00+10:00,41.33,good,predawn,-21.66,2026-09-25T04:00:00+10:00,41.33
2026-09-25,Neptune,2026-09-25T00:00:00+10:00,62.44,177.94,2026-09-25T00:00:00+10:00,62.44,excellent,overnight,-61.48,2026-09-25T00:00:00+10:00,62.44
2026-09-26,Mercury,2026-09-26T18:30:00+10:00,10.46,21.06,2026-09-26T18:30:00+10:00,10.46,poor,evening,-10.59,2026-09-26T13:00:00+10:00,72.84
2026-09-26,Venus,2026-09-26T18:30:00+10:00,24.03,34.87,2026-09-26T18:30:00+10:00,24.03,fair,evening,-10.59,2026-09-26T13:30:00+10:00,82.39
2026-09-26,Mars,2026-09-26T05:00:00+10:00,28.68,64.11,2026-09-26T05:00:00+10:00,28.68,good,predawn,-8.26,2026-09-26T07:30:00+10:00,41.16
2026-09-26,Jupiter,2026-09-26T05:00:00+10:00,18.57,44.1,2026-09-26T05:00:00+10:00,18.57,fair,predawn,-8.26,2026-09-26T09:00:00+10:00,46.69
2026-09-26,Saturn,2026-09-26T00:30:00+10:00,60.13,170.17,2026-09-26T00:30:00+10:00,60.13,excellent,overnight,-59.03,2026-09-26T00:30:00+10:00,60.13
2026-09-26,Uranus,2026-09-26T03:30:00+10:00,41.28,117.07,2026-09-26T03:30:00+10:00,41.28,good,predawn,-27.82,2026-09-26T03:30:00+10:00,41.28
2026-09-26,Neptune,2026-09-26T23:30:00+10:00,62.52,178.5,2026-09-26T23:30:00+10:00,62.52,excellent,overnight,-61.03,2026-09-26T23:30:00+10:00,62.52
2026-09-27,Mercury,2026-09-27T18:30:00+10:00,11.01,21.5,2026-09-27T18:30:00+10:00,11.01,poor,evening,-10.48,2026-09-27T13:00:00+10:00,73.49
2026-09-27,Venus,2026-09-27T18:30:00+10:00,23.41,34.15,2026-09-27T18:30:00+10:00,23.41,fair,evening,-10.48,2026-09-27T13:30:00+10:00,82.75
2026-09-27,Mars,2026-09-27T05:00:00+10:00,28.97,64.49,2026-09-27T05:00:00+10:00,28.97,good,predawn,-8.0,2026-09-27T07:30:00+10:00,41.27
2026-09-27,Jupiter,2026-09-27T05:00:00+10:00,19.22,44.89,2026-09-27T05:00:00+10:00,19.22,fair,predawn,-8.0,2026-09-27T09:00:00+10:00,46.71
2026-09-27,Saturn,2026-09-27T00:00:00+10:00,60.08,171.16,2026-09-27T00:00:00+10:00,60.08,excellent,overnight,-60.68,2026-09-27T00:00:00+10:00,60.08
2026-09-27,Uranus,2026-09-27T03:30:00+10:00,41.35,118.06,2026-09-27T03:30:00+10:00,41.35,good,predawn,-27.54,2026-09-27T03:30:00+10:00,41.35
2026-09-27,Neptune,2026-09-27T23:30:00+10:00,62.59,177.93,2026-09-27T23:30:00+10:00,62.59,excellent,overnight,-60.65,2026-09-27T23:30:00+10:00,62.59
2026-09-28,Mercury,2026-09-28T18:30:00+10:00,11.53,21.91,2026-09-28T18:30:00+10:00,11.53,poor,evening,-10.37,2026-09-28T13:00:00+10:00,74.12
2026-09-28,Venus,2026-09-28T18:30:00+10:00,22.76,33.41,2026-09-28T18:30:00+10:00,22.76,fair,evening,-10.37,2026-09-28T13:30:00+10:00,83.04
2026-09-28,Mars,2026-09-28T05:00:00+10:00,29.27,64.89,2026-09-28T05:00:00+10:00,29.27,good,predawn,-7.74,2026-09-28T07:30:00+10:00,41.38
2026-09-28,Jupiter,2026-09-28T05:00:00+10:00,19.86,45.69,2026-09-28T05:00:00+10:00,19.86,fair,predawn,-7.74,2026-09-28T09:00:00+10:00,46.72
2026-09-28,Saturn,2026-09-28T00:00:00+10:00,60.21,172.16,2026-09-28T00:00:00+10:00,60.21,excellent,overnight,-60.28,2026-09-28T00:00:00+10:00,60.21
2026-09-28,Uranus,2026-09-28T03:30:00+10:00,41.39,119.05,2026-09-28T03:30:00+10:00,41.39,good,predawn,-27.26,2026-09-28T03:30:00+10:00,41.39
2026-09-28,Neptune,2026-09-28T23:30:00+10:00,62.63,177.11,2026-09-28T23:30:00+10:00,62.63,excellent,overnight,-60.27,2026-09-28T23:30:00+10:00,62.63
2026-09-29,Mercury,2026-09-29T18:30:00+10:00,12.04,22.3,2026-09-29T18:30:00+10:00,12.04,poor,evening,-10.26,2026-09-29T13:00:00+10:00,74.74
2026-09-29,Venus,2026-09-29T18:30:00+10:00,22.07,32.63,2026-09-29T18:30:00+10:00,22.07,fair,evening,-10.26,2026-09-29T13:30:00+10:00,83.23
2026-09-29,Mars,2026-09-29T05:00:00+10:00,29.57,65.28,2026-09-29T05:00:00+10:00,29.57,good,predawn,-7.49,2026-09-29T07:30:00+10:00,41.49
2026-09-29,Jupiter,2026-09-29T05:00:00+10:00,20.51,46.49,2026-09-29T05:00:00+10:00,20.51,fair,predawn,-7.49,2026-09-29T08:30:00+10:00,46.74
2026-09-29,Saturn,2026-09-29T00:00:00+10:00,60.31,173.14,2026-09-29T00:00:00+10:00,60.31,excellent,overnight,-59.89,2026-09-29T00:00:00+10:00,60.31
2026-09-29,Uranus,2026-09-29T03:30:00+10:00,41.42,120.05,2026-09-29T03:30:00+10:00,41.42,good,predawn,-26.98,2026-09-29T03:30:00+10:00,41.42
2026-09-29,Neptune,2026-09-29T23:30:00+10:00,62.64,176.2,2026-09-29T23:30:00+10:00,62.64,excellent,overnight,-59.88,2026-09-29T23:30:00+10:00,62.64
2026-09-30,Mercury,2026-09-30T18:30:00+10:00,12.52,22.67,2026-09-30T18:30:00+10:00,12.52,poor,evening,-10.15,2026-09-30T13:00:00+10:00,75.34
2026-09-30,Venus,2026-09-30T18:30:00+10:00,21.35,31.82,2026-09-30T18:30:00+10:00,21.35,fair,evening,-10.15,2026-09-30T13:30:00+10:00,83.32
2026-09-30,Mars,2026-09-30T05:00:00+10:00,29.87,65.67,2026-09-30T05:00:00+10:00,29.87,good,predawn,-7.23,2026-09-30T07:30:00+10:00,41.6
2026-09-30,Jupiter,2026-09-30T05:00:00+10:00,21.15,47.29,2026-09-30T05:00:00+10:00,21.15,fair,predawn,-7.23,2026-09-30T08:30:00+10:00,46.85
2026-09-30,Saturn,2026-09-30T00:00:00+10:00,60.37,174.1,2026-09-30T00:00:00+10:00,60.37,excellent,overnight,-59.49,2026-09-30T00:00:00+10:00,60.37
2026-09-30,Uranus,2026-09-30T03:30:00+10:00,41.42,121.05,2026-09-30T03:30:00+10:00,41.42,good,predawn,-26.7,2026-09-30T03:30:00+10:00,41.42
2026-09-30,Neptune,2026-09-30T23:30:00+10:00,62.62,175.25,2026-09-30T23:30:00+10:00,62.62,excellent,overnight,-59.5,2026-09-30T23:30:00+10:00,62.62
2026-10-01,Mercury,2026-10-01T18:30:00+10:00,12.99,23.03,2026-10-01T18:30:00+10:00,12.99,poor,evening,-10.03,2026-10-01T13:00:00+10:00,75.92
2026-10-01,Venus,2026-10-01T18:30:00+10:00,20.6,30.97,2026-10-01T18:30:00+10:00,20.6,fair,evening,-10.03,2026-10-01T13:30:00+10:00,83.28
2026-10-01,Mars,2026-10-01T05:00:00+10:00,30.17,66.07,2026-10-01T05:00:00+10:00,30.17,good,predawn,-6.97,2026-10-01T07:30:00+10:00,41.7
2026-10-01,Jupiter,2026-10-01T05:00:00+10:00,21.79,48.09,2026-10-01T05:00:00+10:00,21.79,fair,predawn,-6.97,2026-10-01T08:30:00+10:00,46.94
2026-10-01,Saturn,2026-10-01T00:00:00+10:00,60.4,175.01,2026-10-01T00:00:00+10:00,60.4,excellent,overnight,-59.09,2026-10-01T00:00:00+10:00,60.4
2026-10-01,Uranus,2026-10-01T03:30:00+10:00,41.41,122.04,2026-10-01T03:30:00+10:00,41.41,good,predawn,-26.42,2026-10-01T03:30:00+10:00,41.41
2026-10-01,Neptune,2026-10-01T23:30:00+10:00,62.56,174.28,2026-10-01T23:30:00+10:00,62.56,excellent,overnight,-59.12,2026-10-01T23:30:00+10:00,62.56
2026-10-02,Mercury,2026-10-02T18:30:00+10:00,13.44,23.36,2026-10-02T18:30:00+10:00,13.44,poor,evening,-9.92,2026-10-02T13:00:00+10:00,76.48
2026-10-02,Venus,2026-10-02T18:30:00+10:00,19.81,30.09,2026-10-02T18:30:00+10:00,19.81,fair,evening,-9.92,2026-10-02T13:30:00+10:00,83.12
2026-10-02,Mars,2026-10-02T05:00:00+10:00,30.47,66.47,2026-10-02T05:00:00+10:00,30.47,good,predawn,-6.72,2026-10-02T07:30:00+10:00,41.81
2026-10-02,Jupiter,2026-10-02T05:00:00+10:00,22.43,48.89,2026-10-02T05:00:00+10:00,22.43,fair,predawn,-6.72,2026-10-02T08:30:00+10:00,47.02
2026-10-02,Saturn,2026-10-02T00:00:00+10:00,60.39,175.86,2026-10-02T00:00:00+10:00,60.39,excellent,overnight,-58.7,2026-10-02T00:00:00+10:00,60.39
2026-10-02,Uranus,2026-10-02T03:30:00+10:00,41.38,123.04,2026-10-02T03:30:00+10:00,41.38,good,predawn,-26.14,2026-10-02T03:30:00+10:00,41.38
2026-10-02,Neptune,2026-10-02T23:30:00+10:00,62.46,173.29,2026-10-02T23:30:00+10:00,62.46,excellent,overnight,-58.74,2026-10-02T23:30:00+10:00,62.46
2026-10-03,Mercury,2026-10-03T18:30:00+10:00,13.86,23.67,2026-10-03T18:30:00+10:00,13.86,poor,evening,-9.8,2026-10-03T13:00:00+10:00,77.02
2026-10-03,Venus,2026-10-03T18:30:00+10:00,18.99,29.17,2026-10-03T18:30:00+10:00,18.99,fair,evening,-9.8,2026-10-03T13:30:00+10:00,82.81
2026-10-03,Mars,2026-10-03T05:00:00+10:00,30.78,66.88,2026-10-03T05:00:00+10:00,30.78,good,predawn,-6.47,2026-10-03T07:30:00+10:00,41.91
2026-10-03,Jupiter,2026-10-03T05:00:00+10:00,23.07,49.7,2026-10-03T05:00:00+10:00,23.07,fair,predawn,-6.47,2026-10-03T08:30:00+10:00,47.09
2026-10-03,Saturn,2026-10-03T00:00:00+10:00,60.35,176.59,2026-10-03T00:00:00+10:00,60.35,excellent,overnight,-58.3,2026-10-03T00:00:00+10:00,60.35
2026-10-03,Uranus,2026-10-03T03:30:00+10:00,41.32,124.04,2026-10-03T03:30:00+10:00,41.32,good,predawn,-25.86,2026-10-03T03:30:00+10:00,41.32
2026-10-03,Neptune,2026-10-03T23:00:00+10:00,62.55,172.32,2026-10-03T23:00:00+10:00,62.55,excellent,overnight,-57.17,2026-10-03T23:00:00+10:00,62.55
2026-10-04,Mercury,2026-10-04T18:30:00+10:00,14.27,23.95,2026-10-04T18:30:00+10:00,14.27,poor,evening,-9.68,2026-10-04T13:00:00+10:00,77.55
2026-10-04,Venus,2026-10-04T18:30:00+10:00,18.12,28.22,2026-10-04T18:30:00+10:00,18.12,fair,evening,-9.68,2026-10-04T13:00:00+10:00,83.25
2026-10-04,Mars,2026-10-04T05:00:00+10:00,31.09,67.28,2026-10-04T05:00:00+10:00,31.09,good,predawn,-6.21,2026-10-04T07:30:00+10:00,42.01
2026-10-04,Jupiter,2026-10-04T05:00:00+10:00,23.71,50.51,2026-10-04T05:00:00+10:00,23.71,fair,predawn,-6.21,2026-10-04T08:30:00+10:00,47.14
2026-10-04,Saturn,2026-10-04T23:30:00+10:00,60.41,177.28,2026-10-04T23:30:00+10:00,60.41,excellent,overnight,-57.97,2026-10-04T23:30:00+10:00,60.41
2026-10-04,Uranus,2026-10-04T03:00:00+10:00,41.34,125.03,2026-10-04T03:00:00+10:00,41.34,good,predawn,-31.75,2026-10-04T03:00:00+10:00,41.34
2026-10-04,Neptune,2026-10-04T23:00:00+10:00,62.64,171.33,2026-10-04T23:00:00+10:00,62.64,excellent,overnight,-56.82,2026-10-04T23:00:00+10:00,62.64
2026-10-05,Mercury,2026-10-05T18:30:00+10:00,14.65,24.21,2026-10-05T18:30:00+10:00,14.65,poor,evening,-9.56,2026-10-05T13:00:00+10:00,78.06
2026-10-05,Venus,2026-10-05T18:30:00+10:00,17.22,27.23,2026-10-05T18:30:00+10:00,17.22,fair,evening,-9.56,2026-10-05T13:00:00+10:00,83.59
2026-10-05,Mars,2026-10-05T05:00:00+10:00,31.4,67.69,2026-10-05T05:00:00+10:00,31.4,good,predawn,-5.96,2026-10-05T07:30:00+10:00,42.12
2026-10-05,Jupiter,2026-10-05T05:00:00+10:00,24.34,51.32,2026-10-05T05:00:00+10:00,24.34,fair,predawn,-5.96,2026-10-05T08:30:00+10:00,47.18
2026-10-05,Saturn,2026-10-05T23:30:00+10:00,60.52,177.07,2026-10-05T23:30:00+10:00,60.52,excellent,overnight,-57.59,2026-10-05T23:30:00+10:00,60.52
2026-10-05,Uranus,2026-10-05T03:00:00+10:00,41.39,126.03,2026-10-05T03:00:00+10:00,41.39,good,predawn,-31.46,2026-10-05T03:00:00+10:00,41.39
2026-10-05,Neptune,2026-10-05T23:00:00+10:00,62.7,170.33,2026-10-05T23:00:00+10:00,62.7,excellent,overnight,-56.47,2026-10-05T23:00:00+10:00,62.7
2026-10-06,Mercury,2026-10-06T18:30:00+10:00,15.0,24.44,2026-10-06T18:30:00+10:00,15.0,fair,evening,-9.44,2026-10-06T13:00:00+10:00,78.55
2026-10-06,Venus,2026-10-06T18:30:00+10:00,16.29,26.2,2026-10-06T18:30:00+10:00,16.29,fair,evening,-9.44,2026-10-06T13:00:00+10:00,83.78
2026-10-06,Mars,2026-10-06T05:00:00+10:00,31.71,68.1,2026-10-06T05:00:00+10:00,31.71,good,predawn,-5.72,2026-10-06T07:30:00+10:00,42.21
2026-10-06,Jupiter,2026-10-06T05:00:00+10:00,24.97,52.13,2026-10-06T05:00:00+10:00,24.97,fair,predawn,-5.72,2026-10-06T08:30:00+10:00,47.2
2026-10-06,Saturn,2026-10-06T23:30:00+10:00,60.59,176.52,2026-10-06T23:30:00+10:00,60.59,excellent,overnight,-57.21,2026-10-06T23:30:00+10:00,60.59
2026-10-06,Uranus,2026-10-06T03:00:00+10:00,41.43,127.03,2026-10-06T03:00:00+10:00,41.43,good,predawn,-31.17,2026-10-06T03:00:00+10:00,41.43
2026-10-06,Neptune,2026-10-06T23:00:00+10:00,62.72,169.32,2026-10-06T23:00:00+10:00,62.72,excellent,overnight,-56.11,2026-10-06T23:00:00+10:00,62.72
2026-10-07,Mercury,2026-10-07T18:30:00+10:00,15.33,24.65,2026-10-07T18:30:00+10:00,15.33,fair,evening,-9.32,2026-10-07T13:00:00+10:00,79.02
2026-10-07,Venus,2026-10-07T18:30:00+10:00,15.31,25.14,2026-10-07T18:30:00+10:00,15.31,fair,evening,-9.32,2026-10-07T13:00:00+10:00,83.78
2026-10-07,Mars,2026-10-07T05:00:00+10:00,32.02,68.52,2026-10-07T05:00:00+10:00,32.02,good,predawn,-5.47,2026-10-07T07:30:00+10:00,42.31
2026-10-07,Jupiter,2026-10-07T05:00:00+10:00,25.6,52.94,2026-10-07T05:00:00+10:00,25.6,good,predawn,-5.47,2026-10-07T08:30:00+10:00,47.21
2026-10-07,Saturn,2026-10-07T23:30:00+10:00,60.62,175.78,2026-10-07T23:30:00+10:00,60.62,excellent,overnight,-56.83,2026-10-07T23:30:00+10:00,60.62
2026-10-07,Uranus,2026-10-07T03:00:00+10:00,41.45,128.04,2026-10-07T03:00:00+10:00,41.45,good,predawn,-30.88,2026-10-07T03:00:00+10:00,41.45
2026-10-07,Neptune,2026-10-07T23:00:00+10:00,62.71,168.32,2026-10-07T23:00:00+10:00,62.71,excellent,overnight,-55.76,2026-10-07T23:00:00+10:00,62.71
2026-10-08,Mercury,2026-10-08T18:30:00+10:00,15.63,24.82,2026-10-08T18:30:00+10:00,15.63,fair,evening,-9.19,2026-10-08T13:00:00+10:00,79.47
2026-10-08,Venus,2026-10-08T18:30:00+10:00,14.3,24.05,2026-10-08T18:30:00+10:00,14.3,poor,evening,-9.19,2026-10-08T13:00:00+10:00,83.59
2026-10-08,Mars,2026-10-08T05:00:00+10:00,32.34,68.93,2026-10-08T05:00:00+10:00,32.34,good,predawn,-5.22,2026-10-08T07:30:00+10:00,42.41
2026-10-08,Jupiter,2026-10-08T05:00:00+10:00,26.22,53.76,2026-10-08T05:00:00+10:00,26.22,good,predawn,-5.22,2026-10-08T08:30:00+10:00,47.2
2026-10-08,Saturn,2026-10-08T23:30:00+10:00,60.61,174.92,2026-10-08T23:30:00+10:00,60.61,excellent,overnight,-56.45,2026-10-08T23:30:00+10:00,60.61
2026-10-08,Uranus,2026-10-08T03:00:00+10:00,41.44,129.05,2026-10-08T03:00:00+10:00,41.44,good,predawn,-30.59,2026-10-08T03:00:00+10:00,41.44
2026-10-08,Neptune,2026-10-08T23:00:00+10:00,62.67,167.31,2026-10-08T23:00:00+10:00,62.67,excellent,overnight,-55.41,2026-10-08T23:00:00+10:00,62.67
2026-10-09,Mercury,2026-10-09T18:30:00+10:00,15.89,24.96,2026-10-09T18:30:00+10:00,15.89,fair,evening,-9.07,2026-10-09T13:00:00+10:00,79.9
2026-10-09,Venus,2026-10-09T18:30:00+10:00,13.25,22.91,2026-10-09T18:30:00+10:00,13.25,poor,evening,-9.07,2026-10-09T13:00:00+10:00,83.2
2026-10-09,Mars,2026-10-09T05:00:00+10:00,32.65,69.35,2026-10-09T05:00:00+10:00,32.65,good,predawn,-4.98,2026-10-09T07:00:00+10:00,42.55
2026-10-09,Jupiter,2026-10-09T05:00:00+10:00,26.84,54.58,2026-10-09T05:00:00+10:00,26.84,good,predawn,-4.98,2026-10-09T08:00:00+10:00,47.3
2026-10-09,Saturn,2026-10-09T23:30:00+10:00,60.58,173.99,2026-10-09T23:30:00+10:00,60.58,excellent,overnight,-56.08,2026-10-09T23:30:00+10:00,60.58
2026-10-09,Uranus,2026-10-09T03:00:00+10:00,41.42,130.06,2026-10-09T03:00:00+10:00,41.42,good,predawn,-30.31,2026-10-09T03:00:00+10:00,41.42
2026-10-09,Neptune,2026-10-09T23:00:00+10:00,62.59,166.3,2026-10-09T23:00:00+10:00,62.59,excellent,overnight,-55.05,2026-10-09T23:00:00+10:00,62.59
2026-10-10,Mercury,2026-10-10T18:30:00+10:00,16.13,25.07,2026-10-10T18:30:00+10:00,16.13,fair,evening,-8.94,2026-10-10T13:00:00+10:00,80.31
2026-10-10,Venus,2026-10-10T18:30:00+10:00,12.16,21.75,2026-10-10T18:30:00+10:00,12.16,poor,evening,-8.94,2026-10-10T12:30:00+10:00,82.97
2026-10-10,Mars,2026-10-10T05:00:00+10:00,32.97,69.78,2026-10-10T05:00:00+10:00,32.97,good,predawn,-4.74,2026-10-10T07:00:00+10:00,42.7
2026-10-10,Jupiter,2026-10-10T05:00:00+10:00,27.46,55.4,2026-10-10T05:00:00+10:00,27.46,good,predawn,-4.74,2026-10-10T08:00:00+10:00,47.4
2026-10-10,Saturn,2026-10-10T23:30:00+10:00,60.5,173.02,2026-10-10T23:30:00+10:00,60.5,excellent,overnight,-55.7,2026-10-10T23:30:00+10:00,60.5
2026-10-10,Uranus,2026-10-10T03:00:00+10:00,41.38,131.07,2026-10-10T03:00:00+10:00,41.38,good,predawn,-30.03,2026-10-10T03:00:00+10:00,41.38
2026-10-10,Neptune,2026-10-10T22:30:00+10:00,62.58,165.31,2026-10-10T22:30:00+10:00,62.58,excellent,overnight,-52.31,2026-10-10T22:30:00+10:00,62.58
2026-10-11,Mercury,2026-10-11T18:30:00+10:00,16.32,25.14,2026-10-11T18:30:00+10:00,16.32,fair,evening,-8.81,2026-10-11T13:00:00+10:00,80.71
2026-10-11,Venus,2026-10-11T18:30:00+10:00,11.04,20.56,2026-10-11T18:30:00+10:00,11.04,poor,evening,-8.81,2026-10-11T12:30:00+10:00,83.31
2026-10-11,Mars,2026-10-11T05:00:00+10:00,33.29,70.2,2026-10-11T05:00:00+10:00,33.29,good,predawn,-4.5,2026-10-11T07:00:00+10:00,42.85
2026-10-11,Jupiter,2026-10-11T05:00:00+10:00,28.08,56.23,2026-10-11T05:00:00+10:00,28.08,good,predawn,-4.5,2026-10-11T08:00:00+10:00,47.48
2026-10-11,Saturn,2026-10-11T23:00:00+10:00,60.62,172.05,2026-10-11T23:00:00+10:00,60.62,excellent,overnight,-54.35,2026-10-11T23:00:00+10:00,60.62
2026-10-11,Uranus,2026-10-11T02:30:00+10:00,41.33,132.06,2026-10-11T02:30:00+10:00,41.33,good,overnight,-35.54,2026-10-11T02:30:00+10:00,41.33
2026-10-11,Neptune,2026-10-11T22:30:00+10:00,62.69,164.3,2026-10-11T22:30:00+10:00,62.69,excellent,overnight,-51.99,2026-10-11T22:30:00+10:00,62.69
2026-10-12,Mercury,2026-10-12T18:30:00+10:00,16.48,25.16,2026-10-12T18:30:00+10:00,16.48,fair,evening,-8.68,2026-10-12T13:00:00+10:00,81.08
2026-10-12,Venus,2026-10-12T18:30:00+10:00,9.87,19.33,2026-10-12T18:30:00+10:00,9.87,poor,evening,-8.68,2026-10-12T12:30:00+10:00,83.44
2026-10-12,Mars,2026-10-12T05:00:00+10:00,33.62,70.63,2026-10-12T05:00:00+10:00,33.62,good,predawn,-4.27,2026-10-12T07:00:00+10:00,42.99
2026-10-12,Jupiter,2026-10-12T05:00:00+10:00,28.69,57.05,2026-10-12T05:00:00+10:00,28.69,good,predawn,-4.27,2026-10-12T08:00:00+10:00,47.55
2026-10-12,Saturn,2026-10-12T23:00:00+10:00,60.72,171.04,2026-10-12T23:00:00+10:00,60.72,excellent,overnight,-54.0,2026-10-12T23:00:00+10:00,60.72
2026-10-12,Uranus,2026-10-12T02:30:00+10:00,41.4,133.07,2026-10-12T02:30:00+10:00,41.4,good,overnight,-35.24,2026-10-12T02:30:00+10:00,41.4
2026-10-12,Neptune,2026-10-12T22:30:00+10:00,62.76,163.29,2026-10-12T22:30:00+10:00,62.76,excellent,overnight,-51.67,2026-10-12T22:30:00+10:00,62.76
2026-10-13,Mercury,2026-10-13T18:30:00+10:00,16.59,25.14,2026-10-13T18:30:00+10:00,16.59,fair,evening,-8.55,2026-10-13T13:00:00+10:00,81.44
2026-10-13,Venus,2026-10-13T18:30:00+10:00,8.68,18.08,2026-10-13T18:30:00+10:00,8.68,poor,evening,-8.55,2026-10-13T12:30:00+10:00,83.32
2026-10-13,Mars,2026-10-13T05:00:00+10:00,33.94,71.06,2026-10-13T05:00:00+10:00,33.94,good,predawn,-4.03,2026-10-13T07:00:00+10:00,43.14
2026-10-13,Jupiter,2026-10-13T05:00:00+10:00,29.3,57.88,2026-10-13T05:00:00+10:00,29.3,good,predawn,-4.03,2026-10-13T08:00:00+10:00,47.6
2026-10-13,Saturn,2026-10-13T23:00:00+10:00,60.79,170.02,2026-10-13T23:00:00+10:00,60.79,excellent,overnight,-53.65,2026-10-13T23:00:00+10:00,60.79
2026-10-13,Uranus,2026-10-13T02:30:00+10:00,41.45,134.09,2026-10-13T02:30:00+10:00,41.45,good,overnight,-34.94,2026-10-13T02:30:00+10:00,41.45
2026-10-13,Neptune,2026-10-13T22:30:00+10:00,62.8,162.28,2026-10-13T22:30:00+10:00,62.8,excellent,overnight,-51.35,2026-10-13T22:30:00+10:00,62.8
2026-10-14,Mercury,2026-10-14T18:30:00+10:00,16.65,25.07,2026-10-14T18:30:00+10:00,16.65,fair,evening,-8.42,2026-10-14T13:00:00+10:00,81.79
2026-10-14,Venus,2026-10-14T18:30:00+10:00,7.45,16.81,2026-10-14T18:30:00+10:00,7.45,poor,evening,-8.42,2026-10-14T12:30:00+10:00,82.96
2026-10-14,Mars,2026-10-14T04:30:00+10:00,29.99,71.49,2026-10-14T04:30:00+10:00,29.99,good,predawn,-10.29,2026-10-14T07:00:00+10:00,43.28
2026-10-14,Jupiter,2026-10-14T04:30:00+10:00,24.54,58.69,2026-10-14T04:30:00+10:00,24.54,fair,predawn,-10.29,2026-10-14T08:00:00+10:00,47.64
2026-10-14,Saturn,2026-10-14T23:00:00+10:00,60.83,168.99,2026-10-14T23:00:00+10:00,60.83,excellent,overnight,-53.3,2026-10-14T23:00:00+10:00,60.83
2026-10-14,Uranus,2026-10-14T02:30:00+10:00,41.47,135.1,2026-10-14T02:30:00+10:00,41.47,good,overnight,-34.65,2026-10-14T02:30:00+10:00,41.47
2026-10-14,Neptune,2026-10-14T22:30:00+10:00,62.8,161.26,2026-10-14T22:30:00+10:00,62.8,excellent,overnight,-51.03,2026-10-14T22:30:00+10:00,62.8
2026-10-15,Mercury,2026-10-15T18:30:00+10:00,16.66,24.94,2026-10-15T18:30:00+10:00,16.66,fair,evening,-8.28,2026-10-15T13:00:00+10:00,82.11
2026-10-15,Venus,2026-10-15T18:30:00+10:00,6.18,15.53,2026-10-15T18:30:00+10:00,6.18,poor,evening,-8.28,2026-10-15T12:30:00+10:00,82.37
2026-10-15,Mars,2026-10-15T04:30:00+10:00,30.34,71.92,2026-10-15T04:30:00+10:00,30.34,good,predawn,-10.06,2026-10-15T07:00:00+10:00,43.42
2026-10-15,Jupiter,2026-10-15T04:30:00+10:00,25.18,59.53,2026-10-15T04:30:00+10:00,25.18,good,predawn,-10.06,2026-10-15T08:00:00+10:00,47.66
2026-10-15,Saturn,2026-10-15T23:00:00+10:00,60.83,167.95,2026-10-15T23:00:00+10:00,60.83,excellent,overnight,-52.95,2026-10-15T23:00:00+10:00,60.83
2026-10-15,Uranus,2026-10-15T02:30:00+10:00,41.48,136.12,2026-10-15T02:30:00+10:00,41.48,good,overnight,-34.36,2026-10-15T02:30:00+10:00,41.48
2026-10-15,Neptune,2026-10-15T22:30:00+10:00,62.77,160.25,2026-10-15T22:30:00+10:00,62.77,excellent,overnight,-50.71,2026-10-15T22:30:00+10:00,62.77
2026-10-16,Mercury,2026-10-16T18:30:00+10:00,16.61,24.76,2026-10-16T18:30:00+10:00,16.61,fair,evening,-8.15,2026-10-16T13:00:00+10:00,82.41
2026-10-16,Venus,2026-10-16T18:30:00+10:00,4.89,14.24,2026-10-16T18:30:00+10:00,4.89,poor,evening,-8.15,2026-10-16T12:00:00+10:00,82.36
2026-10-16,Mars,2026-10-16T04:30:00+10:00,30.69,72.36,2026-10-16T04:30:00+10:00,30.69,good,predawn,-9.82,2026-10-16T07:00:00+10:00,43.55
2026-10-16,Jupiter,2026-10-16T04:30:00+10:00,25.82,60.36,2026-10-16T04:30:00+10:00,25.82,good,predawn,-9.82,2026-10-16T08:00:00+10:00,47.66
2026-10-16,Saturn,2026-10-16T23:00:00+10:00,60.79,166.91,2026-10-16T23:00:00+10:00,60.79,excellent,overnight,-52.6,2026-10-16T23:00:00+10:00,60.79
2026-10-16,Uranus,2026-10-16T02:30:00+10:00,41.46,137.14,2026-10-16T02:30:00+10:00,41.46,good,overnight,-34.07,2026-10-16T02:30:00+10:00,41.46
2026-10-16,Neptune,2026-10-16T22:30:00+10:00,62.7,159.24,2026-10-16T22:30:00+10:00,62.7,excellent,overnight,-50.39,2026-10-16T22:30:00+10:00,62.7
2026-10-17,Mercury,2026-10-17T18:30:00+10:00,16.49,24.51,2026-10-17T18:30:00+10:00,16.49,fair,evening,-8.01,2026-10-17T13:00:00+10:00,82.69
2026-10-17,Venus,2026-10-17T18:30:00+10:00,3.57,12.95,2026-10-17T18:30:00+10:00,3.57,poor,evening,-8.01,2026-10-17T12:00:00+10:00,82.47
2026-10-17,Mars,2026-10-17T04:30:00+10:00,31.05,72.81,2026-10-17T04:30:00+10:00,31.05,good,predawn,-9.59,2026-10-17T07:00:00+10:00,43.69
2026-10-17,Jupiter,2026-10-17T04:30:00+10:00,26.46,61.2,2026-10-17T04:30:00+10:00,26.46,good,predawn,-9.59,2026-10-17T08:00:00+10:00,47.65
2026-10-17,Saturn,2026-10-17T23:00:00+10:00,60.72,165.86,2026-10-17T23:00:00+10:00,60.72,excellent,overnight,-52.25,2026-10-17T23:00:00+10:00,60.72
2026-10-17,Uranus,2026-10-17T02:30:00+10:00,41.43,138.16,2026-10-17T02:30:00+10:00,41.43,good,overnight,-33.79,2026-10-17T02:30:00+10:00,41.43
2026-10-17,Neptune,2026-10-17T22:30:00+10:00,62.6,158.22,2026-10-17T22:30:00+10:00,62.6,excellent,overnight,-50.07,2026-10-17T22:30:00+10:00,62.6
2026-10-18,Mercury,2026-10-18T18:30:00+10:00,16.31,24.18,2026-10-18T18:30:00+10:00,16.31,fair,evening,-7.87,2026-10-18T13:00:00+10:00,82.94
2026-10-18,Venus,2026-10-18T18:30:00+10:00,2.22,11.69,2026-10-18T18:30:00+10:00,2.22,poor,evening,-7.87,2026-10-18T12:00:00+10:00,82.31
2026-10-18,Mars,2026-10-18T04:30:00+10:00,31.41,73.25,2026-10-18T04:30:00+10:00,31.41,good,predawn,-9.37,2026-10-18T07:00:00+10:00,43.82
2026-10-18,Jupiter,2026-10-18T04:30:00+10:00,27.09,62.04,2026-10-18T04:30:00+10:00,27.09,good,predawn,-9.37,2026-10-18T07:30:00+10:00,47.74
2026-10-18,Saturn,2026-10-18T22:30:00+10:00,60.81,164.84,2026-10-18T22:30:00+10:00,60.81,excellent,overnight,-49.75,2026-10-18T22:30:00+10:00,60.81
2026-10-18,Uranus,2026-10-18T02:30:00+10:00,41.38,139.18,2026-10-18T02:30:00+10:00,41.38,good,overnight,-33.51,2026-10-18T02:30:00+10:00,41.38
2026-10-18,Neptune,2026-10-18T22:00:00+10:00,62.72,157.23,2026-10-18T22:00:00+10:00,62.72,excellent,overnight,-46.47,2026-10-18T22:00:00+10:00,62.72
2026-10-19,Mercury,2026-10-19T18:30:00+10:00,16.04,23.78,2026-10-19T18:30:00+10:00,16.04,fair,evening,-7.73,2026-10-19T13:00:00+10:00,83.14
2026-10-19,Venus,2026-10-19T18:30:00+10:00,0.86,10.46,2026-10-19T18:30:00+10:00,0.86,poor,evening,-7.73,2026-10-19T12:00:00+10:00,81.89
2026-10-19,Mars,2026-10-19T04:30:00+10:00,31.76,73.7,2026-10-19T04:30:00+10:00,31.76,good,predawn,-9.14,2026-10-19T07:00:00+10:00,43.95
2026-10-19,Jupiter,2026-10-19T04:30:00+10:00,27.72,62.88,2026-10-19T04:30:00+10:00,27.72,good,predawn,-9.14,2026-10-19T07:30:00+10:00,47.83
2026-10-19,Saturn,2026-10-19T22:30:00+10:00,60.92,163.79,2026-10-19T22:30:00+10:00,60.92,excellent,overnight,-49.43,2026-10-19T22:30:00+10:00,60.92
2026-10-19,Uranus,2026-10-19T02:00:00+10:00,41.41,140.18,2026-10-19T02:00:00+10:00,41.41,good,overnight,-38.48,2026-10-19T02:00:00+10:00,41.41
2026-10-19,Neptune,2026-10-19T22:00:00+10:00,62.81,156.21,2026-10-19T22:00:00+10:00,62.81,excellent,overnight,-46.18,2026-10-19T22:00:00+10:00,62.81
2026-10-20,Mercury,2026-10-20T18:30:00+10:00,15.69,23.28,2026-10-20T18:30:00+10:00,15.69,fair,evening,-7.59,2026-10-20T13:00:00+10:00,83.3
2026-10-20,Venus,2026-10-20T18:30:00+10:00,-0.53,9.3,2026-10-20T18:30:00+10:00,-0.53,not visible,evening,-7.59,2026-10-20T12:00:00+10:00,81.24
2026-10-20,Mars,2026-10-20T04:30:00+10:00,32.12,74.16,2026-10-20T04:30:00+10:00,32.12,good,predawn,-8.92,2026-10-20T07:00:00+10:00,44.07
2026-10-20,Jupiter,2026-10-20T04:30:00+10:00,28.35,63.72,2026-10-20T04:30:00+10:00,28.35,good,predawn,-8.92,2026-10-20T07:30:00+10:00,47.91
2026-10-20,Saturn,2026-10-20T22:30:00+10:00,60.99,162.73,2026-10-20T22:30:00+10:00,60.99,excellent,overnight,-49.11,2026-10-20T22:30:00+10:00,60.99
2026-10-20,Uranus,2026-10-20T02:00:00+10:00,41.46,141.2,2026-10-20T02:00:00+10:00,41.46,good,overnight,-38.18,2026-10-20T02:00:00+10:00,41.46
2026-10-20,Neptune,2026-10-20T22:00:00+10:00,62.86,155.19,2026-10-20T22:00:00+10:00,62.86,excellent,overnight,-45.9,2026-10-20T22:00:00+10:00,62.86
2026-10-21,Mercury,2026-10-21T18:30:00+10:00,15.24,22.69,2026-10-21T18:30:00+10:00,15.24,fair,evening,-7.45,2026-10-21T13:00:00+10:00,83.38
2026-10-21,Venus,2026-10-21T18:30:00+10:00,-1.94,8.25,2026-10-21T18:30:00+10:00,-1.94,not visible,evening,-7.45,2026-10-21T11:30:00+10:00,81.02
2026-10-21,Mars,2026-10-21T04:30:00+10:00,32.49,74.61,2026-10-21T04:30:00+10:00,32.49,good,predawn,-8.71,2026-10-21T07:00:00+10:00,44.19
2026-10-21,Jupiter,2026-10-21T04:30:00+10:00,28.97,64.57,2026-10-21T04:30:00+10:00,28.97,good,predawn,-8.71,2026-10-21T07:30:00+10:00,47.97
2026-10-21,Saturn,2026-10-21T22:30:00+10:00,61.03,161.68,2026-10-21T22:30:00+10:00,61.03,excellent,overnight,-48.8,2026-10-21T22:30:00+10:00,61.03
2026-10-21,Uranus,2026-10-21T02:00:00+10:00,41.5,142.23,2026-10-21T02:00:00+10:00,41.5,good,overnight,-37.89,2026-10-21T02:00:00+10:00,41.5
2026-10-21,Neptune,2026-10-21T22:00:00+10:00,62.88,154.18,2026-10-21T22:00:00+10:00,62.88,excellent,overnight,-45.61,2026-10-21T22:00:00+10:00,62.88
2026-10-22,Mercury,2026-10-22T18:30:00+10:00,14.68,22.0,2026-10-22T18:30:00+10:00,14.68,poor,evening,-7.31,2026-10-22T13:00:00+10:00,83.36
2026-10-22,Venus,2026-10-22T18:30:00+10:00,-3.35,7.38,2026-10-22T18:30:00+10:00,-3.35,not visible,evening,-7.31,2026-10-22T11:30:00+10:00,81.0
2026-10-22,Mars,2026-10-22T04:30:00+10:00,32.85,75.07,2026-10-22T04:30:00+10:00,32.85,good,predawn,-8.49,2026-10-22T07:00:00+10:00,44.31
2026-10-22,Jupiter,2026-10-22T04:30:00+10:00,29.59,65.42,2026-10-22T04:30:00+10:00,29.59,good,predawn,-8.49,2026-10-22T07:30:00+10:00,48.02
2026-10-22,Saturn,2026-10-22T22:30:00+10:00,61.03,160.62,2026-10-22T22:30:00+10:00,61.03,excellent,overnight,-48.48,2026-10-22T22:30:00+10:00,61.03
2026-10-22,Uranus,2026-10-22T02:00:00+10:00,41.52,143.25,2026-10-22T02:00:00+10:00,41.52,good,overnight,-37.6,2026-10-22T02:00:00+10:00,41.52
2026-10-22,Neptune,2026-10-22T22:00:00+10:00,62.86,153.16,2026-10-22T22:00:00+10:00,62.86,excellent,overnight,-45.32,2026-10-22T22:00:00+10:00,62.86
2026-10-23,Mercury,2026-10-23T18:30:00+10:00,14.02,21.18,2026-10-23T18:30:00+10:00,14.02,poor,evening,-7.16,2026-10-23T13:00:00+10:00,83.22
2026-10-23,Venus,2026-10-23T04:30:00+10:00,-4.4,7.09,2026-10-23T04:30:00+10:00,-4.4,not visible,predawn,-8.28,2026-10-23T11:30:00+10:00,80.73
2026-10-23,Mars,2026-10-23T04:30:00+10:00,33.21,75.53,2026-10-23T04:30:00+10:00,33.21,good,predawn,-8.28,2026-10-23T07:00:00+10:00,44.42
2026-10-23,Jupiter,2026-10-23T04:30:00+10:00,30.21,66.27,2026-10-23T04:30:00+10:00,30.21,good,predawn,-8.28,2026-10-23T07:30:00+10:00,48.05
2026-10-23,Saturn,2026-10-23T22:30:00+10:00,60.99,159.57,2026-10-23T22:30:00+10:00,60.99,excellent,overnight,-48.17,2026-10-23T22:30:00+10:00,60.99
2026-10-23,Uranus,2026-10-23T02:00:00+10:00,41.51,144.28,2026-10-23T02:00:00+10:00,41.51,good,overnight,-37.31,2026-10-23T02:00:00+10:00,41.51
2026-10-23,Neptune,2026-10-23T22:00:00+10:00,62.81,152.14,2026-10-23T22:00:00+10:00,62.81,excellent,overnight,-45.03,2026-10-23T22:00:00+10:00,62.81
2026-10-24,Mercury,2026-10-24T18:30:00+10:00,13.22,20.24,2026-10-24T18:30:00+10:00,13.22,poor,evening,-7.02,2026-10-24T13:00:00+10:00,82.92
2026-10-24,Venus,2026-10-24T04:30:00+10:00,-3.35,6.61,2026-10-24T04:30:00+10:00,-3.35,not visible,predawn,-8.08,2026-10-24T11:30:00+10:00,80.24
2026-10-24,Mars,2026-10-24T04:30:00+10:00,33.58,76.0,2026-10-24T04:30:00+10:00,33.58,good,predawn,-8.08,2026-10-24T07:00:00+10:00,44.53
2026-10-24,Jupiter,2026-10-24T04:30:00+10:00,30.82,67.13,2026-10-24T04:30:00+10:00,30.82,good,predawn,-8.08,2026-10-24T07:30:00+10:00,48.06
2026-10-24,Saturn,2026-10-24T22:30:00+10:00,60.93,158.51,2026-10-24T22:30:00+10:00,60.93,excellent,overnight,-47.85,2026-10-24T22:30:00+10:00,60.93
2026-10-24,Uranus,2026-10-24T02:00:00+10:00,41.49,145.3,2026-10-24T02:00:00+10:00,41.49,good,overnight,-37.03,2026-10-24T02:00:00+10:00,41.49
2026-10-24,Neptune,2026-10-24T22:00:00+10:00,62.72,151.13,2026-10-24T22:00:00+10:00,62.72,excellent,overnight,-44.75,2026-10-24T22:00:00+10:00,62.72
2026-10-25,Mercury,2026-10-25T18:30:00+10:00,12.3,19.17,2026-10-25T18:30:00+10:00,12.3,poor,evening,-6.87,2026-10-25T12:30:00+10:00,82.52
2026-10-25,Venus,2026-10-25T04:30:00+10:00,-2.29,6.48,2026-10-25T04:30:00+10:00,-2.29,not visible,predawn,-7.87,2026-10-25T11:30:00+10:00,79.55
2026-10-25,Mars,2026-10-25T04:30:00+10:00,33.94,76.47,2026-10-25T04:30:00+10:00,33.94,good,predawn,-7.87,2026-10-25T07:00:00+10:00,44.64
2026-10-25,Jupiter,2026-10-25T04:30:00+10:00,31.43,67.98,2026-10-25T04:30:00+10:00,31.43,good,predawn,-7.87,2026-10-25T07:30:00+10:00,48.06
2026-10-25,Saturn,2026-10-25T22:00:00+10:00,60.98,157.48,2026-10-25T22:00:00+10:00,60.98,excellent,overnight,-44.46,2026-10-25T22:00:00+10:00,60.98
2026-10-25,Uranus,2026-10-25T02:00:00+10:00,41.44,146.33,2026-10-25T02:00:00+10:00,41.44,good,overnight,-36.75,2026-10-25T02:00:00+10:00,41.44
2026-10-25,Neptune,2026-10-25T21:30:00+10:00,62.74,150.13,2026-10-25T21:30:00+10:00,62.74,excellent,evening,-40.5,2026-10-25T21:30:00+10:00,62.74
2026-10-26,Mercury,2026-10-26T18:30:00+10:00,11.23,17.96,2026-10-26T18:30:00+10:00,11.23,poor,evening,-6.72,2026-10-26T12:30:00+10:00,82.77
2026-10-26,Venus,2026-10-26T04:30:00+10:00,-1.22,6.74,2026-10-26T04:30:00+10:00,-1.22,not visible,predawn,-7.67,2026-10-26T11:00:00+10:00,79.27
2026-10-26,Mars,2026-10-26T04:30:00+10:00,34.31,76.94,2026-10-26T04:30:00+10:00,34.31,good,predawn,-7.67,2026-10-26T06:30:00+10:00,44.75
2026-10-26,Jupiter,2026-10-26T04:30:00+10:00,32.04,68.84,2026-10-26T04:30:00+10:00,32.04,good,predawn,-7.67,2026-10-26T07:30:00+10:00,48.04
2026-10-26,Saturn,2026-10-26T22:00:00+10:00,61.09,156.42,2026-10-26T22:00:00+10:00,61.09,excellent,overnight,-44.17,2026-10-26T22:00:00+10:00,61.09
2026-10-26,Uranus,2026-10-26T01:30:00+10:00,41.42,147.34,2026-10-26T01:30:00+10:00,41.42,good,overnight,-41.04,2026-10-26T01:30:00+10:00,41.42
2026-10-26,Neptune,2026-10-26T21:30:00+10:00,62.84,149.11,2026-10-26T21:30:00+10:00,62.84,excellent,evening,-40.24,2026-10-26T21:30:00+10:00,62.84
2026-10-27,Mercury,2026-10-27T18:30:00+10:00,10.01,16.59,2026-10-27T18:30:00+10:00,10.01,poor,evening,-6.57,2026-10-27T12:30:00+10:00,82.83
2026-10-27,Venus,2026-10-27T04:30:00+10:00,-0.17,7.34,2026-10-27T04:30:00+10:00,-0.17,not visible,predawn,-7.48,2026-10-27T11:00:00+10:00,79.12
2026-10-27,Mars,2026-10-27T04:30:00+10:00,34.68,77.42,2026-10-27T04:30:00+10:00,34.68,good,predawn,-7.48,2026-10-27T06:30:00+10:00,44.92
2026-10-27,Jupiter,2026-10-27T04:30:00+10:00,32.64,69.71,2026-10-27T04:30:00+10:00,32.64,good,predawn,-7.48,2026-10-27T07:00:00+10:00,48.13
2026-10-27,Saturn,2026-10-27T22:00:00+10:00,61.17,155.36,2026-10-27T22:00:00+10:00,61.17,excellent,overnight,-43.89,2026-10-27T22:00:00+10:00,61.17
2026-10-27,Uranus,2026-10-27T01:30:00+10:00,41.49,148.37,2026-10-27T01:30:00+10:00,41.49,good,overnight,-40.75,2026-10-27T01:30:00+10:00,41.49
2026-10-27,Neptune,2026-10-27T21:30:00+10:00,62.91,148.09,2026-10-27T21:30:00+10:00,62.91,excellent,evening,-39.98,2026-10-27T21:30:00+10:00,62.91
2026-10-28,Mercury,2026-10-28T18:30:00+10:00,8.64,15.07,2026-10-28T18:30:00+10:00,8.64,poor,evening,-6.42,2026-10-28T12:30:00+10:00,82.62
2026-10-28,Venus,2026-10-28T04:30:00+10:00,0.89,8.21,2026-10-28T04:30:00+10:00,0.89,poor,predawn,-7.29,2026-10-28T11:00:00+10:00,78.78
2026-10-28,Mars,2026-10-28T04:30:00+10:00,35.05,77.89,2026-10-28T04:30:00+10:00,35.05,good,predawn,-7.29,2026-10-28T06:30:00+10:00,45.09
2026-10-28,Jupiter,2026-10-28T04:30:00+10:00,33.23,70.57,2026-10-28T04:30:00+10:00,33.23,good,predawn,-7.29,2026-10-28T07:00:00+10:00,48.22
2026-10-28,Saturn,2026-10-28T22:00:00+10:00,61.21,154.3,2026-10-28T22:00:00+10:00,61.21,excellent,overnight,-43.6,2026-10-28T22:00:00+10:00,61.21
2026-10-28,Uranus,2026-10-28T01:30:00+10:00,41.53,149.4,2026-10-28T01:30:00+10:00,41.53,good,overnight,-40.46,2026-10-28T01:30:00+10:00,41.53
2026-10-28,Neptune,2026-10-28T21:30:00+10:00,62.94,147.07,2026-10-28T21:30:00+10:00,62.94,excellent,evening,-39.72,2026-10-28T21:30:00+10:00,62.94
2026-10-29,Mercury,2026-10-29T18:30:00+10:00,7.11,13.39,2026-10-29T18:30:00+10:00,7.11,poor,evening,-6.27,2026-10-29T12:30:00+10:00,82.1
2026-10-29,Venus,2026-10-29T04:30:00+10:00,1.93,9.25,2026-10-29T04:30:00+10:00,1.93,poor,predawn,-7.1,2026-10-29T11:00:00+10:00,78.28
2026-10-29,Mars,2026-10-29T04:30:00+10:00,35.42,78.38,2026-10-29T04:30:00+10:00,35.42,good,predawn,-7.1,2026-10-29T06:30:00+10:00,45.25
2026-10-29,Jupiter,2026-10-29T04:30:00+10:00,33.82,71.44,2026-10-29T04:30:00+10:00,33.82,good,predawn,-7.1,2026-10-29T07:00:00+10:00,48.3
2026-10-29,Saturn,2026-10-29T22:00:00+10:00,61.21,153.25,2026-10-29T22:00:00+10:00,61.21,excellent,overnight,-43.32,2026-10-29T22:00:00+10:00,61.21
2026-10-29,Uranus,2026-10-29T01:30:00+10:00,41.55,150.43,2026-10-29T01:30:00+10:00,41.55,good,overnight,-40.17,2026-10-29T01:30:00+10:00,41.55
2026-10-29,Neptune,2026-10-29T21:30:00+10:00,62.94,146.06,2026-10-29T21:30:00+10:00,62.94,excellent,evening,-39.46,2026-10-29T21:30:00+10:00,62.94
2026-10-30,Mercury,2026-10-30T18:30:00+10:00,5.43,11.55,2026-10-30T18:30:00+10:00,5.43,poor,evening,-6.12,2026-10-30T12:30:00+10:00,81.23
2026-10-30,Venus,2026-10-30T04:30:00+10:00,2.96,10.42,2026-10-30T04:30:00+10:00,2.96,poor,predawn,-6.92,2026-10-30T11:00:00+10:00,77.63
2026-10-30,Mars,2026-10-30T04:30:00+10:00,35.79,78.86,2026-10-30T04:30:00+10:00,35.79,good,predawn,-6.92,2026-10-30T06:30:00+10:00,45.41
2026-10-30,Jupiter,2026-10-30T04:30:00+10:00,34.4,72.31,2026-10-30T04:30:00+10:00,34.4,good,predawn,-6.92,2026-10-30T07:00:00+10:00,48.35
2026-10-30,Saturn,2026-10-30T22:00:00+10:00,61.18,152.19,2026-10-30T22:00:00+10:00,61.18,excellent,overnight,-43.04,2026-10-30T22:00:00+10:00,61.18
2026-10-30,Uranus,2026-10-30T01:30:00+10:00,41.56,151.47,2026-10-30T01:30:00+10:00,41.56,good,overnight,-39.89,2026-10-30T01:30:00+10:00,41.56
2026-10-30,Neptune,2026-10-30T21:30:00+10:00,62.9,145.04,2026-10-30T21:30:00+10:00,62.9,excellent,evening,-39.2,2026-10-30T21:30:00+10:00,62.9
2026-10-31,Mercury,2026-10-31T18:30:00+10:00,3.61,9.58,2026-10-31T18:30:00+10:00,3.61,poor,evening,-5.96,2026-10-31T12:00:00+10:00,81.08
2026-10-31,Venus,2026-10-31T04:30:00+10:00,3.98,11.66,2026-10-31T04:30:00+10:00,3.98,poor,predawn,-6.74,2026-10-31T10:30:00+10:00,77.23
2026-10-31,Mars,2026-10-31T04:30:00+10:00,36.16,79.35,2026-10-31T04:30:00+10:00,36.16,good,predawn,-6.74,2026-10-31T06:30:00+10:00,45.56
2026-10-31,Jupiter,2026-10-31T04:30:00+10:00,34.98,73.18,2026-10-31T04:30:00+10:00,34.98,good,predawn,-6.74,2026-10-31T07:00:00+10:00,48.39
2026-10-31,Saturn,2026-10-31T22:00:00+10:00,61.11,151.13,2026-10-31T22:00:00+10:00,61.11,excellent,overnight,-42.76,2026-10-31T22:00:00+10:00,61.11
2026-10-31,Uranus,2026-10-31T01:30:00+10:00,41.54,152.5,2026-10-31T01:30:00+10:00,41.54,good,overnight,-39.61,2026-10-31T01:30:00+10:00,41.54
2026-10-31,Neptune,2026-10-31T21:30:00+10:00,62.83,144.02,2026-10-31T21:30:00+10:00,62.83,excellent,evening,-38.94,2026-10-31T21:30:00+10:00,62.83
2026-11-01,Mercury,2026-11-01T18:30:00+10:00,1.66,7.47,2026-11-01T18:30:00+10:00,1.66,poor,evening,-5.81,2026-11-01T12:00:00+10:00,80.75
2026-11-01,Venus,2026-11-01T04:30:00+10:00,4.99,12.95,2026-11-01T04:30:00+10:00,4.99,poor,predawn,-6.57,2026-11-01T10:30:00+10:00,77.05
2026-11-01,Mars,2026-11-01T04:30:00+10:00,36.54,79.85,2026-11-01T04:30:00+10:00,36.54,good,predawn,-6.57,2026-11-01T06:30:00+10:00,45.71
2026-11-01,Jupiter,2026-11-01T04:30:00+10:00,35.56,74.06,2026-11-01T04:30:00+10:00,35.56,good,predawn,-6.57,2026-11-01T07:00:00+10:00,48.41
2026-11-01,Saturn,2026-11-01T21:30:00+10:00,61.13,150.09,2026-11-01T21:30:00+10:00,61.13,excellent,evening,-38.68,2026-11-01T21:30:00+10:00,61.13
2026-11-01,Uranus,2026-11-01T01:30:00+10:00,41.51,153.53,2026-11-01T01:30:00+10:00,41.51,good,overnight,-39.34,2026-11-01T01:30:00+10:00,41.51
2026-11-01,Neptune,2026-11-01T21:00:00+10:00,62.74,143.02,2026-11-01T21:00:00+10:00,62.74,excellent,evening,-34.2,2026-11-01T21:00:00+10:00,62.74
2026-11-02,Mercury,2026-11-02T18:30:00+10:00,-0.39,5.26,2026-11-02T18:30:00+10:00,-0.39,not visible,evening,-5.65,2026-11-02T12:00:00+10:00,79.98
2026-11-02,Venus,2026-11-02T04:30:00+10:00,5.98,14.25,2026-11-02T04:30:00+10:00,5.98,poor,predawn,-6.4,2026-11-02T10:30:00+10:00,76.74
2026-11-02,Mars,2026-11-02T04:30:00+10:00,36.91,80.34,2026-11-02T04:30:00+10:00,36.91,good,predawn,-6.4,2026-11-02T06:30:00+10:00,45.85
2026-11-02,Jupiter,2026-11-02T04:30:00+10:00,36.12,74.94,2026-11-02T04:30:00+10:00,36.12,good,predawn,-6.4,2026-11-02T07:00:00+10:00,48.41
2026-11-02,Saturn,2026-11-02T21:30:00+10:00,61.24,149.04,2026-11-02T21:30:00+10:00,61.24,excellent,evening,-38.42,2026-11-02T21:30:00+10:00,61.24
2026-11-02,Uranus,2026-11-02T01:30:00+10:00,41.45,154.57,2026-11-02T01:30:00+10:00,41.45,good,overnight,-39.07,2026-11-02T01:30:00+10:00,41.45
2026-11-02,Neptune,2026-11-02T21:00:00+10:00,62.86,142.0,2026-11-02T21:00:00+10:00,62.86,excellent,evening,-33.96,2026-11-02T21:00:00+10:00,62.86
2026-11-03,Mercury,2026-11-03T18:30:00+10:00,-2.52,2.98,2026-11-03T18:30:00+10:00,-2.52,not visible,evening,-5.49,2026-11-03T11:30:00+10:00,78.94
2026-11-03,Venus,2026-11-03T04:30:00+10:00,6.95,15.56,2026-11-03T04:30:00+10:00,6.95,poor,predawn,-6.23,2026-11-03T10:30:00+10:00,76.32
2026-11-03,Mars,2026-11-03T04:30:00+10:00,37.28,80.84,2026-11-03T04:30:00+10:00,37.28,good,predawn,-6.23,2026-11-03T06:30:00+10:00,45.99
2026-11-03,Jupiter,2026-11-03T04:30:00+10:00,36.68,75.82,2026-11-03T04:30:00+10:00,36.68,good,predawn,-6.23,2026-11-03T07:00:00+10:00,48.4
2026-11-03,Saturn,2026-11-03T21:30:00+10:00,61.32,147.98,2026-11-03T21:30:00+10:00,61.32,excellent,evening,-38.17,2026-11-03T21:30:00+10:00,61.32
2026-11-03,Uranus,2026-11-03T01:00:00+10:00,41.51,155.59,2026-11-03T01:00:00+10:00,41.51,good,overnight,-42.51,2026-11-03T01:00:00+10:00,41.51
2026-11-03,Neptune,2026-11-03T21:00:00+10:00,62.94,140.98,2026-11-03T21:00:00+10:00,62.94,excellent,evening,-33.72,2026-11-03T21:00:00+10:00,62.94
2026-11-04,Mercury,2026-11-04T18:30:00+10:00,-4.68,0.73,2026-11-04T18:30:00+10:00,-4.68,not visible,evening,-5.34,2026-11-04T11:30:00+10:00,78.66
2026-11-04,Venus,2026-11-04T04:30:00+10:00,7.9,16.87,2026-11-04T04:30:00+10:00,7.9,poor,predawn,-6.07,2026-11-04T10:30:00+10:00,75.81
2026-11-04,Mars,2026-11-04T04:30:00+10:00,37.66,81.35,2026-11-04T04:30:00+10:00,37.66,good,predawn,-6.07,2026-11-04T06:30:00+10:00,46.12
2026-11-04,Jupiter,2026-11-04T04:30:00+10:00,37.24,76.71,2026-11-04T04:30:00+10:00,37.24,good,predawn,-6.07,2026-11-04T06:30:00+10:00,48.39
2026-11-04,Saturn,2026-11-04T21:30:00+10:00,61.36,146.92,2026-11-04T21:30:00+10:00,61.36,excellent,evening,-37.91,2026-11-04T21:30:00+10:00,61.36
2026-11-04,Uranus,2026-11-04T01:00:00+10:00,41.57,156.63,2026-11-04T01:00:00+10:00,41.57,good,overnight,-42.23,2026-11-04T01:00:00+10:00,41.57
2026-11-04,Neptune,2026-11-04T21:00:00+10:00,62.99,139.96,2026-11-04T21:00:00+10:00,62.99,excellent,evening,-33.49,2026-11-04T21:00:00+10:00,62.99
2026-11-05,Mercury,2026-11-05T04:30:00+10:00,-5.42,0.5,2026-11-05T04:30:00+10:00,-5.42,not visible,predawn,-5.92,2026-11-05T11:30:00+10:00,77.99
2026-11-05,Venus,2026-11-05T04:30:00+10:00,8.83,18.17,2026-11-05T04:30:00+10:00,8.83,poor,predawn,-5.92,2026-11-05T10:30:00+10:00,75.22
2026-11-05,Mars,2026-11-05T04:30:00+10:00,38.03,81.86,2026-11-05T04:30:00+10:00,38.03,good,predawn,-5.92,2026-11-05T06:30:00+10:00,46.25
2026-11-05,Jupiter,2026-11-05T04:30:00+10:00,37.79,77.59,2026-11-05T04:30:00+10:00,37.79,good,predawn,-5.92,2026-11-05T06:30:00+10:00,48.49
2026-11-05,Saturn,2026-11-05T21:30:00+10:00,61.37,145.87,2026-11-05T21:30:00+10:00,61.37,excellent,evening,-37.66,2026-11-05T21:30:00+10:00,61.37
2026-11-05,Uranus,2026-11-05T01:00:00+10:00,41.6,157.67,2026-11-05T01:00:00+10:00,41.6,good,overnight,-41.96,2026-11-05T01:00:00+10:00,41.6
2026-11-05,Neptune,2026-11-05T21:00:00+10:00,63.0,138.93,2026-11-05T21:00:00+10:00,63.0,excellent,evening,-33.25,2026-11-05T21:00:00+10:00,63.0
2026-11-06,Mercury,2026-11-06T04:30:00+10:00,-4.0,2.68,2026-11-06T04:30:00+10:00,-4.0,not visible,predawn,-5.77,2026-11-06T11:30:00+10:00,77.01
2026-11-06,Venus,2026-11-06T04:30:00+10:00,9.74,19.45,2026-11-06T04:30:00+10:00,9.74,poor,predawn,-5.77,2026-11-06T10:00:00+10:00,75.01
2026-11-06,Mars,2026-11-06T04:30:00+10:00,38.4,82.37,2026-11-06T04:30:00+10:00,38.4,good,predawn,-5.77,2026-11-06T06:30:00+10:00,46.37
2026-11-06,Jupiter,2026-11-06T04:30:00+10:00,38.33,78.49,2026-11-06T04:30:00+10:00,38.33,good,predawn,-5.77,2026-11-06T06:30:00+10:00,48.57
2026-11-06,Saturn,2026-11-06T21:30:00+10:00,61.35,144.81,2026-11-06T21:30:00+10:00,61.35,excellent,evening,-37.41,2026-11-06T21:30:00+10:00,61.35
2026-11-06,Uranus,2026-11-06T01:00:00+10:00,41.61,158.71,2026-11-06T01:00:00+10:00,41.61,good,overnight,-41.69,2026-11-06T01:00:00+10:00,41.61
2026-11-06,Neptune,2026-11-06T21:00:00+10:00,62.98,137.91,2026-11-06T21:00:00+10:00,62.98,excellent,evening,-33.02,2026-11-06T21:00:00+10:00,62.98
2026-11-07,Mercury,2026-11-07T04:30:00+10:00,-2.6,4.93,2026-11-07T04:30:00+10:00,-2.6,not visible,predawn,-5.63,2026-11-07T11:00:00+10:00,76.38
2026-11-07,Venus,2026-11-07T04:30:00+10:00,10.63,20.7,2026-11-07T04:30:00+10:00,10.63,poor,predawn,-5.63,2026-11-07T10:00:00+10:00,74.82
2026-11-07,Mars,2026-11-07T04:30:00+10:00,38.77,82.89,2026-11-07T04:30:00+10:00,38.77,good,predawn,-5.63,2026-11-07T06:30:00+10:00,46.49
2026-11-07,Jupiter,2026-11-07T04:30:00+10:00,38.86,79.38,2026-11-07T04:30:00+10:00,38.86,good,predawn,-5.63,2026-11-07T06:30:00+10:00,48.63
2026-11-07,Saturn,2026-11-07T21:30:00+10:00,61.28,143.75,2026-11-07T21:30:00+10:00,61.28,excellent,evening,-37.15,2026-11-07T21:30:00+10:00,61.28
2026-11-07,Uranus,2026-11-07T01:00:00+10:00,41.6,159.75,2026-11-07T01:00:00+10:00,41.6,good,overnight,-41.42,2026-11-07T01:00:00+10:00,41.6
2026-11-07,Neptune,2026-11-07T21:00:00+10:00,62.93,136.89,2026-11-07T21:00:00+10:00,62.93,excellent,evening,-32.79,2026-11-07T21:00:00+10:00,62.93
2026-11-08,Mercury,2026-11-08T04:30:00+10:00,-1.24,7.08,2026-11-08T04:30:00+10:00,-1.24,not visible,predawn,-5.49,2026-11-08T11:00:00+10:00,75.94
2026-11-08,Venus,2026-11-08T04:30:00+10:00,11.49,21.92,2026-11-08T04:30:00+10:00,11.49,poor,predawn,-5.49,2026-11-08T10:00:00+10:00,74.55
2026-11-08,Mars,2026-11-08T04:30:00+10:00,39.15,83.41,2026-11-08T04:30:00+10:00,39.15,good,predawn,-5.49,2026-11-08T06:30:00+10:00,46.59
2026-11-08,Jupiter,2026-11-08T04:30:00+10:00,39.38,80.28,2026-11-08T04:30:00+10:00,39.38,good,predawn,-5.49,2026-11-08T06:30:00+10:00,48.67
2026-11-08,Saturn,2026-11-08T21:00:00+10:00,61.24,142.72,2026-11-08T21:00:00+10:00,61.24,excellent,evening,-32.55,2026-11-08T21:00:00+10:00,61.24
2026-11-08,Uranus,2026-11-08T01:00:00+10:00,41.57,160.79,2026-11-08T01:00:00+10:00,41.57,good,overnight,-41.16,2026-11-08T01:00:00+10:00,41.57
2026-11-08,Neptune,2026-11-08T21:00:00+10:00,62.84,135.87,2026-11-08T21:00:00+10:00,62.84,excellent,evening,-32.55,2026-11-08T21:00:00+10:00,62.84
2026-11-09,Mercury,2026-11-09T04:30:00+10:00,0.05,9.1,2026-11-09T04:30:00+10:00,0.05,poor,predawn,-5.35,2026-11-09T11:00:00+10:00,75.32
2026-11-09,Venus,2026-11-09T04:30:00+10:00,12.33,23.12,2026-11-09T04:30:00+10:00,12.33,poor,predawn,-5.35,2026-11-09T10:00:00+10:00,74.23
2026-11-09,Mars,2026-11-09T04:30:00+10:00,39.52,83.94,2026-11-09T04:30:00+10:00,39.52,good,predawn,-5.35,2026-11-09T06:30:00+10:00,46.7
2026-11-09,Jupiter,2026-11-09T04:30:00+10:00,39.9,81.18,2026-11-09T04:30:00+10:00,39.9,good,predawn,-5.35,2026-11-09T06:30:00+10:00,48.7
2026-11-09,Saturn,2026-11-09T21:00:00+10:00,61.36,141.67,2026-11-09T21:00:00+10:00,61.36,excellent,evening,-32.32,2026-11-09T21:00:00+10:00,61.36
2026-11-09,Uranus,2026-11-09T01:00:00+10:00,41.52,161.83,2026-11-09T01:00:00+10:00,41.52,good,overnight,-40.91,2026-11-09T01:00:00+10:00,41.52
2026-11-09,Neptune,2026-11-09T20:30:00+10:00,62.85,134.87,2026-11-09T20:30:00+10:00,62.85,excellent,evening,-27.45,2026-11-09T20:30:00+10:00,62.85
2026-11-10,Mercury,2026-11-10T04:30:00+10:00,1.26,10.95,2026-11-10T04:30:00+10:00,1.26,poor,predawn,-5.22,2026-11-10T11:00:00+10:00,74.63
2026-11-10,Venus,2026-11-10T04:30:00+10:00,13.14,24.28,2026-11-10T04:30:00+10:00,13.14,poor,predawn,-5.22,2026-11-10T10:00:00+10:00,73.86
2026-11-10,Mars,2026-11-10T04:30:00+10:00,39.89,84.47,2026-11-10T04:30:00+10:00,39.89,good,predawn,-5.22,2026-11-10T06:30:00+10:00,46.79
2026-11-10,Jupiter,2026-11-10T04:30:00+10:00,40.4,82.08,2026-11-10T04:30:00+10:00,40.4,good,predawn,-5.22,2026-11-10T06:30:00+10:00,48.7
2026-11-10,Saturn,2026-11-10T21:00:00+10:00,61.44,140.61,2026-11-10T21:00:00+10:00,61.44,excellent,evening,-32.09,2026-11-10T21:00:00+10:00,61.44
2026-11-10,Uranus,2026-11-10T00:30:00+10:00,41.54,162.85,2026-11-10T00:30:00+10:00,41.54,good,overnight,-43.35,2026-11-10T00:30:00+10:00,41.54
2026-11-10,Neptune,2026-11-10T20:30:00+10:00,62.95,133.85,2026-11-10T20:30:00+10:00,62.95,excellent,evening,-27.23,2026-11-10T20:30:00+10:00,62.95
2026-11-11,Mercury,2026-11-11T04:30:00+10:00,2.38,12.63,2026-11-11T04:30:00+10:00,2.38,poor,predawn,-5.1,2026-11-11T10:30:00+10:00,74.14
2026-11-11,Venus,2026-11-11T04:30:00+10:00,13.93,25.41,2026-11-11T04:30:00+10:00,13.93,poor,predawn,-5.1,2026-11-11T10:00:00+10:00,73.46
2026-11-11,Mars,2026-11-11T04:30:00+10:00,40.26,85.0,2026-11-11T04:30:00+10:00,40.26,good,predawn,-5.1,2026-11-11T06:00:00+10:00,46.95
2026-11-11,Jupiter,2026-11-11T04:30:00+10:00,40.9,82.99,2026-11-11T04:30:00+10:00,40.9,good,predawn,-5.1,2026-11-11T06:30:00+10:00,48.69
2026-11-11,Saturn,2026-11-11T21:00:00+10:00,61.49,139.56,2026-11-11T21:00:00+10:00,61.49,excellent,evening,-31.86,2026-11-11T21:00:00+10:00,61.49
2026-11-11,Uranus,2026-11-11T00:30:00+10:00,41.6,163.9,2026-11-11T00:30:00+10:00,41.6,good,overnight,-43.09,2026-11-11T00:30:00+10:00,41.6
2026-11-11,Neptune,2026-11-11T20:30:00+10:00,63.02,132.83,2026-11-11T20:30:00+10:00,63.02,excellent,evening,-27.02,2026-11-11T20:30:00+10:00,63.02
2026-11-12,Mercury,2026-11-12T04:30:00+10:00,3.4,14.11,2026-11-12T04:30:00+10:00,3.4,poor,predawn,-4.98,2026-11-12T10:30:00+10:00,74.0
2026-11-12,Venus,2026-11-12T04:30:00+10:00,14.7,26.5,2026-11-12T04:30:00+10:00,14.7,poor,predawn,-4.98,2026-11-12T10:00:00+10:00,73.04
2026-11-12,Mars,2026-11-12T04:30:00+10:00,40.63,85.54,2026-11-12T04:30:00+10:00,40.63,good,predawn,-4.98,2026-11-12T06:00:00+10:00,47.11
2026-11-12,Jupiter,2026-11-12T04:30:00+10:00,41.39,83.9,2026-11-12T04:30:00+10:00,41.39,good,predawn,-4.98,2026-11-12T06:30:00+10:00,48.65
2026-11-12,Saturn,2026-11-12T21:00:00+10:00,61.51,138.51,2026-11-12T21:00:00+10:00,61.51,excellent,evening,-31.64,2026-11-12T21:00:00+10:00,61.51
2026-11-12,Uranus,2026-11-12T00:30:00+10:00,41.64,164.94,2026-11-12T00:30:00+10:00,41.64,good,overnight,-42.83,2026-11-12T00:30:00+10:00,41.64
2026-11-12,Neptune,2026-11-12T20:30:00+10:00,63.05,131.8,2026-11-12T20:30:00+10:00,63.05,excellent,evening,-26.81,2026-11-12T20:30:00+10:00,63.05
2026-11-13,Mercury,2026-11-13T04:30:00+10:00,4.3,15.39,2026-11-13T04:30:00+10:00,4.3,poor,predawn,-4.87,2026-11-13T10:30:00+10:00,73.85
2026-11-13,Venus,2026-11-13T04:30:00+10:00,15.44,27.56,2026-11-13T04:30:00+10:00,15.44,fair,predawn,-4.87,2026-11-13T09:30:00+10:00,72.95
2026-11-13,Mars,2026-11-13T04:30:00+10:00,40.99,86.08,2026-11-13T04:30:00+10:00,40.99,good,predawn,-4.87,2026-11-13T06:00:00+10:00,47.28
2026-11-13,Jupiter,2026-11-13T04:30:00+10:00,41.87,84.81,2026-11-13T04:30:00+10:00,41.87,good,predawn,-4.87,2026-11-13T06:00:00+10:00,48.71
2026-11-13,Saturn,2026-11-13T21:00:00+10:00,61.48,137.46,2026-11-13T21:00:00+10:00,61.48,excellent,evening,-31.41,2026-11-13T21:00:00+10:00,61.48
2026-11-13,Uranus,2026-11-13T00:30:00+10:00,41.66,165.99,2026-11-13T00:30:00+10:00,41.66,good,overnight,-42.58,2026-11-13T00:30:00+10:00,41.66
2026-11-13,Neptune,2026-11-13T20:30:00+10:00,63.04,130.78,2026-11-13T20:30:00+10:00,63.04,excellent,evening,-26.6,2026-11-13T20:30:00+10:00,63.04
2026-11-14,Mercury,2026-11-14T04:30:00+10:00,5.11,16.48,2026-11-14T04:30:00+10:00,5.11,poor,predawn,-4.76,2026-11-14T10:30:00+10:00,73.72
2026-11-14,Venus,2026-11-14T04:30:00+10:00,16.16,28.58,2026-11-14T04:30:00+10:00,16.16,fair,predawn,-4.76,2026-11-14T09:30:00+10:00,72.84
2026-11-14,Mars,2026-11-14T04:30:00+10:00,41.36,86.63,2026-11-14T04:30:00+10:00,41.36,good,predawn,-4.76,2026-11-14T06:00:00+10:00,47.43
2026-11-14,Jupiter,2026-11-14T04:30:00+10:00,42.33,85.72,2026-11-14T04:30:00+10:00,42.33,good,predawn,-4.76,2026-11-14T06:00:00+10:00,48.79
2026-11-14,Saturn,2026-11-14T21:00:00+10:00,61.43,136.41,2026-11-14T21:00:00+10:00,61.43,excellent,evening,-31.19,2026-11-14T21:00:00+10:00,61.43
2026-11-14,Uranus,2026-11-14T00:30:00+10:00,41.66,167.04,2026-11-14T00:30:00+10:00,41.66,good,overnight,-42.34,2026-11-14T00:30:00+10:00,41.66
2026-11-14,Neptune,2026-11-14T20:30:00+10:00,63.01,129.76,2026-11-14T20:30:00+10:00,63.01,excellent,evening,-26.39,2026-11-14T20:30:00+10:00,63.01
2026-11-15,Mercury,2026-11-15T04:30:00+10:00,5.8,17.39,2026-11-15T04:30:00+10:00,5.8,poor,predawn,-4.66,2026-11-15T10:30:00+10:00,73.64
2026-11-15,Venus,2026-11-15T04:30:00+10:00,16.86,29.56,2026-11-15T04:30:00+10:00,16.86,fair,predawn,-4.66,2026-11-15T09:30:00+10:00,72.7
2026-11-15,Mars,2026-11-15T04:30:00+10:00,41.73,87.18,2026-11-15T04:30:00+10:00,41.73,good,predawn,-4.66,2026-11-15T06:00:00+10:00,47.58
2026-11-15,Jupiter,2026-11-15T04:30:00+10:00,42.79,86.64,2026-11-15T04:30:00+10:00,42.79,good,predawn,-4.66,2026-11-15T06:00:00+10:00,48.85
2026-11-15,Saturn,2026-11-15T21:00:00+10:00,61.34,135.36,2026-11-15T21:00:00+10:00,61.34,excellent,evening,-30.97,2026-11-15T21:00:00+10:00,61.34
2026-11-15,Uranus,2026-11-15T00:30:00+10:00,41.63,168.09,2026-11-15T00:30:00+10:00,41.63,good,overnight,-42.1,2026-11-15T00:30:00+10:00,41.63
2026-11-15,Neptune,2026-11-15T20:30:00+10:00,62.93,128.74,2026-11-15T20:30:00+10:00,62.93,excellent,evening,-26.18,2026-11-15T20:30:00+10:00,62.93
2026-11-16,Mercury,2026-11-16T04:30:00+10:00,6.4,18.12,2026-11-16T04:30:00+10:00,6.4,poor,predawn,-4.56,2026-11-16T10:30:00+10:00,73.63
2026-11-16,Venus,2026-11-16T04:30:00+10:00,17.53,30.51,2026-11-16T04:30:00+10:00,17.53,fair,predawn,-4.56,2026-11-16T09:30:00+10:00,72.54
2026-11-16,Mars,2026-11-16T04:30:00+10:00,42.09,87.74,2026-11-16T04:30:00+10:00,42.09,good,predawn,-4.56,2026-11-16T06:00:00+10:00,47.72
2026-11-16,Jupiter,2026-11-16T04:30:00+10:00,43.24,87.57,2026-11-16T04:30:00+10:00,43.24,good,predawn,-4.56,2026-11-16T06:00:00+10:00,48.9
2026-11-16,Saturn,2026-11-16T20:30:00+10:00,61.44,134.33,2026-11-16T20:30:00+10:00,61.44,excellent,evening,-25.97,2026-11-16T20:30:00+10:00,61.44
2026-11-16,Uranus,2026-11-16T00:30:00+10:00,41.59,169.13,2026-11-16T00:30:00+10:00,41.59,good,overnight,-41.87,2026-11-16T00:30:00+10:00,41.59
2026-11-16,Neptune,2026-11-16T20:00:00+10:00,62.83,127.74,2026-11-16T20:00:00+10:00,62.83,excellent,evening,-20.76,2026-11-16T20:00:00+10:00,62.83
2026-11-17,Mercury,2026-11-17T04:30:00+10:00,6.91,18.68,2026-11-17T04:30:00+10:00,6.91,poor,predawn,-4.47,2026-11-17T10:30:00+10:00,73.68
2026-11-17,Venus,2026-11-17T04:30:00+10:00,18.18,31.42,2026-11-17T04:30:00+10:00,18.18,fair,predawn,-4.47,2026-11-17T09:30:00+10:00,72.37
2026-11-17,Mars,2026-11-17T04:30:00+10:00,42.45,88.3,2026-11-17T04:30:00+10:00,42.45,good,predawn,-4.47,2026-11-17T06:00:00+10:00,47.86
2026-11-17,Jupiter,2026-11-17T04:30:00+10:00,43.67,88.49,2026-11-17T04:30:00+10:00,43.67,good,predawn,-4.47,2026-11-17T06:00:00+10:00,48.92
2026-11-17,Saturn,2026-11-17T20:30:00+10:00,61.53,133.28,2026-11-17T20:30:00+10:00,61.53,excellent,evening,-25.76,2026-11-17T20:30:00+10:00,61.53
2026-11-17,Uranus,2026-11-17T00:00:00+10:00,41.57,170.16,2026-11-17T00:00:00+10:00,41.57,good,overnight,-43.21,2026-11-17T00:00:00+10:00,41.57
2026-11-17,Neptune,2026-11-17T20:00:00+10:00,62.95,126.72,2026-11-17T20:00:00+10:00,62.95,excellent,evening,-20.57,2026-11-17T20:00:00+10:00,62.95
2026-11-18,Mercury,2026-11-18T04:30:00+10:00,7.34,19.1,2026-11-18T04:30:00+10:00,7.34,poor,predawn,-4.38,2026-11-18T10:30:00+10:00,73.81
2026-11-18,Venus,2026-11-18T04:30:00+10:00,18.81,32.29,2026-11-18T04:30:00+10:00,18.81,fair,predawn,-4.38,2026-11-18T09:30:00+10:00,72.18
2026-11-18,Mars,2026-11-18T04:30:00+10:00,42.81,88.87,2026-11-18T04:30:00+10:00,42.81,good,predawn,-4.38,2026-11-18T06:00:00+10:00,47.98
2026-11-18,Jupiter,2026-11-18T04:30:00+10:00,44.09,89.42,2026-11-18T04:30:00+10:00,44.09,good,predawn,-4.38,2026-11-18T06:00:00+10:00,48.92
2026-11-18,Saturn,2026-11-18T20:30:00+10:00,61.59,132.24,2026-11-18T20:30:00+10:00,61.59,excellent,evening,-25.56,2026-11-18T20:30:00+10:00,61.59
2026-11-18,Uranus,2026-11-18T00:00:00+10:00,41.64,171.21,2026-11-18T00:00:00+10:00,41.64,good,overnight,-42.97,2026-11-18T00:00:00+10:00,41.64
2026-11-18,Neptune,2026-11-18T20:00:00+10:00,63.03,125.7,2026-11-18T20:00:00+10:00,63.03,excellent,evening,-20.38,2026-11-18T20:00:00+10:00,63.03
2026-11-19,Mercury,2026-11-19T04:30:00+10:00,7.68,19.39,2026-11-19T04:30:00+10:00,7.68,poor,predawn,-4.3,2026-11-19T10:30:00+10:00,74.0
2026-11-19,Venus,2026-11-19T04:30:00+10:00,19.42,33.13,2026-11-19T04:30:00+10:00,19.42,fair,predawn,-4.3,2026-11-19T09:30:00+10:00,71.99
2026-11-19,Mars,2026-11-19T04:30:00+10:00,43.16,89.44,2026-11-19T04:30:00+10:00,43.16,good,predawn,-4.3,2026-11-19T06:00:00+10:00,48.1
2026-11-19,Jupiter,2026-11-19T04:30:00+10:00,44.5,90.35,2026-11-19T04:30:00+10:00,44.5,good,predawn,-4.3,2026-11-19T06:00:00+10:00,48.91
2026-11-19,Saturn,2026-11-19T20:30:00+10:00,61.61,131.19,2026-11-19T20:30:00+10:00,61.61,excellent,evening,-25.36,2026-11-19T20:30:00+10:00,61.61
2026-11-19,Uranus,2026-11-19T00:00:00+10:00,41.68,172.26,2026-11-19T00:00:00+10:00,41.68,good,overnight,-42.74,2026-11-19T00:00:00+10:00,41.68
2026-11-19,Neptune,2026-11-19T20:00:00+10:00,63.08,124.68,2026-11-19T20:00:00+10:00,63.08,excellent,evening,-20.18,2026-11-19T20:00:00+10:00,63.08
2026-11-20,Mercury,2026-11-20T04:30:00+10:00,7.96,19.55,2026-11-20T04:30:00+10:00,7.96,poor,predawn,-4.22,2026-11-20T10:30:00+10:00,74.26
2026-11-20,Venus,2026-11-20T04:30:00+10:00,20.01,33.93,2026-11-20T04:30:00+10:00,20.01,fair,predawn,-4.22,2026-11-20T09:30:00+10:00,71.79
2026-11-20,Mars,2026-11-20T04:30:00+10:00,43.52,90.02,2026-11-20T04:30:00+10:00,43.52,good,predawn,-4.22,2026-11-20T06:00:00+10:00,48.21
2026-11-20,Jupiter,2026-11-20T04:30:00+10:00,44.89,91.28,2026-11-20T04:30:00+10:00,44.89,good,predawn,-4.22,2026-11-20T06:00:00+10:00,48.87
2026-11-20,Saturn,2026-11-20T20:30:00+10:00,61.59,130.15,2026-11-20T20:30:00+10:00,61.59,excellent,evening,-25.16,2026-11-20T20:30:00+10:00,61.59
2026-11-20,Uranus,2026-11-20T00:00:00+10:00,41.71,173.31,2026-11-20T00:00:00+10:00,41.71,good,overnight,-42.52,2026-11-20T00:00:00+10:00,41.71
2026-11-20,Neptune,2026-11-20T20:00:00+10:00,63.09,123.65,2026-11-20T20:00:00+10:00,63.09,excellent,evening,-19.99,2026-11-20T20:00:00+10:00,63.09
2026-11-21,Mercury,2026-11-21T04:30:00+10:00,8.17,19.62,2026-11-21T04:30:00+10:00,8.17,poor,predawn,-4.15,2026-11-21T10:30:00+10:00,74.57
2026-11-21,Venus,2026-11-21T04:30:00+10:00,20.58,34.7,2026-11-21T04:30:00+10:00,20.58,fair,predawn,-4.15,2026-11-21T09:30:00+10:00,71.6
2026-11-21,Mars,2026-11-21T04:30:00+10:00,43.87,90.6,2026-11-21T04:30:00+10:00,43.87,good,predawn,-4.15,2026-11-21T06:00:00+10:00,48.32
2026-11-21,Jupiter,2026-11-21T04:30:00+10:00,45.28,92.22,2026-11-21T04:30:00+10:00,45.28,excellent,predawn,-4.15,2026-11-21T05:30:00+10:00,48.88
2026-11-21,Saturn,2026-11-21T20:30:00+10:00,61.54,129.11,2026-11-21T20:30:00+10:00,61.54,excellent,evening,-24.96,2026-11-21T20:30:00+10:00,61.54
2026-11-21,Uranus,2026-11-21T00:00:00+10:00,41.71,174.36,2026-11-21T00:00:00+10:00,41.71,good,overnight,-42.3,2026-11-21T00:00:00+10:00,41.71
2026-11-21,Neptune,2026-11-21T20:00:00+10:00,63.07,122.63,2026-11-21T20:00:00+10:00,63.07,excellent,evening,-19.81,2026-11-21T20:00:00+10:00,63.07
2026-11-22,Mercury,2026-11-22T04:30:00+10:00,8.33,19.6,2026-11-22T04:30:00+10:00,8.33,poor,predawn,-4.09,2026-11-22T10:30:00+10:00,74.94
2026-11-22,Venus,2026-11-22T04:30:00+10:00,21.13,35.44,2026-11-22T04:30:00+10:00,21.13,fair,predawn,-4.09,2026-11-22T09:00:00+10:00,71.56
2026-11-22,Mars,2026-11-22T04:30:00+10:00,44.21,91.18,2026-11-22T04:30:00+10:00,44.21,good,predawn,-4.09,2026-11-22T06:00:00+10:00,48.41
2026-11-22,Jupiter,2026-11-22T04:30:00+10:00,45.64,93.16,2026-11-22T04:30:00+10:00,45.64,excellent,predawn,-4.09,2026-11-22T05:30:00+10:00,48.96
2026-11-22,Saturn,2026-11-22T20:30:00+10:00,61.46,128.07,2026-11-22T20:30:00+10:00,61.46,excellent,evening,-24.76,2026-11-22T20:30:00+10:00,61.46
2026-11-22,Uranus,2026-11-22T00:00:00+10:00,41.7,175.41,2026-11-22T00:00:00+10:00,41.7,good,overnight,-42.09,2026-11-22T00:00:00+10:00,41.7
2026-11-22,Neptune,2026-11-22T20:00:00+10:00,63.01,121.61,2026-11-22T20:00:00+10:00,63.01,excellent,evening,-19.62,2026-11-22T20:00:00+10:00,63.01
2026-11-23,Mercury,2026-11-23T04:30:00+10:00,8.44,19.49,2026-11-23T04:30:00+10:00,8.44,poor,predawn,-4.03,2026-11-23T10:30:00+10:00,75.35
2026-11-23,Venus,2026-11-23T04:30:00+10:00,21.66,36.15,2026-11-23T04:30:00+10:00,21.66,fair,predawn,-4.03,2026-11-23T09:00:00+10:00,71.59
2026-11-23,Mars,2026-11-23T04:30:00+10:00,44.56,91.78,2026-11-23T04:30:00+10:00,44.56,good,predawn,-4.03,2026-11-23T06:00:00+10:00,48.49
2026-11-23,Jupiter,2026-11-23T04:30:00+10:00,45.99,94.11,2026-11-23T04:30:00+10:00,45.99,excellent,predawn,-4.03,2026-11-23T05:30:00+10:00,49.02
2026-11-23,Saturn,2026-11-23T20:00:00+10:00,61.48,127.05,2026-11-23T20:00:00+10:00,61.48,excellent,evening,-19.43,2026-11-23T20:00:00+10:00,61.48
2026-11-23,Uranus,2026-11-23T00:00:00+10:00,41.66,176.46,2026-11-23T00:00:00+10:00,41.66,good,overnight,-41.89,2026-11-23T00:00:00+10:00,41.66
2026-11-23,Neptune,2026-11-23T20:00:00+10:00,62.92,120.59,2026-11-23T20:00:00+10:00,62.92,excellent,evening,-19.43,2026-11-23T20:00:00+10:00,62.92
2026-11-24,Mercury,2026-11-24T04:00:00+10:00,2.0,19.33,2026-11-24T04:00:00+10:00,2.0,poor,predawn,-9.88,2026-11-24T10:30:00+10:00,75.79
2026-11-24,Venus,2026-11-24T04:00:00+10:00,15.51,36.8,2026-11-24T04:00:00+10:00,15.51,fair,predawn,-9.88,2026-11-24T09:00:00+10:00,71.62
2026-11-24,Mars,2026-11-24T04:00:00+10:00,41.5,92.36,2026-11-24T04:00:00+10:00,41.5,good,predawn,-9.88,2026-11-24T05:30:00+10:00,48.57
2026-11-24,Jupiter,2026-11-24T04:00:00+10:00,43.29,95.04,2026-11-24T04:00:00+10:00,43.29,good,predawn,-9.88,2026-11-24T05:30:00+10:00,49.06
2026-11-24,Saturn,2026-11-24T20:00:00+10:00,61.58,126.01,2026-11-24T20:00:00+10:00,61.58,excellent,evening,-19.25,2026-11-24T20:00:00+10:00,61.58
2026-11-24,Uranus,2026-11-24T23:30:00+10:00,41.68,178.54,2026-11-24T23:30:00+10:00,41.68,good,overnight,-41.87,2026-11-24T23:30:00+10:00,41.68
2026-11-24,Neptune,2026-11-24T19:30:00+10:00,62.92,119.59,2026-11-24T19:30:00+10:00,62.92,excellent,evening,-13.78,2026-11-24T19:30:00+10:00,62.92
2026-11-25,Mercury,2026-11-25T04:00:00+10:00,2.03,19.1,2026-11-25T04:00:00+10:00,2.03,poor,predawn,-9.82,2026-11-25T10:30:00+10:00,76.26
2026-11-25,Venus,2026-11-25T04:00:00+10:00,16.01,37.45,2026-11-25T04:00:00+10:00,16.01,fair,predawn,-9.82,2026-11-25T09:00:00+10:00,71.65
2026-11-25,Mars,2026-11-25T04:00:00+10:00,41.89,92.96,2026-11-25T04:00:00+10:00,41.89,good,predawn,-9.82,2026-11-25T05:30:00+10:00,48.74
2026-11-25,Jupiter,2026-11-25T04:00:00+10:00,43.73,95.99,2026-11-25T04:00:00+10:00,43.73,good,predawn,-9.82,2026-11-25T05:30:00+10:00,49.08
2026-11-25,Saturn,2026-11-25T20:00:00+10:00,61.64,124.97,2026-11-25T20:00:00+10:00,61.64,excellent,evening,-19.07,2026-11-25T20:00:00+10:00,61.64
2026-11-25,Uranus,2026-11-25T23:30:00+10:00,41.73,179.57,2026-11-25T23:30:00+10:00,41.73,good,overnight,-41.67,2026-11-25T23:30:00+10:00,41.73
2026-11-25,Neptune,2026-11-25T19:30:00+10:00,63.02,118.57,2026-11-25T19:30:00+10:00,63.02,excellent,evening,-13.61,2026-11-25T19:30:00+10:00,63.02
2026-11-26,Mercury,2026-11-26T04:00:00+10:00,2.03,18.82,2026-11-26T04:00:00+10:00,2.03,poor,predawn,-9.77,2026-11-26T10:30:00+10:00,76.75
2026-11-26,Venus,2026-11-26T04:00:00+10:00,16.49,38.06,2026-11-26T04:00:00+10:00,16.49,fair,predawn,-9.77,2026-11-26T09:00:00+10:00,71.68
2026-11-26,Mars,2026-11-26T04:00:00+10:00,42.29,93.57,2026-11-26T04:00:00+10:00,42.29,good,predawn,-9.77,2026-11-26T05:30:00+10:00,48.89
2026-11-26,Jupiter,2026-11-26T04:00:00+10:00,44.16,96.94,2026-11-26T04:00:00+10:00,44.16,good,predawn,-9.77,2026-11-26T05:30:00+10:00,49.08
2026-11-26,Saturn,2026-11-26T20:00:00+10:00,61.67,123.94,2026-11-26T20:00:00+10:00,61.67,excellent,evening,-18.89,2026-11-26T20:00:00+10:00,61.67
2026-11-26,Uranus,2026-11-26T23:30:00+10:00,41.76,179.33,2026-11-26T23:30:00+10:00,41.76,good,overnight,-41.48,2026-11-26T23:30:00+10:00,41.76
2026-11-26,Neptune,2026-11-26T19:30:00+10:00,63.08,117.55,2026-11-26T19:30:00+10:00,63.08,excellent,evening,-13.44,2026-11-26T19:30:00+10:00,63.08
2026-11-27,Mercury,2026-11-27T04:00:00+10:00,2.0,18.51,2026-11-27T04:00:00+10:00,2.0,poor,predawn,-9.72,2026-11-27T10:30:00+10:00,77.26
2026-11-27,Venus,2026-11-27T04:00:00+10:00,16.95,38.64,2026-11-27T04:00:00+10:00,16.95,fair,predawn,-9.72,2026-11-27T09:00:00+10:00,71.71
2026-11-27,Mars,2026-11-27T04:00:00+10:00,42.68,94.18,2026-11-27T04:00:00+10:00,42.68,good,predawn,-9.72,2026-11-27T05:30:00+10:00,49.04
2026-11-27,Jupiter,2026-11-27T04:00:00+10:00,44.57,97.9,2026-11-27T04:00:00+10:00,44.57,good,predawn,-9.72,2026-11-27T05:30:00+10:00,49.06
2026-11-27,Saturn,2026-11-27T20:00:00+10:00,61.67,122.9,2026-11-27T20:00:00+10:00,61.67,excellent,evening,-18.71,2026-11-27T20:00:00+10:00,61.67
2026-11-27,Uranus,2026-11-27T23:30:00+10:00,41.77,178.29,2026-11-27T23:30:00+10:00,41.77,good,overnight,-41.3,2026-11-27T23:30:00+10:00,41.77
2026-11-27,Neptune,2026-11-27T19:30:00+10:00,63.11,116.53,2026-11-27T19:30:00+10:00,63.11,excellent,evening,-13.27,2026-11-27T19:30:00+10:00,63.11
2026-11-28,Mercury,2026-11-28T04:00:00+10:00,1.93,18.15,2026-11-28T04:00:00+10:00,1.93,poor,predawn,-9.68,2026-11-28T10:30:00+10:00,77.77
2026-11-28,Venus,2026-11-28T04:00:00+10:00,17.4,39.19,2026-11-28T04:00:00+10:00,17.4,fair,predawn,-9.68,2026-11-28T09:00:00+10:00,71.74
2026-11-28,Mars,2026-11-28T04:00:00+10:00,43.07,94.8,2026-11-28T04:00:00+10:00,43.07,good,predawn,-9.68,2026-11-28T05:30:00+10:00,49.18
2026-11-28,Jupiter,2026-11-28T04:00:00+10:00,44.97,98.86,2026-11-28T04:00:00+10:00,44.97,good,predawn,-9.68,2026-11-28T05:30:00+10:00,49.02
2026-11-28,Saturn,2026-11-28T20:00:00+10:00,61.63,121.87,2026-11-28T20:00:00+10:00,61.63,excellent,evening,-18.54,2026-11-28T20:00:00+10:00,61.63
2026-11-28,Uranus,2026-11-28T23:30:00+10:00,41.76,177.24,2026-11-28T23:30:00+10:00,41.76,good,overnight,-41.12,2026-11-28T23:30:00+10:00,41.76
2026-11-28,Neptune,2026-11-28T19:30:00+10:00,63.11,115.51,2026-11-28T19:30:00+10:00,63.11,excellent,evening,-13.1,2026-11-28T19:30:00+10:00,63.11
2026-11-29,Mercury,2026-11-29T04:00:00+10:00,1.84,17.77,2026-11-29T04:00:00+10:00,1.84,poor,predawn,-9.65,2026-11-29T10:30:00+10:00,78.28
2026-11-29,Venus,2026-11-29T04:00:00+10:00,17.84,39.72,2026-11-29T04:00:00+10:00,17.84,fair,predawn,-9.65,2026-11-29T09:00:00+10:00,71.78
2026-11-29,Mars,2026-11-29T04:00:00+10:00,43.46,95.43,2026-11-29T04:00:00+10:00,43.46,good,predawn,-9.65,2026-11-29T05:30:00+10:00,49.31
2026-11-29,Jupiter,2026-11-29T04:00:00+10:00,45.36,99.82,2026-11-29T04:00:00+10:00,45.36,excellent,predawn,-9.65,2026-11-29T05:00:00+10:00,49.0
2026-11-29,Saturn,2026-11-29T20:00:00+10:00,61.55,120.83,2026-11-29T20:00:00+10:00,61.55,excellent,evening,-18.37,2026-11-29T20:00:00+10:00,61.55
2026-11-29,Uranus,2026-11-29T23:30:00+10:00,41.73,176.18,2026-11-29T23:30:00+10:00,41.73,good,overnight,-40.95,2026-11-29T23:30:00+10:00,41.73
2026-11-29,Neptune,2026-11-29T19:30:00+10:00,63.07,114.49,2026-11-29T19:30:00+10:00,63.07,excellent,evening,-12.93,2026-11-29T19:30:00+10:00,63.07
2026-11-30,Mercury,2026-11-30T04:00:00+10:00,1.73,17.36,2026-11-30T04:00:00+10:00,1.73,poor,predawn,-9.62,2026-11-30T10:30:00+10:00,78.79
2026-11-30,Venus,2026-11-30T04:00:00+10:00,18.25,40.22,2026-11-30T04:00:00+10:00,18.25,fair,predawn,-9.62,2026-11-30T09:00:00+10:00,71.81
2026-11-30,Mars,2026-11-30T04:00:00+10:00,43.84,96.06,2026-11-30T04:00:00+10:00,43.84,good,predawn,-9.62,2026-11-30T05:30:00+10:00,49.42
2026-11-30,Jupiter,2026-11-30T04:00:00+10:00,45.73,100.79,2026-11-30T04:00:00+10:00,45.73,excellent,predawn,-9.62,2026-11-30T05:00:00+10:00,49.07
2026-11-30,Saturn,2026-11-30T19:30:00+10:00,61.48,119.82,2026-11-30T19:30:00+10:00,61.48,excellent,evening,-12.77,2026-11-30T19:30:00+10:00,61.48
2026-11-30,Uranus,2026-11-30T23:30:00+10:00,41.68,175.13,2026-11-30T23:30:00+10:00,41.68,good,overnight,-40.78,2026-11-30T23:30:00+10:00,41.68
2026-11-30,Neptune,2026-11-30T19:30:00+10:00,63.0,113.47,2026-11-30T19:30:00+10:00,63.0,excellent,evening,-12.77,2026-11-30T19:30:00+10:00,63.0
2026-12-01,Mercury,2026-12-01T04:00:00+10:00,1.6,16.93,2026-12-01T04:00:00+10:00,1.6,poor,predawn,-9.59,2026-12-01T10:30:00+10:00,79.29
2026-12-01,Venus,2026-12-01T04:00:00+10:00,18.66,40.7,2026-12-01T04:00:00+10:00,18.66,fair,predawn,-9.59,2026-12-01T09:00:00+10:00,71.86
2026-12-01,Mars,2026-12-01T04:00:00+10:00,44.22,96.69,2026-12-01T04:00:00+10:00,44.22,good,predawn,-9.59,2026-12-01T05:30:00+10:00,49.53
2026-12-01,Jupiter,2026-12-01T04:00:00+10:00,46.08,101.76,2026-12-01T04:00:00+10:00,46.08,excellent,predawn,-9.59,2026-12-01T05:00:00+10:00,49.13
2026-12-01,Saturn,2026-12-01T19:30:00+10:00,61.58,118.79,2026-12-01T19:30:00+10:00,61.58,excellent,evening,-12.6,2026-12-01T19:30:00+10:00,61.58
2026-12-01,Uranus,2026-12-01T23:00:00+10:00,41.71,174.1,2026-12-01T23:00:00+10:00,41.71,good,overnight,-39.85,2026-12-01T23:00:00+10:00,41.71
2026-12-01,Neptune,2026-12-01T19:30:00+10:00,62.89,112.45,2026-12-01T19:30:00+10:00,62.89,excellent,evening,-12.6,2026-12-01T19:30:00+10:00,62.89
2026-12-02,Mercury,2026-12-02T04:00:00+10:00,1.44,16.48,2026-12-02T04:00:00+10:00,1.44,poor,predawn,-9.58,2026-12-02T10:30:00+10:00,79.77
2026-12-02,Venus,2026-12-02T04:00:00+10:00,19.05,41.15,2026-12-02T04:00:00+10:00,19.05,fair,predawn,-9.58,2026-12-02T09:00:00+10:00,71.91
2026-12-02,Mars,2026-12-02T04:00:00+10:00,44.59,97.34,2026-12-02T04:00:00+10:00,44.59,good,predawn,-9.58,2026-12-02T05:30:00+10:00,49.63
2026-12-02,Jupiter,2026-12-02T04:00:00+10:00,46.42,102.74,2026-12-02T04:00:00+10:00,46.42,excellent,predawn,-9.58,2026-12-02T05:00:00+10:00,49.16
2026-12-02,Saturn,2026-12-02T19:30:00+10:00,61.66,117.77,2026-12-02T19:30:00+10:00,61.66,excellent,evening,-12.44,2026-12-02T19:30:00+10:00,61.66
2026-12-02,Uranus,2026-12-02T23:00:00+10:00,41.77,173.04,2026-12-02T23:00:00+10:00,41.77,good,overnight,-39.68,2026-12-02T23:00:00+10:00,41.77
2026-12-02,Neptune,2026-12-02T19:00:00+10:00,62.99,111.45,2026-12-02T19:00:00+10:00,62.99,excellent,evening,-6.75,2026-12-02T19:00:00+10:00,62.99
2026-12-03,Mercury,2026-12-03T04:00:00+10:00,1.27,16.01,2026-12-03T04:00:00+10:00,1.27,poor,predawn,-9.56,2026-12-03T10:30:00+10:00,80.22
2026-12-03,Venus,2026-12-03T04:00:00+10:00,19.43,41.58,2026-12-03T04:00:00+10:00,19.43,fair,predawn,-9.56,2026-12-03T09:00:00+10:00,71.97
2026-12-03,Mars,2026-12-03T04:00:00+10:00,44.96,97.98,2026-12-03T04:00:00+10:00,44.96,good,predawn,-9.56,2026-12-03T05:30:00+10:00,49.71
2026-12-03,Jupiter,2026-12-03T04:00:00+10:00,46.74,103.72,2026-12-03T04:00:00+10:00,46.74,excellent,predawn,-9.56,2026-12-03T05:00:00+10:00,49.17
2026-12-03,Saturn,2026-12-03T19:30:00+10:00,61.69,116.74,2026-12-03T19:30:00+10:00,61.69,excellent,evening,-12.28,2026-12-03T19:30:00+10:00,61.69
2026-12-03,Uranus,2026-12-03T23:00:00+10:00,41.81,171.99,2026-12-03T23:00:00+10:00,41.81,good,overnight,-39.53,2026-12-03T23:00:00+10:00,41.81
2026-12-03,Neptune,2026-12-03T19:00:00+10:00,63.07,110.43,2026-12-03T19:00:00+10:00,63.07,excellent,evening,-6.6,2026-12-03T19:00:00+10:00,63.07
2026-12-04,Mercury,2026-12-04T04:00:00+10:00,1.07,15.54,2026-12-04T04:00:00+10:00,1.07,poor,predawn,-9.56,2026-12-04T10:30:00+10:00,80.65
2026-12-04,Venus,2026-12-04T04:00:00+10:00,19.79,41.98,2026-12-04T04:00:00+10:00,19.79,fair,predawn,-9.56,2026-12-04T09:00:00+10:00,72.03
2026-12-04,Mars,2026-12-04T04:00:00+10:00,45.33,98.64,2026-12-04T04:00:00+10:00,45.33,excellent,predawn,-9.56,2026-12-04T05:30:00+10:00,49.79
2026-12-04,Jupiter,2026-12-04T04:00:00+10:00,47.04,104.7,2026-12-04T04:00:00+10:00,47.04,excellent,predawn,-9.56,2026-12-04T05:00:00+10:00,49.16
2026-12-04,Saturn,2026-12-04T19:30:00+10:00,61.7,115.71,2026-12-04T19:30:00+10:00,61.7,excellent,evening,-12.13,2026-12-04T19:30:00+10:00,61.7
2026-12-04,Uranus,2026-12-04T23:00:00+10:00,41.83,170.93,2026-12-04T23:00:00+10:00,41.83,good,overnight,-39.38,2026-12-04T23:00:00+10:00,41.83
2026-12-04,Neptune,2026-12-04T19:00:00+10:00,63.12,109.42,2026-12-04T19:00:00+10:00,63.12,excellent,evening,-6.44,2026-12-04T19:00:00+10:00,63.12
2026-12-05,Mercury,2026-12-05T04:00:00+10:00,0.86,15.05,2026-12-05T04:00:00+10:00,0.86,poor,predawn,-9.56,2026-12-05T10:30:00+10:00,81.03
2026-12-05,Venus,2026-12-05T04:00:00+10:00,20.15,42.37,2026-12-05T04:00:00+10:00,20.15,fair,predawn,-9.56,2026-12-05T09:00:00+10:00,72.1
2026-12-05,Mars,2026-12-05T04:00:00+10:00,45.69,99.3,2026-12-05T04:00:00+10:00,45.69,excellent,predawn,-9.56,2026-12-05T05:30:00+10:00,49.85
2026-12-05,Jupiter,2026-12-05T04:00:00+10:00,47.33,105.69,2026-12-05T04:00:00+10:00,47.33,excellent,predawn,-9.56,2026-12-05T05:00:00+10:00,49.13
2026-12-05,Saturn,2026-12-05T19:30:00+10:00,61.67,114.69,2026-12-05T19:30:00+10:00,61.67,excellent,evening,-11.97,2026-12-05T19:30:00+10:00,61.67
2026-12-05,Uranus,2026-12-05T23:00:00+10:00,41.82,169.87,2026-12-05T23:00:00+10:00,41.82,good,overnight,-39.23,2026-12-05T23:00:00+10:00,41.82
2026-12-05,Neptune,2026-12-05T19:00:00+10:00,63.13,108.4,2026-12-05T19:00:00+10:00,63.13,excellent,evening,-6.29,2026-12-05T19:00:00+10:00,63.13
2026-12-06,Mercury,2026-12-06T04:00:00+10:00,0.64,14.56,2026-12-06T04:00:00+10:00,0.64,poor,predawn,-9.56,2026-12-06T10:30:00+10:00,81.37
2026-12-06,Venus,2026-12-06T04:00:00+10:00,20.49,42.73,2026-12-06T04:00:00+10:00,20.49,fair,predawn,-9.56,2026-12-06T09:00:00+10:00,72.18
2026-12-06,Mars,2026-12-06T04:00:00+10:00,46.04,99.97,2026-12-06T04:00:00+10:00,46.04,excellent,predawn,-9.56,2026-12-06T05:30:00+10:00,49.9
2026-12-06,Jupiter,2026-12-06T04:00:00+10:00,47.6,106.68,2026-12-06T04:00:00+10:00,47.6,excellent,predawn,-9.56,2026-12-06T05:00:00+10:00,49.08
2026-12-06,Saturn,2026-12-06T19:30:00+10:00,61.61,113.66,2026-12-06T19:30:00+10:00,61.61,excellent,evening,-11.82,2026-12-06T19:30:00+10:00,61.61
2026-12-06,Uranus,2026-12-06T23:00:00+10:00,41.8,168.82,2026-12-06T23:00:00+10:00,41.8,good,overnight,-39.09,2026-12-06T23:00:00+10:00,41.8
2026-12-06,Neptune,2026-12-06T19:00:00+10:00,63.11,107.38,2026-12-06T19:00:00+10:00,63.11,excellent,evening,-6.15,2026-12-06T19:00:00+10:00,63.11
2026-12-07,Mercury,2026-12-07T04:00:00+10:00,0.4,14.06,2026-12-07T04:00:00+10:00,0.4,poor,predawn,-9.57,2026-12-07T10:30:00+10:00,81.65
2026-12-07,Venus,2026-12-07T04:00:00+10:00,20.82,43.07,2026-12-07T04:00:00+10:00,20.82,fair,predawn,-9.57,2026-12-07T09:00:00+10:00,72.26
2026-12-07,Mars,2026-12-07T04:00:00+10:00,46.39,100.65,2026-12-07T04:00:00+10:00,46.39,excellent,predawn,-9.57,2026-12-07T05:00:00+10:00,50.02
2026-12-07,Jupiter,2026-12-07T04:00:00+10:00,47.84,107.67,2026-12-07T04:00:00+10:00,47.84,excellent,predawn,-9.57,2026-12-07T04:30:00+10:00,49.06
2026-12-07,Saturn,2026-12-07T19:30:00+10:00,61.52,112.64,2026-12-07T19:30:00+10:00,61.52,excellent,evening,-11.68,2026-12-07T19:30:00+10:00,61.52
2026-12-07,Uranus,2026-12-07T23:00:00+10:00,41.75,167.76,2026-12-07T23:00:00+10:00,41.75,good,overnight,-38.96,2026-12-07T23:00:00+10:00,41.75
2026-12-07,Neptune,2026-12-07T19:00:00+10:00,63.06,106.36,2026-12-07T19:00:00+10:00,63.06,excellent,evening,-6.0,2026-12-07T19:00:00+10:00,63.06
2026-12-08,Mercury,2026-12-08T04:00:00+10:00,0.14,13.55,2026-12-08T04:00:00+10:00,0.14,poor,predawn,-9.59,2026-12-08T10:30:00+10:00,81.88
2026-12-08,Venus,2026-12-08T04:00:00+10:00,21.13,43.4,2026-12-08T04:00:00+10:00,21.13,fair,predawn,-9.59,2026-12-08T09:00:00+10:00,72.36
2026-12-08,Mars,2026-12-08T04:00:00+10:00,46.74,101.33,2026-12-08T04:00:00+10:00,46.74,excellent,predawn,-9.59,2026-12-08T05:00:00+10:00,50.16
2026-12-08,Jupiter,2026-12-08T04:00:00+10:00,48.07,108.67,2026-12-08T04:00:00+10:00,48.07,excellent,predawn,-9.59,2026-12-08T04:30:00+10:00,49.13
2026-12-08,Saturn,2026-12-08T19:00:00+10:00,61.54,111.64,2026-12-08T19:00:00+10:00,61.54,excellent,evening,-5.86,2026-12-08T19:00:00+10:00,61.54
2026-12-08,Uranus,2026-12-08T22:30:00+10:00,41.75,166.73,2026-12-08T22:30:00+10:00,41.75,good,overnight,-37.0,2026-12-08T22:30:00+10:00,41.75
2026-12-08,Neptune,2026-12-08T19:00:00+10:00,62.97,105.34,2026-12-08T19:00:00+10:00,62.97,excellent,evening,-5.86,2026-12-08T19:00:00+10:00,62.97
2026-12-09,Mercury,2026-12-09T04:00:00+10:00,-0.13,13.04,2026-12-09T04:00:00+10:00,-0.13,not visible,predawn,-9.61,2026-12-09T11:00:00+10:00,82.16
2026-12-09,Venus,2026-12-09T04:00:00+10:00,21.44,43.7,2026-12-09T04:00:00+10:00,21.44,fair,predawn,-9.61,2026-12-09T08:30:00+10:00,72.53
2026-12-09,Mars,2026-12-09T04:00:00+10:00,47.07,102.02,2026-12-09T04:00:00+10:00,47.07,excellent,predawn,-9.61,2026-12-09T05:00:00+10:00,50.29
2026-12-09,Jupiter,2026-12-09T04:00:00+10:00,48.28,109.67,2026-12-09T04:00:00+10:00,48.28,excellent,predawn,-9.61,2026-12-09T04:30:00+10:00,49.18
2026-12-09,Saturn,2026-12-09T19:00:00+10:00,61.62,110.63,2026-12-09T19:00:00+10:00,61.62,excellent,evening,-5.72,2026-12-09T19:00:00+10:00,61.62
2026-12-09,Uranus,2026-12-09T22:30:00+10:00,41.81,165.67,2026-12-09T22:30:00+10:00,41.81,good,overnight,-36.87,2026-12-09T22:30:00+10:00,41.81
2026-12-09,Neptune,2026-12-09T19:00:00+10:00,62.85,104.32,2026-12-09T19:00:00+10:00,62.85,excellent,evening,-5.72,2026-12-09T18:30:00+10:00,62.93
2026-12-10,Mercury,2026-12-10T04:00:00+10:00,-0.41,12.52,2026-12-10T04:00:00+10:00,-0.41,not visible,predawn,-9.64,2026-12-10T11:00:00+10:00,82.74
2026-12-10,Venus,2026-12-10T04:00:00+10:00,21.74,43.99,2026-12-10T04:00:00+10:00,21.74,fair,predawn,-9.64,2026-12-10T08:30:00+10:00,72.74
2026-12-10,Mars,2026-12-10T04:00:00+10:00,47.4,102.72,2026-12-10T04:00:00+10:00,47.4,excellent,predawn,-9.64,2026-12-10T05:00:00+10:00,50.41
2026-12-10,Jupiter,2026-12-10T04:00:00+10:00,48.47,110.67,2026-12-10T04:00:00+10:00,48.47,excellent,predawn,-9.64,2026-12-10T04:30:00+10:00,49.2
2026-12-10,Saturn,2026-12-10T19:00:00+10:00,61.67,109.61,2026-12-10T19:00:00+10:00,61.67,excellent,evening,-5.58,2026-12-10T19:00:00+10:00,61.67
2026-12-10,Uranus,2026-12-10T22:30:00+10:00,41.86,164.61,2026-12-10T22:30:00+10:00,41.86,good,overnight,-36.75,2026-12-10T22:30:00+10:00,41.86
2026-12-10,Neptune,2026-12-10T19:00:00+10:00,62.7,103.3,2026-12-10T19:00:00+10:00,62.7,excellent,evening,-5.58,2026-12-10T18:30:00+10:00,63.03
2026-12-11,Mercury,2026-12-11T04:00:00+10:00,-0.71,12.0,2026-12-11T04:00:00+10:00,-0.71,not visible,predawn,-9.67,2026-12-11T11:00:00+10:00,83.3
2026-12-11,Venus,2026-12-11T04:00:00+10:00,22.02,44.26,2026-12-11T04:00:00+10:00,22.02,fair,predawn,-9.67,2026-12-11T08:30:00+10:00,72.95
2026-12-11,Mars,2026-12-11T04:00:00+10:00,47.72,103.42,2026-12-11T04:00:00+10:00,47.72,excellent,predawn,-9.67,2026-12-11T05:00:00+10:00,50.51
2026-12-11,Jupiter,2026-12-11T04:00:00+10:00,48.63,111.68,2026-12-11T04:00:00+10:00,48.63,excellent,predawn,-9.67,2026-12-11T04:30:00+10:00,49.2
2026-12-11,Saturn,2026-12-11T19:00:00+10:00,61.69,108.59,2026-12-11T19:00:00+10:00,61.69,excellent,evening,-5.44,2026-12-11T19:00:00+10:00,61.69
2026-12-11,Uranus,2026-12-11T22:30:00+10:00,41.88,163.56,2026-12-11T22:30:00+10:00,41.88,good,overnight,-36.63,2026-12-11T22:30:00+10:00,41.88
2026-12-11,Neptune,2026-12-11T19:00:00+10:00,62.51,102.29,2026-12-11T19:00:00+10:00,62.51,excellent,evening,-5.44,2026-12-11T18:30:00+10:00,63.1
2026-12-12,Mercury,2026-12-12T04:00:00+10:00,-1.03,11.48,2026-12-12T04:00:00+10:00,-1.03,not visible,predawn,-9.71,2026-12-12T11:00:00+10:00,83.81
2026-12-12,Venus,2026-12-12T04:00:00+10:00,22.3,44.52,2026-12-12T04:00:00+10:00,22.3,fair,predawn,-9.71,2026-12-12T08:30:00+10:00,73.16
2026-12-12,Mars,2026-12-12T04:00:00+10:00,48.03,104.14,2026-12-12T04:00:00+10:00,48.03,excellent,predawn,-9.71,2026-12-12T05:00:00+10:00,50.59
2026-12-12,Jupiter,2026-12-12T04:00:00+10:00,48.78,112.69,2026-12-12T04:00:00+10:00,48.78,excellent,predawn,-9.71,2026-12-12T04:30:00+10:00,49.17
2026-12-12,Saturn,2026-12-12T19:00:00+10:00,61.68,107.58,2026-12-12T19:00:00+10:00,61.68,excellent,evening,-5.31,2026-12-12T19:00:00+10:00,61.68
2026-12-12,Uranus,2026-12-12T22:30:00+10:00,41.88,162.5,2026-12-12T22:30:00+10:00,41.88,good,overnight,-36.53,2026-12-12T22:30:00+10:00,41.88
2026-12-12,Neptune,2026-12-12T19:00:00+10:00,62.3,101.27,2026-12-12T19:00:00+10:00,62.3,excellent,evening,-5.31,2026-12-12T18:30:00+10:00,63.13
2026-12-13,Mercury,2026-12-13T04:30:00+10:00,4.73,10.95,2026-12-13T04:30:00+10:00,4.73,poor,predawn,-4.03,2026-12-13T11:00:00+10:00,84.28
2026-12-13,Venus,2026-12-13T04:30:00+10:00,29.22,44.76,2026-12-13T04:30:00+10:00,29.22,good,predawn,-4.03,2026-12-13T08:30:00+10:00,73.37
2026-12-13,Mars,2026-12-13T04:30:00+10:00,50.15,104.87,2026-12-13T04:30:00+10:00,50.15,excellent,predawn,-4.03,2026-12-13T05:00:00+10:00,50.67
2026-12-13,Jupiter,2026-12-13T04:30:00+10:00,49.13,113.72,2026-12-13T04:30:00+10:00,49.13,excellent,predawn,-4.03,2026-12-13T04:30:00+10:00,49.13
2026-12-13,Saturn,2026-12-13T19:00:00+10:00,61.63,106.57,2026-12-13T19:00:00+10:00,61.63,excellent,evening,-5.18,2026-12-13T19:00:00+10:00,61.63
2026-12-13,Uranus,2026-12-13T22:30:00+10:00,41.86,161.45,2026-12-13T22:30:00+10:00,41.86,good,overnight,-36.42,2026-12-13T22:30:00+10:00,41.86
2026-12-13,Neptune,2026-12-13T19:00:00+10:00,62.05,100.25,2026-12-13T19:00:00+10:00,62.05,excellent,evening,-5.18,2026-12-13T18:30:00+10:00,63.13
2026-12-14,Mercury,2026-12-14T04:30:00+10:00,4.36,10.43,2026-12-14T04:30:00+10:00,4.36,poor,predawn,-4.09,2026-12-14T11:00:00+10:00,84.68
2026-12-14,Venus,2026-12-14T04:30:00+10:00,29.47,44.98,2026-12-14T04:30:00+10:00,29.47,good,predawn,-4.09,2026-12-14T08:30:00+10:00,73.59
2026-12-14,Mars,2026-12-14T04:30:00+10:00,50.33,105.6,2026-12-14T04:30:00+10:00,50.33,excellent,predawn,-4.09,2026-12-14T05:00:00+10:00,50.73
2026-12-14,Jupiter,2026-12-14T04:30:00+10:00,49.06,114.74,2026-12-14T04:30:00+10:00,49.06,excellent,predawn,-4.09,2026-12-14T04:30:00+10:00,49.06
2026-12-14,Saturn,2026-12-14T19:00:00+10:00,61.55,105.56,2026-12-14T19:00:00+10:00,61.55,excellent,evening,-5.06,2026-12-14T19:00:00+10:00,61.55
2026-12-14,Uranus,2026-12-14T22:30:00+10:00,41.83,160.39,2026-12-14T22:30:00+10:00,41.83,good,overnight,-36.33,2026-12-14T22:30:00+10:00,41.83
2026-12-14,Neptune,2026-12-14T19:00:00+10:00,61.77,99.24,2026-12-14T19:00:00+10:00,61.77,excellent,evening,-5.06,2026-12-14T18:30:00+10:00,63.09
2026-12-15,Mercury,2026-12-15T04:30:00+10:00,3.98,9.9,2026-12-15T04:30:00+10:00,3.98,poor,predawn,-4.15,2026-12-15T11:00:00+10:00,85.01
2026-12-15,Venus,2026-12-15T04:30:00+10:00,29.71,45.19,2026-12-15T04:30:00+10:00,29.71,good,predawn,-4.15,2026-12-15T08:30:00+10:00,73.81
2026-12-15,Mars,2026-12-15T04:30:00+10:00,50.5,106.33,2026-12-15T04:30:00+10:00,50.5,excellent,predawn,-4.15,2026-12-15T05:00:00+10:00,50.77
2026-12-15,Jupiter,2026-12-15T04:00:00+10:00,49.08,115.74,2026-12-15T04:00:00+10:00,49.08,excellent,predawn,-9.86,2026-12-15T04:00:00+10:00,49.08
2026-12-15,Saturn,2026-12-15T19:00:00+10:00,61.44,104.55,2026-12-15T19:00:00+10:00,61.44,excellent,evening,-4.94,2026-12-15T19:00:00+10:00,61.44
2026-12-15,Uranus,2026-12-15T22:00:00+10:00,41.78,159.36,2026-12-15T22:00:00+10:00,41.78,good,overnight,-33.45,2026-12-15T22:00:00+10:00,41.78
2026-12-15,Neptune,2026-12-15T19:00:00+10:00,61.47,98.22,2026-12-15T19:00:00+10:00,61.47,excellent,evening,-4.94,2026-12-15T18:30:00+10:00,63.03
2026-12-16,Mercury,2026-12-16T04:30:00+10:00,3.59,9.38,2026-12-16T04:30:00+10:00,3.59,poor,predawn,-4.21,2026-12-16T11:00:00+10:00,85.25
2026-12-16,Venus,2026-12-16T04:30:00+10:00,29.95,45.38,2026-12-16T04:30:00+10:00,29.95,good,predawn,-4.21,2026-12-16T08:30:00+10:00,74.03
2026-12-16,Mars,2026-12-16T04:30:00+10:00,50.65,107.08,2026-12-16T04:30:00+10:00,50.65,excellent,predawn,-4.21,2026-12-16T05:00:00+10:00,50.8
2026-12-16,Jupiter,2026-12-16T04:00:00+10:00,49.13,116.76,2026-12-16T04:00:00+10:00,49.13,excellent,predawn,-9.92,2026-12-16T04:00:00+10:00,49.13
2026-12-16,Saturn,2026-12-16T19:00:00+10:00,61.3,103.54,2026-12-16T19:00:00+10:00,61.3,excellent,evening,-4.82,2026-12-16T18:30:00+10:00,61.53
2026-12-16,Uranus,2026-12-16T22:00:00+10:00,41.85,158.3,2026-12-16T22:00:00+10:00,41.85,good,overnight,-33.36,2026-12-16T22:00:00+10:00,41.85
2026-12-16,Neptune,2026-12-16T19:00:00+10:00,61.14,97.21,2026-12-16T19:00:00+10:00,61.14,excellent,evening,-4.82,2026-12-16T18:30:00+10:00,62.93
2026-12-17,Mercury,2026-12-17T04:30:00+10:00,3.18,8.85,2026-12-17T04:30:00+10:00,3.18,poor,predawn,-4.28,2026-12-17T11:00:00+10:00,85.39
2026-12-17,Venus,2026-12-17T04:30:00+10:00,30.17,45.56,2026-12-17T04:30:00+10:00,30.17,good,predawn,-4.28,2026-12-17T08:30:00+10:00,74.25
2026-12-17,Mars,2026-12-17T04:30:00+10:00,50.8,107.83,2026-12-17T04:30:00+10:00,50.8,excellent,predawn,-4.28,2026-12-17T05:00:00+10:00,50.81
2026-12-17,Jupiter,2026-12-17T04:00:00+10:00,49.16,117.79,2026-12-17T04:00:00+10:00,49.16,excellent,predawn,-9.98,2026-12-17T04:00:00+10:00,49.16
2026-12-17,Saturn,2026-12-17T19:00:00+10:00,61.13,102.53,2026-12-17T19:00:00+10:00,61.13,excellent,evening,-4.7,2026-12-17T18:30:00+10:00,61.6
2026-12-17,Uranus,2026-12-17T22:00:00+10:00,41.9,157.24,2026-12-17T22:00:00+10:00,41.9,good,overnight,-33.27,2026-12-17T22:00:00+10:00,41.9
2026-12-17,Neptune,2026-12-17T19:00:00+10:00,60.78,96.19,2026-12-17T19:00:00+10:00,60.78,excellent,evening,-4.7,2026-12-17T18:00:00+10:00,62.97
2026-12-18,Mercury,2026-12-18T04:30:00+10:00,2.76,8.32,2026-12-18T04:30:00+10:00,2.76,poor,predawn,-4.36,2026-12-18T11:00:00+10:00,85.41
2026-12-18,Venus,2026-12-18T04:30:00+10:00,30.39,45.73,2026-12-18T04:30:00+10:00,30.39,good,predawn,-4.36,2026-12-18T08:30:00+10:00,74.48
2026-12-18,Mars,2026-12-18T04:30:00+10:00,50.92,108.59,2026-12-18T04:30:00+10:00,50.92,excellent,predawn,-4.36,2026-12-18T04:30:00+10:00,50.92
2026-12-18,Jupiter,2026-12-18T04:00:00+10:00,49.16,118.82,2026-12-18T04:00:00+10:00,49.16,excellent,predawn,-10.05,2026-12-18T04:00:00+10:00,49.16
2026-12-18,Saturn,2026-12-18T19:00:00+10:00,60.93,101.53,2026-12-18T19:00:00+10:00,60.93,excellent,evening,-4.59,2026-12-18T18:30:00+10:00,61.63
2026-12-18,Uranus,2026-12-18T22:00:00+10:00,41.93,156.19,2026-12-18T22:00:00+10:00,41.93,good,overnight,-33.2,2026-12-18T22:00:00+10:00,41.93
2026-12-18,Neptune,2026-12-18T19:00:00+10:00,60.39,95.18,2026-12-18T19:00:00+10:00,60.39,excellent,evening,-4.59,2026-12-18T18:00:00+10:00,63.05
2026-12-19,Mercury,2026-12-19T04:30:00+10:00,2.33,7.8,2026-12-19T04:30:00+10:00,2.33,poor,predawn,-4.44,2026-12-19T11:00:00+10:00,85.31
2026-12-19,Venus,2026-12-19T04:30:00+10:00,30.59,45.88,2026-12-19T04:30:00+10:00,30.59,good,predawn,-4.44,2026-12-19T08:30:00+10:00,74.71
2026-12-19,Mars,2026-12-19T04:30:00+10:00,51.03,109.36,2026-12-19T04:30:00+10:00,51.03,excellent,predawn,-4.44,2026-12-19T04:30:00+10:00,51.03
2026-12-19,Jupiter,2026-12-19T04:00:00+10:00,49.14,119.86,2026-12-19T04:00:00+10:00,49.14,excellent,predawn,-10.12,2026-12-19T04:00:00+10:00,49.14
2026-12-19,Saturn,2026-12-19T19:00:00+10:00,60.7,100.53,2026-12-19T19:00:00+10:00,60.7,excellent,evening,-4.48,2026-12-19T18:30:00+10:00,61.63
2026-12-19,Uranus,2026-12-19T22:00:00+10:00,41.94,155.13,2026-12-19T22:00:00+10:00,41.94,good,overnight,-33.12,2026-12-19T22:00:00+10:00,41.94
2026-12-19,Neptune,2026-12-19T19:00:00+10:00,59.98,94.16,2026-12-19T19:00:00+10:00,59.98,excellent,evening,-4.48,2026-12-19T18:00:00+10:00,63.1
2026-12-20,Mercury,2026-12-20T04:30:00+10:00,1.88,7.27,2026-12-20T04:30:00+10:00,1.88,poor,predawn,-4.52,2026-12-20T11:00:00+10:00,85.11
2026-12-20,Venus,2026-12-20T04:30:00+10:00,30.79,46.03,2026-12-20T04:30:00+10:00,30.79,good,predawn,-4.52,2026-12-20T08:30:00+10:00,74.94
2026-12-20,Mars,2026-12-20T04:30:00+10:00,51.13,110.13,2026-12-20T04:30:00+10:00,51.13,excellent,predawn,-4.52,2026-12-20T04:30:00+10:00,51.13
2026-12-20,Jupiter,2026-12-20T04:00:00+10:00,49.1,120.9,2026-12-20T04:00:00+10:00,49.1,excellent,predawn,-10.2,2026-12-20T04:00:00+10:00,49.1
2026-12-20,Saturn,2026-12-20T19:00:00+10:00,60.44,99.53,2026-12-20T19:00:00+10:00,60.44,excellent,evening,-4.38,2026-12-20T18:30:00+10:00,61.61
2026-12-20,Uranus,2026-12-20T22:00:00+10:00,41.92,154.08,2026-12-20T22:00:00+10:00,41.92,good,overnight,-33.06,2026-12-20T22:00:00+10:00,41.92
2026-12-20,Neptune,2026-12-20T19:00:00+10:00,59.55,93.15,2026-12-20T19:00:00+10:00,59.55,excellent,evening,-4.38,2026-12-20T18:00:00+10:00,63.12
2026-12-21,Mercury,2026-12-21T04:30:00+10:00,1.42,6.75,2026-12-21T04:30:00+10:00,1.42,poor,predawn,-4.61,2026-12-21T11:30:00+10:00,85.47
2026-12-21,Venus,2026-12-21T04:30:00+10:00,30.98,46.16,2026-12-21T04:30:00+10:00,30.98,good,predawn,-4.61,2026-12-21T08:30:00+10:00,75.18
2026-12-21,Mars,2026-12-21T04:30:00+10:00,51.21,110.92,2026-12-21T04:30:00+10:00,51.21,excellent,predawn,-4.61,2026-12-21T04:30:00+10:00,51.21
2026-12-21,Jupiter,2026-12-21T04:00:00+10:00,49.03,121.94,2026-12-21T04:00:00+10:00,49.03,excellent,predawn,-10.29,2026-12-21T04:00:00+10:00,49.03
2026-12-21,Saturn,2026-12-21T19:00:00+10:00,60.16,98.53,2026-12-21T19:00:00+10:00,60.16,excellent,evening,-4.28,2026-12-21T18:30:00+10:00,61.54
2026-12-21,Uranus,2026-12-21T22:00:00+10:00,41.89,153.03,2026-12-21T22:00:00+10:00,41.89,good,overnight,-33.0,2026-12-21T22:00:00+10:00,41.89
2026-12-21,Neptune,2026-12-21T19:00:00+10:00,59.09,92.14,2026-12-21T19:00:00+10:00,59.09,excellent,evening,-4.28,2026-12-21T18:00:00+10:00,63.11
2026-12-22,Mercury,2026-12-22T04:30:00+10:00,0.95,6.22,2026-12-22T04:30:00+10:00,0.95,poor,predawn,-4.7,2026-12-22T11:30:00+10:00,86.0
2026-12-22,Venus,2026-12-22T04:30:00+10:00,31.15,46.27,2026-12-22T04:30:00+10:00,31.15,good,predawn,-4.7,2026-12-22T08:30:00+10:00,75.41
2026-12-22,Mars,2026-12-22T04:30:00+10:00,51.27,111.71,2026-12-22T04:30:00+10:00,51.27,excellent,predawn,-4.7,2026-12-22T04:30:00+10:00,51.27
2026-12-22,Jupiter,2026-12-22T03:30:00+10:00,48.97,122.96,2026-12-22T03:30:00+10:00,48.97,excellent,predawn,-15.78,2026-12-22T03:30:00+10:00,48.97
2026-12-22,Saturn,2026-12-22T19:00:00+10:00,59.84,97.53,2026-12-22T19:00:00+10:00,59.84,excellent,evening,-4.18,2026-12-22T18:30:00+10:00,61.45
2026-12-22,Uranus,2026-12-22T22:00:00+10:00,41.84,151.97,2026-12-22T22:00:00+10:00,41.84,good,overnight,-32.94,2026-12-22T22:00:00+10:00,41.84
2026-12-22,Neptune,2026-12-22T19:00:00+10:00,58.62,91.12,2026-12-22T19:00:00+10:00,58.62,excellent,evening,-4.18,2026-12-22T18:00:00+10:00,63.06
2026-12-23,Mercury,2026-12-23T04:30:00+10:00,0.46,5.7,2026-12-23T04:30:00+10:00,0.46,poor,predawn,-4.8,2026-12-23T11:30:00+10:00,86.47
2026-12-23,Venus,2026-12-23T04:30:00+10:00,31.32,46.38,2026-12-23T04:30:00+10:00,31.32,good,predawn,-4.8,2026-12-23T08:30:00+10:00,75.65
2026-12-23,Mars,2026-12-23T04:30:00+10:00,51.31,112.52,2026-12-23T04:30:00+10:00,51.31,excellent,predawn,-4.8,2026-12-23T04:30:00+10:00,51.31
2026-12-23,Jupiter,2026-12-23T03:30:00+10:00,49.03,124.01,2026-12-23T03:30:00+10:00,49.03,excellent,predawn,-15.87,2026-12-23T03:30:00+10:00,49.03
2026-12-23,Saturn,2026-12-23T19:00:00+10:00,59.51,96.54,2026-12-23T19:00:00+10:00,59.51,excellent,evening,-4.09,2026-12-23T18:00:00+10:00,61.39
2026-12-23,Uranus,2026-12-23T21:30:00+10:00,41.88,150.94,2026-12-23T21:30:00+10:00,41.88,good,evening,-29.28,2026-12-23T21:30:00+10:00,41.88
2026-12-23,Neptune,2026-12-23T19:00:00+10:00,58.12,90.11,2026-12-23T19:00:00+10:00,58.12,excellent,evening,-4.09,2026-12-23T18:00:00+10:00,62.98
2026-12-24,Mercury,2026-12-24T04:30:00+10:00,-0.04,5.18,2026-12-24T04:30:00+10:00,-0.04,not visible,predawn,-4.9,2026-12-24T11:30:00+10:00,86.85
2026-12-24,Venus,2026-12-24T04:30:00+10:00,31.48,46.48,2026-12-24T04:30:00+10:00,31.48,good,predawn,-4.9,2026-12-24T08:30:00+10:00,75.89
2026-12-24,Mars,2026-12-24T04:30:00+10:00,51.34,113.33,2026-12-24T04:30:00+10:00,51.34,excellent,predawn,-4.9,2026-12-24T04:30:00+10:00,51.34
2026-12-24,Jupiter,2026-12-24T03:30:00+10:00,49.06,125.06,2026-12-24T03:30:00+10:00,49.06,excellent,predawn,-15.97,2026-12-24T03:30:00+10:00,49.06
2026-12-24,Saturn,2026-12-24T19:00:00+10:00,59.14,95.54,2026-12-24T19:00:00+10:00,59.14,excellent,evening,-4.0,2026-12-24T18:00:00+10:00,61.47
2026-12-24,Uranus,2026-12-24T21:30:00+10:00,41.93,149.89,2026-12-24T21:30:00+10:00,41.93,good,evening,-29.23,2026-12-24T21:30:00+10:00,41.93
2026-12-24,Neptune,2026-12-24T19:00:00+10:00,57.6,89.1,2026-12-24T19:00:00+10:00,57.6,excellent,evening,-4.0,2026-12-24T17:30:00+10:00,62.88
2026-12-25,Mercury,2026-12-25T04:30:00+10:00,-0.56,4.66,2026-12-25T04:30:00+10:00,-0.56,not visible,predawn,-5.01,2026-12-25T11:30:00+10:00,87.09
2026-12-25,Venus,2026-12-25T04:30:00+10:00,31.63,46.57,2026-12-25T04:30:00+10:00,31.63,good,predawn,-5.01,2026-12-25T08:30:00+10:00,76.13
2026-12-25,Mars,2026-12-25T04:30:00+10:00,51.35,114.15,2026-12-25T04:30:00+10:00,51.35,excellent,predawn,-5.01,2026-12-25T04:30:00+10:00,51.35
2026-12-25,Jupiter,2026-12-25T03:30:00+10:00,49.07,126.11,2026-12-25T03:30:00+10:00,49.07,excellent,predawn,-16.06,2026-12-25T03:30:00+10:00,49.07
2026-12-25,Saturn,2026-12-25T19:30:00+10:00,55.14,94.53,2026-12-25T19:30:00+10:00,55.14,excellent,evening,-9.63,2026-12-25T18:00:00+10:00,61.52
2026-12-25,Uranus,2026-12-25T21:30:00+10:00,41.97,148.83,2026-12-25T21:30:00+10:00,41.97,good,evening,-29.19,2026-12-25T21:30:00+10:00,41.97
2026-12-25,Neptune,2026-12-25T19:30:00+10:00,52.44,88.07,2026-12-25T19:30:00+10:00,52.44,excellent,evening,-9.63,2026-12-25T17:30:00+10:00,62.98
2026-12-26,Mercury,2026-12-26T04:30:00+10:00,-1.08,4.15,2026-12-26T04:30:00+10:00,-1.08,not visible,predawn,-5.12,2026-12-26T11:30:00+10:00,87.17
2026-12-26,Venus,2026-12-26T04:30:00+10:00,31.77,46.64,2026-12-26T04:30:00+10:00,31.77,good,predawn,-5.12,2026-12-26T08:30:00+10:00,76.37
2026-12-26,Mars,2026-12-26T04:30:00+10:00,51.33,114.98,2026-12-26T04:30:00+10:00,51.33,excellent,predawn,-5.12,2026-12-26T04:30:00+10:00,51.33
2026-12-26,Jupiter,2026-12-26T03:30:00+10:00,49.05,127.17,2026-12-26T03:30:00+10:00,49.05,excellent,predawn,-16.17,2026-12-26T03:30:00+10:00,49.05
2026-12-26,Saturn,2026-12-26T19:30:00+10:00,54.59,93.54,2026-12-26T19:30:00+10:00,54.59,excellent,evening,-9.55,2026-12-26T18:00:00+10:00,61.54
2026-12-26,Uranus,2026-12-26T21:30:00+10:00,41.98,147.78,2026-12-26T21:30:00+10:00,41.98,good,evening,-29.15,2026-12-26T21:30:00+10:00,41.98
2026-12-26,Neptune,2026-12-26T19:30:00+10:00,51.78,87.06,2026-12-26T19:30:00+10:00,51.78,excellent,evening,-9.55,2026-12-26T17:30:00+10:00,63.05
2026-12-27,Mercury,2026-12-27T04:30:00+10:00,-1.63,3.66,2026-12-27T04:30:00+10:00,-1.63,not visible,predawn,-5.23,2026-12-27T11:30:00+10:00,87.07
2026-12-27,Venus,2026-12-27T04:30:00+10:00,31.9,46.71,2026-12-27T04:30:00+10:00,31.9,good,predawn,-5.23,2026-12-27T08:30:00+10:00,76.61
2026-12-27,Mars,2026-12-27T04:00:00+10:00,51.32,115.81,2026-12-27T04:00:00+10:00,51.32,excellent,predawn,-10.89,2026-12-27T04:00:00+10:00,51.32
2026-12-27,Jupiter,2026-12-27T03:30:00+10:00,49.01,128.23,2026-12-27T03:30:00+10:00,49.01,excellent,predawn,-16.28,2026-12-27T03:30:00+10:00,49.01
2026-12-27,Saturn,2026-12-27T19:30:00+10:00,54.02,92.55,2026-12-27T19:30:00+10:00,54.02,excellent,evening,-9.49,2026-12-27T18:00:00+10:00,61.53
2026-12-27,Uranus,2026-12-27T21:30:00+10:00,41.98,146.73,2026-12-27T21:30:00+10:00,41.98,good,evening,-29.11,2026-12-27T21:30:00+10:00,41.98
2026-12-27,Neptune,2026-12-27T19:30:00+10:00,51.11,86.05,2026-12-27T19:30:00+10:00,51.11,excellent,evening,-9.49,2026-12-27T17:30:00+10:00,63.09
2026-12-28,Mercury,2026-12-28T04:30:00+10:00,-2.18,3.17,2026-12-28T04:30:00+10:00,-2.18,not visible,predawn,-5.35,2026-12-28T11:30:00+10:00,86.8
2026-12-28,Venus,2026-12-28T04:30:00+10:00,32.02,46.77,2026-12-28T04:30:00+10:00,32.02,good,predawn,-5.35,2026-12-28T08:30:00+10:00,76.85
2026-12-28,Mars,2026-12-28T04:00:00+10:00,51.42,116.66,2026-12-28T04:00:00+10:00,51.42,excellent,predawn,-11.0,2026-12-28T04:00:00+10:00,51.42
2026-12-28,Jupiter,2026-12-28T03:30:00+10:00,48.95,129.3,2026-12-28T03:30:00+10:00,48.95,excellent,predawn,-16.39,2026-12-28T03:30:00+10:00,48.95
2026-12-28,Saturn,2026-12-28T19:30:00+10:00,53.44,91.56,2026-12-28T19:30:00+10:00,53.44,excellent,evening,-9.42,2026-12-28T18:00:00+10:00,61.49
2026-12-28,Uranus,2026-12-28T21:30:00+10:00,41.95,145.68,2026-12-28T21:30:00+10:00,41.95,good,evening,-29.09,2026-12-28T21:30:00+10:00,41.95
2026-12-28,Neptune,2026-12-28T19:30:00+10:00,50.42,85.04,2026-12-28T19:30:00+10:00,50.42,excellent,evening,-9.42,2026-12-28T17:30:00+10:00,63.1
2026-12-29,Mercury,2026-12-29T04:30:00+10:00,-2.75,2.72,2026-12-29T04:30:00+10:00,-2.75,not visible,predawn,-5.47,2026-12-29T11:30:00+10:00,86.39
2026-12-29,Venus,2026-12-29T04:30:00+10:00,32.13,46.82,2026-12-29T04:30:00+10:00,32.13,good,predawn,-5.47,2026-12-29T08:30:00+10:00,77.09
2026-12-29,Mars,2026-12-29T04:00:00+10:00,51.49,117.52,2026-12-29T04:00:00+10:00,51.49,excellent,predawn,-11.12,2026-12-29T04:00:00+10:00,51.49
2026-12-29,Jupiter,2026-12-29T03:30:00+10:00,48.85,130.36,2026-12-29T03:30:00+10:00,48.85,excellent,predawn,-16.51,2026-12-29T03:30:00+10:00,48.85
2026-12-29,Saturn,2026-12-29T19:30:00+10:00,52.84,90.58,2026-12-29T19:30:00+10:00,52.84,excellent,evening,-9.36,2026-12-29T18:00:00+10:00,61.42
2026-12-29,Uranus,2026-12-29T21:30:00+10:00,41.91,144.63,2026-12-29T21:30:00+10:00,41.91,good,evening,-29.07,2026-12-29T21:30:00+10:00,41.91
2026-12-29,Neptune,2026-12-29T19:30:00+10:00,49.73,84.03,2026-12-29T19:30:00+10:00,49.73,excellent,evening,-9.36,2026-12-29T17:30:00+10:00,63.07
2026-12-30,Mercury,2026-12-30T04:30:00+10:00,-3.34,2.32,2026-12-30T04:30:00+10:00,-3.34,not visible,predawn,-5.6,2026-12-30T11:30:00+10:00,85.9
2026-12-30,Venus,2026-12-30T04:30:00+10:00,32.23,46.86,2026-12-30T04:30:00+10:00,32.23,good,predawn,-5.6,2026-12-30T08:30:00+10:00,77.33
2026-12-30,Mars,2026-12-30T04:00:00+10:00,51.55,118.39,2026-12-30T04:00:00+10:00,51.55,excellent,predawn,-11.25,2026-12-30T04:00:00+10:00,51.55
2026-12-30,Jupiter,2026-12-30T03:00:00+10:00,48.88,131.41,2026-12-30T03:00:00+10:00,48.88,excellent,predawn,-21.67,2026-12-30T03:00:00+10:00,48.88
2026-12-30,Saturn,2026-12-30T19:30:00+10:00,52.23,89.59,2026-12-30T19:30:00+10:00,52.23,excellent,evening,-9.31,2026-12-30T18:00:00+10:00,61.32
2026-12-30,Uranus,2026-12-30T21:00:00+10:00,41.9,143.6,2026-12-30T21:00:00+10:00,41.9,good,evening,-24.75,2026-12-30T21:00:00+10:00,41.9
2026-12-30,Neptune,2026-12-30T19:30:00+10:00,49.03,83.02,2026-12-30T19:30:00+10:00,49.03,excellent,evening,-9.31,2026-12-30T17:30:00+10:00,63.01
2026-12-31,Mercury,2026-12-31T04:30:00+10:00,-3.94,1.99,2026-12-31T04:30:00+10:00,-3.94,not visible,predawn,-5.72,2026-12-31T12:00:00+10:00,86.06
2026-12-31,Venus,2026-12-31T04:30:00+10:00,32.33,46.89,2026-12-31T04:30:00+10:00,32.33,good,predawn,-5.72,2026-12-31T08:30:00+10:00,77.57
2026-12-31,Mars,2026-12-31T04:00:00+10:00,51.58,119.28,2026-12-31T04:00:00+10:00,51.58,excellent,predawn,-11.38,2026-12-31T04:00:00+10:00,51.58
2026-12-31,Jupiter,2026-12-31T03:00:00+10:00,48.91,132.49,2026-12-31T03:00:00+10:00,48.91,excellent,predawn,-21.79,2026-12-31T03:00:00+10:00,48.91
2026-12-31,Saturn,2026-12-31T19:30:00+10:00,51.61,88.61,2026-12-31T19:30:00+10:00,51.61,excellent,evening,-9.26,2026-12-31T17:30:00+10:00,61.28
2026-12-31,Uranus,2026-12-31T21:00:00+10:00,41.96,142.55,2026-12-31T21:00:00+10:00,41.96,good,evening,-24.73,2026-12-31T21:00:00+10:00,41.96
2026-12-31,Neptune,2026-12-31T19:30:00+10:00,48.31,82.01,2026-12-31T19:30:00+10:00,48.31,excellent,evening,-9.26,2026-12-31T17:30:00+10:00,62.92
