date,planet,best_time_local,max_altitude_deg,solar_elong_deg,twilight_best_time_local,twilight_max_altitude_deg,visibility_rating,observation_period,sun_altitude_deg,all_day_best_time_local,all_day_max_altitude_deg
2026-01-01,Mercury,2026-01-01T06:30:00+05:30,6.92,11.91,2026-01-01T06:30:00+05:30,6.92,poor,predawn,-4.43,2026-01-01T11:30:00+05:30,54.64
2026-01-01,Venus,2026-01-01T06:30:00+05:30,-3.25,1.44,2026-01-01T06:30:00+05:30,-3.25,not visible,predawn,-4.43,2026-01-01T12:30:00+05:30,55.11
2026-01-01,Mars,2026-01-01T18:30:00+05:30,-2.38,2.18,2026-01-01T18:30:00+05:30,-2.38,not visible,evening,-4.27,2026-01-01T12:30:00+05:30,54.96
2026-01-01,Jupiter,2026-01-01T01:30:00+05:30,78.87,169.02,2026-01-01T01:30:00+05:30,78.87,excellent,overnight,-71.5,2026-01-01T01:30:00+05:30,78.87
2026-01-01,Saturn,2026-01-01T18:30:00+05:30,69.25,75.09,2026-01-01T18:30:00+05:30,69.25,excellent,evening,-4.27,2026-01-01T17:30:00+05:30,75.15
2026-01-01,Uranus,2026-01-01T21:30:00+05:30,81.65,136.68,2026-01-01T21:30:00+05:30,81.65,excellent,evening,-45.5,2026-01-01T21:30:00+05:30,81.65
2026-01-01,Neptune,2026-01-01T18:30:00+05:30,72.67,78.4,2026-01-01T18:30:00+05:30,72.67,excellent,evening,-4.27,2026-01-01T17:30:00+05:30,76.95
2026-01-02,Mercury,2026-01-02T06:30:00+05:30,6.28,11.41,2026-01-02T06:30:00+05:30,6.28,poor,predawn,-4.52,2026-01-02T11:30:00+05:30,54.48
2026-01-02,Venus,2026-01-02T06:30:00+05:30,-3.59,1.24,2026-01-02T06:30:00+05:30,-3.59,not visible,predawn,-4.52,2026-01-02T12:30:00+05:30,55.18
2026-01-02,Mars,2026-01-02T18:30:00+05:30,-2.5,1.95,2026-01-02T18:30:00+05:30,-2.5,not visible,evening,-4.15,2026-01-02T12:30:00+05:30,55.04
2026-01-02,Jupiter,2026-01-02T01:00:00+05:30,78.82,170.15,2026-01-02T01:00:00+05:30,78.82,excellent,overnight,-76.37,2026-01-02T01:00:00+05:30,78.82
2026-01-02,Saturn,2026-01-02T18:30:00+05:30,68.61,74.13,2026-01-02T18:30:00+05:30,68.61,excellent,evening,-4.15,2026-01-02T17:30:00+05:30,75.18
2026-01-02,Uranus,2026-01-02T21:30:00+05:30,81.44,135.64,2026-01-02T21:30:00+05:30,81.44,excellent,evening,-45.41,2026-01-02T21:30:00+05:30,81.44
2026-01-02,Neptune,2026-01-02T18:30:00+05:30,72.0,77.39,2026-01-02T18:30:00+05:30,72.0,excellent,evening,-4.15,2026-01-02T17:30:00+05:30,77.15
2026-01-03,Mercury,2026-01-03T06:30:00+05:30,5.64,10.9,2026-01-03T06:30:00+05:30,5.64,poor,predawn,-4.61,2026-01-03T11:30:00+05:30,54.33
2026-01-03,Venus,2026-01-03T06:30:00+05:30,-3.93,1.05,2026-01-03T06:30:00+05:30,-3.93,not visible,predawn,-4.61,2026-01-03T12:30:00+05:30,55.26
2026-01-03,Mars,2026-01-03T18:30:00+05:30,-2.63,1.74,2026-01-03T18:30:00+05:30,-2.63,not visible,evening,-4.03,2026-01-03T12:30:00+05:30,55.13
2026-01-03,Jupiter,2026-01-03T01:00:00+05:30,79.05,171.3,2026-01-03T01:00:00+05:30,79.05,excellent,overnight,-76.5,2026-01-03T01:00:00+05:30,79.05
2026-01-03,Saturn,2026-01-03T18:30:00+05:30,67.96,73.17,2026-01-03T18:30:00+05:30,67.96,excellent,evening,-4.03,2026-01-03T17:30:00+05:30,75.14
2026-01-03,Uranus,2026-01-03T21:30:00+05:30,81.13,134.59,2026-01-03T21:30:00+05:30,81.13,excellent,evening,-45.32,2026-01-03T21:30:00+05:30,81.13
2026-01-03,Neptune,2026-01-03T18:30:00+05:30,71.3,76.39,2026-01-03T18:30:00+05:30,71.3,excellent,evening,-4.03,2026-01-03T17:30:00+05:30,77.28
2026-01-04,Mercury,2026-01-04T06:30:00+05:30,5.0,10.39,2026-01-04T06:30:00+05:30,5.0,poor,predawn,-4.7,2026-01-04T12:00:00+05:30,54.31
2026-01-04,Venus,2026-01-04T06:30:00+05:30,-4.26,0.88,2026-01-04T06:30:00+05:30,-4.26,not visible,predawn,-4.7,2026-01-04T12:30:00+05:30,55.35
2026-01-04,Mars,2026-01-04T06:30:00+05:30,-6.25,1.63,2026-01-04T06:30:00+05:30,-6.25,not visible,predawn,-4.7,2026-01-04T12:30:00+05:30,55.21
2026-01-04,Jupiter,2026-01-04T01:00:00+05:30,79.17,172.45,2026-01-04T01:00:00+05:30,79.17,excellent,overnight,-76.64,2026-01-04T01:00:00+05:30,79.17
2026-01-04,Saturn,2026-01-04T19:00:00+05:30,61.18,72.2,2026-01-04T19:00:00+05:30,61.18,excellent,evening,-10.73,2026-01-04T17:30:00+05:30,75.06
2026-01-04,Uranus,2026-01-04T21:00:00+05:30,81.25,133.57,2026-01-04T21:00:00+05:30,81.25,excellent,evening,-38.34,2026-01-04T21:00:00+05:30,81.25
2026-01-04,Neptune,2026-01-04T19:00:00+05:30,64.44,75.36,2026-01-04T19:00:00+05:30,64.44,excellent,evening,-10.73,2026-01-04T17:30:00+05:30,77.34
2026-01-05,Mercury,2026-01-05T06:30:00+05:30,4.36,9.87,2026-01-05T06:30:00+05:30,4.36,poor,predawn,-4.78,2026-01-05T12:00:00+05:30,54.31
2026-01-05,Venus,2026-01-05T06:30:00+05:30,-4.58,0.76,2026-01-05T06:30:00+05:30,-4.58,not visible,predawn,-4.78,2026-01-05T12:30:00+05:30,55.44
2026-01-05,Mars,2026-01-05T06:30:00+05:30,-6.1,1.44,2026-01-05T06:30:00+05:30,-6.1,not visible,predawn,-4.78,2026-01-05T12:30:00+05:30,55.3
2026-01-05,Jupiter,2026-01-05T01:00:00+05:30,79.19,173.6,2026-01-05T01:00:00+05:30,79.19,excellent,overnight,-76.79,2026-01-05T01:00:00+05:30,79.19
2026-01-05,Saturn,2026-01-05T19:00:00+05:30,60.4,71.25,2026-01-05T19:00:00+05:30,60.4,excellent,evening,-10.61,2026-01-05T17:30:00+05:30,74.92
2026-01-05,Uranus,2026-01-05T21:00:00+05:30,81.53,132.52,2026-01-05T21:00:00+05:30,81.53,excellent,evening,-38.24,2026-01-05T21:00:00+05:30,81.53
2026-01-05,Neptune,2026-01-05T19:00:00+05:30,63.6,74.36,2026-01-05T19:00:00+05:30,63.6,excellent,evening,-10.61,2026-01-05T17:30:00+05:30,77.33
2026-01-06,Mercury,2026-01-06T06:30:00+05:30,3.71,9.35,2026-01-06T06:30:00+05:30,3.71,poor,predawn,-4.86,2026-01-06T12:00:00+05:30,54.33
2026-01-06,Venus,2026-01-06T06:30:00+05:30,-4.91,0.71,2026-01-06T06:30:00+05:30,-4.91,not visible,predawn,-4.86,2026-01-06T12:30:00+05:30,55.55
2026-01-06,Mars,2026-01-06T06:30:00+05:30,-5.94,1.26,2026-01-06T06:30:00+05:30,-5.94,not visible,predawn,-4.86,2026-01-06T12:30:00+05:30,55.4
2026-01-06,Jupiter,2026-01-06T01:00:00+05:30,79.1,174.75,2026-01-06T01:00:00+05:30,79.1,excellent,overnight,-76.94,2026-01-06T01:00:00+05:30,79.1
2026-01-06,Saturn,2026-01-06T19:00:00+05:30,59.61,70.29,2026-01-06T19:00:00+05:30,59.61,excellent,evening,-10.5,2026-01-06T17:00:00+05:30,74.92
2026-01-06,Uranus,2026-01-06T21:00:00+05:30,81.71,131.48,2026-01-06T21:00:00+05:30,81.71,excellent,evening,-38.15,2026-01-06T21:00:00+05:30,81.71
2026-01-06,Neptune,2026-01-06T19:00:00+05:30,62.75,73.35,2026-01-06T19:00:00+05:30,62.75,excellent,evening,-10.5,2026-01-06T17:30:00+05:30,77.24
2026-01-07,Mercury,2026-01-07T06:30:00+05:30,3.07,8.83,2026-01-07T06:30:00+05:30,3.07,poor,predawn,-4.94,2026-01-07T12:00:00+05:30,54.35
2026-01-07,Venus,2026-01-07T06:30:00+05:30,-5.23,0.73,2026-01-07T06:30:00+05:30,-5.23,not visible,predawn,-4.94,2026-01-07T12:30:00+05:30,55.66
2026-01-07,Mars,2026-01-07T06:30:00+05:30,-5.79,1.11,2026-01-07T06:30:00+05:30,-5.79,not visible,predawn,-4.94,2026-01-07T12:30:00+05:30,55.5
2026-01-07,Jupiter,2026-01-07T01:00:00+05:30,78.91,175.9,2026-01-07T01:00:00+05:30,78.91,excellent,overnight,-77.09,2026-01-07T01:00:00+05:30,78.91
2026-01-07,Saturn,2026-01-07T19:00:00+05:30,58.82,69.34,2026-01-07T19:00:00+05:30,58.82,excellent,evening,-10.38,2026-01-07T17:00:00+05:30,75.13
2026-01-07,Uranus,2026-01-07T21:00:00+05:30,81.78,130.44,2026-01-07T21:00:00+05:30,81.78,excellent,evening,-38.05,2026-01-07T21:00:00+05:30,81.78
2026-01-07,Neptune,2026-01-07T19:00:00+05:30,61.9,72.35,2026-01-07T19:00:00+05:30,61.9,excellent,evening,-10.38,2026-01-07T17:30:00+05:30,77.08
2026-01-08,Mercury,2026-01-08T06:30:00+05:30,2.42,8.3,2026-01-08T06:30:00+05:30,2.42,poor,predawn,-5.01,2026-01-08T12:00:00+05:30,54.38
2026-01-08,Venus,2026-01-08T06:30:00+05:30,-5.55,0.82,2026-01-08T06:30:00+05:30,-5.55,not visible,predawn,-5.01,2026-01-08T12:30:00+05:30,55.78
2026-01-08,Mars,2026-01-08T06:30:00+05:30,-5.63,1.0,2026-01-08T06:30:00+05:30,-5.63,not visible,predawn,-5.01,2026-01-08T12:30:00+05:30,55.6
2026-01-08,Jupiter,2026-01-08T01:00:00+05:30,78.62,177.05,2026-01-08T01:00:00+05:30,78.62,excellent,overnight,-77.25,2026-01-08T01:00:00+05:30,78.62
2026-01-08,Saturn,2026-01-08T19:00:00+05:30,58.02,68.39,2026-01-08T19:00:00+05:30,58.02,excellent,evening,-10.27,2026-01-08T17:00:00+05:30,75.28
2026-01-08,Uranus,2026-01-08T21:00:00+05:30,81.74,129.4,2026-01-08T21:00:00+05:30,81.74,excellent,evening,-37.96,2026-01-08T21:00:00+05:30,81.74
2026-01-08,Neptune,2026-01-08T19:00:00+05:30,61.04,71.35,2026-01-08T19:00:00+05:30,61.04,excellent,evening,-10.27,2026-01-08T17:30:00+05:30,76.86
2026-01-09,Mercury,2026-01-09T06:30:00+05:30,1.77,7.77,2026-01-09T06:30:00+05:30,1.77,poor,predawn,-5.08,2026-01-09T12:00:00+05:30,54.42
2026-01-09,Venus,2026-01-09T06:30:00+05:30,-5.86,0.97,2026-01-09T06:30:00+05:30,-5.86,not visible,predawn,-5.08,2026-01-09T12:30:00+05:30,55.9
2026-01-09,Mars,2026-01-09T06:30:00+05:30,-5.48,0.95,2026-01-09T06:30:00+05:30,-5.48,not visible,predawn,-5.08,2026-01-09T12:30:00+05:30,55.71
2026-01-09,Jupiter,2026-01-09T00:30:00+05:30,78.76,178.17,2026-01-09T00:30:00+05:30,78.76,excellent,overnight,-79.06,2026-01-09T00:30:00+05:30,78.76
2026-01-09,Saturn,2026-01-09T19:00:00+05:30,57.21,67.45,2026-01-09T19:00:00+05:30,57.21,excellent,evening,-10.15,2026-01-09T17:00:00+05:30,75.37
2026-01-09,Uranus,2026-01-09T21:00:00+05:30,81.58,128.36,2026-01-09T21:00:00+05:30,81.58,excellent,evening,-37.87,2026-01-09T21:00:00+05:30,81.58
2026-01-09,Neptune,2026-01-09T19:00:00+05:30,60.17,70.35,2026-01-09T19:00:00+05:30,60.17,excellent,evening,-10.15,2026-01-09T17:00:00+05:30,77.05
2026-01-10,Mercury,2026-01-10T06:30:00+05:30,1.12,7.23,2026-01-10T06:30:00+05:30,1.12,poor,predawn,-5.15,2026-01-10T12:00:00+05:30,54.47
2026-01-10,Venus,2026-01-10T06:30:00+05:30,-6.17,1.15,2026-01-10T06:30:00+05:30,-6.17,not visible,predawn,-5.15,2026-01-10T12:30:00+05:30,56.04
2026-01-10,Mars,2026-01-10T06:30:00+05:30,-5.32,0.95,2026-01-10T06:30:00+05:30,-5.32,not visible,predawn,-5.15,2026-01-10T12:30:00+05:30,55.82
2026-01-10,Jupiter,2026-01-10T00:30:00+05:30,78.95,179.3,2026-01-10T00:30:00+05:30,78.95,excellent,overnight,-79.2,2026-01-10T00:30:00+05:30,78.95
2026-01-10,Saturn,2026-01-10T19:00:00+05:30,56.4,66.5,2026-01-10T19:00:00+05:30,56.4,excellent,evening,-10.04,2026-01-10T17:00:00+05:30,75.41
2026-01-10,Uranus,2026-01-10T21:00:00+05:30,81.32,127.32,2026-01-10T21:00:00+05:30,81.32,excellent,evening,-37.79,2026-01-10T21:00:00+05:30,81.32
2026-01-10,Neptune,2026-01-10T19:00:00+05:30,59.29,69.35,2026-01-10T19:00:00+05:30,59.29,excellent,evening,-10.04,2026-01-10T17:00:00+05:30,77.24
2026-01-11,Mercury,2026-01-11T06:30:00+05:30,0.47,6.69,2026-01-11T06:30:00+05:30,0.47,poor,predawn,-5.22,2026-01-11T12:00:00+05:30,54.53
2026-01-11,Venus,2026-01-11T06:30:00+05:30,-6.48,1.35,2026-01-11T06:30:00+05:30,-6.48,not visible,predawn,-5.22,2026-01-11T12:30:00+05:30,56.18
2026-01-11,Mars,2026-01-11T06:30:00+05:30,-5.16,1.02,2026-01-11T06:30:00+05:30,-5.16,not visible,predawn,-5.22,2026-01-11T12:30:00+05:30,55.93
2026-01-11,Jupiter,2026-01-11T00:30:00+05:30,79.04,179.44,2026-01-11T00:30:00+05:30,79.04,excellent,overnight,-79.34,2026-01-11T00:30:00+05:30,79.04
2026-01-11,Saturn,2026-01-11T19:00:00+05:30,55.59,65.55,2026-01-11T19:00:00+05:30,55.59,excellent,evening,-9.92,2026-01-11T17:00:00+05:30,75.39
2026-01-11,Uranus,2026-01-11T20:30:00+05:30,81.12,126.3,2026-01-11T20:30:00+05:30,81.12,excellent,evening,-30.74,2026-01-11T20:30:00+05:30,81.12
2026-01-11,Neptune,2026-01-11T19:00:00+05:30,58.42,68.34,2026-01-11T19:00:00+05:30,58.42,excellent,evening,-9.92,2026-01-11T17:00:00+05:30,77.36
2026-01-12,Mercury,2026-01-12T06:30:00+05:30,-0.18,6.15,2026-01-12T06:30:00+05:30,-0.18,not visible,predawn,-5.28,2026-01-12T12:00:00+05:30,54.59
2026-01-12,Venus,2026-01-12T06:30:00+05:30,-6.78,1.56,2026-01-12T06:30:00+05:30,-6.78,not visible,predawn,-5.28,2026-01-12T12:30:00+05:30,56.33
2026-01-12,Mars,2026-01-12T06:30:00+05:30,-5.0,1.14,2026-01-12T06:30:00+05:30,-5.0,not visible,predawn,-5.28,2026-01-12T12:30:00+05:30,56.05
2026-01-12,Jupiter,2026-01-12T00:30:00+05:30,79.03,178.33,2026-01-12T00:30:00+05:30,79.03,excellent,overnight,-79.48,2026-01-12T00:30:00+05:30,79.03
2026-01-12,Saturn,2026-01-12T19:00:00+05:30,54.78,64.61,2026-01-12T19:00:00+05:30,54.78,excellent,evening,-9.81,2026-01-12T17:00:00+05:30,75.32
2026-01-12,Uranus,2026-01-12T20:30:00+05:30,81.45,125.26,2026-01-12T20:30:00+05:30,81.45,excellent,evening,-30.65,2026-01-12T20:30:00+05:30,81.45
2026-01-12,Neptune,2026-01-12T19:00:00+05:30,57.53,67.34,2026-01-12T19:00:00+05:30,57.53,excellent,evening,-9.81,2026-01-12T17:00:00+05:30,77.4
2026-01-13,Mercury,2026-01-13T06:30:00+05:30,-0.83,5.62,2026-01-13T06:30:00+05:30,-0.83,not visible,predawn,-5.34,2026-01-13T12:00:00+05:30,54.66
2026-01-13,Venus,2026-01-13T06:30:00+05:30,-7.07,1.77,2026-01-13T06:30:00+05:30,-7.07,not visible,predawn,-5.34,2026-01-13T12:30:00+05:30,56.49
2026-01-13,Mars,2026-01-13T06:30:00+05:30,-4.83,1.3,2026-01-13T06:30:00+05:30,-4.83,not visible,predawn,-5.34,2026-01-13T12:30:00+05:30,56.17
2026-01-13,Jupiter,2026-01-13T00:30:00+05:30,78.9,177.18,2026-01-13T00:30:00+05:30,78.9,excellent,overnight,-79.63,2026-01-13T00:30:00+05:30,78.9
2026-01-13,Saturn,2026-01-13T19:00:00+05:30,53.96,63.67,2026-01-13T19:00:00+05:30,53.96,excellent,evening,-9.7,2026-01-13T17:00:00+05:30,75.19
2026-01-13,Uranus,2026-01-13T20:30:00+05:30,81.68,124.22,2026-01-13T20:30:00+05:30,81.68,excellent,evening,-30.56,2026-01-13T20:30:00+05:30,81.68
2026-01-13,Neptune,2026-01-13T19:00:00+05:30,56.65,66.34,2026-01-13T19:00:00+05:30,56.65,excellent,evening,-9.7,2026-01-13T17:00:00+05:30,77.37
2026-01-14,Mercury,2026-01-14T06:30:00+05:30,-1.49,5.08,2026-01-14T06:30:00+05:30,-1.49,not visible,predawn,-5.39,2026-01-14T12:30:00+05:30,54.86
2026-01-14,Venus,2026-01-14T06:30:00+05:30,-7.37,2.0,2026-01-14T06:30:00+05:30,-7.37,not visible,predawn,-5.39,2026-01-14T12:30:00+05:30,56.65
2026-01-14,Mars,2026-01-14T06:30:00+05:30,-4.67,1.48,2026-01-14T06:30:00+05:30,-4.67,not visible,predawn,-5.39,2026-01-14T12:30:00+05:30,56.3
2026-01-14,Jupiter,2026-01-14T00:30:00+05:30,78.68,176.03,2026-01-14T00:30:00+05:30,78.68,excellent,overnight,-79.79,2026-01-14T00:30:00+05:30,78.68
2026-01-14,Saturn,2026-01-14T19:00:00+05:30,53.13,62.73,2026-01-14T19:00:00+05:30,53.13,excellent,evening,-9.59,2026-01-14T16:30:00+05:30,75.13
2026-01-14,Uranus,2026-01-14T20:30:00+05:30,81.8,123.19,2026-01-14T20:30:00+05:30,81.8,excellent,evening,-30.47,2026-01-14T20:30:00+05:30,81.8
2026-01-14,Neptune,2026-01-14T19:00:00+05:30,55.76,65.35,2026-01-14T19:00:00+05:30,55.76,excellent,evening,-9.59,2026-01-14T17:00:00+05:30,77.27
2026-01-15,Mercury,2026-01-15T06:30:00+05:30,-2.14,4.54,2026-01-15T06:30:00+05:30,-2.14,not visible,predawn,-5.44,2026-01-15T12:30:00+05:30,55.1
2026-01-15,Venus,2026-01-15T19:00:00+05:30,-7.32,2.34,2026-01-15T19:00:00+05:30,-7.32,not visible,evening,-9.48,2026-01-15T13:00:00+05:30,56.87
2026-01-15,Mars,2026-01-15T06:30:00+05:30,-4.5,1.67,2026-01-15T06:30:00+05:30,-4.5,not visible,predawn,-5.44,2026-01-15T12:30:00+05:30,56.42
2026-01-15,Jupiter,2026-01-15T00:00:00+05:30,78.44,174.9,2026-01-15T00:00:00+05:30,78.44,excellent,overnight,-76.83,2026-01-15T00:00:00+05:30,78.44
2026-01-15,Saturn,2026-01-15T19:00:00+05:30,52.31,61.79,2026-01-15T19:00:00+05:30,52.31,excellent,evening,-9.48,2026-01-15T16:30:00+05:30,75.35
2026-01-15,Uranus,2026-01-15T20:30:00+05:30,81.81,122.15,2026-01-15T20:30:00+05:30,81.81,excellent,evening,-30.38,2026-01-15T20:30:00+05:30,81.81
2026-01-15,Neptune,2026-01-15T19:00:00+05:30,54.87,64.35,2026-01-15T19:00:00+05:30,54.87,excellent,evening,-9.48,2026-01-15T17:00:00+05:30,77.09
2026-01-16,Mercury,2026-01-16T06:30:00+05:30,-2.8,4.02,2026-01-16T06:30:00+05:30,-2.8,not visible,predawn,-5.49,2026-01-16T12:30:00+05:30,55.35
2026-01-16,Venus,2026-01-16T19:00:00+05:30,-6.97,2.57,2026-01-16T19:00:00+05:30,-6.97,not visible,evening,-9.37,2026-01-16T13:00:00+05:30,57.12
2026-01-16,Mars,2026-01-16T06:30:00+05:30,-4.33,1.88,2026-01-16T06:30:00+05:30,-4.33,not visible,predawn,-5.49,2026-01-16T12:30:00+05:30,56.56
2026-01-16,Jupiter,2026-01-16T00:00:00+05:30,78.69,173.75,2026-01-16T00:00:00+05:30,78.69,excellent,overnight,-76.91,2026-01-16T00:00:00+05:30,78.69
2026-01-16,Saturn,2026-01-16T19:00:00+05:30,51.48,60.85,2026-01-16T19:00:00+05:30,51.48,excellent,evening,-9.37,2026-01-16T16:30:00+05:30,75.52
2026-01-16,Uranus,2026-01-16T20:30:00+05:30,81.7,121.12,2026-01-16T20:30:00+05:30,81.7,excellent,evening,-30.3,2026-01-16T20:30:00+05:30,81.7
2026-01-16,Neptune,2026-01-16T19:00:00+05:30,53.97,63.35,2026-01-16T19:00:00+05:30,53.97,excellent,evening,-9.37,2026-01-16T16:30:00+05:30,76.93
2026-01-17,Mercury,2026-01-17T06:30:00+05:30,-3.45,3.51,2026-01-17T06:30:00+05:30,-3.45,not visible,predawn,-5.54,2026-01-17T12:30:00+05:30,55.61
2026-01-17,Venus,2026-01-17T19:00:00+05:30,-6.62,2.8,2026-01-17T19:00:00+05:30,-6.62,not visible,evening,-9.27,2026-01-17T13:00:00+05:30,57.39
2026-01-17,Mars,2026-01-17T06:30:00+05:30,-4.16,2.09,2026-01-17T06:30:00+05:30,-4.16,not visible,predawn,-5.54,2026-01-17T12:30:00+05:30,56.69
2026-01-17,Jupiter,2026-01-17T00:00:00+05:30,78.85,172.6,2026-01-17T00:00:00+05:30,78.85,excellent,overnight,-77.0,2026-01-17T00:00:00+05:30,78.85
2026-01-17,Saturn,2026-01-17T19:00:00+05:30,50.65,59.91,2026-01-17T19:00:00+05:30,50.65,excellent,evening,-9.27,2026-01-17T16:30:00+05:30,75.63
2026-01-17,Uranus,2026-01-17T20:30:00+05:30,81.49,120.08,2026-01-17T20:30:00+05:30,81.49,excellent,evening,-30.22,2026-01-17T20:30:00+05:30,81.49
2026-01-17,Neptune,2026-01-17T19:00:00+05:30,53.07,62.35,2026-01-17T19:00:00+05:30,53.07,excellent,evening,-9.27,2026-01-17T16:30:00+05:30,77.17
2026-01-18,Mercury,2026-01-18T06:30:00+05:30,-4.11,3.03,2026-01-18T06:30:00+05:30,-4.11,not visible,predawn,-5.58,2026-01-18T12:30:00+05:30,55.88
2026-01-18,Venus,2026-01-18T19:00:00+05:30,-6.27,3.03,2026-01-18T19:00:00+05:30,-6.27,not visible,evening,-9.16,2026-01-18T13:00:00+05:30,57.66
2026-01-18,Mars,2026-01-18T06:30:00+05:30,-3.99,2.31,2026-01-18T06:30:00+05:30,-3.99,not visible,predawn,-5.58,2026-01-18T12:30:00+05:30,56.83
2026-01-18,Jupiter,2026-01-18T00:00:00+05:30,78.9,171.45,2026-01-18T00:00:00+05:30,78.9,excellent,overnight,-77.08,2026-01-18T00:00:00+05:30,78.9
2026-01-18,Saturn,2026-01-18T19:00:00+05:30,49.82,58.98,2026-01-18T19:00:00+05:30,49.82,excellent,evening,-9.16,2026-01-18T16:30:00+05:30,75.68
2026-01-18,Uranus,2026-01-18T20:30:00+05:30,81.17,119.05,2026-01-18T20:30:00+05:30,81.17,excellent,evening,-30.14,2026-01-18T20:30:00+05:30,81.17
2026-01-18,Neptune,2026-01-18T19:00:00+05:30,52.17,61.35,2026-01-18T19:00:00+05:30,52.17,excellent,evening,-9.16,2026-01-18T16:30:00+05:30,77.34
2026-01-19,Mercury,2026-01-19T06:30:00+05:30,-4.77,2.61,2026-01-19T06:30:00+05:30,-4.77,not visible,predawn,-5.62,2026-01-19T12:30:00+05:30,56.16
2026-01-19,Venus,2026-01-19T19:00:00+05:30,-5.92,3.27,2026-01-19T19:00:00+05:30,-5.92,not visible,evening,-9.06,2026-01-19T13:00:00+05:30,57.94
2026-01-19,Mars,2026-01-19T06:30:00+05:30,-3.81,2.53,2026-01-19T06:30:00+05:30,-3.81,not visible,predawn,-5.62,2026-01-19T12:30:00+05:30,56.97
2026-01-19,Jupiter,2026-01-19T00:00:00+05:30,78.86,170.3,2026-01-19T00:00:00+05:30,78.86,excellent,overnight,-77.17,2026-01-19T00:00:00+05:30,78.86
2026-01-19,Saturn,2026-01-19T19:00:00+05:30,48.98,58.04,2026-01-19T19:00:00+05:30,48.98,excellent,evening,-9.06,2026-01-19T16:30:00+05:30,75.68
2026-01-19,Uranus,2026-01-19T20:00:00+05:30,81.32,118.04,2026-01-19T20:00:00+05:30,81.32,excellent,evening,-23.04,2026-01-19T20:00:00+05:30,81.32
2026-01-19,Neptune,2026-01-19T19:00:00+05:30,51.27,60.36,2026-01-19T19:00:00+05:30,51.27,excellent,evening,-9.06,2026-01-19T16:30:00+05:30,77.44
2026-01-20,Mercury,2026-01-20T06:30:00+05:30,-5.42,2.27,2026-01-20T06:30:00+05:30,-5.42,not visible,predawn,-5.65,2026-01-20T12:30:00+05:30,56.44
2026-01-20,Venus,2026-01-20T19:00:00+05:30,-5.58,3.5,2026-01-20T19:00:00+05:30,-5.58,not visible,evening,-8.96,2026-01-20T13:00:00+05:30,58.22
2026-01-20,Mars,2026-01-20T06:30:00+05:30,-3.64,2.76,2026-01-20T06:30:00+05:30,-3.64,not visible,predawn,-5.65,2026-01-20T12:30:00+05:30,57.12
2026-01-20,Jupiter,2026-01-20T00:00:00+05:30,78.7,169.15,2026-01-20T00:00:00+05:30,78.7,excellent,overnight,-77.27,2026-01-20T00:00:00+05:30,78.7
2026-01-20,Saturn,2026-01-20T19:00:00+05:30,48.15,57.11,2026-01-20T19:00:00+05:30,48.15,excellent,evening,-8.96,2026-01-20T16:30:00+05:30,75.62
2026-01-20,Uranus,2026-01-20T20:00:00+05:30,81.6,117.01,2026-01-20T20:00:00+05:30,81.6,excellent,evening,-22.95,2026-01-20T20:00:00+05:30,81.6
2026-01-20,Neptune,2026-01-20T19:00:00+05:30,50.36,59.36,2026-01-20T19:00:00+05:30,50.36,excellent,evening,-8.96,2026-01-20T16:30:00+05:30,77.47
2026-01-21,Mercury,2026-01-21T06:30:00+05:30,-6.08,2.08,2026-01-21T06:30:00+05:30,-6.08,not visible,predawn,-5.68,2026-01-21T12:30:00+05:30,56.74
2026-01-21,Venus,2026-01-21T19:00:00+05:30,-5.23,3.74,2026-01-21T19:00:00+05:30,-5.23,not visible,evening,-8.86,2026-01-21T13:00:00+05:30,58.51
2026-01-21,Mars,2026-01-21T06:30:00+05:30,-3.46,2.98,2026-01-21T06:30:00+05:30,-3.46,not visible,predawn,-5.68,2026-01-21T12:30:00+05:30,57.27
2026-01-21,Jupiter,2026-01-21T00:00:00+05:30,78.46,168.0,2026-01-21T00:00:00+05:30,78.46,excellent,overnight,-77.36,2026-01-21T00:00:00+05:30,78.46
2026-01-21,Saturn,2026-01-21T19:00:00+05:30,47.31,56.18,2026-01-21T19:00:00+05:30,47.31,excellent,evening,-8.86,2026-01-21T16:30:00+05:30,75.51
2026-01-21,Uranus,2026-01-21T20:00:00+05:30,81.77,115.98,2026-01-21T20:00:00+05:30,81.77,excellent,evening,-22.87,2026-01-21T20:00:00+05:30,81.77
2026-01-21,Neptune,2026-01-21T19:00:00+05:30,49.45,58.37,2026-01-21T19:00:00+05:30,49.45,excellent,evening,-8.86,2026-01-21T16:30:00+05:30,77.42
2026-01-22,Mercury,2026-01-22T06:30:00+05:30,-6.74,2.08,2026-01-22T06:30:00+05:30,-6.74,not visible,predawn,-5.7,2026-01-22T12:30:00+05:30,57.03
2026-01-22,Venus,2026-01-22T19:00:00+05:30,-4.89,3.97,2026-01-22T19:00:00+05:30,-4.89,not visible,evening,-8.76,2026-01-22T13:00:00+05:30,58.81
2026-01-22,Mars,2026-01-22T06:30:00+05:30,-3.28,3.21,2026-01-22T06:30:00+05:30,-3.28,not visible,predawn,-5.7,2026-01-22T12:30:00+05:30,57.42
2026-01-22,Jupiter,2026-01-22T23:30:00+05:30,78.62,165.74,2026-01-22T23:30:00+05:30,78.62,excellent,overnight,-71.54,2026-01-22T23:30:00+05:30,78.62
2026-01-22,Saturn,2026-01-22T19:00:00+05:30,46.47,55.25,2026-01-22T19:00:00+05:30,46.47,excellent,evening,-8.76,2026-01-22T16:00:00+05:30,75.35
2026-01-22,Uranus,2026-01-22T20:00:00+05:30,81.84,114.95,2026-01-22T20:00:00+05:30,81.84,excellent,evening,-22.79,2026-01-22T20:00:00+05:30,81.84
2026-01-22,Neptune,2026-01-22T19:00:00+05:30,48.54,57.37,2026-01-22T19:00:00+05:30,48.54,excellent,evening,-8.76,2026-01-22T16:30:00+05:30,77.31
2026-01-23,Mercury,2026-01-23T19:00:00+05:30,-7.22,2.44,2026-01-23T19:00:00+05:30,-7.22,not visible,evening,-8.66,2026-01-23T13:00:00+05:30,57.36
2026-01-23,Venus,2026-01-23T19:00:00+05:30,-4.55,4.21,2026-01-23T19:00:00+05:30,-4.55,not visible,evening,-8.66,2026-01-23T13:00:00+05:30,59.11
2026-01-23,Mars,2026-01-23T06:30:00+05:30,-3.1,3.44,2026-01-23T06:30:00+05:30,-3.1,not visible,predawn,-5.73,2026-01-23T12:30:00+05:30,57.57
2026-01-23,Jupiter,2026-01-23T23:30:00+05:30,78.75,164.59,2026-01-23T23:30:00+05:30,78.75,excellent,overnight,-71.58,2026-01-23T23:30:00+05:30,78.75
2026-01-23,Saturn,2026-01-23T19:00:00+05:30,45.63,54.32,2026-01-23T19:00:00+05:30,45.63,excellent,evening,-8.66,2026-01-23T16:00:00+05:30,75.59
2026-01-23,Uranus,2026-01-23T20:00:00+05:30,81.79,113.92,2026-01-23T20:00:00+05:30,81.79,excellent,evening,-22.71,2026-01-23T20:00:00+05:30,81.79
2026-01-23,Neptune,2026-01-23T19:00:00+05:30,47.63,56.38,2026-01-23T19:00:00+05:30,47.63,excellent,evening,-8.66,2026-01-23T16:30:00+05:30,77.12
2026-01-24,Mercury,2026-01-24T19:00:00+05:30,-6.43,2.87,2026-01-24T19:00:00+05:30,-6.43,not visible,evening,-8.57,2026-01-24T13:00:00+05:30,57.85
2026-01-24,Venus,2026-01-24T19:00:00+05:30,-4.21,4.44,2026-01-24T19:00:00+05:30,-4.21,not visible,evening,-8.57,2026-01-24T13:00:00+05:30,59.43
2026-01-24,Mars,2026-01-24T06:30:00+05:30,-2.91,3.67,2026-01-24T06:30:00+05:30,-2.91,not visible,predawn,-5.74,2026-01-24T12:30:00+05:30,57.73
2026-01-24,Jupiter,2026-01-24T23:30:00+05:30,78.77,163.45,2026-01-24T23:30:00+05:30,78.77,excellent,overnight,-71.63,2026-01-24T23:30:00+05:30,78.77
2026-01-24,Saturn,2026-01-24T19:00:00+05:30,44.79,53.4,2026-01-24T19:00:00+05:30,44.79,good,evening,-8.57,2026-01-24T16:00:00+05:30,75.77
2026-01-24,Uranus,2026-01-24T20:00:00+05:30,81.63,112.89,2026-01-24T20:00:00+05:30,81.63,excellent,evening,-22.63,2026-01-24T20:00:00+05:30,81.63
2026-01-24,Neptune,2026-01-24T19:00:00+05:30,46.72,55.39,2026-01-24T19:00:00+05:30,46.72,excellent,evening,-8.57,2026-01-24T16:00:00+05:30,77.05
2026-01-25,Mercury,2026-01-25T19:00:00+05:30,-5.64,3.38,2026-01-25T19:00:00+05:30,-5.64,not visible,evening,-8.47,2026-01-25T13:00:00+05:30,58.34
2026-01-25,Venus,2026-01-25T19:00:00+05:30,-3.87,4.68,2026-01-25T19:00:00+05:30,-3.87,not visible,evening,-8.47,2026-01-25T13:00:00+05:30,59.74
2026-01-25,Mars,2026-01-25T06:30:00+05:30,-2.72,3.9,2026-01-25T06:30:00+05:30,-2.72,not visible,predawn,-5.76,2026-01-25T12:30:00+05:30,57.89
2026-01-25,Jupiter,2026-01-25T23:30:00+05:30,78.69,162.31,2026-01-25T23:30:00+05:30,78.69,excellent,overnight,-71.67,2026-01-25T23:30:00+05:30,78.69
2026-01-25,Saturn,2026-01-25T19:00:00+05:30,43.95,52.47,2026-01-25T19:00:00+05:30,43.95,good,evening,-8.47,2026-01-25T16:00:00+05:30,75.91
2026-01-25,Uranus,2026-01-25T20:00:00+05:30,81.37,111.87,2026-01-25T20:00:00+05:30,81.37,excellent,evening,-22.56,2026-01-25T20:00:00+05:30,81.37
2026-01-25,Neptune,2026-01-25T19:00:00+05:30,45.81,54.4,2026-01-25T19:00:00+05:30,45.81,excellent,evening,-8.47,2026-01-25T16:00:00+05:30,77.28
2026-01-26,Mercury,2026-01-26T19:00:00+05:30,-4.84,3.95,2026-01-26T19:00:00+05:30,-4.84,not visible,evening,-8.38,2026-01-26T13:00:00+05:30,58.84
2026-01-26,Venus,2026-01-26T19:00:00+05:30,-3.53,4.91,2026-01-26T19:00:00+05:30,-3.53,not visible,evening,-8.38,2026-01-26T13:00:00+05:30,60.07
2026-01-26,Mars,2026-01-26T06:30:00+05:30,-2.53,4.13,2026-01-26T06:30:00+05:30,-2.53,not visible,predawn,-5.77,2026-01-26T12:30:00+05:30,58.05
2026-01-26,Jupiter,2026-01-26T23:30:00+05:30,78.52,161.17,2026-01-26T23:30:00+05:30,78.52,excellent,overnight,-71.72,2026-01-26T23:30:00+05:30,78.52
2026-01-26,Saturn,2026-01-26T19:00:00+05:30,43.11,51.55,2026-01-26T19:00:00+05:30,43.11,good,evening,-8.38,2026-01-26T16:00:00+05:30,75.98
2026-01-26,Uranus,2026-01-26T19:30:00+05:30,81.14,110.87,2026-01-26T19:30:00+05:30,81.14,excellent,evening,-15.42,2026-01-26T19:30:00+05:30,81.14
2026-01-26,Neptune,2026-01-26T19:00:00+05:30,44.89,53.41,2026-01-26T19:00:00+05:30,44.89,good,evening,-8.38,2026-01-26T16:00:00+05:30,77.44
2026-01-27,Mercury,2026-01-27T19:00:00+05:30,-4.03,4.57,2026-01-27T19:00:00+05:30,-4.03,not visible,evening,-8.29,2026-01-27T13:00:00+05:30,59.35
2026-01-27,Venus,2026-01-27T19:00:00+05:30,-3.2,5.15,2026-01-27T19:00:00+05:30,-3.2,not visible,evening,-8.29,2026-01-27T13:00:00+05:30,60.4
2026-01-27,Mars,2026-01-27T06:30:00+05:30,-2.34,4.36,2026-01-27T06:30:00+05:30,-2.34,not visible,predawn,-5.77,2026-01-27T12:30:00+05:30,58.22
2026-01-27,Jupiter,2026-01-27T23:30:00+05:30,78.25,160.04,2026-01-27T23:30:00+05:30,78.25,excellent,overnight,-71.76,2026-01-27T23:30:00+05:30,78.25
2026-01-27,Saturn,2026-01-27T19:00:00+05:30,42.27,50.63,2026-01-27T19:00:00+05:30,42.27,good,evening,-8.29,2026-01-27T16:00:00+05:30,76.0
2026-01-27,Uranus,2026-01-27T19:30:00+05:30,81.47,109.84,2026-01-27T19:30:00+05:30,81.47,excellent,evening,-15.34,2026-01-27T19:30:00+05:30,81.47
2026-01-27,Neptune,2026-01-27T19:00:00+05:30,43.97,52.42,2026-01-27T19:00:00+05:30,43.97,good,evening,-8.29,2026-01-27T16:00:00+05:30,77.53
2026-01-28,Mercury,2026-01-28T19:00:00+05:30,-3.22,5.21,2026-01-28T19:00:00+05:30,-3.22,not visible,evening,-8.21,2026-01-28T13:00:00+05:30,59.87
2026-01-28,Venus,2026-01-28T19:00:00+05:30,-2.87,5.39,2026-01-28T19:00:00+05:30,-2.87,not visible,evening,-8.21,2026-01-28T13:00:00+05:30,60.73
2026-01-28,Mars,2026-01-28T06:30:00+05:30,-2.15,4.59,2026-01-28T06:30:00+05:30,-2.15,not visible,predawn,-5.77,2026-01-28T12:30:00+05:30,58.39
2026-01-28,Jupiter,2026-01-28T23:00:00+05:30,78.35,158.92,2026-01-28T23:00:00+05:30,78.35,excellent,overnight,-64.94,2026-01-28T23:00:00+05:30,78.35
2026-01-28,Saturn,2026-01-28T19:00:00+05:30,41.42,49.71,2026-01-28T19:00:00+05:30,41.42,good,evening,-8.21,2026-01-28T16:00:00+05:30,75.96
2026-01-28,Uranus,2026-01-28T19:30:00+05:30,81.7,108.82,2026-01-28T19:30:00+05:30,81.7,excellent,evening,-15.26,2026-01-28T19:30:00+05:30,81.7
2026-01-28,Neptune,2026-01-28T19:00:00+05:30,43.06,51.43,2026-01-28T19:00:00+05:30,43.06,good,evening,-8.21,2026-01-28T16:00:00+05:30,77.54
2026-01-29,Mercury,2026-01-29T19:00:00+05:30,-2.4,5.88,2026-01-29T19:00:00+05:30,-2.4,not visible,evening,-8.12,2026-01-29T13:00:00+05:30,60.39
2026-01-29,Venus,2026-01-29T19:00:00+05:30,-2.54,5.63,2026-01-29T19:00:00+05:30,-2.54,not visible,evening,-8.12,2026-01-29T13:00:00+05:30,61.08
2026-01-29,Mars,2026-01-29T06:30:00+05:30,-1.95,4.82,2026-01-29T06:30:00+05:30,-1.95,not visible,predawn,-5.77,2026-01-29T12:30:00+05:30,58.56
2026-01-29,Jupiter,2026-01-29T23:00:00+05:30,78.54,157.79,2026-01-29T23:00:00+05:30,78.54,excellent,overnight,-64.96,2026-01-29T23:00:00+05:30,78.54
2026-01-29,Saturn,2026-01-29T19:00:00+05:30,40.58,48.79,2026-01-29T19:00:00+05:30,40.58,good,evening,-8.12,2026-01-29T16:00:00+05:30,75.87
2026-01-29,Uranus,2026-01-29T19:30:00+05:30,81.83,107.8,2026-01-29T19:30:00+05:30,81.83,excellent,evening,-15.19,2026-01-29T19:30:00+05:30,81.83
2026-01-29,Neptune,2026-01-29T19:00:00+05:30,42.14,50.44,2026-01-29T19:00:00+05:30,42.14,good,evening,-8.12,2026-01-29T16:00:00+05:30,77.49
2026-01-30,Mercury,2026-01-30T19:00:00+05:30,-1.59,6.57,2026-01-30T19:00:00+05:30,-1.59,not visible,evening,-8.04,2026-01-30T13:00:00+05:30,60.92
2026-01-30,Venus,2026-01-30T19:00:00+05:30,-2.22,5.86,2026-01-30T19:00:00+05:30,-2.22,not visible,evening,-8.04,2026-01-30T13:00:00+05:30,61.42
2026-01-30,Mars,2026-01-30T06:30:00+05:30,-1.75,5.05,2026-01-30T06:30:00+05:30,-1.75,not visible,predawn,-5.76,2026-01-30T12:30:00+05:30,58.73
2026-01-30,Jupiter,2026-01-30T23:00:00+05:30,78.64,156.66,2026-01-30T23:00:00+05:30,78.64,excellent,overnight,-64.98,2026-01-30T23:00:00+05:30,78.64
2026-01-30,Saturn,2026-01-30T19:00:00+05:30,39.73,47.87,2026-01-30T19:00:00+05:30,39.73,good,evening,-8.04,2026-01-30T16:00:00+05:30,75.72
2026-01-30,Uranus,2026-01-30T19:30:00+05:30,81.84,106.78,2026-01-30T19:30:00+05:30,81.84,excellent,evening,-15.11,2026-01-30T19:30:00+05:30,81.84
2026-01-30,Neptune,2026-01-30T19:00:00+05:30,41.22,49.45,2026-01-30T19:00:00+05:30,41.22,good,evening,-8.04,2026-01-30T16:00:00+05:30,77.36
2026-01-31,Mercury,2026-01-31T19:00:00+05:30,-0.76,7.27,2026-01-31T19:00:00+05:30,-0.76,not visible,evening,-7.96,2026-01-31T13:00:00+05:30,61.45
2026-01-31,Venus,2026-01-31T19:00:00+05:30,-1.89,6.1,2026-01-31T19:00:00+05:30,-1.89,not visible,evening,-7.96,2026-01-31T13:00:00+05:30,61.78
2026-01-31,Mars,2026-01-31T06:30:00+05:30,-1.55,5.28,2026-01-31T06:30:00+05:30,-1.55,not visible,predawn,-5.75,2026-01-31T12:30:00+05:30,58.91
2026-01-31,Jupiter,2026-01-31T23:00:00+05:30,78.64,155.53,2026-01-31T23:00:00+05:30,78.64,excellent,overnight,-64.99,2026-01-31T23:00:00+05:30,78.64
2026-01-31,Saturn,2026-01-31T19:00:00+05:30,38.88,46.95,2026-01-31T19:00:00+05:30,38.88,good,evening,-7.96,2026-01-31T15:30:00+05:30,75.83
2026-01-31,Uranus,2026-01-31T19:30:00+05:30,81.75,105.76,2026-01-31T19:30:00+05:30,81.75,excellent,evening,-15.04,2026-01-31T19:30:00+05:30,81.75
2026-01-31,Neptune,2026-01-31T19:00:00+05:30,40.3,48.46,2026-01-31T19:00:00+05:30,40.3,good,evening,-7.96,2026-01-31T16:00:00+05:30,77.16
2026-02-01,Mercury,2026-02-01T19:00:00+05:30,0.06,7.99,2026-02-01T19:00:00+05:30,0.06,poor,evening,-7.88,2026-02-01T13:00:00+05:30,61.98
2026-02-01,Venus,2026-02-01T19:00:00+05:30,-1.57,6.34,2026-02-01T19:00:00+05:30,-1.57,not visible,evening,-7.88,2026-02-01T13:00:00+05:30,62.13
2026-02-01,Mars,2026-02-01T06:30:00+05:30,-1.34,5.51,2026-02-01T06:30:00+05:30,-1.34,not visible,predawn,-5.74,2026-02-01T12:30:00+05:30,59.09
2026-02-01,Jupiter,2026-02-01T23:00:00+05:30,78.55,154.41,2026-02-01T23:00:00+05:30,78.55,excellent,overnight,-65.01,2026-02-01T23:00:00+05:30,78.55
2026-02-01,Saturn,2026-02-01T19:00:00+05:30,38.04,46.04,2026-02-01T19:00:00+05:30,38.04,good,evening,-7.88,2026-02-01T15:30:00+05:30,76.04
2026-02-01,Uranus,2026-02-01T19:30:00+05:30,81.54,104.74,2026-02-01T19:30:00+05:30,81.54,excellent,evening,-14.97,2026-02-01T19:30:00+05:30,81.54
2026-02-01,Neptune,2026-02-01T19:00:00+05:30,39.38,47.47,2026-02-01T19:00:00+05:30,39.38,good,evening,-7.88,2026-02-01T15:30:00+05:30,77.18
2026-02-02,Mercury,2026-02-02T19:00:00+05:30,0.88,8.71,2026-02-02T19:00:00+05:30,0.88,poor,evening,-7.8,2026-02-02T13:30:00+05:30,62.59
2026-02-02,Venus,2026-02-02T19:00:00+05:30,-1.25,6.57,2026-02-02T19:00:00+05:30,-1.25,not visible,evening,-7.8,2026-02-02T13:00:00+05:30,62.5
2026-02-02,Mars,2026-02-02T06:30:00+05:30,-1.14,5.73,2026-02-02T06:30:00+05:30,-1.14,not visible,predawn,-5.72,2026-02-02T12:30:00+05:30,59.27
2026-02-02,Jupiter,2026-02-02T23:00:00+05:30,78.36,153.29,2026-02-02T23:00:00+05:30,78.36,excellent,overnight,-65.03,2026-02-02T23:00:00+05:30,78.36
2026-02-02,Saturn,2026-02-02T19:00:00+05:30,37.19,45.13,2026-02-02T19:00:00+05:30,37.19,good,evening,-7.8,2026-02-02T15:30:00+05:30,76.2
2026-02-02,Uranus,2026-02-02T19:30:00+05:30,81.24,103.73,2026-02-02T19:30:00+05:30,81.24,excellent,evening,-14.91,2026-02-02T19:30:00+05:30,81.24
2026-02-02,Neptune,2026-02-02T19:00:00+05:30,38.45,46.49,2026-02-02T19:00:00+05:30,38.45,good,evening,-7.8,2026-02-02T15:30:00+05:30,77.4
2026-02-03,Mercury,2026-02-03T19:00:00+05:30,1.7,9.44,2026-02-03T19:00:00+05:30,1.7,poor,evening,-7.73,2026-02-03T13:30:00+05:30,63.33
2026-02-03,Venus,2026-02-03T19:00:00+05:30,-0.94,6.81,2026-02-03T19:00:00+05:30,-0.94,not visible,evening,-7.73,2026-02-03T13:00:00+05:30,62.87
2026-02-03,Mars,2026-02-03T06:30:00+05:30,-0.93,5.96,2026-02-03T06:30:00+05:30,-0.93,not visible,predawn,-5.69,2026-02-03T12:30:00+05:30,59.45
2026-02-03,Jupiter,2026-02-03T23:00:00+05:30,78.08,152.16,2026-02-03T23:00:00+05:30,78.08,excellent,overnight,-65.05,2026-02-03T23:00:00+05:30,78.08
2026-02-03,Saturn,2026-02-03T19:00:00+05:30,36.34,44.21,2026-02-03T19:00:00+05:30,36.34,good,evening,-7.73,2026-02-03T15:30:00+05:30,76.3
2026-02-03,Uranus,2026-02-03T19:00:00+05:30,81.29,102.73,2026-02-03T19:00:00+05:30,81.29,excellent,evening,-7.73,2026-02-03T19:00:00+05:30,81.29
2026-02-03,Neptune,2026-02-03T19:00:00+05:30,37.53,45.5,2026-02-03T19:00:00+05:30,37.53,good,evening,-7.73,2026-02-03T15:30:00+05:30,77.55
2026-02-04,Mercury,2026-02-04T19:00:00+05:30,2.51,10.17,2026-02-04T19:00:00+05:30,2.51,poor,evening,-7.66,2026-02-04T13:30:00+05:30,64.07
2026-02-04,Venus,2026-02-04T19:00:00+05:30,-0.62,7.05,2026-02-04T19:00:00+05:30,-0.62,not visible,evening,-7.66,2026-02-04T13:00:00+05:30,63.24
2026-02-04,Mars,2026-02-04T06:30:00+05:30,-0.71,6.19,2026-02-04T06:30:00+05:30,-0.71,not visible,predawn,-5.67,2026-02-04T12:30:00+05:30,59.64
2026-02-04,Jupiter,2026-02-04T22:30:00+05:30,78.28,151.07,2026-02-04T22:30:00+05:30,78.28,excellent,overnight,-57.91,2026-02-04T22:30:00+05:30,78.28
2026-02-04,Saturn,2026-02-04T19:00:00+05:30,35.5,43.3,2026-02-04T19:00:00+05:30,35.5,good,evening,-7.66,2026-02-04T15:30:00+05:30,76.34
2026-02-04,Uranus,2026-02-04T19:00:00+05:30,81.57,101.72,2026-02-04T19:00:00+05:30,81.57,excellent,evening,-7.66,2026-02-04T19:00:00+05:30,81.57
2026-02-04,Neptune,2026-02-04T19:00:00+05:30,36.61,44.52,2026-02-04T19:00:00+05:30,36.61,good,evening,-7.66,2026-02-04T15:30:00+05:30,77.62
2026-02-05,Mercury,2026-02-05T19:00:00+05:30,3.32,10.91,2026-02-05T19:00:00+05:30,3.32,poor,evening,-7.59,2026-02-05T13:30:00+05:30,64.81
2026-02-05,Venus,2026-02-05T19:00:00+05:30,-0.31,7.29,2026-02-05T19:00:00+05:30,-0.31,not visible,evening,-7.59,2026-02-05T13:00:00+05:30,63.62
2026-02-05,Mars,2026-02-05T06:30:00+05:30,-0.5,6.42,2026-02-05T06:30:00+05:30,-0.5,not visible,predawn,-5.63,2026-02-05T12:30:00+05:30,59.82
2026-02-05,Jupiter,2026-02-05T22:30:00+05:30,78.46,149.95,2026-02-05T22:30:00+05:30,78.46,excellent,overnight,-57.91,2026-02-05T22:30:00+05:30,78.46
2026-02-05,Saturn,2026-02-05T19:00:00+05:30,34.65,42.39,2026-02-05T19:00:00+05:30,34.65,good,evening,-7.59,2026-02-05T15:30:00+05:30,76.33
2026-02-05,Uranus,2026-02-05T19:00:00+05:30,81.76,100.71,2026-02-05T19:00:00+05:30,81.76,excellent,evening,-7.59,2026-02-05T19:00:00+05:30,81.76
2026-02-05,Neptune,2026-02-05T19:00:00+05:30,35.68,43.54,2026-02-05T19:00:00+05:30,35.68,good,evening,-7.59,2026-02-05T15:30:00+05:30,77.63
2026-02-06,Mercury,2026-02-06T19:00:00+05:30,4.11,11.64,2026-02-06T19:00:00+05:30,4.11,poor,evening,-7.52,2026-02-06T13:30:00+05:30,65.55
2026-02-06,Venus,2026-02-06T19:00:00+05:30,-0.0,7.53,2026-02-06T19:00:00+05:30,-0.0,not visible,evening,-7.52,2026-02-06T13:00:00+05:30,64.0
2026-02-06,Mars,2026-02-06T06:30:00+05:30,-0.28,6.64,2026-02-06T06:30:00+05:30,-0.28,not visible,predawn,-5.6,2026-02-06T12:30:00+05:30,60.01
2026-02-06,Jupiter,2026-02-06T22:30:00+05:30,78.54,148.84,2026-02-06T22:30:00+05:30,78.54,excellent,overnight,-57.91,2026-02-06T22:30:00+05:30,78.54
2026-02-06,Saturn,2026-02-06T19:00:00+05:30,33.8,41.48,2026-02-06T19:00:00+05:30,33.8,good,evening,-7.52,2026-02-06T15:30:00+05:30,76.25
2026-02-06,Uranus,2026-02-06T19:00:00+05:30,81.84,99.7,2026-02-06T19:00:00+05:30,81.84,excellent,evening,-7.52,2026-02-06T19:00:00+05:30,81.84
2026-02-06,Neptune,2026-02-06T19:00:00+05:30,34.76,42.55,2026-02-06T19:00:00+05:30,34.76,good,evening,-7.52,2026-02-06T15:30:00+05:30,77.56
2026-02-07,Mercury,2026-02-07T19:00:00+05:30,4.89,12.36,2026-02-07T19:00:00+05:30,4.89,poor,evening,-7.46,2026-02-07T13:30:00+05:30,66.3
2026-02-07,Venus,2026-02-07T19:00:00+05:30,0.3,7.76,2026-02-07T19:00:00+05:30,0.3,poor,evening,-7.46,2026-02-07T13:00:00+05:30,64.38
2026-02-07,Mars,2026-02-07T06:30:00+05:30,-0.06,6.87,2026-02-07T06:30:00+05:30,-0.06,not visible,predawn,-5.56,2026-02-07T12:00:00+05:30,60.2
2026-02-07,Jupiter,2026-02-07T22:30:00+05:30,78.53,147.73,2026-02-07T22:30:00+05:30,78.53,excellent,overnight,-57.92,2026-02-07T22:30:00+05:30,78.53
2026-02-07,Saturn,2026-02-07T19:00:00+05:30,32.95,40.58,2026-02-07T19:00:00+05:30,32.95,good,evening,-7.46,2026-02-07T15:30:00+05:30,76.13
2026-02-07,Uranus,2026-02-07T19:00:00+05:30,81.82,98.69,2026-02-07T19:00:00+05:30,81.82,excellent,evening,-7.46,2026-02-07T19:00:00+05:30,81.82
2026-02-07,Neptune,2026-02-07T19:00:00+05:30,33.83,41.57,2026-02-07T19:00:00+05:30,33.83,good,evening,-7.46,2026-02-07T15:30:00+05:30,77.42
2026-02-08,Mercury,2026-02-08T19:00:00+05:30,5.65,13.07,2026-02-08T19:00:00+05:30,5.65,poor,evening,-7.39,2026-02-08T13:30:00+05:30,67.04
2026-02-08,Venus,2026-02-08T19:00:00+05:30,0.61,8.0,2026-02-08T19:00:00+05:30,0.61,poor,evening,-7.39,2026-02-08T13:00:00+05:30,64.77
2026-02-08,Mars,2026-02-08T06:30:00+05:30,0.16,7.09,2026-02-08T06:30:00+05:30,0.16,poor,predawn,-5.51,2026-02-08T12:00:00+05:30,60.44
2026-02-08,Jupiter,2026-02-08T22:30:00+05:30,78.43,146.62,2026-02-08T22:30:00+05:30,78.43,excellent,overnight,-57.92,2026-02-08T22:30:00+05:30,78.43
2026-02-08,Saturn,2026-02-08T19:00:00+05:30,32.1,39.67,2026-02-08T19:00:00+05:30,32.1,good,evening,-7.39,2026-02-08T15:00:00+05:30,76.07
2026-02-08,Uranus,2026-02-08T19:00:00+05:30,81.68,97.68,2026-02-08T19:00:00+05:30,81.68,excellent,evening,-7.39,2026-02-08T19:00:00+05:30,81.68
2026-02-08,Neptune,2026-02-08T19:00:00+05:30,32.91,40.59,2026-02-08T19:00:00+05:30,32.91,good,evening,-7.39,2026-02-08T15:30:00+05:30,77.21
2026-02-09,Mercury,2026-02-09T19:00:00+05:30,6.39,13.77,2026-02-09T19:00:00+05:30,6.39,poor,evening,-7.33,2026-02-09T13:30:00+05:30,67.78
2026-02-09,Venus,2026-02-09T19:00:00+05:30,0.91,8.24,2026-02-09T19:00:00+05:30,0.91,poor,evening,-7.33,2026-02-09T13:00:00+05:30,65.17
2026-02-09,Mars,2026-02-09T06:30:00+05:30,0.39,7.32,2026-02-09T06:30:00+05:30,0.39,poor,predawn,-5.47,2026-02-09T12:00:00+05:30,60.68
2026-02-09,Jupiter,2026-02-09T22:30:00+05:30,78.24,145.52,2026-02-09T22:30:00+05:30,78.24,excellent,overnight,-57.93,2026-02-09T22:30:00+05:30,78.24
2026-02-09,Saturn,2026-02-09T19:00:00+05:30,31.26,38.77,2026-02-09T19:00:00+05:30,31.26,good,evening,-7.33,2026-02-09T15:00:00+05:30,76.31
2026-02-09,Uranus,2026-02-09T19:00:00+05:30,81.44,96.67,2026-02-09T19:00:00+05:30,81.44,excellent,evening,-7.33,2026-02-09T19:00:00+05:30,81.44
2026-02-09,Neptune,2026-02-09T19:00:00+05:30,31.98,39.61,2026-02-09T19:00:00+05:30,31.98,good,evening,-7.33,2026-02-09T15:00:00+05:30,77.31
2026-02-10,Mercury,2026-02-10T19:00:00+05:30,7.1,14.44,2026-02-10T19:00:00+05:30,7.1,poor,evening,-7.27,2026-02-10T13:30:00+05:30,68.51
2026-02-10,Venus,2026-02-10T19:00:00+05:30,1.2,8.48,2026-02-10T19:00:00+05:30,1.2,poor,evening,-7.27,2026-02-10T13:30:00+05:30,65.59
2026-02-10,Mars,2026-02-10T06:30:00+05:30,0.61,7.54,2026-02-10T06:30:00+05:30,0.61,poor,predawn,-5.41,2026-02-10T12:00:00+05:30,60.92
2026-02-10,Jupiter,2026-02-10T22:00:00+05:30,77.96,144.44,2026-02-10T22:00:00+05:30,77.96,excellent,overnight,-50.67,2026-02-10T22:00:00+05:30,77.96
2026-02-10,Saturn,2026-02-10T19:00:00+05:30,30.41,37.86,2026-02-10T19:00:00+05:30,30.41,good,evening,-7.27,2026-02-10T15:00:00+05:30,76.49
2026-02-10,Uranus,2026-02-10T19:00:00+05:30,81.11,95.66,2026-02-10T19:00:00+05:30,81.11,excellent,evening,-7.27,2026-02-10T19:00:00+05:30,81.11
2026-02-10,Neptune,2026-02-10T19:00:00+05:30,31.06,38.63,2026-02-10T19:00:00+05:30,31.06,good,evening,-7.27,2026-02-10T15:00:00+05:30,77.52
2026-02-11,Mercury,2026-02-11T19:00:00+05:30,7.77,15.08,2026-02-11T19:00:00+05:30,7.77,poor,evening,-7.21,2026-02-11T13:30:00+05:30,69.24
2026-02-11,Venus,2026-02-11T19:00:00+05:30,1.5,8.71,2026-02-11T19:00:00+05:30,1.5,poor,evening,-7.21,2026-02-11T13:30:00+05:30,66.05
2026-02-11,Mars,2026-02-11T06:30:00+05:30,0.84,7.77,2026-02-11T06:30:00+05:30,0.84,poor,predawn,-5.36,2026-02-11T12:00:00+05:30,61.17
2026-02-11,Jupiter,2026-02-11T22:00:00+05:30,78.21,143.34,2026-02-11T22:00:00+05:30,78.21,excellent,overnight,-50.66,2026-02-11T22:00:00+05:30,78.21
2026-02-11,Saturn,2026-02-11T19:00:00+05:30,29.56,36.96,2026-02-11T19:00:00+05:30,29.56,good,evening,-7.21,2026-02-11T15:00:00+05:30,76.62
2026-02-11,Uranus,2026-02-11T19:00:00+05:30,80.69,94.66,2026-02-11T19:00:00+05:30,80.69,excellent,evening,-7.21,2026-02-11T18:30:00+05:30,81.39
2026-02-11,Neptune,2026-02-11T19:00:00+05:30,30.13,37.65,2026-02-11T19:00:00+05:30,30.13,good,evening,-7.21,2026-02-11T15:00:00+05:30,77.66
2026-02-12,Mercury,2026-02-12T19:00:00+05:30,8.39,15.69,2026-02-12T19:00:00+05:30,8.39,poor,evening,-7.16,2026-02-12T13:30:00+05:30,69.95
2026-02-12,Venus,2026-02-12T19:00:00+05:30,1.79,8.95,2026-02-12T19:00:00+05:30,1.79,poor,evening,-7.16,2026-02-12T13:30:00+05:30,66.53
2026-02-12,Mars,2026-02-12T06:30:00+05:30,1.08,7.99,2026-02-12T06:30:00+05:30,1.08,poor,predawn,-5.3,2026-02-12T12:00:00+05:30,61.42
2026-02-12,Jupiter,2026-02-12T22:00:00+05:30,78.38,142.24,2026-02-12T22:00:00+05:30,78.38,excellent,overnight,-50.66,2026-02-12T22:00:00+05:30,78.38
2026-02-12,Saturn,2026-02-12T19:00:00+05:30,28.71,36.06,2026-02-12T19:00:00+05:30,28.71,good,evening,-7.16,2026-02-12T15:00:00+05:30,76.7
2026-02-12,Uranus,2026-02-12T19:00:00+05:30,80.2,93.65,2026-02-12T19:00:00+05:30,80.2,excellent,evening,-7.16,2026-02-12T18:30:00+05:30,81.64
2026-02-12,Neptune,2026-02-12T19:00:00+05:30,29.2,36.67,2026-02-12T19:00:00+05:30,29.2,good,evening,-7.16,2026-02-12T15:00:00+05:30,77.73
2026-02-13,Mercury,2026-02-13T19:00:00+05:30,8.96,16.25,2026-02-13T19:00:00+05:30,8.96,poor,evening,-7.11,2026-02-13T13:30:00+05:30,70.66
2026-02-13,Venus,2026-02-13T19:00:00+05:30,2.09,9.19,2026-02-13T19:00:00+05:30,2.09,poor,evening,-7.11,2026-02-13T13:30:00+05:30,67.0
2026-02-13,Mars,2026-02-13T06:30:00+05:30,1.31,8.22,2026-02-13T06:30:00+05:30,1.31,poor,predawn,-5.24,2026-02-13T12:00:00+05:30,61.67
2026-02-13,Jupiter,2026-02-13T22:00:00+05:30,78.46,141.15,2026-02-13T22:00:00+05:30,78.46,excellent,overnight,-50.65,2026-02-13T22:00:00+05:30,78.46
2026-02-13,Saturn,2026-02-13T19:00:00+05:30,27.86,35.16,2026-02-13T19:00:00+05:30,27.86,good,evening,-7.11,2026-02-13T15:00:00+05:30,76.71
2026-02-13,Uranus,2026-02-13T19:00:00+05:30,79.65,92.65,2026-02-13T19:00:00+05:30,79.65,excellent,evening,-7.11,2026-02-13T18:30:00+05:30,81.79
2026-02-13,Neptune,2026-02-13T19:00:00+05:30,28.28,35.69,2026-02-13T19:00:00+05:30,28.28,good,evening,-7.11,2026-02-13T15:00:00+05:30,77.72
2026-02-14,Mercury,2026-02-14T19:00:00+05:30,9.47,16.76,2026-02-14T19:00:00+05:30,9.47,poor,evening,-7.06,2026-02-14T13:30:00+05:30,71.36
2026-02-14,Venus,2026-02-14T19:00:00+05:30,2.37,9.43,2026-02-14T19:00:00+05:30,2.37,poor,evening,-7.06,2026-02-14T13:30:00+05:30,67.48
2026-02-14,Mars,2026-02-14T06:30:00+05:30,1.55,8.44,2026-02-14T06:30:00+05:30,1.55,poor,predawn,-5.17,2026-02-14T12:00:00+05:30,61.92
2026-02-14,Jupiter,2026-02-14T22:00:00+05:30,78.45,140.06,2026-02-14T22:00:00+05:30,78.45,excellent,overnight,-50.65,2026-02-14T22:00:00+05:30,78.45
2026-02-14,Saturn,2026-02-14T19:00:00+05:30,27.01,34.26,2026-02-14T19:00:00+05:30,27.01,good,evening,-7.06,2026-02-14T15:00:00+05:30,76.66
2026-02-14,Uranus,2026-02-14T19:00:00+05:30,79.04,91.65,2026-02-14T19:00:00+05:30,79.04,excellent,evening,-7.06,2026-02-14T18:30:00+05:30,81.84
2026-02-14,Neptune,2026-02-14T19:00:00+05:30,27.35,34.71,2026-02-14T19:00:00+05:30,27.35,good,evening,-7.06,2026-02-14T15:00:00+05:30,77.64
2026-02-15,Mercury,2026-02-15T19:00:00+05:30,9.91,17.2,2026-02-15T19:00:00+05:30,9.91,poor,evening,-7.01,2026-02-15T14:00:00+05:30,72.11
2026-02-15,Venus,2026-02-15T19:00:00+05:30,2.66,9.67,2026-02-15T19:00:00+05:30,2.66,poor,evening,-7.01,2026-02-15T13:30:00+05:30,67.96
2026-02-15,Mars,2026-02-15T06:30:00+05:30,1.79,8.66,2026-02-15T06:30:00+05:30,1.79,poor,predawn,-5.1,2026-02-15T12:00:00+05:30,62.17
2026-02-15,Jupiter,2026-02-15T22:00:00+05:30,78.35,138.97,2026-02-15T22:00:00+05:30,78.35,excellent,overnight,-50.65,2026-02-15T22:00:00+05:30,78.35
2026-02-15,Saturn,2026-02-15T19:00:00+05:30,26.16,33.36,2026-02-15T19:00:00+05:30,26.16,good,evening,-7.01,2026-02-15T15:00:00+05:30,76.56
2026-02-15,Uranus,2026-02-15T19:00:00+05:30,78.39,90.65,2026-02-15T19:00:00+05:30,78.39,excellent,evening,-7.01,2026-02-15T18:30:00+05:30,81.77
2026-02-15,Neptune,2026-02-15T19:00:00+05:30,26.42,33.73,2026-02-15T19:00:00+05:30,26.42,good,evening,-7.01,2026-02-15T15:00:00+05:30,77.49
2026-02-16,Mercury,2026-02-16T19:00:00+05:30,10.27,17.57,2026-02-16T19:00:00+05:30,10.27,poor,evening,-6.96,2026-02-16T14:00:00+05:30,72.88
2026-02-16,Venus,2026-02-16T19:00:00+05:30,2.94,9.91,2026-02-16T19:00:00+05:30,2.94,poor,evening,-6.96,2026-02-16T13:30:00+05:30,68.45
2026-02-16,Mars,2026-02-16T06:30:00+05:30,2.04,8.88,2026-02-16T06:30:00+05:30,2.04,poor,predawn,-5.02,2026-02-16T12:00:00+05:30,62.43
2026-02-16,Jupiter,2026-02-16T22:00:00+05:30,78.16,137.89,2026-02-16T22:00:00+05:30,78.16,excellent,overnight,-50.64,2026-02-16T22:00:00+05:30,78.16
2026-02-16,Saturn,2026-02-16T19:00:00+05:30,25.32,32.46,2026-02-16T19:00:00+05:30,25.32,good,evening,-6.96,2026-02-16T15:00:00+05:30,76.4
2026-02-16,Uranus,2026-02-16T19:00:00+05:30,77.7,89.65,2026-02-16T19:00:00+05:30,77.7,excellent,evening,-6.96,2026-02-16T18:30:00+05:30,81.6
2026-02-16,Neptune,2026-02-16T19:00:00+05:30,25.49,32.76,2026-02-16T19:00:00+05:30,25.49,good,evening,-6.96,2026-02-16T15:00:00+05:30,77.27
2026-02-17,Mercury,2026-02-17T19:00:00+05:30,10.53,17.86,2026-02-17T19:00:00+05:30,10.53,poor,evening,-6.91,2026-02-17T14:00:00+05:30,73.62
2026-02-17,Venus,2026-02-17T19:00:00+05:30,3.22,10.14,2026-02-17T19:00:00+05:30,3.22,poor,evening,-6.91,2026-02-17T13:30:00+05:30,68.93
2026-02-17,Mars,2026-02-17T06:30:00+05:30,2.28,9.11,2026-02-17T06:30:00+05:30,2.28,poor,predawn,-4.95,2026-02-17T12:00:00+05:30,62.69
2026-02-17,Jupiter,2026-02-17T22:00:00+05:30,77.89,136.81,2026-02-17T22:00:00+05:30,77.89,excellent,overnight,-50.64,2026-02-17T22:00:00+05:30,77.89
2026-02-17,Saturn,2026-02-17T19:00:00+05:30,24.47,31.57,2026-02-17T19:00:00+05:30,24.47,fair,evening,-6.91,2026-02-17T14:30:00+05:30,76.57
2026-02-17,Uranus,2026-02-17T19:00:00+05:30,76.99,88.65,2026-02-17T19:00:00+05:30,76.99,excellent,evening,-6.91,2026-02-17T18:30:00+05:30,81.33
2026-02-17,Neptune,2026-02-17T19:00:00+05:30,24.57,31.78,2026-02-17T19:00:00+05:30,24.57,fair,evening,-6.91,2026-02-17T14:30:00+05:30,77.44
2026-02-18,Mercury,2026-02-18T19:00:00+05:30,10.69,18.04,2026-02-18T19:00:00+05:30,10.69,poor,evening,-6.87,2026-02-18T14:00:00+05:30,74.3
2026-02-18,Venus,2026-02-18T19:00:00+05:30,3.5,10.38,2026-02-18T19:00:00+05:30,3.5,poor,evening,-6.87,2026-02-18T13:30:00+05:30,69.43
2026-02-18,Mars,2026-02-18T06:30:00+05:30,2.53,9.33,2026-02-18T06:30:00+05:30,2.53,poor,predawn,-4.86,2026-02-18T12:00:00+05:30,62.95
2026-02-18,Jupiter,2026-02-18T21:30:00+05:30,78.13,135.76,2026-02-18T21:30:00+05:30,78.13,excellent,evening,-43.31,2026-02-18T21:30:00+05:30,78.13
2026-02-18,Saturn,2026-02-18T19:00:00+05:30,23.62,30.68,2026-02-18T19:00:00+05:30,23.62,fair,evening,-6.87,2026-02-18T14:30:00+05:30,76.79
2026-02-18,Uranus,2026-02-18T19:00:00+05:30,76.24,87.65,2026-02-18T19:00:00+05:30,76.24,excellent,evening,-6.87,2026-02-18T18:00:00+05:30,81.14
2026-02-18,Neptune,2026-02-18T19:00:00+05:30,23.64,30.81,2026-02-18T19:00:00+05:30,23.64,fair,evening,-6.87,2026-02-18T14:30:00+05:30,77.65
2026-02-19,Mercury,2026-02-19T19:00:00+05:30,10.74,18.12,2026-02-19T19:00:00+05:30,10.74,poor,evening,-6.83,2026-02-19T14:00:00+05:30,74.93
2026-02-19,Venus,2026-02-19T19:00:00+05:30,3.78,10.62,2026-02-19T19:00:00+05:30,3.78,poor,evening,-6.83,2026-02-19T13:30:00+05:30,69.92
2026-02-19,Mars,2026-02-19T06:30:00+05:30,2.78,9.55,2026-02-19T06:30:00+05:30,2.78,poor,predawn,-4.78,2026-02-19T12:00:00+05:30,63.21
2026-02-19,Jupiter,2026-02-19T21:30:00+05:30,78.3,134.68,2026-02-19T21:30:00+05:30,78.3,excellent,evening,-43.3,2026-02-19T21:30:00+05:30,78.3
2026-02-19,Saturn,2026-02-19T19:00:00+05:30,22.77,29.78,2026-02-19T19:00:00+05:30,22.77,fair,evening,-6.83,2026-02-19T14:30:00+05:30,76.95
2026-02-19,Uranus,2026-02-19T19:00:00+05:30,75.48,86.65,2026-02-19T19:00:00+05:30,75.48,excellent,evening,-6.83,2026-02-19T18:00:00+05:30,81.45
2026-02-19,Neptune,2026-02-19T19:00:00+05:30,22.71,29.83,2026-02-19T19:00:00+05:30,22.71,fair,evening,-6.83,2026-02-19T14:30:00+05:30,77.78
2026-02-20,Mercury,2026-02-20T19:00:00+05:30,10.66,18.08,2026-02-20T19:00:00+05:30,10.66,poor,evening,-6.79,2026-02-20T14:00:00+05:30,75.49
2026-02-20,Venus,2026-02-20T19:00:00+05:30,4.05,10.86,2026-02-20T19:00:00+05:30,4.05,poor,evening,-6.79,2026-02-20T13:30:00+05:30,70.42
2026-02-20,Mars,2026-02-20T06:30:00+05:30,3.04,9.77,2026-02-20T06:30:00+05:30,3.04,poor,predawn,-4.69,2026-02-20T12:00:00+05:30,63.47
2026-02-20,Jupiter,2026-02-20T21:30:00+05:30,78.39,133.61,2026-02-20T21:30:00+05:30,78.39,excellent,evening,-43.29,2026-02-20T21:30:00+05:30,78.39
2026-02-20,Saturn,2026-02-20T19:00:00+05:30,21.92,28.89,2026-02-20T19:00:00+05:30,21.92,fair,evening,-6.79,2026-02-20T14:30:00+05:30,77.05
2026-02-20,Uranus,2026-02-20T19:00:00+05:30,74.69,85.66,2026-02-20T19:00:00+05:30,74.69,excellent,evening,-6.79,2026-02-20T18:00:00+05:30,81.67
2026-02-20,Neptune,2026-02-20T19:00:00+05:30,21.78,28.86,2026-02-20T19:00:00+05:30,21.78,fair,evening,-6.79,2026-02-20T14:30:00+05:30,77.84
2026-02-21,Mercury,2026-02-21T19:00:00+05:30,10.45,17.91,2026-02-21T19:00:00+05:30,10.45,poor,evening,-6.76,2026-02-21T13:30:00+05:30,75.98
2026-02-21,Venus,2026-02-21T19:00:00+05:30,4.33,11.1,2026-02-21T19:00:00+05:30,4.33,poor,evening,-6.76,2026-02-21T13:30:00+05:30,70.91
2026-02-21,Mars,2026-02-21T06:30:00+05:30,3.29,9.99,2026-02-21T06:30:00+05:30,3.29,poor,predawn,-4.6,2026-02-21T12:00:00+05:30,63.73
2026-02-21,Jupiter,2026-02-21T21:30:00+05:30,78.39,132.55,2026-02-21T21:30:00+05:30,78.39,excellent,evening,-43.29,2026-02-21T21:30:00+05:30,78.39
2026-02-21,Saturn,2026-02-21T19:00:00+05:30,21.07,28.0,2026-02-21T19:00:00+05:30,21.07,fair,evening,-6.76,2026-02-21T14:30:00+05:30,77.1
2026-02-21,Uranus,2026-02-21T19:00:00+05:30,73.89,84.67,2026-02-21T19:00:00+05:30,73.89,excellent,evening,-6.76,2026-02-21T18:00:00+05:30,81.79
2026-02-21,Neptune,2026-02-21T19:00:00+05:30,20.85,27.89,2026-02-21T19:00:00+05:30,20.85,fair,evening,-6.76,2026-02-21T14:30:00+05:30,77.82
2026-02-22,Mercury,2026-02-22T19:00:00+05:30,10.09,17.6,2026-02-22T19:00:00+05:30,10.09,poor,evening,-6.72,2026-02-22T13:30:00+05:30,76.59
2026-02-22,Venus,2026-02-22T19:00:00+05:30,4.59,11.34,2026-02-22T19:00:00+05:30,4.59,poor,evening,-6.72,2026-02-22T13:30:00+05:30,71.42
2026-02-22,Mars,2026-02-22T06:30:00+05:30,3.55,10.2,2026-02-22T06:30:00+05:30,3.55,poor,predawn,-4.5,2026-02-22T12:00:00+05:30,64.0
2026-02-22,Jupiter,2026-02-22T21:30:00+05:30,78.3,131.49,2026-02-22T21:30:00+05:30,78.3,excellent,evening,-43.28,2026-02-22T21:30:00+05:30,78.3
2026-02-22,Saturn,2026-02-22T19:00:00+05:30,20.23,27.11,2026-02-22T19:00:00+05:30,20.23,fair,evening,-6.72,2026-02-22T14:30:00+05:30,77.08
2026-02-22,Uranus,2026-02-22T19:00:00+05:30,73.08,83.68,2026-02-22T19:00:00+05:30,73.08,excellent,evening,-6.72,2026-02-22T18:00:00+05:30,81.8
2026-02-22,Neptune,2026-02-22T19:00:00+05:30,19.92,26.91,2026-02-22T19:00:00+05:30,19.92,fair,evening,-6.72,2026-02-22T14:30:00+05:30,77.73
2026-02-23,Mercury,2026-02-23T19:00:00+05:30,9.59,17.15,2026-02-23T19:00:00+05:30,9.59,poor,evening,-6.69,2026-02-23T13:30:00+05:30,77.16
2026-02-23,Venus,2026-02-23T19:00:00+05:30,4.86,11.58,2026-02-23T19:00:00+05:30,4.86,poor,evening,-6.69,2026-02-23T13:30:00+05:30,71.92
2026-02-23,Mars,2026-02-23T06:30:00+05:30,3.81,10.42,2026-02-23T06:30:00+05:30,3.81,poor,predawn,-4.4,2026-02-23T12:00:00+05:30,64.26
2026-02-23,Jupiter,2026-02-23T21:30:00+05:30,78.14,130.43,2026-02-23T21:30:00+05:30,78.14,excellent,evening,-43.27,2026-02-23T21:30:00+05:30,78.14
2026-02-23,Saturn,2026-02-23T19:00:00+05:30,19.38,26.22,2026-02-23T19:00:00+05:30,19.38,fair,evening,-6.69,2026-02-23T14:30:00+05:30,77.01
2026-02-23,Uranus,2026-02-23T19:00:00+05:30,72.26,82.68,2026-02-23T19:00:00+05:30,72.26,excellent,evening,-6.69,2026-02-23T18:00:00+05:30,81.71
2026-02-23,Neptune,2026-02-23T19:00:00+05:30,18.99,25.94,2026-02-23T19:00:00+05:30,18.99,fair,evening,-6.69,2026-02-23T14:30:00+05:30,77.57
2026-02-24,Mercury,2026-02-24T19:00:00+05:30,8.93,16.54,2026-02-24T19:00:00+05:30,8.93,poor,evening,-6.66,2026-02-24T13:30:00+05:30,77.66
2026-02-24,Venus,2026-02-24T19:00:00+05:30,5.13,11.82,2026-02-24T19:00:00+05:30,5.13,poor,evening,-6.66,2026-02-24T13:30:00+05:30,72.42
2026-02-24,Mars,2026-02-24T06:30:00+05:30,4.08,10.64,2026-02-24T06:30:00+05:30,4.08,poor,predawn,-4.3,2026-02-24T12:00:00+05:30,64.53
2026-02-24,Jupiter,2026-02-24T21:30:00+05:30,77.89,129.37,2026-02-24T21:30:00+05:30,77.89,excellent,evening,-43.27,2026-02-24T21:30:00+05:30,77.89
2026-02-24,Saturn,2026-02-24T19:00:00+05:30,18.53,25.34,2026-02-24T19:00:00+05:30,18.53,fair,evening,-6.66,2026-02-24T14:30:00+05:30,76.88
2026-02-24,Uranus,2026-02-24T19:00:00+05:30,71.43,81.7,2026-02-24T19:00:00+05:30,71.43,excellent,evening,-6.66,2026-02-24T18:00:00+05:30,81.52
2026-02-24,Neptune,2026-02-24T19:00:00+05:30,18.06,24.97,2026-02-24T19:00:00+05:30,18.06,fair,evening,-6.66,2026-02-24T14:30:00+05:30,77.34
2026-02-25,Mercury,2026-02-25T19:00:00+05:30,8.11,15.78,2026-02-25T19:00:00+05:30,8.11,poor,evening,-6.63,2026-02-25T13:30:00+05:30,78.08
2026-02-25,Venus,2026-02-25T19:00:00+05:30,5.39,12.06,2026-02-25T19:00:00+05:30,5.39,poor,evening,-6.63,2026-02-25T13:30:00+05:30,72.93
2026-02-25,Mars,2026-02-25T06:30:00+05:30,4.35,10.86,2026-02-25T06:30:00+05:30,4.35,poor,predawn,-4.19,2026-02-25T12:00:00+05:30,64.8
2026-02-25,Jupiter,2026-02-25T21:00:00+05:30,78.04,128.34,2026-02-25T21:00:00+05:30,78.04,excellent,evening,-35.91,2026-02-25T21:00:00+05:30,78.04
2026-02-25,Saturn,2026-02-25T19:00:00+05:30,17.68,24.45,2026-02-25T19:00:00+05:30,17.68,fair,evening,-6.63,2026-02-25T14:00:00+05:30,76.82
2026-02-25,Uranus,2026-02-25T19:00:00+05:30,70.59,80.71,2026-02-25T19:00:00+05:30,70.59,excellent,evening,-6.63,2026-02-25T18:00:00+05:30,81.23
2026-02-25,Neptune,2026-02-25T19:00:00+05:30,17.14,24.0,2026-02-25T19:00:00+05:30,17.14,fair,evening,-6.63,2026-02-25T14:00:00+05:30,77.58
2026-02-26,Mercury,2026-02-26T19:00:00+05:30,7.14,14.87,2026-02-26T19:00:00+05:30,7.14,poor,evening,-6.6,2026-02-26T13:30:00+05:30,78.36
2026-02-26,Venus,2026-02-26T19:00:00+05:30,5.65,12.29,2026-02-26T19:00:00+05:30,5.65,poor,evening,-6.6,2026-02-26T13:30:00+05:30,73.44
2026-02-26,Mars,2026-02-26T06:30:00+05:30,4.61,11.07,2026-02-26T06:30:00+05:30,4.61,poor,predawn,-4.09,2026-02-26T12:00:00+05:30,65.06
2026-02-26,Jupiter,2026-02-26T21:00:00+05:30,78.22,127.29,2026-02-26T21:00:00+05:30,78.22,excellent,evening,-35.9,2026-02-26T21:00:00+05:30,78.22
2026-02-26,Saturn,2026-02-26T19:00:00+05:30,16.84,23.57,2026-02-26T19:00:00+05:30,16.84,fair,evening,-6.6,2026-02-26T14:00:00+05:30,77.07
2026-02-26,Uranus,2026-02-26T19:00:00+05:30,69.74,79.72,2026-02-26T19:00:00+05:30,69.74,excellent,evening,-6.6,2026-02-26T17:30:00+05:30,81.19
2026-02-26,Neptune,2026-02-26T19:00:00+05:30,16.21,23.04,2026-02-26T19:00:00+05:30,16.21,fair,evening,-6.6,2026-02-26T14:00:00+05:30,77.77
2026-02-27,Mercury,2026-02-27T19:00:00+05:30,6.01,13.8,2026-02-27T19:00:00+05:30,6.01,poor,evening,-6.57,2026-02-27T13:30:00+05:30,78.47
2026-02-27,Venus,2026-02-27T19:00:00+05:30,5.91,12.53,2026-02-27T19:00:00+05:30,5.91,poor,evening,-6.57,2026-02-27T13:30:00+05:30,73.95
2026-02-27,Mars,2026-02-27T06:00:00+05:30,-2.26,11.29,2026-02-27T06:00:00+05:30,-2.26,not visible,predawn,-11.28,2026-02-27T12:00:00+05:30,65.33
2026-02-27,Jupiter,2026-02-27T21:00:00+05:30,78.33,126.25,2026-02-27T21:00:00+05:30,78.33,excellent,evening,-35.89,2026-02-27T21:00:00+05:30,78.33
2026-02-27,Saturn,2026-02-27T19:00:00+05:30,15.99,22.69,2026-02-27T19:00:00+05:30,15.99,fair,evening,-6.57,2026-02-27T14:00:00+05:30,77.27
2026-02-27,Uranus,2026-02-27T19:00:00+05:30,68.88,78.74,2026-02-27T19:00:00+05:30,68.88,excellent,evening,-6.57,2026-02-27T17:30:00+05:30,81.48
2026-02-27,Neptune,2026-02-27T19:00:00+05:30,15.28,22.07,2026-02-27T19:00:00+05:30,15.28,fair,evening,-6.57,2026-02-27T14:00:00+05:30,77.9
2026-02-28,Mercury,2026-02-28T19:00:00+05:30,4.72,12.59,2026-02-28T19:00:00+05:30,4.72,poor,evening,-6.55,2026-02-28T13:30:00+05:30,78.35
2026-02-28,Venus,2026-02-28T19:00:00+05:30,6.17,12.77,2026-02-28T19:00:00+05:30,6.17,poor,evening,-6.55,2026-02-28T13:30:00+05:30,74.46
2026-02-28,Mars,2026-02-28T06:00:00+05:30,-1.99,11.5,2026-02-28T06:00:00+05:30,-1.99,not visible,predawn,-11.17,2026-02-28T12:00:00+05:30,65.6
2026-02-28,Jupiter,2026-02-28T21:00:00+05:30,78.35,125.21,2026-02-28T21:00:00+05:30,78.35,excellent,evening,-35.89,2026-02-28T21:00:00+05:30,78.35
2026-02-28,Saturn,2026-02-28T19:00:00+05:30,15.14,21.8,2026-02-28T19:00:00+05:30,15.14,fair,evening,-6.55,2026-02-28T14:00:00+05:30,77.41
2026-02-28,Uranus,2026-02-28T19:00:00+05:30,68.02,77.75,2026-02-28T19:00:00+05:30,68.02,excellent,evening,-6.55,2026-02-28T17:30:00+05:30,81.67
2026-02-28,Neptune,2026-02-28T19:00:00+05:30,14.35,21.1,2026-02-28T19:00:00+05:30,14.35,poor,evening,-6.55,2026-02-28T14:00:00+05:30,77.95
2026-03-01,Mercury,2026-03-01T19:00:00+05:30,3.3,11.25,2026-03-01T19:00:00+05:30,3.3,poor,evening,-6.53,2026-03-01T13:30:00+05:30,77.98
2026-03-01,Venus,2026-03-01T19:00:00+05:30,6.42,13.01,2026-03-01T19:00:00+05:30,6.42,poor,evening,-6.53,2026-03-01T13:30:00+05:30,74.97
2026-03-01,Mars,2026-03-01T06:00:00+05:30,-1.72,11.72,2026-03-01T06:00:00+05:30,-1.72,not visible,predawn,-11.06,2026-03-01T12:00:00+05:30,65.86
2026-03-01,Jupiter,2026-03-01T21:00:00+05:30,78.29,124.17,2026-03-01T21:00:00+05:30,78.29,excellent,evening,-35.88,2026-03-01T21:00:00+05:30,78.29
2026-03-01,Saturn,2026-03-01T19:00:00+05:30,14.29,20.92,2026-03-01T19:00:00+05:30,14.29,poor,evening,-6.53,2026-03-01T14:00:00+05:30,77.49
2026-03-01,Uranus,2026-03-01T19:00:00+05:30,67.16,76.77,2026-03-01T19:00:00+05:30,67.16,excellent,evening,-6.53,2026-03-01T17:30:00+05:30,81.77
2026-03-01,Neptune,2026-03-01T19:00:00+05:30,13.42,20.14,2026-03-01T19:00:00+05:30,13.42,poor,evening,-6.53,2026-03-01T14:00:00+05:30,77.93
2026-03-02,Mercury,2026-03-02T19:00:00+05:30,1.74,9.8,2026-03-02T19:00:00+05:30,1.74,poor,evening,-6.51,2026-03-02T13:00:00+05:30,78.27
2026-03-02,Venus,2026-03-02T19:00:00+05:30,6.68,13.25,2026-03-02T19:00:00+05:30,6.68,poor,evening,-6.51,2026-03-02T13:30:00+05:30,75.48
2026-03-02,Mars,2026-03-02T06:00:00+05:30,-1.45,11.93,2026-03-02T06:00:00+05:30,-1.45,not visible,predawn,-10.94,2026-03-02T12:00:00+05:30,66.13
2026-03-02,Jupiter,2026-03-02T21:00:00+05:30,78.16,123.14,2026-03-02T21:00:00+05:30,78.16,excellent,evening,-35.87,2026-03-02T21:00:00+05:30,78.16
2026-03-02,Saturn,2026-03-02T19:00:00+05:30,13.45,20.05,2026-03-02T19:00:00+05:30,13.45,poor,evening,-6.51,2026-03-02T14:00:00+05:30,77.51
2026-03-02,Uranus,2026-03-02T19:00:00+05:30,66.29,75.79,2026-03-02T19:00:00+05:30,66.29,excellent,evening,-6.51,2026-03-02T17:30:00+05:30,81.76
2026-03-02,Neptune,2026-03-02T19:00:00+05:30,12.49,19.17,2026-03-02T19:00:00+05:30,12.49,poor,evening,-6.51,2026-03-02T14:00:00+05:30,77.83
2026-03-03,Mercury,2026-03-03T19:00:00+05:30,0.07,8.27,2026-03-03T19:00:00+05:30,0.07,poor,evening,-6.49,2026-03-03T13:00:00+05:30,78.3
2026-03-03,Venus,2026-03-03T19:00:00+05:30,6.93,13.49,2026-03-03T19:00:00+05:30,6.93,poor,evening,-6.49,2026-03-03T13:30:00+05:30,75.99
2026-03-03,Mars,2026-03-03T06:00:00+05:30,-1.17,12.15,2026-03-03T06:00:00+05:30,-1.17,not visible,predawn,-10.82,2026-03-03T12:00:00+05:30,66.4
2026-03-03,Jupiter,2026-03-03T21:00:00+05:30,77.95,122.11,2026-03-03T21:00:00+05:30,77.95,excellent,evening,-35.86,2026-03-03T21:00:00+05:30,77.95
2026-03-03,Saturn,2026-03-03T19:00:00+05:30,12.6,19.17,2026-03-03T19:00:00+05:30,12.6,poor,evening,-6.49,2026-03-03T14:00:00+05:30,77.47
2026-03-03,Uranus,2026-03-03T19:00:00+05:30,65.42,74.81,2026-03-03T19:00:00+05:30,65.42,excellent,evening,-6.49,2026-03-03T17:30:00+05:30,81.64
2026-03-03,Neptune,2026-03-03T19:00:00+05:30,11.56,18.21,2026-03-03T19:00:00+05:30,11.56,poor,evening,-6.49,2026-03-03T14:00:00+05:30,77.66
2026-03-04,Mercury,2026-03-04T19:00:00+05:30,-1.7,6.72,2026-03-04T19:00:00+05:30,-1.7,not visible,evening,-6.47,2026-03-04T13:00:00+05:30,78.02
2026-03-04,Venus,2026-03-04T19:00:00+05:30,7.18,13.73,2026-03-04T19:00:00+05:30,7.18,poor,evening,-6.47,2026-03-04T13:30:00+05:30,76.5
2026-03-04,Mars,2026-03-04T06:00:00+05:30,-0.89,12.36,2026-03-04T06:00:00+05:30,-0.89,not visible,predawn,-10.7,2026-03-04T12:00:00+05:30,66.66
2026-03-04,Jupiter,2026-03-04T20:30:00+05:30,77.91,121.11,2026-03-04T20:30:00+05:30,77.91,excellent,evening,-28.5,2026-03-04T20:30:00+05:30,77.91
2026-03-04,Saturn,2026-03-04T19:00:00+05:30,11.75,18.29,2026-03-04T19:00:00+05:30,11.75,poor,evening,-6.47,2026-03-04T14:00:00+05:30,77.36
2026-03-04,Uranus,2026-03-04T19:00:00+05:30,64.55,73.83,2026-03-04T19:00:00+05:30,64.55,excellent,evening,-6.47,2026-03-04T17:30:00+05:30,81.43
2026-03-04,Neptune,2026-03-04T19:00:00+05:30,10.63,17.24,2026-03-04T19:00:00+05:30,10.63,poor,evening,-6.47,2026-03-04T13:30:00+05:30,77.45
2026-03-05,Mercury,2026-03-05T19:00:00+05:30,-3.54,5.25,2026-03-05T19:00:00+05:30,-3.54,not visible,evening,-6.45,2026-03-05T13:00:00+05:30,77.42
2026-03-05,Venus,2026-03-05T19:00:00+05:30,7.43,13.98,2026-03-05T19:00:00+05:30,7.43,poor,evening,-6.45,2026-03-05T13:30:00+05:30,77.01
2026-03-05,Mars,2026-03-05T06:00:00+05:30,-0.61,12.57,2026-03-05T06:00:00+05:30,-0.61,not visible,predawn,-10.58,2026-03-05T12:00:00+05:30,66.93
2026-03-05,Jupiter,2026-03-05T20:30:00+05:30,78.13,120.09,2026-03-05T20:30:00+05:30,78.13,excellent,evening,-28.49,2026-03-05T20:30:00+05:30,78.13
2026-03-05,Saturn,2026-03-05T19:00:00+05:30,10.91,17.42,2026-03-05T19:00:00+05:30,10.91,poor,evening,-6.45,2026-03-05T14:00:00+05:30,77.2
2026-03-05,Uranus,2026-03-05T19:00:00+05:30,63.67,72.86,2026-03-05T19:00:00+05:30,63.67,excellent,evening,-6.45,2026-03-05T17:30:00+05:30,81.12
2026-03-05,Neptune,2026-03-05T19:00:00+05:30,9.7,16.28,2026-03-05T19:00:00+05:30,9.7,poor,evening,-6.45,2026-03-05T13:30:00+05:30,77.71
2026-03-06,Mercury,2026-03-06T19:00:00+05:30,-5.44,4.09,2026-03-06T19:00:00+05:30,-5.44,not visible,evening,-6.44,2026-03-06T12:30:00+05:30,77.11
2026-03-06,Venus,2026-03-06T19:00:00+05:30,7.68,14.22,2026-03-06T19:00:00+05:30,7.68,poor,evening,-6.44,2026-03-06T13:30:00+05:30,77.51
2026-03-06,Mars,2026-03-06T06:00:00+05:30,-0.33,12.78,2026-03-06T06:00:00+05:30,-0.33,not visible,predawn,-10.46,2026-03-06T12:00:00+05:30,67.19
2026-03-06,Jupiter,2026-03-06T20:30:00+05:30,78.26,119.07,2026-03-06T20:30:00+05:30,78.26,excellent,evening,-28.48,2026-03-06T20:30:00+05:30,78.26
2026-03-06,Saturn,2026-03-06T19:00:00+05:30,10.06,16.55,2026-03-06T19:00:00+05:30,10.06,poor,evening,-6.44,2026-03-06T13:30:00+05:30,77.33
2026-03-06,Uranus,2026-03-06T19:00:00+05:30,62.79,71.88,2026-03-06T19:00:00+05:30,62.79,excellent,evening,-6.44,2026-03-06T17:00:00+05:30,81.21
2026-03-06,Neptune,2026-03-06T19:00:00+05:30,8.77,15.32,2026-03-06T19:00:00+05:30,8.77,poor,evening,-6.44,2026-03-06T13:30:00+05:30,77.9
2026-03-07,Mercury,2026-03-07T19:00:00+05:30,-7.38,3.64,2026-03-07T19:00:00+05:30,-7.38,not visible,evening,-6.42,2026-03-07T12:30:00+05:30,76.96
2026-03-07,Venus,2026-03-07T19:00:00+05:30,7.92,14.46,2026-03-07T19:00:00+05:30,7.92,poor,evening,-6.42,2026-03-07T13:30:00+05:30,78.02
2026-03-07,Mars,2026-03-07T06:00:00+05:30,-0.05,13.0,2026-03-07T06:00:00+05:30,-0.05,not visible,predawn,-10.33,2026-03-07T12:00:00+05:30,67.45
2026-03-07,Jupiter,2026-03-07T20:30:00+05:30,78.32,118.06,2026-03-07T20:30:00+05:30,78.32,excellent,evening,-28.47,2026-03-07T20:30:00+05:30,78.32
2026-03-07,Saturn,2026-03-07T19:00:00+05:30,9.21,15.67,2026-03-07T19:00:00+05:30,9.21,poor,evening,-6.42,2026-03-07T13:30:00+05:30,77.57
2026-03-07,Uranus,2026-03-07T19:00:00+05:30,61.91,70.91,2026-03-07T19:00:00+05:30,61.91,excellent,evening,-6.42,2026-03-07T17:00:00+05:30,81.48
2026-03-07,Neptune,2026-03-07T19:00:00+05:30,7.84,14.36,2026-03-07T19:00:00+05:30,7.84,poor,evening,-6.42,2026-03-07T13:30:00+05:30,78.02
2026-03-08,Mercury,2026-03-08T06:00:00+05:30,-7.26,3.77,2026-03-08T06:00:00+05:30,-7.26,not visible,predawn,-10.2,2026-03-08T12:30:00+05:30,76.49
2026-03-08,Venus,2026-03-08T19:00:00+05:30,8.17,14.7,2026-03-08T19:00:00+05:30,8.17,poor,evening,-6.41,2026-03-08T13:30:00+05:30,78.53
2026-03-08,Mars,2026-03-08T06:00:00+05:30,0.24,13.21,2026-03-08T06:00:00+05:30,0.24,poor,predawn,-10.2,2026-03-08T12:00:00+05:30,67.71
2026-03-08,Jupiter,2026-03-08T20:30:00+05:30,78.31,117.05,2026-03-08T20:30:00+05:30,78.31,excellent,evening,-28.46,2026-03-08T20:30:00+05:30,78.31
2026-03-08,Saturn,2026-03-08T19:00:00+05:30,8.37,14.81,2026-03-08T19:00:00+05:30,8.37,poor,evening,-6.41,2026-03-08T13:30:00+05:30,77.75
2026-03-08,Uranus,2026-03-08T19:00:00+05:30,61.03,69.93,2026-03-08T19:00:00+05:30,61.03,excellent,evening,-6.41,2026-03-08T17:00:00+05:30,81.65
2026-03-08,Neptune,2026-03-08T19:00:00+05:30,6.91,13.4,2026-03-08T19:00:00+05:30,6.91,poor,evening,-6.41,2026-03-08T13:30:00+05:30,78.06
2026-03-09,Mercury,2026-03-09T06:00:00+05:30,-5.51,4.71,2026-03-09T06:00:00+05:30,-5.51,not visible,predawn,-10.06,2026-03-09T12:30:00+05:30,75.75
2026-03-09,Venus,2026-03-09T19:00:00+05:30,8.41,14.94,2026-03-09T19:00:00+05:30,8.41,poor,evening,-6.4,2026-03-09T13:30:00+05:30,79.03
2026-03-09,Mars,2026-03-09T06:00:00+05:30,0.53,13.42,2026-03-09T06:00:00+05:30,0.53,poor,predawn,-10.06,2026-03-09T12:00:00+05:30,67.97
2026-03-09,Jupiter,2026-03-09T20:30:00+05:30,78.21,116.04,2026-03-09T20:30:00+05:30,78.21,excellent,evening,-28.45,2026-03-09T20:30:00+05:30,78.21
2026-03-09,Saturn,2026-03-09T19:00:00+05:30,7.52,13.94,2026-03-09T19:00:00+05:30,7.52,poor,evening,-6.4,2026-03-09T13:30:00+05:30,77.86
2026-03-09,Uranus,2026-03-09T19:00:00+05:30,60.15,68.96,2026-03-09T19:00:00+05:30,60.15,excellent,evening,-6.4,2026-03-09T17:00:00+05:30,81.73
2026-03-09,Neptune,2026-03-09T19:00:00+05:30,5.98,12.44,2026-03-09T19:00:00+05:30,5.98,poor,evening,-6.4,2026-03-09T13:30:00+05:30,78.03
2026-03-10,Mercury,2026-03-10T06:00:00+05:30,-3.79,6.15,2026-03-10T06:00:00+05:30,-3.79,not visible,predawn,-9.93,2026-03-10T12:00:00+05:30,75.29
2026-03-10,Venus,2026-03-10T19:00:00+05:30,8.66,15.18,2026-03-10T19:00:00+05:30,8.66,poor,evening,-6.39,2026-03-10T13:30:00+05:30,79.53
2026-03-10,Mars,2026-03-10T06:00:00+05:30,0.82,13.63,2026-03-10T06:00:00+05:30,0.82,poor,predawn,-9.93,2026-03-10T12:00:00+05:30,68.23
2026-03-10,Jupiter,2026-03-10T20:30:00+05:30,78.05,115.04,2026-03-10T20:30:00+05:30,78.05,excellent,evening,-28.44,2026-03-10T20:30:00+05:30,78.05
2026-03-10,Saturn,2026-03-10T19:00:00+05:30,6.67,13.07,2026-03-10T19:00:00+05:30,6.67,poor,evening,-6.39,2026-03-10T13:30:00+05:30,77.92
2026-03-10,Uranus,2026-03-10T19:00:00+05:30,59.26,67.99,2026-03-10T19:00:00+05:30,59.26,excellent,evening,-6.39,2026-03-10T17:00:00+05:30,81.7
2026-03-10,Neptune,2026-03-10T19:00:00+05:30,5.05,11.49,2026-03-10T19:00:00+05:30,5.05,poor,evening,-6.39,2026-03-10T13:30:00+05:30,77.93
2026-03-11,Mercury,2026-03-11T06:00:00+05:30,-2.11,7.79,2026-03-11T06:00:00+05:30,-2.11,not visible,predawn,-9.79,2026-03-11T12:00:00+05:30,75.02
2026-03-11,Venus,2026-03-11T19:00:00+05:30,8.9,15.42,2026-03-11T19:00:00+05:30,8.9,poor,evening,-6.37,2026-03-11T13:30:00+05:30,80.02
2026-03-11,Mars,2026-03-11T06:00:00+05:30,1.11,13.84,2026-03-11T06:00:00+05:30,1.11,poor,predawn,-9.79,2026-03-11T12:00:00+05:30,68.48
2026-03-11,Jupiter,2026-03-11T20:30:00+05:30,77.81,114.04,2026-03-11T20:30:00+05:30,77.81,excellent,evening,-28.44,2026-03-11T20:30:00+05:30,77.81
2026-03-11,Saturn,2026-03-11T19:00:00+05:30,5.83,12.21,2026-03-11T19:00:00+05:30,5.83,poor,evening,-6.37,2026-03-11T13:30:00+05:30,77.91
2026-03-11,Uranus,2026-03-11T19:00:00+05:30,58.38,67.02,2026-03-11T19:00:00+05:30,58.38,excellent,evening,-6.37,2026-03-11T17:00:00+05:30,81.57
2026-03-11,Neptune,2026-03-11T19:00:00+05:30,4.12,10.53,2026-03-11T19:00:00+05:30,4.12,poor,evening,-6.37,2026-03-11T13:30:00+05:30,77.75
2026-03-12,Mercury,2026-03-12T06:00:00+05:30,-0.49,9.49,2026-03-12T06:00:00+05:30,-0.49,not visible,predawn,-9.66,2026-03-12T12:00:00+05:30,74.53
2026-03-12,Venus,2026-03-12T19:00:00+05:30,9.14,15.66,2026-03-12T19:00:00+05:30,9.14,poor,evening,-6.37,2026-03-12T13:30:00+05:30,80.51
2026-03-12,Mars,2026-03-12T06:00:00+05:30,1.4,14.05,2026-03-12T06:00:00+05:30,1.4,poor,predawn,-9.66,2026-03-12T12:00:00+05:30,68.74
2026-03-12,Jupiter,2026-03-12T20:00:00+05:30,78.0,113.07,2026-03-12T20:00:00+05:30,78.0,excellent,evening,-21.07,2026-03-12T20:00:00+05:30,78.0
2026-03-12,Saturn,2026-03-12T19:00:00+05:30,4.98,11.35,2026-03-12T19:00:00+05:30,4.98,poor,evening,-6.37,2026-03-12T13:30:00+05:30,77.85
2026-03-12,Uranus,2026-03-12T19:00:00+05:30,57.49,66.06,2026-03-12T19:00:00+05:30,57.49,excellent,evening,-6.37,2026-03-12T17:00:00+05:30,81.34
2026-03-12,Neptune,2026-03-12T19:00:00+05:30,3.19,9.58,2026-03-12T19:00:00+05:30,3.19,poor,evening,-6.37,2026-03-12T13:00:00+05:30,77.59
2026-03-13,Mercury,2026-03-13T06:00:00+05:30,1.05,11.18,2026-03-13T06:00:00+05:30,1.05,poor,predawn,-9.52,2026-03-13T12:00:00+05:30,73.87
2026-03-13,Venus,2026-03-13T19:00:00+05:30,9.38,15.9,2026-03-13T19:00:00+05:30,9.38,poor,evening,-6.36,2026-03-13T13:30:00+05:30,81.0
2026-03-13,Mars,2026-03-13T06:00:00+05:30,1.7,14.26,2026-03-13T06:00:00+05:30,1.7,poor,predawn,-9.52,2026-03-13T12:00:00+05:30,68.99
2026-03-13,Jupiter,2026-03-13T20:00:00+05:30,78.18,112.07,2026-03-13T20:00:00+05:30,78.18,excellent,evening,-21.07,2026-03-13T20:00:00+05:30,78.18
2026-03-13,Saturn,2026-03-13T19:00:00+05:30,4.14,10.49,2026-03-13T19:00:00+05:30,4.14,poor,evening,-6.36,2026-03-13T13:30:00+05:30,77.72
2026-03-13,Uranus,2026-03-13T19:00:00+05:30,56.6,65.09,2026-03-13T19:00:00+05:30,56.6,excellent,evening,-6.36,2026-03-13T17:00:00+05:30,81.03
2026-03-13,Neptune,2026-03-13T19:00:00+05:30,2.26,8.63,2026-03-13T19:00:00+05:30,2.26,poor,evening,-6.36,2026-03-13T13:00:00+05:30,77.85
2026-03-14,Mercury,2026-03-14T06:00:00+05:30,2.51,12.83,2026-03-14T06:00:00+05:30,2.51,poor,predawn,-9.37,2026-03-14T11:30:00+05:30,73.21
2026-03-14,Venus,2026-03-14T19:00:00+05:30,9.62,16.14,2026-03-14T19:00:00+05:30,9.62,poor,evening,-6.35,2026-03-14T13:30:00+05:30,81.48
2026-03-14,Mars,2026-03-14T06:00:00+05:30,2.0,14.47,2026-03-14T06:00:00+05:30,2.0,poor,predawn,-9.37,2026-03-14T11:30:00+05:30,69.31
2026-03-14,Jupiter,2026-03-14T20:00:00+05:30,78.29,111.09,2026-03-14T20:00:00+05:30,78.29,excellent,evening,-21.06,2026-03-14T20:00:00+05:30,78.29
2026-03-14,Saturn,2026-03-14T19:00:00+05:30,3.29,9.64,2026-03-14T19:00:00+05:30,3.29,poor,evening,-6.35,2026-03-14T13:00:00+05:30,77.57
2026-03-14,Uranus,2026-03-14T19:00:00+05:30,55.71,64.12,2026-03-14T19:00:00+05:30,55.71,excellent,evening,-6.35,2026-03-14T16:30:00+05:30,81.2
2026-03-14,Neptune,2026-03-14T19:00:00+05:30,1.33,7.68,2026-03-14T19:00:00+05:30,1.33,poor,evening,-6.35,2026-03-14T13:00:00+05:30,78.03
2026-03-15,Mercury,2026-03-15T06:00:00+05:30,3.89,14.4,2026-03-15T06:00:00+05:30,3.89,poor,predawn,-9.23,2026-03-15T11:30:00+05:30,73.01
2026-03-15,Venus,2026-03-15T19:00:00+05:30,9.86,16.38,2026-03-15T19:00:00+05:30,9.86,poor,evening,-6.34,2026-03-15T13:30:00+05:30,81.95
2026-03-15,Mars,2026-03-15T06:00:00+05:30,2.3,14.68,2026-03-15T06:00:00+05:30,2.3,poor,predawn,-9.23,2026-03-15T11:30:00+05:30,69.64
2026-03-15,Jupiter,2026-03-15T20:00:00+05:30,78.32,110.1,2026-03-15T20:00:00+05:30,78.32,excellent,evening,-21.05,2026-03-15T20:00:00+05:30,78.32
2026-03-15,Saturn,2026-03-15T19:00:00+05:30,2.44,8.79,2026-03-15T19:00:00+05:30,2.44,poor,evening,-6.34,2026-03-15T13:00:00+05:30,77.84
2026-03-15,Uranus,2026-03-15T19:00:00+05:30,54.83,63.16,2026-03-15T19:00:00+05:30,54.83,excellent,evening,-6.34,2026-03-15T16:30:00+05:30,81.45
2026-03-15,Neptune,2026-03-15T19:00:00+05:30,0.4,6.74,2026-03-15T19:00:00+05:30,0.4,poor,evening,-6.34,2026-03-15T13:00:00+05:30,78.15
2026-03-16,Mercury,2026-03-16T06:00:00+05:30,5.17,15.9,2026-03-16T06:00:00+05:30,5.17,poor,predawn,-9.09,2026-03-16T11:30:00+05:30,72.7
2026-03-16,Venus,2026-03-16T19:00:00+05:30,10.1,16.63,2026-03-16T19:00:00+05:30,10.1,poor,evening,-6.33,2026-03-16T13:30:00+05:30,82.41
2026-03-16,Mars,2026-03-16T06:00:00+05:30,2.6,14.89,2026-03-16T06:00:00+05:30,2.6,poor,predawn,-9.09,2026-03-16T11:30:00+05:30,69.98
2026-03-16,Jupiter,2026-03-16T20:00:00+05:30,78.28,109.12,2026-03-16T20:00:00+05:30,78.28,excellent,evening,-21.04,2026-03-16T20:00:00+05:30,78.28
2026-03-16,Saturn,2026-03-16T19:00:00+05:30,1.6,7.94,2026-03-16T19:00:00+05:30,1.6,poor,evening,-6.33,2026-03-16T13:00:00+05:30,78.06
2026-03-16,Uranus,2026-03-16T19:00:00+05:30,53.94,62.19,2026-03-16T19:00:00+05:30,53.94,excellent,evening,-6.33,2026-03-16T16:30:00+05:30,81.61
2026-03-16,Neptune,2026-03-16T19:00:00+05:30,-0.53,5.8,2026-03-16T19:00:00+05:30,-0.53,not visible,evening,-6.33,2026-03-16T13:00:00+05:30,78.18
2026-03-17,Mercury,2026-03-17T06:00:00+05:30,6.36,17.3,2026-03-17T06:00:00+05:30,6.36,poor,predawn,-8.94,2026-03-17T11:30:00+05:30,72.32
2026-03-17,Venus,2026-03-17T19:00:00+05:30,10.34,16.87,2026-03-17T19:00:00+05:30,10.34,poor,evening,-6.33,2026-03-17T13:30:00+05:30,82.86
2026-03-17,Mars,2026-03-17T06:00:00+05:30,2.91,15.1,2026-03-17T06:00:00+05:30,2.91,poor,predawn,-8.94,2026-03-17T11:30:00+05:30,70.31
2026-03-17,Jupiter,2026-03-17T20:00:00+05:30,78.17,108.15,2026-03-17T20:00:00+05:30,78.17,excellent,evening,-21.03,2026-03-17T20:00:00+05:30,78.17
2026-03-17,Saturn,2026-03-17T19:00:00+05:30,0.75,7.11,2026-03-17T19:00:00+05:30,0.75,poor,evening,-6.33,2026-03-17T13:00:00+05:30,78.22
2026-03-17,Uranus,2026-03-17T19:00:00+05:30,53.05,61.23,2026-03-17T19:00:00+05:30,53.05,excellent,evening,-6.33,2026-03-17T16:30:00+05:30,81.67
2026-03-17,Neptune,2026-03-17T19:00:00+05:30,-1.46,4.87,2026-03-17T19:00:00+05:30,-1.46,not visible,evening,-6.33,2026-03-17T13:00:00+05:30,78.14
2026-03-18,Mercury,2026-03-18T06:00:00+05:30,7.46,18.6,2026-03-18T06:00:00+05:30,7.46,poor,predawn,-8.79,2026-03-18T11:30:00+05:30,71.9
2026-03-18,Venus,2026-03-18T19:00:00+05:30,10.58,17.11,2026-03-18T19:00:00+05:30,10.58,poor,evening,-6.32,2026-03-18T13:30:00+05:30,83.3
2026-03-18,Mars,2026-03-18T06:00:00+05:30,3.21,15.31,2026-03-18T06:00:00+05:30,3.21,poor,predawn,-8.79,2026-03-18T11:30:00+05:30,70.64
2026-03-18,Jupiter,2026-03-18T20:00:00+05:30,77.99,107.17,2026-03-18T20:00:00+05:30,77.99,excellent,evening,-21.02,2026-03-18T20:00:00+05:30,77.99
2026-03-18,Saturn,2026-03-18T19:00:00+05:30,-0.09,6.28,2026-03-18T19:00:00+05:30,-0.09,not visible,evening,-6.32,2026-03-18T13:00:00+05:30,78.32
2026-03-18,Uranus,2026-03-18T19:00:00+05:30,52.16,60.27,2026-03-18T19:00:00+05:30,52.16,excellent,evening,-6.32,2026-03-18T16:30:00+05:30,81.63
2026-03-18,Neptune,2026-03-18T19:00:00+05:30,-2.39,3.96,2026-03-18T19:00:00+05:30,-2.39,not visible,evening,-6.32,2026-03-18T13:00:00+05:30,78.03
2026-03-19,Mercury,2026-03-19T06:00:00+05:30,8.47,19.81,2026-03-19T06:00:00+05:30,8.47,poor,predawn,-8.64,2026-03-19T11:30:00+05:30,71.45
2026-03-19,Venus,2026-03-19T19:00:00+05:30,10.82,17.35,2026-03-19T19:00:00+05:30,10.82,poor,evening,-6.31,2026-03-19T13:30:00+05:30,83.72
2026-03-19,Mars,2026-03-19T06:00:00+05:30,3.52,15.52,2026-03-19T06:00:00+05:30,3.52,poor,predawn,-8.64,2026-03-19T11:30:00+05:30,70.98
2026-03-19,Jupiter,2026-03-19T19:30:00+05:30,77.83,106.22,2026-03-19T19:30:00+05:30,77.83,excellent,evening,-13.67,2026-03-19T19:30:00+05:30,77.83
2026-03-19,Saturn,2026-03-19T19:00:00+05:30,-0.94,5.47,2026-03-19T19:00:00+05:30,-0.94,not visible,evening,-6.31,2026-03-19T13:00:00+05:30,78.35
2026-03-19,Uranus,2026-03-19T19:00:00+05:30,51.27,59.31,2026-03-19T19:00:00+05:30,51.27,excellent,evening,-6.31,2026-03-19T16:30:00+05:30,81.49
2026-03-19,Neptune,2026-03-19T19:00:00+05:30,-3.32,3.07,2026-03-19T19:00:00+05:30,-3.32,not visible,evening,-6.31,2026-03-19T13:00:00+05:30,77.85
2026-03-20,Mercury,2026-03-20T06:00:00+05:30,9.39,20.92,2026-03-20T06:00:00+05:30,9.39,poor,predawn,-8.5,2026-03-20T11:00:00+05:30,71.06
2026-03-20,Venus,2026-03-20T19:00:00+05:30,11.06,17.59,2026-03-20T19:00:00+05:30,11.06,poor,evening,-6.31,2026-03-20T13:30:00+05:30,84.12
2026-03-20,Mars,2026-03-20T06:00:00+05:30,3.83,15.72,2026-03-20T06:00:00+05:30,3.83,poor,predawn,-8.5,2026-03-20T11:30:00+05:30,71.31
2026-03-20,Jupiter,2026-03-20T19:30:00+05:30,78.05,105.26,2026-03-20T19:30:00+05:30,78.05,excellent,evening,-13.66,2026-03-20T19:30:00+05:30,78.05
2026-03-20,Saturn,2026-03-20T19:00:00+05:30,-1.78,4.68,2026-03-20T19:00:00+05:30,-1.78,not visible,evening,-6.31,2026-03-20T13:00:00+05:30,78.32
2026-03-20,Uranus,2026-03-20T19:00:00+05:30,50.38,58.35,2026-03-20T19:00:00+05:30,50.38,excellent,evening,-6.31,2026-03-20T16:30:00+05:30,81.26
2026-03-20,Neptune,2026-03-20T19:00:00+05:30,-4.25,2.24,2026-03-20T19:00:00+05:30,-4.25,not visible,evening,-6.31,2026-03-20T12:30:00+05:30,77.73
2026-03-21,Mercury,2026-03-21T06:00:00+05:30,10.23,21.93,2026-03-21T06:00:00+05:30,10.23,poor,predawn,-8.35,2026-03-21T11:00:00+05:30,70.98
2026-03-21,Venus,2026-03-21T19:00:00+05:30,11.3,17.84,2026-03-21T19:00:00+05:30,11.3,poor,evening,-6.3,2026-03-21T13:30:00+05:30,84.49
2026-03-21,Mars,2026-03-21T06:00:00+05:30,4.14,15.93,2026-03-21T06:00:00+05:30,4.14,poor,predawn,-8.35,2026-03-21T11:30:00+05:30,71.64
2026-03-21,Jupiter,2026-03-21T19:30:00+05:30,78.22,104.3,2026-03-21T19:30:00+05:30,78.22,excellent,evening,-13.65,2026-03-21T19:30:00+05:30,78.22
2026-03-21,Saturn,2026-03-21T19:00:00+05:30,-2.63,3.93,2026-03-21T19:00:00+05:30,-2.63,not visible,evening,-6.3,2026-03-21T13:00:00+05:30,78.22
2026-03-21,Uranus,2026-03-21T19:00:00+05:30,49.49,57.4,2026-03-21T19:00:00+05:30,49.49,excellent,evening,-6.3,2026-03-21T16:30:00+05:30,80.94
2026-03-21,Neptune,2026-03-21T19:00:00+05:30,-5.18,1.57,2026-03-21T19:00:00+05:30,-5.18,not visible,evening,-6.3,2026-03-21T12:30:00+05:30,77.98
2026-03-22,Mercury,2026-03-22T06:00:00+05:30,10.98,22.85,2026-03-22T06:00:00+05:30,10.98,poor,predawn,-8.19,2026-03-22T11:00:00+05:30,70.89
2026-03-22,Venus,2026-03-22T19:00:00+05:30,11.54,18.08,2026-03-22T19:00:00+05:30,11.54,poor,evening,-6.3,2026-03-22T13:30:00+05:30,84.84
2026-03-22,Mars,2026-03-22T06:00:00+05:30,4.45,16.14,2026-03-22T06:00:00+05:30,4.45,poor,predawn,-8.19,2026-03-22T11:30:00+05:30,71.96
2026-03-22,Jupiter,2026-03-22T19:30:00+05:30,78.31,103.34,2026-03-22T19:30:00+05:30,78.31,excellent,evening,-13.64,2026-03-22T19:30:00+05:30,78.31
2026-03-22,Saturn,2026-03-22T19:00:00+05:30,-3.47,3.23,2026-03-22T19:00:00+05:30,-3.47,not visible,evening,-6.3,2026-03-22T13:00:00+05:30,78.06
2026-03-22,Uranus,2026-03-22T19:00:00+05:30,48.6,56.44,2026-03-22T19:00:00+05:30,48.6,excellent,evening,-6.3,2026-03-22T16:00:00+05:30,81.17
2026-03-22,Neptune,2026-03-22T19:00:00+05:30,-6.11,1.31,2026-03-22T19:00:00+05:30,-6.11,not visible,evening,-6.3,2026-03-22T12:30:00+05:30,78.16
2026-03-23,Mercury,2026-03-23T06:00:00+05:30,11.67,23.67,2026-03-23T06:00:00+05:30,11.67,poor,predawn,-8.04,2026-03-23T11:00:00+05:30,70.8
2026-03-23,Venus,2026-03-23T19:00:00+05:30,11.78,18.32,2026-03-23T19:00:00+05:30,11.78,poor,evening,-6.29,2026-03-23T13:30:00+05:30,85.16
2026-03-23,Mars,2026-03-23T06:00:00+05:30,4.77,16.34,2026-03-23T06:00:00+05:30,4.77,poor,predawn,-8.04,2026-03-23T11:30:00+05:30,72.29
2026-03-23,Jupiter,2026-03-23T19:30:00+05:30,78.34,102.38,2026-03-23T19:30:00+05:30,78.34,excellent,evening,-13.64,2026-03-23T19:30:00+05:30,78.34
2026-03-23,Saturn,2026-03-23T19:00:00+05:30,-4.31,2.64,2026-03-23T19:00:00+05:30,-4.31,not visible,evening,-6.29,2026-03-23T12:30:00+05:30,78.08
2026-03-23,Uranus,2026-03-23T19:00:00+05:30,47.72,55.49,2026-03-23T19:00:00+05:30,47.72,excellent,evening,-6.29,2026-03-23T16:00:00+05:30,81.41
2026-03-23,Neptune,2026-03-23T19:00:00+05:30,-7.04,1.67,2026-03-23T19:00:00+05:30,-7.04,not visible,evening,-6.29,2026-03-23T12:30:00+05:30,78.27
2026-03-24,Mercury,2026-03-24T06:00:00+05:30,12.28,24.41,2026-03-24T06:00:00+05:30,12.28,poor,predawn,-7.89,2026-03-24T11:00:00+05:30,70.72
2026-03-24,Venus,2026-03-24T19:00:00+05:30,12.02,18.56,2026-03-24T19:00:00+05:30,12.02,poor,evening,-6.29,2026-03-24T13:30:00+05:30,85.43
2026-03-24,Mars,2026-03-24T06:00:00+05:30,5.08,16.55,2026-03-24T06:00:00+05:30,5.08,poor,predawn,-7.89,2026-03-24T11:30:00+05:30,72.61
2026-03-24,Jupiter,2026-03-24T19:30:00+05:30,78.29,101.43,2026-03-24T19:30:00+05:30,78.29,excellent,evening,-13.63,2026-03-24T19:30:00+05:30,78.29
2026-03-24,Saturn,2026-03-24T19:00:00+05:30,-5.16,2.24,2026-03-24T19:00:00+05:30,-5.16,not visible,evening,-6.29,2026-03-24T12:30:00+05:30,78.34
2026-03-24,Uranus,2026-03-24T19:00:00+05:30,46.83,54.53,2026-03-24T19:00:00+05:30,46.83,excellent,evening,-6.29,2026-03-24T16:00:00+05:30,81.55
2026-03-24,Neptune,2026-03-24T06:00:00+05:30,-7.42,1.97,2026-03-24T06:00:00+05:30,-7.42,not visible,predawn,-7.89,2026-03-24T12:30:00+05:30,78.3
2026-03-25,Mercury,2026-03-25T06:00:00+05:30,12.82,25.06,2026-03-25T06:00:00+05:30,12.82,poor,predawn,-7.74,2026-03-25T11:00:00+05:30,70.66
2026-03-25,Venus,2026-03-25T19:00:00+05:30,12.26,18.81,2026-03-25T19:00:00+05:30,12.26,poor,evening,-6.28,2026-03-25T13:30:00+05:30,85.66
2026-03-25,Mars,2026-03-25T06:00:00+05:30,5.4,16.76,2026-03-25T06:00:00+05:30,5.4,poor,predawn,-7.74,2026-03-25T11:30:00+05:30,72.94
2026-03-25,Jupiter,2026-03-25T19:30:00+05:30,78.18,100.49,2026-03-25T19:30:00+05:30,78.18,excellent,evening,-13.62,2026-03-25T19:30:00+05:30,78.18
2026-03-25,Saturn,2026-03-25T19:00:00+05:30,-6.0,2.13,2026-03-25T19:00:00+05:30,-6.0,not visible,evening,-6.28,2026-03-25T12:30:00+05:30,78.55
2026-03-25,Uranus,2026-03-25T19:00:00+05:30,45.94,53.58,2026-03-25T19:00:00+05:30,45.94,excellent,evening,-6.28,2026-03-25T16:00:00+05:30,81.6
2026-03-25,Neptune,2026-03-25T06:00:00+05:30,-6.49,2.76,2026-03-25T06:00:00+05:30,-6.49,not visible,predawn,-7.74,2026-03-25T12:30:00+05:30,78.26
2026-03-26,Mercury,2026-03-26T06:00:00+05:30,13.31,25.63,2026-03-26T06:00:00+05:30,13.31,poor,predawn,-7.58,2026-03-26T11:00:00+05:30,70.62
2026-03-26,Venus,2026-03-26T19:00:00+05:30,12.5,19.05,2026-03-26T19:00:00+05:30,12.5,poor,evening,-6.28,2026-03-26T13:30:00+05:30,85.83
2026-03-26,Mars,2026-03-26T06:00:00+05:30,5.72,16.96,2026-03-26T06:00:00+05:30,5.72,poor,predawn,-7.58,2026-03-26T11:30:00+05:30,73.25
2026-03-26,Jupiter,2026-03-26T19:30:00+05:30,78.01,99.54,2026-03-26T19:30:00+05:30,78.01,excellent,evening,-13.61,2026-03-26T19:30:00+05:30,78.01
2026-03-26,Saturn,2026-03-26T19:00:00+05:30,-6.85,2.36,2026-03-26T19:00:00+05:30,-6.85,not visible,evening,-6.28,2026-03-26T12:30:00+05:30,78.68
2026-03-26,Uranus,2026-03-26T19:00:00+05:30,45.05,52.63,2026-03-26T19:00:00+05:30,45.05,excellent,evening,-6.28,2026-03-26T16:00:00+05:30,81.56
2026-03-26,Neptune,2026-03-26T06:00:00+05:30,-5.55,3.63,2026-03-26T06:00:00+05:30,-5.55,not visible,predawn,-7.58,2026-03-26T12:30:00+05:30,78.13
2026-03-27,Mercury,2026-03-27T06:00:00+05:30,13.73,26.13,2026-03-27T06:00:00+05:30,13.73,poor,predawn,-7.43,2026-03-27T11:00:00+05:30,70.61
2026-03-27,Venus,2026-03-27T19:00:00+05:30,12.74,19.29,2026-03-27T19:00:00+05:30,12.74,poor,evening,-6.27,2026-03-27T13:30:00+05:30,85.93
2026-03-27,Mars,2026-03-27T06:00:00+05:30,6.04,17.17,2026-03-27T06:00:00+05:30,6.04,poor,predawn,-7.43,2026-03-27T11:30:00+05:30,73.57
2026-03-27,Jupiter,2026-03-27T19:00:00+05:30,77.86,98.62,2026-03-27T19:00:00+05:30,77.86,excellent,evening,-6.27,2026-03-27T19:00:00+05:30,77.86
2026-03-27,Saturn,2026-03-27T06:00:00+05:30,-7.47,2.56,2026-03-27T06:00:00+05:30,-7.47,not visible,predawn,-7.43,2026-03-27T12:30:00+05:30,78.76
2026-03-27,Uranus,2026-03-27T19:00:00+05:30,44.16,51.68,2026-03-27T19:00:00+05:30,44.16,good,evening,-6.27,2026-03-27T16:00:00+05:30,81.41
2026-03-27,Neptune,2026-03-27T06:00:00+05:30,-4.62,4.53,2026-03-27T06:00:00+05:30,-4.62,not visible,predawn,-7.43,2026-03-27T12:30:00+05:30,77.94
2026-03-28,Mercury,2026-03-28T06:00:00+05:30,14.1,26.55,2026-03-28T06:00:00+05:30,14.1,poor,predawn,-7.28,2026-03-28T11:00:00+05:30,70.63
2026-03-28,Venus,2026-03-28T19:00:00+05:30,12.98,19.53,2026-03-28T19:00:00+05:30,12.98,poor,evening,-6.27,2026-03-28T14:00:00+05:30,86.17
2026-03-28,Mars,2026-03-28T06:00:00+05:30,6.36,17.37,2026-03-28T06:00:00+05:30,6.36,poor,predawn,-7.28,2026-03-28T11:30:00+05:30,73.88
2026-03-28,Jupiter,2026-03-28T19:00:00+05:30,78.09,97.69,2026-03-28T19:00:00+05:30,78.09,excellent,evening,-6.27,2026-03-28T19:00:00+05:30,78.09
2026-03-28,Saturn,2026-03-28T06:00:00+05:30,-6.61,3.13,2026-03-28T06:00:00+05:30,-6.61,not visible,predawn,-7.28,2026-03-28T12:30:00+05:30,78.77
2026-03-28,Uranus,2026-03-28T19:00:00+05:30,43.28,50.73,2026-03-28T19:00:00+05:30,43.28,good,evening,-6.27,2026-03-28T16:00:00+05:30,81.18
2026-03-28,Neptune,2026-03-28T06:00:00+05:30,-3.68,5.45,2026-03-28T06:00:00+05:30,-3.68,not visible,predawn,-7.28,2026-03-28T12:00:00+05:30,77.87
2026-03-29,Mercury,2026-03-29T06:00:00+05:30,14.43,26.91,2026-03-29T06:00:00+05:30,14.43,poor,predawn,-7.12,2026-03-29T11:00:00+05:30,70.68
2026-03-29,Venus,2026-03-29T19:00:00+05:30,13.22,19.78,2026-03-29T19:00:00+05:30,13.22,poor,evening,-6.26,2026-03-29T14:00:00+05:30,86.48
2026-03-29,Mars,2026-03-29T06:00:00+05:30,6.68,17.58,2026-03-29T06:00:00+05:30,6.68,poor,predawn,-7.12,2026-03-29T11:30:00+05:30,74.19
2026-03-29,Jupiter,2026-03-29T19:00:00+05:30,78.25,96.76,2026-03-29T19:00:00+05:30,78.25,excellent,evening,-6.26,2026-03-29T19:00:00+05:30,78.25
2026-03-29,Saturn,2026-03-29T06:00:00+05:30,-5.75,3.81,2026-03-29T06:00:00+05:30,-5.75,not visible,predawn,-7.12,2026-03-29T12:30:00+05:30,78.71
2026-03-29,Uranus,2026-03-29T19:00:00+05:30,42.39,49.79,2026-03-29T19:00:00+05:30,42.39,good,evening,-6.26,2026-03-29T16:00:00+05:30,80.86
2026-03-29,Neptune,2026-03-29T06:00:00+05:30,-2.74,6.38,2026-03-29T06:00:00+05:30,-2.74,not visible,predawn,-7.12,2026-03-29T12:00:00+05:30,78.12
2026-03-30,Mercury,2026-03-30T06:00:00+05:30,14.7,27.2,2026-03-30T06:00:00+05:30,14.7,poor,predawn,-6.97,2026-03-30T11:00:00+05:30,70.77
2026-03-30,Venus,2026-03-30T19:00:00+05:30,13.47,20.02,2026-03-30T19:00:00+05:30,13.47,poor,evening,-6.26,2026-03-30T14:00:00+05:30,86.73
2026-03-30,Mars,2026-03-30T06:00:00+05:30,7.0,17.78,2026-03-30T06:00:00+05:30,7.0,poor,predawn,-6.97,2026-03-30T11:30:00+05:30,74.49
2026-03-30,Jupiter,2026-03-30T19:00:00+05:30,78.35,95.83,2026-03-30T19:00:00+05:30,78.35,excellent,evening,-6.26,2026-03-30T19:00:00+05:30,78.35
2026-03-30,Saturn,2026-03-30T06:00:00+05:30,-4.88,4.55,2026-03-30T06:00:00+05:30,-4.88,not visible,predawn,-6.97,2026-03-30T12:30:00+05:30,78.58
2026-03-30,Uranus,2026-03-30T19:00:00+05:30,41.5,48.84,2026-03-30T19:00:00+05:30,41.5,good,evening,-6.26,2026-03-30T15:30:00+05:30,81.11
2026-03-30,Neptune,2026-03-30T06:00:00+05:30,-1.81,7.31,2026-03-30T06:00:00+05:30,-1.81,not visible,predawn,-6.97,2026-03-30T12:00:00+05:30,78.29
2026-03-31,Mercury,2026-03-31T06:00:00+05:30,14.94,27.44,2026-03-31T06:00:00+05:30,14.94,poor,predawn,-6.82,2026-03-31T11:00:00+05:30,70.89
2026-03-31,Venus,2026-03-31T19:00:00+05:30,13.71,20.26,2026-03-31T19:00:00+05:30,13.71,poor,evening,-6.25,2026-03-31T14:00:00+05:30,86.93
2026-03-31,Mars,2026-03-31T06:00:00+05:30,7.33,17.99,2026-03-31T06:00:00+05:30,7.33,poor,predawn,-6.82,2026-03-31T11:30:00+05:30,74.79
2026-03-31,Jupiter,2026-03-31T19:00:00+05:30,78.38,94.9,2026-03-31T19:00:00+05:30,78.38,excellent,evening,-6.25,2026-03-31T19:00:00+05:30,78.38
2026-03-31,Saturn,2026-03-31T06:00:00+05:30,-4.02,5.33,2026-03-31T06:00:00+05:30,-4.02,not visible,predawn,-6.82,2026-03-31T12:30:00+05:30,78.39
2026-03-31,Uranus,2026-03-31T19:00:00+05:30,40.62,47.9,2026-03-31T19:00:00+05:30,40.62,good,evening,-6.25,2026-03-31T15:30:00+05:30,81.34
2026-03-31,Neptune,2026-03-31T06:00:00+05:30,-0.87,8.24,2026-03-31T06:00:00+05:30,-0.87,not visible,predawn,-6.82,2026-03-31T12:00:00+05:30,78.39
2026-04-01,Mercury,2026-04-01T06:00:00+05:30,15.13,27.61,2026-04-01T06:00:00+05:30,15.13,fair,predawn,-6.67,2026-04-01T11:00:00+05:30,71.04
2026-04-01,Venus,2026-04-01T19:00:00+05:30,13.96,20.51,2026-04-01T19:00:00+05:30,13.96,poor,evening,-6.24,2026-04-01T14:00:00+05:30,87.06
2026-04-01,Mars,2026-04-01T06:00:00+05:30,7.65,18.19,2026-04-01T06:00:00+05:30,7.65,poor,predawn,-6.67,2026-04-01T11:30:00+05:30,75.09
2026-04-01,Jupiter,2026-04-01T19:00:00+05:30,78.35,93.98,2026-04-01T19:00:00+05:30,78.35,excellent,evening,-6.24,2026-04-01T19:00:00+05:30,78.35
2026-04-01,Saturn,2026-04-01T06:00:00+05:30,-3.16,6.13,2026-04-01T06:00:00+05:30,-3.16,not visible,predawn,-6.67,2026-04-01T12:00:00+05:30,78.59
2026-04-01,Uranus,2026-04-01T19:00:00+05:30,39.73,46.95,2026-04-01T19:00:00+05:30,39.73,good,evening,-6.24,2026-04-01T15:30:00+05:30,81.48
2026-04-01,Neptune,2026-04-01T06:00:00+05:30,0.06,9.18,2026-04-01T06:00:00+05:30,0.06,poor,predawn,-6.67,2026-04-01T12:00:00+05:30,78.42
2026-04-02,Mercury,2026-04-02T06:00:00+05:30,15.29,27.73,2026-04-02T06:00:00+05:30,15.29,fair,predawn,-6.51,2026-04-02T11:00:00+05:30,71.23
2026-04-02,Venus,2026-04-02T19:00:00+05:30,14.2,20.75,2026-04-02T19:00:00+05:30,14.2,poor,evening,-6.24,2026-04-02T14:00:00+05:30,87.11
2026-04-02,Mars,2026-04-02T06:00:00+05:30,7.98,18.4,2026-04-02T06:00:00+05:30,7.98,poor,predawn,-6.51,2026-04-02T11:30:00+05:30,75.38
2026-04-02,Jupiter,2026-04-02T19:00:00+05:30,78.25,93.06,2026-04-02T19:00:00+05:30,78.25,excellent,evening,-6.24,2026-04-02T19:00:00+05:30,78.25
2026-04-02,Saturn,2026-04-02T06:00:00+05:30,-2.29,6.94,2026-04-02T06:00:00+05:30,-2.29,not visible,predawn,-6.51,2026-04-02T12:00:00+05:30,78.84
2026-04-02,Uranus,2026-04-02T19:00:00+05:30,38.85,46.01,2026-04-02T19:00:00+05:30,38.85,good,evening,-6.24,2026-04-02T15:30:00+05:30,81.53
2026-04-02,Neptune,2026-04-02T06:00:00+05:30,1.0,10.12,2026-04-02T06:00:00+05:30,1.0,poor,predawn,-6.51,2026-04-02T12:00:00+05:30,78.36
2026-04-03,Mercury,2026-04-03T06:00:00+05:30,15.41,27.8,2026-04-03T06:00:00+05:30,15.41,fair,predawn,-6.36,2026-04-03T11:00:00+05:30,71.45
2026-04-03,Venus,2026-04-03T19:00:00+05:30,14.45,20.99,2026-04-03T19:00:00+05:30,14.45,poor,evening,-6.23,2026-04-03T14:00:00+05:30,87.09
2026-04-03,Mars,2026-04-03T06:00:00+05:30,8.3,18.6,2026-04-03T06:00:00+05:30,8.3,poor,predawn,-6.36,2026-04-03T11:30:00+05:30,75.66
2026-04-03,Jupiter,2026-04-03T19:00:00+05:30,78.09,92.15,2026-04-03T19:00:00+05:30,78.09,excellent,evening,-6.23,2026-04-03T19:00:00+05:30,78.09
2026-04-03,Saturn,2026-04-03T06:00:00+05:30,-1.43,7.77,2026-04-03T06:00:00+05:30,-1.43,not visible,predawn,-6.36,2026-04-03T12:00:00+05:30,79.02
2026-04-03,Uranus,2026-04-03T19:00:00+05:30,37.96,45.07,2026-04-03T19:00:00+05:30,37.96,good,evening,-6.23,2026-04-03T15:30:00+05:30,81.48
2026-04-03,Neptune,2026-04-03T06:00:00+05:30,1.93,11.06,2026-04-03T06:00:00+05:30,1.93,poor,predawn,-6.36,2026-04-03T12:00:00+05:30,78.23
2026-04-04,Mercury,2026-04-04T06:00:00+05:30,15.5,27.82,2026-04-04T06:00:00+05:30,15.5,fair,predawn,-6.21,2026-04-04T11:00:00+05:30,71.71
2026-04-04,Venus,2026-04-04T19:00:00+05:30,14.7,21.24,2026-04-04T19:00:00+05:30,14.7,poor,evening,-6.22,2026-04-04T14:00:00+05:30,86.99
2026-04-04,Mars,2026-04-04T06:00:00+05:30,8.63,18.8,2026-04-04T06:00:00+05:30,8.63,poor,predawn,-6.21,2026-04-04T11:30:00+05:30,75.94
2026-04-04,Jupiter,2026-04-04T19:00:00+05:30,77.88,91.24,2026-04-04T19:00:00+05:30,77.88,excellent,evening,-6.22,2026-04-04T19:00:00+05:30,77.88
2026-04-04,Saturn,2026-04-04T06:00:00+05:30,-0.56,8.6,2026-04-04T06:00:00+05:30,-0.56,not visible,predawn,-6.21,2026-04-04T12:00:00+05:30,79.14
2026-04-04,Uranus,2026-04-04T19:00:00+05:30,37.08,44.13,2026-04-04T19:00:00+05:30,37.08,good,evening,-6.22,2026-04-04T15:30:00+05:30,81.34
2026-04-04,Neptune,2026-04-04T06:00:00+05:30,2.87,12.01,2026-04-04T06:00:00+05:30,2.87,poor,predawn,-6.21,2026-04-04T12:00:00+05:30,78.03
2026-04-05,Mercury,2026-04-05T06:00:00+05:30,15.57,27.79,2026-04-05T06:00:00+05:30,15.57,fair,predawn,-6.06,2026-04-05T11:00:00+05:30,72.0
2026-04-05,Venus,2026-04-05T19:00:00+05:30,14.95,21.48,2026-04-05T19:00:00+05:30,14.95,poor,evening,-6.21,2026-04-05T14:00:00+05:30,86.82
2026-04-05,Mars,2026-04-05T06:00:00+05:30,8.96,19.01,2026-04-05T06:00:00+05:30,8.96,poor,predawn,-6.06,2026-04-05T11:30:00+05:30,76.21
2026-04-05,Jupiter,2026-04-05T19:00:00+05:30,77.6,90.33,2026-04-05T19:00:00+05:30,77.6,excellent,evening,-6.21,2026-04-05T18:30:00+05:30,78.1
2026-04-05,Saturn,2026-04-05T06:00:00+05:30,0.3,9.43,2026-04-05T06:00:00+05:30,0.3,poor,predawn,-6.06,2026-04-05T12:00:00+05:30,79.19
2026-04-05,Uranus,2026-04-05T19:00:00+05:30,36.2,43.19,2026-04-05T19:00:00+05:30,36.2,good,evening,-6.21,2026-04-05T15:30:00+05:30,81.1
2026-04-05,Neptune,2026-04-05T06:00:00+05:30,3.81,12.95,2026-04-05T06:00:00+05:30,3.81,poor,predawn,-6.06,2026-04-05T11:30:00+05:30,78.01
2026-04-06,Mercury,2026-04-06T06:00:00+05:30,15.6,27.72,2026-04-06T06:00:00+05:30,15.6,fair,predawn,-5.91,2026-04-06T11:00:00+05:30,72.32
2026-04-06,Venus,2026-04-06T19:00:00+05:30,15.2,21.72,2026-04-06T19:00:00+05:30,15.2,fair,evening,-6.2,2026-04-06T14:00:00+05:30,86.6
2026-04-06,Mars,2026-04-06T06:00:00+05:30,9.29,19.21,2026-04-06T06:00:00+05:30,9.29,poor,predawn,-5.91,2026-04-06T11:30:00+05:30,76.47
2026-04-06,Jupiter,2026-04-06T19:00:00+05:30,77.28,89.43,2026-04-06T19:00:00+05:30,77.28,excellent,evening,-6.2,2026-04-06T18:30:00+05:30,78.27
2026-04-06,Saturn,2026-04-06T06:00:00+05:30,1.16,10.27,2026-04-06T06:00:00+05:30,1.16,poor,predawn,-5.91,2026-04-06T12:00:00+05:30,79.17
2026-04-06,Uranus,2026-04-06T19:00:00+05:30,35.31,42.25,2026-04-06T19:00:00+05:30,35.31,good,evening,-6.2,2026-04-06T15:30:00+05:30,80.79
2026-04-06,Neptune,2026-04-06T06:00:00+05:30,4.74,13.89,2026-04-06T06:00:00+05:30,4.74,poor,predawn,-5.91,2026-04-06T11:30:00+05:30,78.25
2026-04-07,Mercury,2026-04-07T06:00:00+05:30,15.6,27.61,2026-04-07T06:00:00+05:30,15.6,fair,predawn,-5.76,2026-04-07T11:00:00+05:30,72.67
2026-04-07,Venus,2026-04-07T19:00:00+05:30,15.45,21.97,2026-04-07T19:00:00+05:30,15.45,fair,evening,-6.19,2026-04-07T14:00:00+05:30,86.33
2026-04-07,Mars,2026-04-07T06:00:00+05:30,9.62,19.41,2026-04-07T06:00:00+05:30,9.62,poor,predawn,-5.76,2026-04-07T11:30:00+05:30,76.73
2026-04-07,Jupiter,2026-04-07T19:00:00+05:30,76.91,88.52,2026-04-07T19:00:00+05:30,76.91,excellent,evening,-6.19,2026-04-07T18:30:00+05:30,78.39
2026-04-07,Saturn,2026-04-07T06:00:00+05:30,2.03,11.12,2026-04-07T06:00:00+05:30,2.03,poor,predawn,-5.76,2026-04-07T12:00:00+05:30,79.07
2026-04-07,Uranus,2026-04-07T19:00:00+05:30,34.43,41.32,2026-04-07T19:00:00+05:30,34.43,good,evening,-6.19,2026-04-07T15:00:00+05:30,81.03
2026-04-07,Neptune,2026-04-07T06:00:00+05:30,5.68,14.83,2026-04-07T06:00:00+05:30,5.68,poor,predawn,-5.76,2026-04-07T11:30:00+05:30,78.42
2026-04-08,Mercury,2026-04-08T06:00:00+05:30,15.58,27.45,2026-04-08T06:00:00+05:30,15.58,fair,predawn,-5.62,2026-04-08T11:00:00+05:30,73.05
2026-04-08,Venus,2026-04-08T19:00:00+05:30,15.71,22.21,2026-04-08T19:00:00+05:30,15.71,fair,evening,-6.18,2026-04-08T14:00:00+05:30,86.04
2026-04-08,Mars,2026-04-08T06:00:00+05:30,9.95,19.62,2026-04-08T06:00:00+05:30,9.95,poor,predawn,-5.62,2026-04-08T11:30:00+05:30,76.97
2026-04-08,Jupiter,2026-04-08T19:00:00+05:30,76.5,87.63,2026-04-08T19:00:00+05:30,76.5,excellent,evening,-6.18,2026-04-08T18:30:00+05:30,78.45
2026-04-08,Saturn,2026-04-08T06:00:00+05:30,2.89,11.96,2026-04-08T06:00:00+05:30,2.89,poor,predawn,-5.62,2026-04-08T12:00:00+05:30,78.92
2026-04-08,Uranus,2026-04-08T19:00:00+05:30,33.55,40.38,2026-04-08T19:00:00+05:30,33.55,good,evening,-6.18,2026-04-08T15:00:00+05:30,81.26
2026-04-08,Neptune,2026-04-08T06:00:00+05:30,6.61,15.78,2026-04-08T06:00:00+05:30,6.61,poor,predawn,-5.62,2026-04-08T11:30:00+05:30,78.51
2026-04-09,Mercury,2026-04-09T06:00:00+05:30,15.53,27.26,2026-04-09T06:00:00+05:30,15.53,fair,predawn,-5.47,2026-04-09T11:00:00+05:30,73.46
2026-04-09,Venus,2026-04-09T19:00:00+05:30,15.96,22.46,2026-04-09T19:00:00+05:30,15.96,fair,evening,-6.17,2026-04-09T14:00:00+05:30,85.71
2026-04-09,Mars,2026-04-09T06:00:00+05:30,10.28,19.82,2026-04-09T06:00:00+05:30,10.28,poor,predawn,-5.47,2026-04-09T11:30:00+05:30,77.21
2026-04-09,Jupiter,2026-04-09T19:00:00+05:30,76.05,86.73,2026-04-09T19:00:00+05:30,76.05,excellent,evening,-6.17,2026-04-09T18:30:00+05:30,78.44
2026-04-09,Saturn,2026-04-09T06:00:00+05:30,3.76,12.81,2026-04-09T06:00:00+05:30,3.76,poor,predawn,-5.47,2026-04-09T11:30:00+05:30,78.8
2026-04-09,Uranus,2026-04-09T19:00:00+05:30,32.67,39.45,2026-04-09T19:00:00+05:30,32.67,good,evening,-6.17,2026-04-09T15:00:00+05:30,81.4
2026-04-09,Neptune,2026-04-09T06:00:00+05:30,7.55,16.72,2026-04-09T06:00:00+05:30,7.55,poor,predawn,-5.47,2026-04-09T11:30:00+05:30,78.53
2026-04-10,Mercury,2026-04-10T06:00:00+05:30,15.46,27.03,2026-04-10T06:00:00+05:30,15.46,fair,predawn,-5.33,2026-04-10T11:00:00+05:30,73.89
2026-04-10,Venus,2026-04-10T19:00:00+05:30,16.22,22.7,2026-04-10T19:00:00+05:30,16.22,fair,evening,-6.15,2026-04-10T14:00:00+05:30,85.37
2026-04-10,Mars,2026-04-10T06:00:00+05:30,10.61,20.02,2026-04-10T06:00:00+05:30,10.61,poor,predawn,-5.33,2026-04-10T11:30:00+05:30,77.44
2026-04-10,Jupiter,2026-04-10T19:00:00+05:30,75.56,85.84,2026-04-10T19:00:00+05:30,75.56,excellent,evening,-6.15,2026-04-10T18:30:00+05:30,78.37
2026-04-10,Saturn,2026-04-10T06:00:00+05:30,4.62,13.66,2026-04-10T06:00:00+05:30,4.62,poor,predawn,-5.33,2026-04-10T11:30:00+05:30,79.09
2026-04-10,Uranus,2026-04-10T19:00:00+05:30,31.79,38.51,2026-04-10T19:00:00+05:30,31.79,good,evening,-6.15,2026-04-10T15:00:00+05:30,81.45
2026-04-10,Neptune,2026-04-10T06:00:00+05:30,8.49,17.66,2026-04-10T06:00:00+05:30,8.49,poor,predawn,-5.33,2026-04-10T11:30:00+05:30,78.47
2026-04-11,Mercury,2026-04-11T06:00:00+05:30,15.37,26.76,2026-04-11T06:00:00+05:30,15.37,fair,predawn,-5.19,2026-04-11T11:00:00+05:30,74.35
2026-04-11,Venus,2026-04-11T19:00:00+05:30,16.48,22.94,2026-04-11T19:00:00+05:30,16.48,fair,evening,-6.14,2026-04-11T14:00:00+05:30,85.02
2026-04-11,Mars,2026-04-11T06:00:00+05:30,10.94,20.22,2026-04-11T06:00:00+05:30,10.94,poor,predawn,-5.19,2026-04-11T11:00:00+05:30,77.7
2026-04-11,Jupiter,2026-04-11T19:00:00+05:30,75.05,84.95,2026-04-11T19:00:00+05:30,75.05,excellent,evening,-6.14,2026-04-11T18:30:00+05:30,78.24
2026-04-11,Saturn,2026-04-11T06:00:00+05:30,5.49,14.51,2026-04-11T06:00:00+05:30,5.49,poor,predawn,-5.19,2026-04-11T11:30:00+05:30,79.32
2026-04-11,Uranus,2026-04-11T19:00:00+05:30,30.91,37.58,2026-04-11T19:00:00+05:30,30.91,good,evening,-6.14,2026-04-11T15:00:00+05:30,81.4
2026-04-11,Neptune,2026-04-11T06:00:00+05:30,9.42,18.61,2026-04-11T06:00:00+05:30,9.42,poor,predawn,-5.19,2026-04-11T11:30:00+05:30,78.33
2026-04-12,Mercury,2026-04-12T06:00:00+05:30,15.25,26.46,2026-04-12T06:00:00+05:30,15.25,fair,predawn,-5.04,2026-04-12T11:00:00+05:30,74.83
2026-04-12,Venus,2026-04-12T19:00:00+05:30,16.74,23.19,2026-04-12T19:00:00+05:30,16.74,fair,evening,-6.12,2026-04-12T14:00:00+05:30,84.66
2026-04-12,Mars,2026-04-12T06:00:00+05:30,11.27,20.43,2026-04-12T06:00:00+05:30,11.27,poor,predawn,-5.04,2026-04-12T11:00:00+05:30,78.08
2026-04-12,Jupiter,2026-04-12T19:00:00+05:30,74.51,84.06,2026-04-12T19:00:00+05:30,74.51,excellent,evening,-6.12,2026-04-12T18:30:00+05:30,78.05
2026-04-12,Saturn,2026-04-12T06:00:00+05:30,6.35,15.36,2026-04-12T06:00:00+05:30,6.35,poor,predawn,-5.04,2026-04-12T11:30:00+05:30,79.48
2026-04-12,Uranus,2026-04-12T19:00:00+05:30,30.03,36.65,2026-04-12T19:00:00+05:30,30.03,good,evening,-6.12,2026-04-12T15:00:00+05:30,81.26
2026-04-12,Neptune,2026-04-12T06:00:00+05:30,10.36,19.55,2026-04-12T06:00:00+05:30,10.36,poor,predawn,-5.04,2026-04-12T11:30:00+05:30,78.12
2026-04-13,Mercury,2026-04-13T06:00:00+05:30,15.12,26.12,2026-04-13T06:00:00+05:30,15.12,fair,predawn,-4.91,2026-04-13T11:00:00+05:30,75.34
2026-04-13,Venus,2026-04-13T19:00:00+05:30,17.0,23.43,2026-04-13T19:00:00+05:30,17.0,fair,evening,-6.1,2026-04-13T14:00:00+05:30,84.29
2026-04-13,Mars,2026-04-13T06:00:00+05:30,11.6,20.63,2026-04-13T06:00:00+05:30,11.6,poor,predawn,-4.91,2026-04-13T11:00:00+05:30,78.46
2026-04-13,Jupiter,2026-04-13T19:00:00+05:30,73.94,83.18,2026-04-13T19:00:00+05:30,73.94,excellent,evening,-6.1,2026-04-13T18:00:00+05:30,78.08
2026-04-13,Saturn,2026-04-13T06:00:00+05:30,7.22,16.21,2026-04-13T06:00:00+05:30,7.22,poor,predawn,-4.91,2026-04-13T11:30:00+05:30,79.57
2026-04-13,Uranus,2026-04-13T19:00:00+05:30,29.15,35.72,2026-04-13T19:00:00+05:30,29.15,good,evening,-6.1,2026-04-13T15:00:00+05:30,81.03
2026-04-13,Neptune,2026-04-13T06:00:00+05:30,11.29,20.49,2026-04-13T06:00:00+05:30,11.29,poor,predawn,-4.91,2026-04-13T11:00:00+05:30,78.14
2026-04-14,Mercury,2026-04-14T06:00:00+05:30,14.96,25.75,2026-04-14T06:00:00+05:30,14.96,poor,predawn,-4.77,2026-04-14T11:00:00+05:30,75.86
2026-04-14,Venus,2026-04-14T19:00:00+05:30,17.27,23.67,2026-04-14T19:00:00+05:30,17.27,fair,evening,-6.09,2026-04-14T14:00:00+05:30,83.91
2026-04-14,Mars,2026-04-14T06:00:00+05:30,11.93,20.83,2026-04-14T06:00:00+05:30,11.93,poor,predawn,-4.77,2026-04-14T11:00:00+05:30,78.83
2026-04-14,Jupiter,2026-04-14T19:00:00+05:30,73.35,82.3,2026-04-14T19:00:00+05:30,73.35,excellent,evening,-6.09,2026-04-14T18:00:00+05:30,78.29
2026-04-14,Saturn,2026-04-14T06:00:00+05:30,8.09,17.06,2026-04-14T06:00:00+05:30,8.09,poor,predawn,-4.77,2026-04-14T11:30:00+05:30,79.59
2026-04-14,Uranus,2026-04-14T19:00:00+05:30,28.28,34.78,2026-04-14T19:00:00+05:30,28.28,good,evening,-6.09,2026-04-14T15:00:00+05:30,80.72
2026-04-14,Neptune,2026-04-14T06:00:00+05:30,12.23,21.44,2026-04-14T06:00:00+05:30,12.23,poor,predawn,-4.77,2026-04-14T11:00:00+05:30,78.38
2026-04-15,Mercury,2026-04-15T06:00:00+05:30,14.78,25.35,2026-04-15T06:00:00+05:30,14.78,poor,predawn,-4.63,2026-04-15T11:00:00+05:30,76.4
2026-04-15,Venus,2026-04-15T19:00:00+05:30,17.53,23.92,2026-04-15T19:00:00+05:30,17.53,fair,evening,-6.07,2026-04-15T14:00:00+05:30,83.54
2026-04-15,Mars,2026-04-15T06:00:00+05:30,12.26,21.04,2026-04-15T06:00:00+05:30,12.26,poor,predawn,-4.63,2026-04-15T11:00:00+05:30,79.2
2026-04-15,Jupiter,2026-04-15T19:00:00+05:30,72.75,81.43,2026-04-15T19:00:00+05:30,72.75,excellent,evening,-6.07,2026-04-15T18:00:00+05:30,78.43
2026-04-15,Saturn,2026-04-15T06:00:00+05:30,8.95,17.91,2026-04-15T06:00:00+05:30,8.95,poor,predawn,-4.63,2026-04-15T11:30:00+05:30,79.54
2026-04-15,Uranus,2026-04-15T19:00:00+05:30,27.4,33.86,2026-04-15T19:00:00+05:30,27.4,good,evening,-6.07,2026-04-15T14:30:00+05:30,80.94
2026-04-15,Neptune,2026-04-15T06:00:00+05:30,13.17,22.38,2026-04-15T06:00:00+05:30,13.17,poor,predawn,-4.63,2026-04-15T11:00:00+05:30,78.54
2026-04-16,Mercury,2026-04-16T06:00:00+05:30,14.57,24.92,2026-04-16T06:00:00+05:30,14.57,poor,predawn,-4.5,2026-04-16T11:00:00+05:30,76.95
2026-04-16,Venus,2026-04-16T19:00:00+05:30,17.8,24.16,2026-04-16T19:00:00+05:30,17.8,fair,evening,-6.05,2026-04-16T14:00:00+05:30,83.16
2026-04-16,Mars,2026-04-16T06:00:00+05:30,12.6,21.24,2026-04-16T06:00:00+05:30,12.6,poor,predawn,-4.5,2026-04-16T11:00:00+05:30,79.57
2026-04-16,Jupiter,2026-04-16T19:00:00+05:30,72.13,80.55,2026-04-16T19:00:00+05:30,72.13,excellent,evening,-6.05,2026-04-16T18:00:00+05:30,78.52
2026-04-16,Saturn,2026-04-16T06:00:00+05:30,9.82,18.77,2026-04-16T06:00:00+05:30,9.82,poor,predawn,-4.5,2026-04-16T11:30:00+05:30,79.41
2026-04-16,Uranus,2026-04-16T19:00:00+05:30,26.52,32.93,2026-04-16T19:00:00+05:30,26.52,good,evening,-6.05,2026-04-16T14:30:00+05:30,81.17
2026-04-16,Neptune,2026-04-16T06:00:00+05:30,14.1,23.32,2026-04-16T06:00:00+05:30,14.1,poor,predawn,-4.5,2026-04-16T11:00:00+05:30,78.63
2026-04-17,Mercury,2026-04-17T06:00:00+05:30,14.35,24.45,2026-04-17T06:00:00+05:30,14.35,poor,predawn,-4.37,2026-04-17T11:00:00+05:30,77.52
2026-04-17,Venus,2026-04-17T19:00:00+05:30,18.07,24.4,2026-04-17T19:00:00+05:30,18.07,fair,evening,-6.02,2026-04-17T14:00:00+05:30,82.79
2026-04-17,Mars,2026-04-17T06:00:00+05:30,12.93,21.44,2026-04-17T06:00:00+05:30,12.93,poor,predawn,-4.37,2026-04-17T11:00:00+05:30,79.93
2026-04-17,Jupiter,2026-04-17T19:00:00+05:30,71.49,79.68,2026-04-17T19:00:00+05:30,71.49,excellent,evening,-6.02,2026-04-17T18:00:00+05:30,78.55
2026-04-17,Saturn,2026-04-17T06:00:00+05:30,10.68,19.62,2026-04-17T06:00:00+05:30,10.68,poor,predawn,-4.37,2026-04-17T11:30:00+05:30,79.22
2026-04-17,Uranus,2026-04-17T19:00:00+05:30,25.65,32.0,2026-04-17T19:00:00+05:30,25.65,good,evening,-6.02,2026-04-17T14:30:00+05:30,81.31
2026-04-17,Neptune,2026-04-17T06:00:00+05:30,15.04,24.26,2026-04-17T06:00:00+05:30,15.04,fair,predawn,-4.37,2026-04-17T11:00:00+05:30,78.64
2026-04-18,Mercury,2026-04-18T06:00:00+05:30,14.11,23.96,2026-04-18T06:00:00+05:30,14.11,poor,predawn,-4.24,2026-04-18T11:00:00+05:30,78.09
2026-04-18,Venus,2026-04-18T19:00:00+05:30,18.34,24.64,2026-04-18T19:00:00+05:30,18.34,fair,evening,-6.0,2026-04-18T14:00:00+05:30,82.42
2026-04-18,Mars,2026-04-18T06:00:00+05:30,13.26,21.65,2026-04-18T06:00:00+05:30,13.26,poor,predawn,-4.24,2026-04-18T11:00:00+05:30,80.29
2026-04-18,Jupiter,2026-04-18T19:00:00+05:30,70.84,78.81,2026-04-18T19:00:00+05:30,70.84,excellent,evening,-6.0,2026-04-18T18:00:00+05:30,78.52
2026-04-18,Saturn,2026-04-18T06:00:00+05:30,11.55,20.47,2026-04-18T06:00:00+05:30,11.55,poor,predawn,-4.24,2026-04-18T11:00:00+05:30,79.31
2026-04-18,Uranus,2026-04-18T19:00:00+05:30,24.78,31.07,2026-04-18T19:00:00+05:30,24.78,fair,evening,-6.0,2026-04-18T14:30:00+05:30,81.36
2026-04-18,Neptune,2026-04-18T06:00:00+05:30,15.97,25.2,2026-04-18T06:00:00+05:30,15.97,fair,predawn,-4.24,2026-04-18T11:00:00+05:30,78.56
2026-04-19,Mercury,2026-04-19T06:00:00+05:30,13.84,23.43,2026-04-19T06:00:00+05:30,13.84,poor,predawn,-4.11,2026-04-19T11:00:00+05:30,78.67
2026-04-19,Venus,2026-04-19T19:00:00+05:30,18.61,24.89,2026-04-19T19:00:00+05:30,18.61,fair,evening,-5.98,2026-04-19T14:00:00+05:30,82.04
2026-04-19,Mars,2026-04-19T06:00:00+05:30,13.59,21.85,2026-04-19T06:00:00+05:30,13.59,poor,predawn,-4.11,2026-04-19T11:00:00+05:30,80.64
2026-04-19,Jupiter,2026-04-19T19:00:00+05:30,70.18,77.95,2026-04-19T19:00:00+05:30,70.18,excellent,evening,-5.98,2026-04-19T18:00:00+05:30,78.43
2026-04-19,Saturn,2026-04-19T06:00:00+05:30,12.42,21.33,2026-04-19T06:00:00+05:30,12.42,poor,predawn,-4.11,2026-04-19T11:00:00+05:30,79.58
2026-04-19,Uranus,2026-04-19T19:00:00+05:30,23.9,30.15,2026-04-19T19:00:00+05:30,23.9,fair,evening,-5.98,2026-04-19T14:30:00+05:30,81.32
2026-04-19,Neptune,2026-04-19T06:00:00+05:30,16.91,26.15,2026-04-19T06:00:00+05:30,16.91,fair,predawn,-4.11,2026-04-19T11:00:00+05:30,78.41
2026-04-20,Mercury,2026-04-20T05:30:00+05:30,6.21,22.89,2026-04-20T05:30:00+05:30,6.21,poor,predawn,-11.15,2026-04-20T11:00:00+05:30,79.25
2026-04-20,Venus,2026-04-20T19:00:00+05:30,18.89,25.13,2026-04-20T19:00:00+05:30,18.89,fair,evening,-5.95,2026-04-20T14:00:00+05:30,81.67
2026-04-20,Mars,2026-04-20T05:30:00+05:30,6.56,22.05,2026-04-20T05:30:00+05:30,6.56,poor,predawn,-11.15,2026-04-20T11:00:00+05:30,80.99
2026-04-20,Jupiter,2026-04-20T19:00:00+05:30,69.51,77.09,2026-04-20T19:00:00+05:30,69.51,excellent,evening,-5.95,2026-04-20T18:00:00+05:30,78.28
2026-04-20,Saturn,2026-04-20T05:30:00+05:30,5.91,22.16,2026-04-20T05:30:00+05:30,5.91,poor,predawn,-11.15,2026-04-20T11:00:00+05:30,79.79
2026-04-20,Uranus,2026-04-20T19:00:00+05:30,23.03,29.22,2026-04-20T19:00:00+05:30,23.03,fair,evening,-5.95,2026-04-20T14:30:00+05:30,81.18
2026-04-20,Neptune,2026-04-20T05:30:00+05:30,10.48,27.07,2026-04-20T05:30:00+05:30,10.48,poor,predawn,-11.15,2026-04-20T11:00:00+05:30,78.19
2026-04-21,Mercury,2026-04-21T05:30:00+05:30,5.9,22.3,2026-04-21T05:30:00+05:30,5.9,poor,predawn,-11.01,2026-04-21T11:00:00+05:30,79.81
2026-04-21,Venus,2026-04-21T19:00:00+05:30,19.17,25.37,2026-04-21T19:00:00+05:30,19.17,fair,evening,-5.92,2026-04-21T14:00:00+05:30,81.31
2026-04-21,Mars,2026-04-21T05:30:00+05:30,6.89,22.25,2026-04-21T05:30:00+05:30,6.89,poor,predawn,-11.01,2026-04-21T11:00:00+05:30,81.33
2026-04-21,Jupiter,2026-04-21T19:00:00+05:30,68.83,76.23,2026-04-21T19:00:00+05:30,68.83,excellent,evening,-5.92,2026-04-21T18:00:00+05:30,78.08
2026-04-21,Saturn,2026-04-21T05:30:00+05:30,6.78,23.02,2026-04-21T05:30:00+05:30,6.78,poor,predawn,-11.01,2026-04-21T11:00:00+05:30,79.92
2026-04-21,Uranus,2026-04-21T19:00:00+05:30,22.16,28.3,2026-04-21T19:00:00+05:30,22.16,fair,evening,-5.92,2026-04-21T14:30:00+05:30,80.96
2026-04-21,Neptune,2026-04-21T05:30:00+05:30,11.42,28.01,2026-04-21T05:30:00+05:30,11.42,poor,predawn,-11.01,2026-04-21T10:30:00+05:30,78.28
2026-04-22,Mercury,2026-04-22T05:30:00+05:30,5.56,21.68,2026-04-22T05:30:00+05:30,5.56,poor,predawn,-10.88,2026-04-22T11:00:00+05:30,80.35
2026-04-22,Venus,2026-04-22T19:00:00+05:30,19.44,25.62,2026-04-22T19:00:00+05:30,19.44,fair,evening,-5.89,2026-04-22T14:00:00+05:30,80.95
2026-04-22,Mars,2026-04-22T05:30:00+05:30,7.22,22.45,2026-04-22T05:30:00+05:30,7.22,poor,predawn,-10.88,2026-04-22T11:00:00+05:30,81.66
2026-04-22,Jupiter,2026-04-22T19:00:00+05:30,68.15,75.37,2026-04-22T19:00:00+05:30,68.15,excellent,evening,-5.89,2026-04-22T17:30:00+05:30,78.27
2026-04-22,Saturn,2026-04-22T05:30:00+05:30,7.65,23.87,2026-04-22T05:30:00+05:30,7.65,poor,predawn,-10.88,2026-04-22T11:00:00+05:30,79.98
2026-04-22,Uranus,2026-04-22T19:00:00+05:30,21.29,27.38,2026-04-22T19:00:00+05:30,21.29,fair,evening,-5.89,2026-04-22T14:30:00+05:30,80.66
2026-04-22,Neptune,2026-04-22T05:30:00+05:30,12.36,28.95,2026-04-22T05:30:00+05:30,12.36,poor,predawn,-10.88,2026-04-22T10:30:00+05:30,78.51
2026-04-23,Mercury,2026-04-23T05:30:00+05:30,5.21,21.04,2026-04-23T05:30:00+05:30,5.21,poor,predawn,-10.76,2026-04-23T11:00:00+05:30,80.87
2026-04-23,Venus,2026-04-23T19:00:00+05:30,19.72,25.86,2026-04-23T19:00:00+05:30,19.72,fair,evening,-5.86,2026-04-23T14:00:00+05:30,80.59
2026-04-23,Mars,2026-04-23T05:30:00+05:30,7.55,22.66,2026-04-23T05:30:00+05:30,7.55,poor,predawn,-10.76,2026-04-23T11:00:00+05:30,81.99
2026-04-23,Jupiter,2026-04-23T19:00:00+05:30,67.46,74.52,2026-04-23T19:00:00+05:30,67.46,excellent,evening,-5.86,2026-04-23T17:30:00+05:30,78.46
2026-04-23,Saturn,2026-04-23T05:30:00+05:30,8.52,24.72,2026-04-23T05:30:00+05:30,8.52,poor,predawn,-10.76,2026-04-23T11:00:00+05:30,79.97
2026-04-23,Uranus,2026-04-23T19:00:00+05:30,20.42,26.46,2026-04-23T19:00:00+05:30,20.42,fair,evening,-5.86,2026-04-23T14:00:00+05:30,80.83
2026-04-23,Neptune,2026-04-23T05:30:00+05:30,13.29,29.89,2026-04-23T05:30:00+05:30,13.29,poor,predawn,-10.76,2026-04-23T10:30:00+05:30,78.66
2026-04-24,Mercury,2026-04-24T05:30:00+05:30,4.83,20.36,2026-04-24T05:30:00+05:30,4.83,poor,predawn,-10.63,2026-04-24T11:00:00+05:30,81.34
2026-04-24,Venus,2026-04-24T19:00:00+05:30,20.0,26.1,2026-04-24T19:00:00+05:30,20.0,fair,evening,-5.83,2026-04-24T14:00:00+05:30,80.23
2026-04-24,Mars,2026-04-24T05:30:00+05:30,7.88,22.86,2026-04-24T05:30:00+05:30,7.88,poor,predawn,-10.63,2026-04-24T11:00:00+05:30,82.3
2026-04-24,Jupiter,2026-04-24T19:00:00+05:30,66.76,73.67,2026-04-24T19:00:00+05:30,66.76,excellent,evening,-5.83,2026-04-24T17:30:00+05:30,78.59
2026-04-24,Saturn,2026-04-24T05:30:00+05:30,9.39,25.58,2026-04-24T05:30:00+05:30,9.39,poor,predawn,-10.63,2026-04-24T11:00:00+05:30,79.88
2026-04-24,Uranus,2026-04-24T19:00:00+05:30,19.55,25.53,2026-04-24T19:00:00+05:30,19.55,fair,evening,-5.83,2026-04-24T14:00:00+05:30,81.06
2026-04-24,Neptune,2026-04-24T05:30:00+05:30,14.23,30.83,2026-04-24T05:30:00+05:30,14.23,poor,predawn,-10.63,2026-04-24T10:30:00+05:30,78.74
2026-04-25,Mercury,2026-04-25T05:30:00+05:30,4.44,19.66,2026-04-25T05:30:00+05:30,4.44,poor,predawn,-10.51,2026-04-25T11:30:00+05:30,81.86
2026-04-25,Venus,2026-04-25T19:00:00+05:30,20.29,26.34,2026-04-25T19:00:00+05:30,20.29,fair,evening,-5.8,2026-04-25T14:00:00+05:30,79.88
2026-04-25,Mars,2026-04-25T05:30:00+05:30,8.21,23.06,2026-04-25T05:30:00+05:30,8.21,poor,predawn,-10.51,2026-04-25T11:00:00+05:30,82.61
2026-04-25,Jupiter,2026-04-25T19:00:00+05:30,66.06,72.82,2026-04-25T19:00:00+05:30,66.06,excellent,evening,-5.8,2026-04-25T17:30:00+05:30,78.66
2026-04-25,Saturn,2026-04-25T05:30:00+05:30,10.25,26.43,2026-04-25T05:30:00+05:30,10.25,poor,predawn,-10.51,2026-04-25T11:00:00+05:30,79.71
2026-04-25,Uranus,2026-04-25T19:00:00+05:30,18.68,24.61,2026-04-25T19:00:00+05:30,18.68,fair,evening,-5.8,2026-04-25T14:00:00+05:30,81.21
2026-04-25,Neptune,2026-04-25T05:30:00+05:30,15.17,31.77,2026-04-25T05:30:00+05:30,15.17,fair,predawn,-10.51,2026-04-25T10:30:00+05:30,78.74
2026-04-26,Mercury,2026-04-26T05:30:00+05:30,4.01,18.92,2026-04-26T05:30:00+05:30,4.01,poor,predawn,-10.39,2026-04-26T11:30:00+05:30,82.75
2026-04-26,Venus,2026-04-26T19:00:00+05:30,20.57,26.59,2026-04-26T19:00:00+05:30,20.57,fair,evening,-5.77,2026-04-26T14:00:00+05:30,79.54
2026-04-26,Mars,2026-04-26T05:30:00+05:30,8.54,23.27,2026-04-26T05:30:00+05:30,8.54,poor,predawn,-10.39,2026-04-26T11:00:00+05:30,82.9
2026-04-26,Jupiter,2026-04-26T19:00:00+05:30,65.35,71.98,2026-04-26T19:00:00+05:30,65.35,excellent,evening,-5.77,2026-04-26T17:30:00+05:30,78.68
2026-04-26,Saturn,2026-04-26T05:30:00+05:30,11.12,27.29,2026-04-26T05:30:00+05:30,11.12,poor,predawn,-10.39,2026-04-26T10:30:00+05:30,79.48
2026-04-26,Uranus,2026-04-26T19:00:00+05:30,17.81,23.7,2026-04-26T19:00:00+05:30,17.81,fair,evening,-5.77,2026-04-26T14:00:00+05:30,81.26
2026-04-26,Neptune,2026-04-26T05:30:00+05:30,16.11,32.71,2026-04-26T05:30:00+05:30,16.11,fair,predawn,-10.39,2026-04-26T10:30:00+05:30,78.65
2026-04-27,Mercury,2026-04-27T05:30:00+05:30,3.57,18.16,2026-04-27T05:30:00+05:30,3.57,poor,predawn,-10.27,2026-04-27T11:30:00+05:30,83.66
2026-04-27,Venus,2026-04-27T19:00:00+05:30,20.86,26.83,2026-04-27T19:00:00+05:30,20.86,fair,evening,-5.73,2026-04-27T14:00:00+05:30,79.2
2026-04-27,Mars,2026-04-27T05:30:00+05:30,8.87,23.47,2026-04-27T05:30:00+05:30,8.87,poor,predawn,-10.27,2026-04-27T11:00:00+05:30,83.18
2026-04-27,Jupiter,2026-04-27T19:00:00+05:30,64.64,71.14,2026-04-27T19:00:00+05:30,64.64,excellent,evening,-5.73,2026-04-27T17:30:00+05:30,78.64
2026-04-27,Saturn,2026-04-27T05:30:00+05:30,11.99,28.14,2026-04-27T05:30:00+05:30,11.99,poor,predawn,-10.27,2026-04-27T10:30:00+05:30,79.8
2026-04-27,Uranus,2026-04-27T19:00:00+05:30,16.94,22.78,2026-04-27T19:00:00+05:30,16.94,fair,evening,-5.73,2026-04-27T14:00:00+05:30,81.23
2026-04-27,Neptune,2026-04-27T05:30:00+05:30,17.04,33.65,2026-04-27T05:30:00+05:30,17.04,fair,predawn,-10.27,2026-04-27T10:30:00+05:30,78.49
2026-04-28,Mercury,2026-04-28T05:30:00+05:30,3.1,17.36,2026-04-28T05:30:00+05:30,3.1,poor,predawn,-10.15,2026-04-28T11:30:00+05:30,84.57
2026-04-28,Venus,2026-04-28T19:00:00+05:30,21.15,27.07,2026-04-28T19:00:00+05:30,21.15,fair,evening,-5.69,2026-04-28T14:00:00+05:30,78.86
2026-04-28,Mars,2026-04-28T05:30:00+05:30,9.2,23.67,2026-04-28T05:30:00+05:30,9.2,poor,predawn,-10.15,2026-04-28T11:00:00+05:30,83.45
2026-04-28,Jupiter,2026-04-28T19:00:00+05:30,63.92,70.3,2026-04-28T19:00:00+05:30,63.92,excellent,evening,-5.69,2026-04-28T17:30:00+05:30,78.55
2026-04-28,Saturn,2026-04-28T05:30:00+05:30,12.87,29.0,2026-04-28T05:30:00+05:30,12.87,poor,predawn,-10.15,2026-04-28T10:30:00+05:30,80.05
2026-04-28,Uranus,2026-04-28T19:00:00+05:30,16.08,21.86,2026-04-28T19:00:00+05:30,16.08,fair,evening,-5.69,2026-04-28T14:00:00+05:30,81.11
2026-04-28,Neptune,2026-04-28T05:30:00+05:30,17.98,34.59,2026-04-28T05:30:00+05:30,17.98,fair,predawn,-10.15,2026-04-28T10:30:00+05:30,78.25
2026-04-29,Mercury,2026-04-29T05:30:00+05:30,2.6,16.54,2026-04-29T05:30:00+05:30,2.6,poor,predawn,-10.04,2026-04-29T11:30:00+05:30,85.49
2026-04-29,Venus,2026-04-29T19:00:00+05:30,21.44,27.31,2026-04-29T19:00:00+05:30,21.44,fair,evening,-5.66,2026-04-29T14:00:00+05:30,78.53
2026-04-29,Mars,2026-04-29T05:30:00+05:30,9.52,23.88,2026-04-29T05:30:00+05:30,9.52,poor,predawn,-10.04,2026-04-29T11:00:00+05:30,83.69
2026-04-29,Jupiter,2026-04-29T19:00:00+05:30,63.2,69.46,2026-04-29T19:00:00+05:30,63.2,excellent,evening,-5.66,2026-04-29T17:30:00+05:30,78.4
2026-04-29,Saturn,2026-04-29T05:30:00+05:30,13.74,29.85,2026-04-29T05:30:00+05:30,13.74,poor,predawn,-10.04,2026-04-29T10:30:00+05:30,80.23
2026-04-29,Uranus,2026-04-29T19:00:00+05:30,15.21,20.94,2026-04-29T19:00:00+05:30,15.21,fair,evening,-5.66,2026-04-29T14:00:00+05:30,80.89
2026-04-29,Neptune,2026-04-29T05:30:00+05:30,18.92,35.53,2026-04-29T05:30:00+05:30,18.92,fair,predawn,-10.04,2026-04-29T10:00:00+05:30,78.41
2026-04-30,Mercury,2026-04-30T05:30:00+05:30,2.08,15.68,2026-04-30T05:30:00+05:30,2.08,poor,predawn,-9.93,2026-04-30T11:30:00+05:30,86.37
2026-04-30,Venus,2026-04-30T19:00:00+05:30,21.73,27.55,2026-04-30T19:00:00+05:30,21.73,fair,evening,-5.62,2026-04-30T14:30:00+05:30,78.34
2026-04-30,Mars,2026-04-30T05:30:00+05:30,9.85,24.08,2026-04-30T05:30:00+05:30,9.85,poor,predawn,-9.93,2026-04-30T11:00:00+05:30,83.92
2026-04-30,Jupiter,2026-04-30T19:00:00+05:30,62.48,68.63,2026-04-30T19:00:00+05:30,62.48,excellent,evening,-5.62,2026-04-30T17:00:00+05:30,78.2
2026-04-30,Saturn,2026-04-30T05:30:00+05:30,14.61,30.71,2026-04-30T05:30:00+05:30,14.61,poor,predawn,-9.93,2026-04-30T10:30:00+05:30,80.33
2026-04-30,Uranus,2026-04-30T19:00:00+05:30,14.35,20.03,2026-04-30T19:00:00+05:30,14.35,poor,evening,-5.62,2026-04-30T14:00:00+05:30,80.6
2026-04-30,Neptune,2026-04-30T05:30:00+05:30,19.86,36.47,2026-04-30T05:30:00+05:30,19.86,fair,predawn,-9.93,2026-04-30T10:00:00+05:30,78.63
2026-05-01,Mercury,2026-05-01T05:30:00+05:30,1.54,14.79,2026-05-01T05:30:00+05:30,1.54,poor,predawn,-9.83,2026-05-01T11:30:00+05:30,87.16
2026-05-01,Venus,2026-05-01T19:00:00+05:30,22.02,27.79,2026-05-01T19:00:00+05:30,22.02,fair,evening,-5.58,2026-05-01T14:30:00+05:30,78.19
2026-05-01,Mars,2026-05-01T05:30:00+05:30,10.18,24.29,2026-05-01T05:30:00+05:30,10.18,poor,predawn,-9.83,2026-05-01T11:00:00+05:30,84.13
2026-05-01,Jupiter,2026-05-01T19:00:00+05:30,61.76,67.8,2026-05-01T19:00:00+05:30,61.76,excellent,evening,-5.58,2026-05-01T17:00:00+05:30,78.44
2026-05-01,Saturn,2026-05-01T05:30:00+05:30,15.48,31.56,2026-05-01T05:30:00+05:30,15.48,fair,predawn,-9.83,2026-05-01T10:30:00+05:30,80.36
2026-05-01,Uranus,2026-05-01T19:00:00+05:30,13.49,19.11,2026-05-01T19:00:00+05:30,13.49,poor,evening,-5.58,2026-05-01T13:30:00+05:30,80.71
2026-05-01,Neptune,2026-05-01T05:30:00+05:30,20.8,37.4,2026-05-01T05:30:00+05:30,20.8,fair,predawn,-9.83,2026-05-01T10:00:00+05:30,78.77
2026-05-02,Mercury,2026-05-02T05:30:00+05:30,0.96,13.88,2026-05-02T05:30:00+05:30,0.96,poor,predawn,-9.72,2026-05-02T11:30:00+05:30,87.73
2026-05-02,Venus,2026-05-02T19:00:00+05:30,22.31,28.03,2026-05-02T19:00:00+05:30,22.31,fair,evening,-5.53,2026-05-02T14:30:00+05:30,78.04
2026-05-02,Mars,2026-05-02T05:30:00+05:30,10.5,24.49,2026-05-02T05:30:00+05:30,10.5,poor,predawn,-9.72,2026-05-02T11:00:00+05:30,84.32
2026-05-02,Jupiter,2026-05-02T19:00:00+05:30,61.04,66.97,2026-05-02T19:00:00+05:30,61.04,excellent,evening,-5.53,2026-05-02T17:00:00+05:30,78.62
2026-05-02,Saturn,2026-05-02T05:30:00+05:30,16.35,32.42,2026-05-02T05:30:00+05:30,16.35,fair,predawn,-9.72,2026-05-02T10:30:00+05:30,80.3
2026-05-02,Uranus,2026-05-02T19:00:00+05:30,12.62,18.2,2026-05-02T19:00:00+05:30,12.62,poor,evening,-5.53,2026-05-02T13:30:00+05:30,80.95
2026-05-02,Neptune,2026-05-02T05:30:00+05:30,21.73,38.34,2026-05-02T05:30:00+05:30,21.73,fair,predawn,-9.72,2026-05-02T10:00:00+05:30,78.84
2026-05-03,Mercury,2026-05-03T05:30:00+05:30,0.36,12.93,2026-05-03T05:30:00+05:30,0.36,poor,predawn,-9.62,2026-05-03T11:30:00+05:30,87.83
2026-05-03,Venus,2026-05-03T19:00:00+05:30,22.61,28.27,2026-05-03T19:00:00+05:30,22.61,fair,evening,-5.49,2026-05-03T14:30:00+05:30,77.89
2026-05-03,Mars,2026-05-03T05:30:00+05:30,10.83,24.7,2026-05-03T05:30:00+05:30,10.83,poor,predawn,-9.62,2026-05-03T11:00:00+05:30,84.49
2026-05-03,Jupiter,2026-05-03T19:00:00+05:30,60.31,66.14,2026-05-03T19:00:00+05:30,60.31,excellent,evening,-5.49,2026-05-03T17:00:00+05:30,78.75
2026-05-03,Saturn,2026-05-03T05:30:00+05:30,17.22,33.28,2026-05-03T05:30:00+05:30,17.22,fair,predawn,-9.62,2026-05-03T10:30:00+05:30,80.17
2026-05-03,Uranus,2026-05-03T19:00:00+05:30,11.76,17.29,2026-05-03T19:00:00+05:30,11.76,poor,evening,-5.49,2026-05-03T13:30:00+05:30,81.1
2026-05-03,Neptune,2026-05-03T05:30:00+05:30,22.67,39.28,2026-05-03T05:30:00+05:30,22.67,fair,predawn,-9.62,2026-05-03T10:00:00+05:30,78.82
2026-05-04,Mercury,2026-05-04T05:30:00+05:30,-0.27,11.95,2026-05-04T05:30:00+05:30,-0.27,not visible,predawn,-9.52,2026-05-04T11:30:00+05:30,87.39
2026-05-04,Venus,2026-05-04T19:00:00+05:30,22.9,28.51,2026-05-04T19:00:00+05:30,22.9,fair,evening,-5.45,2026-05-04T14:30:00+05:30,77.75
2026-05-04,Mars,2026-05-04T05:30:00+05:30,11.15,24.9,2026-05-04T05:30:00+05:30,11.15,poor,predawn,-9.52,2026-05-04T11:00:00+05:30,84.62
2026-05-04,Jupiter,2026-05-04T19:00:00+05:30,59.58,65.32,2026-05-04T19:00:00+05:30,59.58,excellent,evening,-5.45,2026-05-04T17:00:00+05:30,78.83
2026-05-04,Saturn,2026-05-04T05:30:00+05:30,18.1,34.13,2026-05-04T05:30:00+05:30,18.1,fair,predawn,-9.52,2026-05-04T10:30:00+05:30,79.96
2026-05-04,Uranus,2026-05-04T19:00:00+05:30,10.9,16.37,2026-05-04T19:00:00+05:30,10.9,poor,evening,-5.45,2026-05-04T13:30:00+05:30,81.17
2026-05-04,Neptune,2026-05-04T05:30:00+05:30,23.61,40.22,2026-05-04T05:30:00+05:30,23.61,fair,predawn,-9.52,2026-05-04T10:00:00+05:30,78.73
2026-05-05,Mercury,2026-05-05T05:30:00+05:30,-0.93,10.95,2026-05-05T05:30:00+05:30,-0.93,not visible,predawn,-9.43,2026-05-05T11:30:00+05:30,86.57
2026-05-05,Venus,2026-05-05T19:00:00+05:30,23.2,28.75,2026-05-05T19:00:00+05:30,23.2,fair,evening,-5.4,2026-05-05T14:30:00+05:30,77.61
2026-05-05,Mars,2026-05-05T05:30:00+05:30,11.47,25.1,2026-05-05T05:30:00+05:30,11.47,poor,predawn,-9.43,2026-05-05T11:00:00+05:30,84.73
2026-05-05,Jupiter,2026-05-05T19:00:00+05:30,58.85,64.5,2026-05-05T19:00:00+05:30,58.85,excellent,evening,-5.4,2026-05-05T17:00:00+05:30,78.85
2026-05-05,Saturn,2026-05-05T05:30:00+05:30,18.97,34.99,2026-05-05T05:30:00+05:30,18.97,fair,predawn,-9.43,2026-05-05T10:00:00+05:30,79.98
2026-05-05,Uranus,2026-05-05T19:00:00+05:30,10.04,15.46,2026-05-05T19:00:00+05:30,10.04,poor,evening,-5.4,2026-05-05T13:30:00+05:30,81.14
2026-05-05,Neptune,2026-05-05T05:30:00+05:30,24.55,41.16,2026-05-05T05:30:00+05:30,24.55,fair,predawn,-9.43,2026-05-05T10:00:00+05:30,78.55
2026-05-06,Mercury,2026-05-06T05:30:00+05:30,-1.61,9.91,2026-05-06T05:30:00+05:30,-1.61,not visible,predawn,-9.34,2026-05-06T12:00:00+05:30,86.75
2026-05-06,Venus,2026-05-06T19:00:00+05:30,23.5,28.99,2026-05-06T19:00:00+05:30,23.5,fair,evening,-5.35,2026-05-06T14:30:00+05:30,77.47
2026-05-06,Mars,2026-05-06T05:30:00+05:30,11.8,25.31,2026-05-06T05:30:00+05:30,11.8,poor,predawn,-9.34,2026-05-06T11:00:00+05:30,84.81
2026-05-06,Jupiter,2026-05-06T19:00:00+05:30,58.12,63.68,2026-05-06T19:00:00+05:30,58.12,excellent,evening,-5.35,2026-05-06T17:00:00+05:30,78.81
2026-05-06,Saturn,2026-05-06T05:30:00+05:30,19.85,35.85,2026-05-06T05:30:00+05:30,19.85,fair,predawn,-9.34,2026-05-06T10:00:00+05:30,80.27
2026-05-06,Uranus,2026-05-06T19:00:00+05:30,9.18,14.55,2026-05-06T19:00:00+05:30,9.18,poor,evening,-5.35,2026-05-06T13:30:00+05:30,81.03
2026-05-06,Neptune,2026-05-06T05:30:00+05:30,25.49,42.09,2026-05-06T05:30:00+05:30,25.49,good,predawn,-9.34,2026-05-06T10:00:00+05:30,78.3
2026-05-07,Mercury,2026-05-07T05:30:00+05:30,-2.33,8.84,2026-05-07T05:30:00+05:30,-2.33,not visible,predawn,-9.25,2026-05-07T12:00:00+05:30,87.11
2026-05-07,Venus,2026-05-07T19:00:00+05:30,23.79,29.23,2026-05-07T19:00:00+05:30,23.79,fair,evening,-5.3,2026-05-07T14:30:00+05:30,77.33
2026-05-07,Mars,2026-05-07T05:30:00+05:30,12.12,25.52,2026-05-07T05:30:00+05:30,12.12,poor,predawn,-9.25,2026-05-07T11:00:00+05:30,84.86
2026-05-07,Jupiter,2026-05-07T19:00:00+05:30,57.39,62.86,2026-05-07T19:00:00+05:30,57.39,excellent,evening,-5.3,2026-05-07T17:00:00+05:30,78.73
2026-05-07,Saturn,2026-05-07T05:30:00+05:30,20.72,36.7,2026-05-07T05:30:00+05:30,20.72,fair,predawn,-9.25,2026-05-07T10:00:00+05:30,80.49
2026-05-07,Uranus,2026-05-07T19:00:00+05:30,8.33,13.64,2026-05-07T19:00:00+05:30,8.33,poor,evening,-5.3,2026-05-07T13:30:00+05:30,80.83
2026-05-07,Neptune,2026-05-07T05:30:00+05:30,26.42,43.03,2026-05-07T05:30:00+05:30,26.42,good,predawn,-9.25,2026-05-07T09:30:00+05:30,78.53
2026-05-08,Mercury,2026-05-08T05:30:00+05:30,-3.07,7.75,2026-05-08T05:30:00+05:30,-3.07,not visible,predawn,-9.16,2026-05-08T12:00:00+05:30,87.0
2026-05-08,Venus,2026-05-08T19:00:00+05:30,24.09,29.47,2026-05-08T19:00:00+05:30,24.09,fair,evening,-5.25,2026-05-08T14:30:00+05:30,77.19
2026-05-08,Mars,2026-05-08T05:30:00+05:30,12.44,25.72,2026-05-08T05:30:00+05:30,12.44,poor,predawn,-9.16,2026-05-08T10:30:00+05:30,84.93
2026-05-08,Jupiter,2026-05-08T19:00:00+05:30,56.66,62.05,2026-05-08T19:00:00+05:30,56.66,excellent,evening,-5.25,2026-05-08T17:00:00+05:30,78.58
2026-05-08,Saturn,2026-05-08T05:30:00+05:30,21.6,37.56,2026-05-08T05:30:00+05:30,21.6,fair,predawn,-9.16,2026-05-08T10:00:00+05:30,80.64
2026-05-08,Uranus,2026-05-08T19:00:00+05:30,7.47,12.73,2026-05-08T19:00:00+05:30,7.47,poor,evening,-5.25,2026-05-08T13:30:00+05:30,80.55
2026-05-08,Neptune,2026-05-08T05:30:00+05:30,27.36,43.97,2026-05-08T05:30:00+05:30,27.36,good,predawn,-9.16,2026-05-08T09:30:00+05:30,78.74
2026-05-09,Mercury,2026-05-09T05:30:00+05:30,-3.84,6.63,2026-05-09T05:30:00+05:30,-3.84,not visible,predawn,-9.08,2026-05-09T12:00:00+05:30,86.43
2026-05-09,Venus,2026-05-09T19:00:00+05:30,24.39,29.71,2026-05-09T19:00:00+05:30,24.39,fair,evening,-5.2,2026-05-09T14:30:00+05:30,77.06
2026-05-09,Mars,2026-05-09T05:30:00+05:30,12.76,25.93,2026-05-09T05:30:00+05:30,12.76,poor,predawn,-9.08,2026-05-09T10:30:00+05:30,85.33
2026-05-09,Jupiter,2026-05-09T19:00:00+05:30,55.93,61.24,2026-05-09T19:00:00+05:30,55.93,excellent,evening,-5.2,2026-05-09T17:00:00+05:30,78.39
2026-05-09,Saturn,2026-05-09T05:30:00+05:30,22.47,38.42,2026-05-09T05:30:00+05:30,22.47,fair,predawn,-9.08,2026-05-09T10:00:00+05:30,80.7
2026-05-09,Uranus,2026-05-09T19:00:00+05:30,6.61,11.82,2026-05-09T19:00:00+05:30,6.61,poor,evening,-5.2,2026-05-09T13:00:00+05:30,80.59
2026-05-09,Neptune,2026-05-09T05:30:00+05:30,28.3,44.91,2026-05-09T05:30:00+05:30,28.3,good,predawn,-9.08,2026-05-09T09:30:00+05:30,78.88
2026-05-10,Mercury,2026-05-10T05:30:00+05:30,-4.64,5.49,2026-05-10T05:30:00+05:30,-4.64,not visible,predawn,-9.01,2026-05-10T12:00:00+05:30,85.57
2026-05-10,Venus,2026-05-10T19:00:00+05:30,24.7,29.95,2026-05-10T19:00:00+05:30,24.7,fair,evening,-5.15,2026-05-10T14:30:00+05:30,76.94
2026-05-10,Mars,2026-05-10T05:30:00+05:30,13.07,26.13,2026-05-10T05:30:00+05:30,13.07,poor,predawn,-9.01,2026-05-10T10:30:00+05:30,85.72
2026-05-10,Jupiter,2026-05-10T19:00:00+05:30,55.19,60.42,2026-05-10T19:00:00+05:30,55.19,excellent,evening,-5.15,2026-05-10T16:30:00+05:30,78.6
2026-05-10,Saturn,2026-05-10T05:30:00+05:30,23.35,39.28,2026-05-10T05:30:00+05:30,23.35,fair,predawn,-9.01,2026-05-10T10:00:00+05:30,80.68
2026-05-10,Uranus,2026-05-10T19:00:00+05:30,5.76,10.91,2026-05-10T19:00:00+05:30,5.76,poor,evening,-5.15,2026-05-10T13:00:00+05:30,80.83
2026-05-10,Neptune,2026-05-10T05:30:00+05:30,29.24,45.85,2026-05-10T05:30:00+05:30,29.24,good,predawn,-9.01,2026-05-10T09:30:00+05:30,78.93
2026-05-11,Mercury,2026-05-11T05:30:00+05:30,-5.46,4.32,2026-05-11T05:30:00+05:30,-5.46,not visible,predawn,-8.93,2026-05-11T12:00:00+05:30,84.54
2026-05-11,Venus,2026-05-11T19:00:00+05:30,25.0,30.18,2026-05-11T19:00:00+05:30,25.0,fair,evening,-5.1,2026-05-11T14:30:00+05:30,76.81
2026-05-11,Mars,2026-05-11T05:30:00+05:30,13.39,26.34,2026-05-11T05:30:00+05:30,13.39,poor,predawn,-8.93,2026-05-11T10:30:00+05:30,86.12
2026-05-11,Jupiter,2026-05-11T19:00:00+05:30,54.46,59.62,2026-05-11T19:00:00+05:30,54.46,excellent,evening,-5.1,2026-05-11T16:30:00+05:30,78.79
2026-05-11,Saturn,2026-05-11T05:30:00+05:30,24.23,40.14,2026-05-11T05:30:00+05:30,24.23,fair,predawn,-8.93,2026-05-11T10:00:00+05:30,80.58
2026-05-11,Uranus,2026-05-11T19:00:00+05:30,4.91,10.0,2026-05-11T19:00:00+05:30,4.91,poor,evening,-5.1,2026-05-11T13:00:00+05:30,80.99
2026-05-11,Neptune,2026-05-11T05:30:00+05:30,30.17,46.78,2026-05-11T05:30:00+05:30,30.17,good,predawn,-8.93,2026-05-11T09:30:00+05:30,78.9
2026-05-12,Mercury,2026-05-12T05:30:00+05:30,-6.31,3.14,2026-05-12T05:30:00+05:30,-6.31,not visible,predawn,-8.86,2026-05-12T12:00:00+05:30,83.41
2026-05-12,Venus,2026-05-12T19:00:00+05:30,25.3,30.42,2026-05-12T19:00:00+05:30,25.3,good,evening,-5.04,2026-05-12T14:30:00+05:30,76.7
2026-05-12,Mars,2026-05-12T05:30:00+05:30,13.7,26.55,2026-05-12T05:30:00+05:30,13.7,poor,predawn,-8.86,2026-05-12T10:30:00+05:30,86.51
2026-05-12,Jupiter,2026-05-12T19:00:00+05:30,53.73,58.81,2026-05-12T19:00:00+05:30,53.73,excellent,evening,-5.04,2026-05-12T16:30:00+05:30,78.93
2026-05-12,Saturn,2026-05-12T05:30:00+05:30,25.1,41.0,2026-05-12T05:30:00+05:30,25.1,good,predawn,-8.86,2026-05-12T10:00:00+05:30,80.39
2026-05-12,Uranus,2026-05-12T19:00:00+05:30,4.05,9.09,2026-05-12T19:00:00+05:30,4.05,poor,evening,-5.04,2026-05-12T13:00:00+05:30,81.07
2026-05-12,Neptune,2026-05-12T05:30:00+05:30,31.11,47.72,2026-05-12T05:30:00+05:30,31.11,good,predawn,-8.86,2026-05-12T09:30:00+05:30,78.79
2026-05-13,Mercury,2026-05-13T19:00:00+05:30,-6.24,1.26,2026-05-13T19:00:00+05:30,-6.24,not visible,evening,-4.98,2026-05-13T12:30:00+05:30,82.62
2026-05-13,Venus,2026-05-13T19:00:00+05:30,25.6,30.66,2026-05-13T19:00:00+05:30,25.6,good,evening,-4.98,2026-05-13T14:30:00+05:30,76.58
2026-05-13,Mars,2026-05-13T05:30:00+05:30,14.02,26.76,2026-05-13T05:30:00+05:30,14.02,poor,predawn,-8.79,2026-05-13T10:30:00+05:30,86.9
2026-05-13,Jupiter,2026-05-13T19:00:00+05:30,53.0,58.01,2026-05-13T19:00:00+05:30,53.0,excellent,evening,-4.98,2026-05-13T16:30:00+05:30,79.02
2026-05-13,Saturn,2026-05-13T05:30:00+05:30,25.98,41.86,2026-05-13T05:30:00+05:30,25.98,good,predawn,-8.79,2026-05-13T10:00:00+05:30,80.13
2026-05-13,Uranus,2026-05-13T19:00:00+05:30,3.2,8.19,2026-05-13T19:00:00+05:30,3.2,poor,evening,-4.98,2026-05-13T13:00:00+05:30,81.05
2026-05-13,Neptune,2026-05-13T05:30:00+05:30,32.05,48.66,2026-05-13T05:30:00+05:30,32.05,good,predawn,-8.79,2026-05-13T09:30:00+05:30,78.6
2026-05-14,Mercury,2026-05-14T19:00:00+05:30,-4.97,0.15,2026-05-14T19:00:00+05:30,-4.97,not visible,evening,-4.93,2026-05-14T12:30:00+05:30,82.34
2026-05-14,Venus,2026-05-14T19:00:00+05:30,25.9,30.89,2026-05-14T19:00:00+05:30,25.9,good,evening,-4.93,2026-05-14T14:30:00+05:30,76.47
2026-05-14,Mars,2026-05-14T05:30:00+05:30,14.33,26.96,2026-05-14T05:30:00+05:30,14.33,poor,predawn,-8.73,2026-05-14T10:30:00+05:30,87.29
2026-05-14,Jupiter,2026-05-14T19:00:00+05:30,52.26,57.2,2026-05-14T19:00:00+05:30,52.26,excellent,evening,-4.93,2026-05-14T16:30:00+05:30,79.06
2026-05-14,Saturn,2026-05-14T05:30:00+05:30,26.86,42.72,2026-05-14T05:30:00+05:30,26.86,good,predawn,-8.73,2026-05-14T09:30:00+05:30,80.46
2026-05-14,Uranus,2026-05-14T19:00:00+05:30,2.35,7.28,2026-05-14T19:00:00+05:30,2.35,poor,evening,-4.93,2026-05-14T13:00:00+05:30,80.95
2026-05-14,Neptune,2026-05-14T05:30:00+05:30,32.99,49.6,2026-05-14T05:30:00+05:30,32.99,good,predawn,-8.73,2026-05-14T09:00:00+05:30,78.38
2026-05-15,Mercury,2026-05-15T19:00:00+05:30,-3.7,1.21,2026-05-15T19:00:00+05:30,-3.7,not visible,evening,-4.87,2026-05-15T12:30:00+05:30,81.86
2026-05-15,Venus,2026-05-15T19:00:00+05:30,26.21,31.13,2026-05-15T19:00:00+05:30,26.21,good,evening,-4.87,2026-05-15T14:30:00+05:30,76.37
2026-05-15,Mars,2026-05-15T05:30:00+05:30,14.64,27.17,2026-05-15T05:30:00+05:30,14.64,poor,predawn,-8.66,2026-05-15T10:30:00+05:30,87.68
2026-05-15,Jupiter,2026-05-15T19:00:00+05:30,51.53,56.4,2026-05-15T19:00:00+05:30,51.53,excellent,evening,-4.87,2026-05-15T16:30:00+05:30,79.04
2026-05-15,Saturn,2026-05-15T05:30:00+05:30,27.74,43.58,2026-05-15T05:30:00+05:30,27.74,good,predawn,-8.66,2026-05-15T09:30:00+05:30,80.72
2026-05-15,Uranus,2026-05-15T19:00:00+05:30,1.5,6.37,2026-05-15T19:00:00+05:30,1.5,poor,evening,-4.87,2026-05-15T13:00:00+05:30,80.76
2026-05-15,Neptune,2026-05-15T05:30:00+05:30,33.92,50.54,2026-05-15T05:30:00+05:30,33.92,good,predawn,-8.66,2026-05-15T09:00:00+05:30,78.65
2026-05-16,Mercury,2026-05-16T19:00:00+05:30,-2.42,2.44,2026-05-16T19:00:00+05:30,-2.42,not visible,evening,-4.81,2026-05-16T12:30:00+05:30,81.22
2026-05-16,Venus,2026-05-16T19:00:00+05:30,26.51,31.36,2026-05-16T19:00:00+05:30,26.51,good,evening,-4.81,2026-05-16T14:30:00+05:30,76.26
2026-05-16,Mars,2026-05-16T05:30:00+05:30,14.95,27.38,2026-05-16T05:30:00+05:30,14.95,poor,predawn,-8.61,2026-05-16T10:30:00+05:30,88.06
2026-05-16,Jupiter,2026-05-16T19:00:00+05:30,50.8,55.61,2026-05-16T19:00:00+05:30,50.8,excellent,evening,-4.81,2026-05-16T16:30:00+05:30,78.96
2026-05-16,Saturn,2026-05-16T05:30:00+05:30,28.62,44.44,2026-05-16T05:30:00+05:30,28.62,good,predawn,-8.61,2026-05-16T09:30:00+05:30,80.9
2026-05-16,Uranus,2026-05-16T19:00:00+05:30,0.66,5.47,2026-05-16T19:00:00+05:30,0.66,poor,evening,-4.81,2026-05-16T13:00:00+05:30,80.5
2026-05-16,Neptune,2026-05-16T05:30:00+05:30,34.86,51.47,2026-05-16T05:30:00+05:30,34.86,good,predawn,-8.61,2026-05-16T09:00:00+05:30,78.85
2026-05-17,Mercury,2026-05-17T19:00:00+05:30,-1.13,3.67,2026-05-17T19:00:00+05:30,-1.13,not visible,evening,-4.75,2026-05-17T12:30:00+05:30,80.45
2026-05-17,Venus,2026-05-17T19:00:00+05:30,26.81,31.6,2026-05-17T19:00:00+05:30,26.81,good,evening,-4.75,2026-05-17T14:30:00+05:30,76.17
2026-05-17,Mars,2026-05-17T05:30:00+05:30,15.26,27.59,2026-05-17T05:30:00+05:30,15.26,fair,predawn,-8.55,2026-05-17T10:30:00+05:30,88.44
2026-05-17,Jupiter,2026-05-17T19:00:00+05:30,50.06,54.81,2026-05-17T19:00:00+05:30,50.06,excellent,evening,-4.75,2026-05-17T16:30:00+05:30,78.84
2026-05-17,Saturn,2026-05-17T05:30:00+05:30,29.5,45.31,2026-05-17T05:30:00+05:30,29.5,good,predawn,-8.55,2026-05-17T09:30:00+05:30,81.0
2026-05-17,Uranus,2026-05-17T19:00:00+05:30,-0.19,4.56,2026-05-17T19:00:00+05:30,-0.19,not visible,evening,-4.75,2026-05-17T12:30:00+05:30,80.46
2026-05-17,Neptune,2026-05-17T05:30:00+05:30,35.8,52.41,2026-05-17T05:30:00+05:30,35.8,good,predawn,-8.55,2026-05-17T09:00:00+05:30,78.97
2026-05-18,Mercury,2026-05-18T19:00:00+05:30,0.15,4.9,2026-05-18T19:00:00+05:30,0.15,poor,evening,-4.69,2026-05-18T12:30:00+05:30,79.6
2026-05-18,Venus,2026-05-18T19:00:00+05:30,27.12,31.83,2026-05-18T19:00:00+05:30,27.12,good,evening,-4.69,2026-05-18T14:30:00+05:30,76.08
2026-05-18,Mars,2026-05-18T05:30:00+05:30,15.57,27.8,2026-05-18T05:30:00+05:30,15.57,fair,predawn,-8.5,2026-05-18T10:30:00+05:30,88.82
2026-05-18,Jupiter,2026-05-18T19:00:00+05:30,49.33,54.02,2026-05-18T19:00:00+05:30,49.33,excellent,evening,-4.69,2026-05-18T16:30:00+05:30,78.66
2026-05-18,Saturn,2026-05-18T05:30:00+05:30,30.38,46.17,2026-05-18T05:30:00+05:30,30.38,good,predawn,-8.5,2026-05-18T09:30:00+05:30,81.02
2026-05-18,Uranus,2026-05-18T19:00:00+05:30,-1.04,3.65,2026-05-18T19:00:00+05:30,-1.04,not visible,evening,-4.69,2026-05-18T12:30:00+05:30,80.71
2026-05-18,Neptune,2026-05-18T05:30:00+05:30,36.73,53.35,2026-05-18T05:30:00+05:30,36.73,good,predawn,-8.5,2026-05-18T09:00:00+05:30,79.01
2026-05-19,Mercury,2026-05-19T19:00:00+05:30,1.43,6.11,2026-05-19T19:00:00+05:30,1.43,poor,evening,-4.63,2026-05-19T13:00:00+05:30,78.89
2026-05-19,Venus,2026-05-19T19:00:00+05:30,27.42,32.06,2026-05-19T19:00:00+05:30,27.42,good,evening,-4.63,2026-05-19T14:30:00+05:30,75.99
2026-05-19,Mars,2026-05-19T05:30:00+05:30,15.87,28.01,2026-05-19T05:30:00+05:30,15.87,fair,predawn,-8.45,2026-05-19T10:30:00+05:30,89.19
2026-05-19,Jupiter,2026-05-19T19:00:00+05:30,48.6,53.22,2026-05-19T19:00:00+05:30,48.6,excellent,evening,-4.63,2026-05-19T16:00:00+05:30,78.76
2026-05-19,Saturn,2026-05-19T05:30:00+05:30,31.26,47.03,2026-05-19T05:30:00+05:30,31.26,good,predawn,-8.45,2026-05-19T09:30:00+05:30,80.94
2026-05-19,Uranus,2026-05-19T19:00:00+05:30,-1.88,2.75,2026-05-19T19:00:00+05:30,-1.88,not visible,evening,-4.63,2026-05-19T12:30:00+05:30,80.88
2026-05-19,Neptune,2026-05-19T05:30:00+05:30,37.67,54.29,2026-05-19T05:30:00+05:30,37.67,good,predawn,-8.45,2026-05-19T09:00:00+05:30,78.97
2026-05-20,Mercury,2026-05-20T19:00:00+05:30,2.69,7.31,2026-05-20T19:00:00+05:30,2.69,poor,evening,-4.56,2026-05-20T13:00:00+05:30,78.65
2026-05-20,Venus,2026-05-20T19:00:00+05:30,27.72,32.3,2026-05-20T19:00:00+05:30,27.72,good,evening,-4.56,2026-05-20T14:30:00+05:30,75.91
2026-05-20,Mars,2026-05-20T05:30:00+05:30,16.18,28.22,2026-05-20T05:30:00+05:30,16.18,fair,predawn,-8.41,2026-05-20T10:30:00+05:30,89.55
2026-05-20,Jupiter,2026-05-20T19:00:00+05:30,47.87,52.43,2026-05-20T19:00:00+05:30,47.87,excellent,evening,-4.56,2026-05-20T16:00:00+05:30,78.97
2026-05-20,Saturn,2026-05-20T05:30:00+05:30,32.14,47.9,2026-05-20T05:30:00+05:30,32.14,good,predawn,-8.41,2026-05-20T09:30:00+05:30,80.78
2026-05-20,Uranus,2026-05-20T19:00:00+05:30,-2.72,1.85,2026-05-20T19:00:00+05:30,-2.72,not visible,evening,-4.56,2026-05-20T12:30:00+05:30,80.96
2026-05-20,Neptune,2026-05-20T05:30:00+05:30,38.6,55.23,2026-05-20T05:30:00+05:30,38.6,good,predawn,-8.41,2026-05-20T09:00:00+05:30,78.84
2026-05-21,Mercury,2026-05-21T19:00:00+05:30,3.93,8.49,2026-05-21T19:00:00+05:30,3.93,poor,evening,-4.5,2026-05-21T13:00:00+05:30,78.29
2026-05-21,Venus,2026-05-21T19:00:00+05:30,28.02,32.53,2026-05-21T19:00:00+05:30,28.02,good,evening,-4.5,2026-05-21T14:30:00+05:30,75.84
2026-05-21,Mars,2026-05-21T05:30:00+05:30,16.48,28.43,2026-05-21T05:30:00+05:30,16.48,fair,predawn,-8.37,2026-05-21T10:30:00+05:30,89.79
2026-05-21,Jupiter,2026-05-21T19:00:00+05:30,47.13,51.65,2026-05-21T19:00:00+05:30,47.13,excellent,evening,-4.5,2026-05-21T16:00:00+05:30,79.13
2026-05-21,Saturn,2026-05-21T05:30:00+05:30,33.03,48.76,2026-05-21T05:30:00+05:30,33.03,good,predawn,-8.37,2026-05-21T09:30:00+05:30,80.54
2026-05-21,Uranus,2026-05-21T19:00:00+05:30,-3.56,0.95,2026-05-21T19:00:00+05:30,-3.56,not visible,evening,-4.5,2026-05-21T12:30:00+05:30,80.96
2026-05-21,Neptune,2026-05-21T05:30:00+05:30,39.54,56.16,2026-05-21T05:30:00+05:30,39.54,good,predawn,-8.37,2026-05-21T09:00:00+05:30,78.63
2026-05-22,Mercury,2026-05-22T19:00:00+05:30,5.15,9.65,2026-05-22T19:00:00+05:30,5.15,poor,evening,-4.44,2026-05-22T13:00:00+05:30,77.85
2026-05-22,Venus,2026-05-22T19:00:00+05:30,28.32,32.76,2026-05-22T19:00:00+05:30,28.32,good,evening,-4.44,2026-05-22T14:30:00+05:30,75.77
2026-05-22,Mars,2026-05-22T05:30:00+05:30,16.78,28.64,2026-05-22T05:30:00+05:30,16.78,fair,predawn,-8.33,2026-05-22T10:30:00+05:30,89.59
2026-05-22,Jupiter,2026-05-22T19:00:00+05:30,46.4,50.86,2026-05-22T19:00:00+05:30,46.4,excellent,evening,-4.44,2026-05-22T16:00:00+05:30,79.24
2026-05-22,Saturn,2026-05-22T05:30:00+05:30,33.91,49.63,2026-05-22T05:30:00+05:30,33.91,good,predawn,-8.33,2026-05-22T09:00:00+05:30,80.61
2026-05-22,Uranus,2026-05-22T19:00:00+05:30,-4.4,0.16,2026-05-22T19:00:00+05:30,-4.4,not visible,evening,-4.44,2026-05-22T12:30:00+05:30,80.87
2026-05-22,Neptune,2026-05-22T05:30:00+05:30,40.47,57.1,2026-05-22T05:30:00+05:30,40.47,good,predawn,-8.33,2026-05-22T08:30:00+05:30,78.5
2026-05-23,Mercury,2026-05-23T19:00:00+05:30,6.34,10.77,2026-05-23T19:00:00+05:30,6.34,poor,evening,-4.37,2026-05-23T13:00:00+05:30,77.34
2026-05-23,Venus,2026-05-23T19:00:00+05:30,28.62,32.99,2026-05-23T19:00:00+05:30,28.62,good,evening,-4.37,2026-05-23T15:00:00+05:30,75.79
2026-05-23,Mars,2026-05-23T05:30:00+05:30,17.08,28.85,2026-05-23T05:30:00+05:30,17.08,fair,predawn,-8.3,2026-05-23T10:30:00+05:30,89.25
2026-05-23,Jupiter,2026-05-23T19:00:00+05:30,45.67,50.08,2026-05-23T19:00:00+05:30,45.67,excellent,evening,-4.37,2026-05-23T16:00:00+05:30,79.3
2026-05-23,Saturn,2026-05-23T05:30:00+05:30,34.79,50.49,2026-05-23T05:30:00+05:30,34.79,good,predawn,-8.3,2026-05-23T09:00:00+05:30,80.91
2026-05-23,Uranus,2026-05-23T19:00:00+05:30,-5.24,0.88,2026-05-23T19:00:00+05:30,-5.24,not visible,evening,-4.37,2026-05-23T12:30:00+05:30,80.7
2026-05-23,Neptune,2026-05-23T05:30:00+05:30,41.41,58.04,2026-05-23T05:30:00+05:30,41.41,good,predawn,-8.3,2026-05-23T08:30:00+05:30,78.77
2026-05-24,Mercury,2026-05-24T19:00:00+05:30,7.51,11.86,2026-05-24T19:00:00+05:30,7.51,poor,evening,-4.31,2026-05-24T13:00:00+05:30,76.78
2026-05-24,Venus,2026-05-24T19:00:00+05:30,28.91,33.22,2026-05-24T19:00:00+05:30,28.91,good,evening,-4.31,2026-05-24T15:00:00+05:30,75.88
2026-05-24,Mars,2026-05-24T05:30:00+05:30,17.38,29.07,2026-05-24T05:30:00+05:30,17.38,fair,predawn,-8.27,2026-05-24T10:30:00+05:30,88.89
2026-05-24,Jupiter,2026-05-24T19:00:00+05:30,44.94,49.29,2026-05-24T19:00:00+05:30,44.94,good,evening,-4.31,2026-05-24T16:00:00+05:30,79.3
2026-05-24,Saturn,2026-05-24T05:30:00+05:30,35.68,51.36,2026-05-24T05:30:00+05:30,35.68,good,predawn,-8.27,2026-05-24T09:00:00+05:30,81.13
2026-05-24,Uranus,2026-05-24T19:00:00+05:30,-6.08,1.78,2026-05-24T19:00:00+05:30,-6.08,not visible,evening,-4.31,2026-05-24T12:30:00+05:30,80.44
2026-05-24,Neptune,2026-05-24T05:30:00+05:30,42.34,58.98,2026-05-24T05:30:00+05:30,42.34,good,predawn,-8.27,2026-05-24T08:30:00+05:30,78.95
2026-05-25,Mercury,2026-05-25T19:00:00+05:30,8.64,12.92,2026-05-25T19:00:00+05:30,8.64,poor,evening,-4.24,2026-05-25T13:30:00+05:30,76.37
2026-05-25,Venus,2026-05-25T19:00:00+05:30,29.21,33.45,2026-05-25T19:00:00+05:30,29.21,good,evening,-4.24,2026-05-25T15:00:00+05:30,75.98
2026-05-25,Mars,2026-05-25T05:30:00+05:30,17.67,29.28,2026-05-25T05:30:00+05:30,17.67,fair,predawn,-8.24,2026-05-25T10:30:00+05:30,88.52
2026-05-25,Jupiter,2026-05-25T19:00:00+05:30,44.21,48.51,2026-05-25T19:00:00+05:30,44.21,good,evening,-4.24,2026-05-25T16:00:00+05:30,79.25
2026-05-25,Saturn,2026-05-25T05:30:00+05:30,36.56,52.23,2026-05-25T05:30:00+05:30,36.56,good,predawn,-8.24,2026-05-25T09:00:00+05:30,81.27
2026-05-25,Uranus,2026-05-25T05:30:00+05:30,-6.36,2.17,2026-05-25T05:30:00+05:30,-6.36,not visible,predawn,-8.24,2026-05-25T12:00:00+05:30,80.33
2026-05-25,Neptune,2026-05-25T05:30:00+05:30,43.28,59.92,2026-05-25T05:30:00+05:30,43.28,good,predawn,-8.24,2026-05-25T08:30:00+05:30,79.06
2026-05-26,Mercury,2026-05-26T19:00:00+05:30,9.73,13.94,2026-05-26T19:00:00+05:30,9.73,poor,evening,-4.17,2026-05-26T13:30:00+05:30,76.31
2026-05-26,Venus,2026-05-26T19:00:00+05:30,29.5,33.68,2026-05-26T19:00:00+05:30,29.5,good,evening,-4.17,2026-05-26T15:00:00+05:30,76.09
2026-05-26,Mars,2026-05-26T05:30:00+05:30,17.97,29.49,2026-05-26T05:30:00+05:30,17.97,fair,predawn,-8.22,2026-05-26T10:30:00+05:30,88.16
2026-05-26,Jupiter,2026-05-26T19:00:00+05:30,43.48,47.73,2026-05-26T19:00:00+05:30,43.48,good,evening,-4.17,2026-05-26T16:00:00+05:30,79.15
2026-05-26,Saturn,2026-05-26T05:30:00+05:30,37.45,53.1,2026-05-26T05:30:00+05:30,37.45,good,predawn,-8.22,2026-05-26T09:00:00+05:30,81.31
2026-05-26,Uranus,2026-05-26T05:30:00+05:30,-5.52,3.07,2026-05-26T05:30:00+05:30,-5.52,not visible,predawn,-8.22,2026-05-26T12:00:00+05:30,80.59
2026-05-26,Neptune,2026-05-26T05:30:00+05:30,44.21,60.85,2026-05-26T05:30:00+05:30,44.21,good,predawn,-8.22,2026-05-26T08:30:00+05:30,79.08
2026-05-27,Mercury,2026-05-27T19:00:00+05:30,10.78,14.92,2026-05-27T19:00:00+05:30,10.78,poor,evening,-4.11,2026-05-27T13:30:00+05:30,76.19
2026-05-27,Venus,2026-05-27T19:00:00+05:30,29.79,33.9,2026-05-27T19:00:00+05:30,29.79,good,evening,-4.11,2026-05-27T15:00:00+05:30,76.2
2026-05-27,Mars,2026-05-27T05:30:00+05:30,18.26,29.71,2026-05-27T05:30:00+05:30,18.26,fair,predawn,-8.19,2026-05-27T10:30:00+05:30,87.79
2026-05-27,Jupiter,2026-05-27T19:00:00+05:30,42.75,46.96,2026-05-27T19:00:00+05:30,42.75,good,evening,-4.11,2026-05-27T16:00:00+05:30,78.99
2026-05-27,Saturn,2026-05-27T05:30:00+05:30,38.33,53.97,2026-05-27T05:30:00+05:30,38.33,good,predawn,-8.19,2026-05-27T09:00:00+05:30,81.26
2026-05-27,Uranus,2026-05-27T05:30:00+05:30,-4.68,3.97,2026-05-27T05:30:00+05:30,-4.68,not visible,predawn,-8.19,2026-05-27T12:00:00+05:30,80.77
2026-05-27,Neptune,2026-05-27T05:30:00+05:30,45.14,61.79,2026-05-27T05:30:00+05:30,45.14,excellent,predawn,-8.19,2026-05-27T08:30:00+05:30,79.01
2026-05-28,Mercury,2026-05-28T19:00:00+05:30,11.79,15.86,2026-05-28T19:00:00+05:30,11.79,poor,evening,-4.04,2026-05-28T13:30:00+05:30,76.03
2026-05-28,Venus,2026-05-28T19:00:00+05:30,30.08,34.13,2026-05-28T19:00:00+05:30,30.08,good,evening,-4.04,2026-05-28T15:00:00+05:30,76.31
2026-05-28,Mars,2026-05-28T05:30:00+05:30,18.55,29.92,2026-05-28T05:30:00+05:30,18.55,fair,predawn,-8.18,2026-05-28T10:30:00+05:30,87.43
2026-05-28,Jupiter,2026-05-28T19:00:00+05:30,42.02,46.18,2026-05-28T19:00:00+05:30,42.02,good,evening,-4.04,2026-05-28T15:30:00+05:30,78.9
2026-05-28,Saturn,2026-05-28T05:30:00+05:30,39.22,54.83,2026-05-28T05:30:00+05:30,39.22,good,predawn,-8.18,2026-05-28T09:00:00+05:30,81.12
2026-05-28,Uranus,2026-05-28T05:30:00+05:30,-3.83,4.88,2026-05-28T05:30:00+05:30,-3.83,not visible,predawn,-8.18,2026-05-28T12:00:00+05:30,80.86
2026-05-28,Neptune,2026-05-28T05:30:00+05:30,46.07,62.73,2026-05-28T05:30:00+05:30,46.07,excellent,predawn,-8.18,2026-05-28T08:30:00+05:30,78.87
2026-05-29,Mercury,2026-05-29T19:30:00+05:30,6.07,16.77,2026-05-29T19:30:00+05:30,6.07,poor,evening,-10.7,2026-05-29T13:30:00+05:30,75.84
2026-05-29,Venus,2026-05-29T19:30:00+05:30,23.56,34.36,2026-05-29T19:30:00+05:30,23.56,fair,evening,-10.7,2026-05-29T15:00:00+05:30,76.44
2026-05-29,Mars,2026-05-29T05:30:00+05:30,18.84,30.14,2026-05-29T05:30:00+05:30,18.84,fair,predawn,-8.16,2026-05-29T10:30:00+05:30,87.07
2026-05-29,Jupiter,2026-05-29T19:30:00+05:30,34.32,45.39,2026-05-29T19:30:00+05:30,34.32,good,evening,-10.7,2026-05-29T15:30:00+05:30,79.14
2026-05-29,Saturn,2026-05-29T05:30:00+05:30,40.11,55.71,2026-05-29T05:30:00+05:30,40.11,good,predawn,-8.16,2026-05-29T09:00:00+05:30,80.89
2026-05-29,Uranus,2026-05-29T05:30:00+05:30,-2.99,5.78,2026-05-29T05:30:00+05:30,-2.99,not visible,predawn,-8.16,2026-05-29T12:00:00+05:30,80.87
2026-05-29,Neptune,2026-05-29T05:30:00+05:30,47.0,63.67,2026-05-29T05:30:00+05:30,47.0,excellent,predawn,-8.16,2026-05-29T08:30:00+05:30,78.64
2026-05-30,Mercury,2026-05-30T19:30:00+05:30,6.99,17.61,2026-05-30T19:30:00+05:30,6.99,poor,evening,-10.62,2026-05-30T13:30:00+05:30,75.62
2026-05-30,Venus,2026-05-30T19:30:00+05:30,23.84,34.59,2026-05-30T19:30:00+05:30,23.84,fair,evening,-10.62,2026-05-30T15:00:00+05:30,76.56
2026-05-30,Mars,2026-05-30T05:30:00+05:30,19.13,30.35,2026-05-30T05:30:00+05:30,19.13,fair,predawn,-8.15,2026-05-30T10:30:00+05:30,86.72
2026-05-30,Jupiter,2026-05-30T19:30:00+05:30,33.59,44.62,2026-05-30T19:30:00+05:30,33.59,good,evening,-10.62,2026-05-30T15:30:00+05:30,79.33
2026-05-30,Saturn,2026-05-30T05:30:00+05:30,41.0,56.58,2026-05-30T05:30:00+05:30,41.0,good,predawn,-8.15,2026-05-30T08:30:00+05:30,80.74
2026-05-30,Uranus,2026-05-30T05:30:00+05:30,-2.14,6.68,2026-05-30T05:30:00+05:30,-2.14,not visible,predawn,-8.15,2026-05-30T12:00:00+05:30,80.79
2026-05-30,Neptune,2026-05-30T05:30:00+05:30,47.93,64.61,2026-05-30T05:30:00+05:30,47.93,excellent,predawn,-8.15,2026-05-30T08:00:00+05:30,78.62
2026-05-31,Mercury,2026-05-31T19:30:00+05:30,7.85,18.41,2026-05-31T19:30:00+05:30,7.85,poor,evening,-10.55,2026-05-31T13:30:00+05:30,75.39
2026-05-31,Venus,2026-05-31T19:30:00+05:30,24.12,34.81,2026-05-31T19:30:00+05:30,24.12,fair,evening,-10.55,2026-05-31T15:00:00+05:30,76.69
2026-05-31,Mars,2026-05-31T05:30:00+05:30,19.42,30.57,2026-05-31T05:30:00+05:30,19.42,fair,predawn,-8.14,2026-05-31T10:30:00+05:30,86.36
2026-05-31,Jupiter,2026-05-31T19:30:00+05:30,32.86,43.85,2026-05-31T19:30:00+05:30,32.86,good,evening,-10.55,2026-05-31T15:30:00+05:30,79.47
2026-05-31,Saturn,2026-05-31T05:30:00+05:30,41.88,57.45,2026-05-31T05:30:00+05:30,41.88,good,predawn,-8.14,2026-05-31T08:30:00+05:30,81.07
2026-05-31,Uranus,2026-05-31T05:30:00+05:30,-1.29,7.58,2026-05-31T05:30:00+05:30,-1.29,not visible,predawn,-8.14,2026-05-31T12:00:00+05:30,80.63
2026-05-31,Neptune,2026-05-31T05:30:00+05:30,48.86,65.54,2026-05-31T05:30:00+05:30,48.86,excellent,predawn,-8.14,2026-05-31T08:00:00+05:30,78.87
2026-06-01,Mercury,2026-06-01T19:30:00+05:30,8.67,19.17,2026-06-01T19:30:00+05:30,8.67,poor,evening,-10.48,2026-06-01T14:00:00+05:30,75.31
2026-06-01,Venus,2026-06-01T19:30:00+05:30,24.39,35.03,2026-06-01T19:30:00+05:30,24.39,fair,evening,-10.48,2026-06-01T15:00:00+05:30,76.83
2026-06-01,Mars,2026-06-01T05:30:00+05:30,19.7,30.79,2026-06-01T05:30:00+05:30,19.7,fair,predawn,-8.14,2026-06-01T10:30:00+05:30,86.01
2026-06-01,Jupiter,2026-06-01T19:30:00+05:30,32.13,43.08,2026-06-01T19:30:00+05:30,32.13,good,evening,-10.48,2026-06-01T15:30:00+05:30,79.56
2026-06-01,Saturn,2026-06-01T05:30:00+05:30,42.77,58.32,2026-06-01T05:30:00+05:30,42.77,good,predawn,-8.14,2026-06-01T08:30:00+05:30,81.32
2026-06-01,Uranus,2026-06-01T05:30:00+05:30,-0.44,8.48,2026-06-01T05:30:00+05:30,-0.44,not visible,predawn,-8.14,2026-06-01T12:00:00+05:30,80.39
2026-06-01,Neptune,2026-06-01T05:30:00+05:30,49.79,66.48,2026-06-01T05:30:00+05:30,49.79,excellent,predawn,-8.14,2026-06-01T08:00:00+05:30,79.04
2026-06-02,Mercury,2026-06-02T19:30:00+05:30,9.44,19.87,2026-06-02T19:30:00+05:30,9.44,poor,evening,-10.41,2026-06-02T14:00:00+05:30,75.47
2026-06-02,Venus,2026-06-02T19:30:00+05:30,24.66,35.26,2026-06-02T19:30:00+05:30,24.66,fair,evening,-10.41,2026-06-02T15:00:00+05:30,76.97
2026-06-02,Mars,2026-06-02T05:30:00+05:30,19.98,31.0,2026-06-02T05:30:00+05:30,19.98,fair,predawn,-8.13,2026-06-02T10:30:00+05:30,85.66
2026-06-02,Jupiter,2026-06-02T19:30:00+05:30,31.4,42.31,2026-06-02T19:30:00+05:30,31.4,good,evening,-10.41,2026-06-02T15:30:00+05:30,79.6
2026-06-02,Saturn,2026-06-02T05:30:00+05:30,43.66,59.19,2026-06-02T05:30:00+05:30,43.66,good,predawn,-8.13,2026-06-02T08:30:00+05:30,81.49
2026-06-02,Uranus,2026-06-02T05:30:00+05:30,0.41,9.38,2026-06-02T05:30:00+05:30,0.41,poor,predawn,-8.13,2026-06-02T11:30:00+05:30,80.21
2026-06-02,Neptune,2026-06-02T05:30:00+05:30,50.71,67.42,2026-06-02T05:30:00+05:30,50.71,excellent,predawn,-8.13,2026-06-02T08:00:00+05:30,79.12
2026-06-03,Mercury,2026-06-03T19:30:00+05:30,10.16,20.53,2026-06-03T19:30:00+05:30,10.16,poor,evening,-10.33,2026-06-03T14:00:00+05:30,75.61
2026-06-03,Venus,2026-06-03T19:30:00+05:30,24.93,35.48,2026-06-03T19:30:00+05:30,24.93,fair,evening,-10.33,2026-06-03T15:00:00+05:30,77.11
2026-06-03,Mars,2026-06-03T05:30:00+05:30,20.26,31.22,2026-06-03T05:30:00+05:30,20.26,fair,predawn,-8.14,2026-06-03T10:30:00+05:30,85.31
2026-06-03,Jupiter,2026-06-03T19:30:00+05:30,30.68,41.54,2026-06-03T19:30:00+05:30,30.68,good,evening,-10.33,2026-06-03T15:30:00+05:30,79.58
2026-06-03,Saturn,2026-06-03T05:30:00+05:30,44.55,60.07,2026-06-03T05:30:00+05:30,44.55,good,predawn,-8.14,2026-06-03T08:30:00+05:30,81.56
2026-06-03,Uranus,2026-06-03T05:30:00+05:30,1.26,10.28,2026-06-03T05:30:00+05:30,1.26,poor,predawn,-8.14,2026-06-03T11:30:00+05:30,80.47
2026-06-03,Neptune,2026-06-03T05:30:00+05:30,51.64,68.36,2026-06-03T05:30:00+05:30,51.64,excellent,predawn,-8.14,2026-06-03T08:00:00+05:30,79.13
2026-06-04,Mercury,2026-06-04T19:30:00+05:30,10.82,21.14,2026-06-04T19:30:00+05:30,10.82,poor,evening,-10.26,2026-06-04T14:00:00+05:30,75.74
2026-06-04,Venus,2026-06-04T19:30:00+05:30,25.19,35.7,2026-06-04T19:30:00+05:30,25.19,good,evening,-10.26,2026-06-04T15:00:00+05:30,77.27
2026-06-04,Mars,2026-06-04T05:30:00+05:30,20.54,31.44,2026-06-04T05:30:00+05:30,20.54,fair,predawn,-8.14,2026-06-04T10:30:00+05:30,84.97
2026-06-04,Jupiter,2026-06-04T19:30:00+05:30,29.95,40.78,2026-06-04T19:30:00+05:30,29.95,good,evening,-10.26,2026-06-04T15:30:00+05:30,79.51
2026-06-04,Saturn,2026-06-04T05:30:00+05:30,45.44,60.94,2026-06-04T05:30:00+05:30,45.44,excellent,predawn,-8.14,2026-06-04T08:30:00+05:30,81.53
2026-06-04,Uranus,2026-06-04T05:30:00+05:30,2.11,11.18,2026-06-04T05:30:00+05:30,2.11,poor,predawn,-8.14,2026-06-04T11:30:00+05:30,80.66
2026-06-04,Neptune,2026-06-04T05:30:00+05:30,52.56,69.3,2026-06-04T05:30:00+05:30,52.56,excellent,predawn,-8.14,2026-06-04T08:00:00+05:30,79.04
2026-06-05,Mercury,2026-06-05T19:30:00+05:30,11.44,21.7,2026-06-05T19:30:00+05:30,11.44,poor,evening,-10.19,2026-06-05T14:00:00+05:30,75.86
2026-06-05,Venus,2026-06-05T19:30:00+05:30,25.45,35.91,2026-06-05T19:30:00+05:30,25.45,good,evening,-10.19,2026-06-05T15:00:00+05:30,77.42
2026-06-05,Mars,2026-06-05T05:30:00+05:30,20.82,31.66,2026-06-05T05:30:00+05:30,20.82,fair,predawn,-8.15,2026-06-05T10:00:00+05:30,84.72
2026-06-05,Jupiter,2026-06-05T19:30:00+05:30,29.22,40.01,2026-06-05T19:30:00+05:30,29.22,good,evening,-10.19,2026-06-05T15:30:00+05:30,79.38
2026-06-05,Saturn,2026-06-05T05:30:00+05:30,46.34,61.82,2026-06-05T05:30:00+05:30,46.34,excellent,predawn,-8.15,2026-06-05T08:30:00+05:30,81.41
2026-06-05,Uranus,2026-06-05T05:30:00+05:30,2.97,12.08,2026-06-05T05:30:00+05:30,2.97,poor,predawn,-8.15,2026-06-05T11:30:00+05:30,80.76
2026-06-05,Neptune,2026-06-05T05:30:00+05:30,53.48,70.24,2026-06-05T05:30:00+05:30,53.48,excellent,predawn,-8.15,2026-06-05T08:00:00+05:30,78.87
2026-06-06,Mercury,2026-06-06T19:30:00+05:30,11.99,22.21,2026-06-06T19:30:00+05:30,11.99,poor,evening,-10.12,2026-06-06T14:00:00+05:30,75.98
2026-06-06,Venus,2026-06-06T19:30:00+05:30,25.7,36.13,2026-06-06T19:30:00+05:30,25.7,good,evening,-10.12,2026-06-06T15:00:00+05:30,77.58
2026-06-06,Mars,2026-06-06T05:30:00+05:30,21.1,31.88,2026-06-06T05:30:00+05:30,21.1,fair,predawn,-8.16,2026-06-06T10:00:00+05:30,84.71
2026-06-06,Jupiter,2026-06-06T19:30:00+05:30,28.49,39.25,2026-06-06T19:30:00+05:30,28.49,good,evening,-10.12,2026-06-06T15:30:00+05:30,79.21
2026-06-06,Saturn,2026-06-06T05:30:00+05:30,47.23,62.7,2026-06-06T05:30:00+05:30,47.23,excellent,predawn,-8.16,2026-06-06T08:30:00+05:30,81.2
2026-06-06,Uranus,2026-06-06T05:30:00+05:30,3.82,12.98,2026-06-06T05:30:00+05:30,3.82,poor,predawn,-8.16,2026-06-06T11:30:00+05:30,80.78
2026-06-06,Neptune,2026-06-06T05:30:00+05:30,54.4,71.18,2026-06-06T05:30:00+05:30,54.4,excellent,predawn,-8.16,2026-06-06T08:00:00+05:30,78.63
2026-06-07,Mercury,2026-06-07T19:30:00+05:30,12.5,22.67,2026-06-07T19:30:00+05:30,12.5,poor,evening,-10.05,2026-06-07T14:00:00+05:30,76.1
2026-06-07,Venus,2026-06-07T19:30:00+05:30,25.95,36.35,2026-06-07T19:30:00+05:30,25.95,good,evening,-10.05,2026-06-07T15:00:00+05:30,77.75
2026-06-07,Mars,2026-06-07T05:30:00+05:30,21.37,32.1,2026-06-07T05:30:00+05:30,21.37,fair,predawn,-8.17,2026-06-07T10:00:00+05:30,84.68
2026-06-07,Jupiter,2026-06-07T19:30:00+05:30,27.77,38.49,2026-06-07T19:30:00+05:30,27.77,good,evening,-10.05,2026-06-07T15:00:00+05:30,79.31
2026-06-07,Saturn,2026-06-07T05:30:00+05:30,48.12,63.58,2026-06-07T05:30:00+05:30,48.12,excellent,predawn,-8.17,2026-06-07T08:30:00+05:30,80.9
2026-06-07,Uranus,2026-06-07T05:30:00+05:30,4.68,13.88,2026-06-07T05:30:00+05:30,4.68,poor,predawn,-8.17,2026-06-07T11:30:00+05:30,80.71
2026-06-07,Neptune,2026-06-07T05:30:00+05:30,55.32,72.12,2026-06-07T05:30:00+05:30,55.32,excellent,predawn,-8.17,2026-06-07T07:30:00+05:30,78.74
2026-06-08,Mercury,2026-06-08T19:30:00+05:30,12.95,23.09,2026-06-08T19:30:00+05:30,12.95,poor,evening,-9.98,2026-06-08T14:00:00+05:30,76.23
2026-06-08,Venus,2026-06-08T19:30:00+05:30,26.2,36.56,2026-06-08T19:30:00+05:30,26.2,good,evening,-9.98,2026-06-08T15:00:00+05:30,77.92
2026-06-08,Mars,2026-06-08T05:30:00+05:30,21.64,32.32,2026-06-08T05:30:00+05:30,21.64,fair,predawn,-8.19,2026-06-08T10:00:00+05:30,84.63
2026-06-08,Jupiter,2026-06-08T19:30:00+05:30,27.04,37.73,2026-06-08T19:30:00+05:30,27.04,good,evening,-9.98,2026-06-08T15:00:00+05:30,79.53
2026-06-08,Saturn,2026-06-08T05:30:00+05:30,49.01,64.45,2026-06-08T05:30:00+05:30,49.01,excellent,predawn,-8.19,2026-06-08T08:00:00+05:30,81.21
2026-06-08,Uranus,2026-06-08T05:30:00+05:30,5.53,14.78,2026-06-08T05:30:00+05:30,5.53,poor,predawn,-8.19,2026-06-08T11:30:00+05:30,80.57
2026-06-08,Neptune,2026-06-08T05:30:00+05:30,56.24,73.06,2026-06-08T05:30:00+05:30,56.24,excellent,predawn,-8.19,2026-06-08T07:30:00+05:30,78.97
2026-06-09,Mercury,2026-06-09T19:30:00+05:30,13.34,23.45,2026-06-09T19:30:00+05:30,13.34,poor,evening,-9.92,2026-06-09T14:00:00+05:30,76.37
2026-06-09,Venus,2026-06-09T19:30:00+05:30,26.44,36.78,2026-06-09T19:30:00+05:30,26.44,good,evening,-9.92,2026-06-09T15:00:00+05:30,78.09
2026-06-09,Mars,2026-06-09T05:30:00+05:30,21.91,32.54,2026-06-09T05:30:00+05:30,21.91,fair,predawn,-8.2,2026-06-09T10:00:00+05:30,84.56
2026-06-09,Jupiter,2026-06-09T19:30:00+05:30,26.32,36.97,2026-06-09T19:30:00+05:30,26.32,good,evening,-9.92,2026-06-09T15:00:00+05:30,79.71
2026-06-09,Saturn,2026-06-09T05:30:00+05:30,49.91,65.34,2026-06-09T05:30:00+05:30,49.91,excellent,predawn,-8.2,2026-06-09T08:00:00+05:30,81.49
2026-06-09,Uranus,2026-06-09T05:30:00+05:30,6.39,15.68,2026-06-09T05:30:00+05:30,6.39,poor,predawn,-8.2,2026-06-09T11:30:00+05:30,80.34
2026-06-09,Neptune,2026-06-09T05:30:00+05:30,57.15,74.0,2026-06-09T05:30:00+05:30,57.15,excellent,predawn,-8.2,2026-06-09T07:30:00+05:30,79.11
2026-06-10,Mercury,2026-06-10T19:30:00+05:30,13.67,23.76,2026-06-10T19:30:00+05:30,13.67,poor,evening,-9.85,2026-06-10T14:00:00+05:30,76.52
2026-06-10,Venus,2026-06-10T19:30:00+05:30,26.67,36.99,2026-06-10T19:30:00+05:30,26.67,good,evening,-9.85,2026-06-10T15:00:00+05:30,78.27
2026-06-10,Mars,2026-06-10T05:30:00+05:30,22.18,32.77,2026-06-10T05:30:00+05:30,22.18,fair,predawn,-8.23,2026-06-10T10:00:00+05:30,84.48
2026-06-10,Jupiter,2026-06-10T19:30:00+05:30,25.6,36.21,2026-06-10T19:30:00+05:30,25.6,good,evening,-9.85,2026-06-10T15:00:00+05:30,79.84
2026-06-10,Saturn,2026-06-10T05:30:00+05:30,50.8,66.22,2026-06-10T05:30:00+05:30,50.8,excellent,predawn,-8.23,2026-06-10T08:00:00+05:30,81.68
2026-06-10,Uranus,2026-06-10T05:30:00+05:30,7.25,16.58,2026-06-10T05:30:00+05:30,7.25,poor,predawn,-8.23,2026-06-10T11:00:00+05:30,80.08
2026-06-10,Neptune,2026-06-10T05:30:00+05:30,58.06,74.94,2026-06-10T05:30:00+05:30,58.06,excellent,predawn,-8.23,2026-06-10T07:30:00+05:30,79.18
2026-06-11,Mercury,2026-06-11T19:30:00+05:30,13.95,24.02,2026-06-11T19:30:00+05:30,13.95,poor,evening,-9.79,2026-06-11T14:00:00+05:30,76.69
2026-06-11,Venus,2026-06-11T19:30:00+05:30,26.9,37.2,2026-06-11T19:30:00+05:30,26.9,good,evening,-9.79,2026-06-11T15:00:00+05:30,78.45
2026-06-11,Mars,2026-06-11T05:30:00+05:30,22.45,32.99,2026-06-11T05:30:00+05:30,22.45,fair,predawn,-8.25,2026-06-11T10:00:00+05:30,84.38
2026-06-11,Jupiter,2026-06-11T19:30:00+05:30,24.87,35.46,2026-06-11T19:30:00+05:30,24.87,fair,evening,-9.79,2026-06-11T15:00:00+05:30,79.91
2026-06-11,Saturn,2026-06-11T05:30:00+05:30,51.69,67.1,2026-06-11T05:30:00+05:30,51.69,excellent,predawn,-8.25,2026-06-11T08:00:00+05:30,81.77
2026-06-11,Uranus,2026-06-11T05:30:00+05:30,8.1,17.48,2026-06-11T05:30:00+05:30,8.1,poor,predawn,-8.25,2026-06-11T11:00:00+05:30,80.35
2026-06-11,Neptune,2026-06-11T05:30:00+05:30,58.97,75.89,2026-06-11T05:30:00+05:30,58.97,excellent,predawn,-8.25,2026-06-11T07:30:00+05:30,79.16
2026-06-12,Mercury,2026-06-12T19:30:00+05:30,14.17,24.22,2026-06-12T19:30:00+05:30,14.17,poor,evening,-9.72,2026-06-12T14:00:00+05:30,76.88
2026-06-12,Venus,2026-06-12T19:30:00+05:30,27.13,37.41,2026-06-12T19:30:00+05:30,27.13,good,evening,-9.72,2026-06-12T15:00:00+05:30,78.64
2026-06-12,Mars,2026-06-12T05:30:00+05:30,22.71,33.21,2026-06-12T05:30:00+05:30,22.71,fair,predawn,-8.28,2026-06-12T10:00:00+05:30,84.26
2026-06-12,Jupiter,2026-06-12T19:30:00+05:30,24.15,34.7,2026-06-12T19:30:00+05:30,24.15,fair,evening,-9.72,2026-06-12T15:00:00+05:30,79.93
2026-06-12,Saturn,2026-06-12T05:30:00+05:30,52.59,67.98,2026-06-12T05:30:00+05:30,52.59,excellent,predawn,-8.28,2026-06-12T08:00:00+05:30,81.76
2026-06-12,Uranus,2026-06-12T05:30:00+05:30,8.96,18.38,2026-06-12T05:30:00+05:30,8.96,poor,predawn,-8.28,2026-06-12T11:00:00+05:30,80.55
2026-06-12,Neptune,2026-06-12T05:30:00+05:30,59.88,76.83,2026-06-12T05:30:00+05:30,59.88,excellent,predawn,-8.28,2026-06-12T07:30:00+05:30,79.05
2026-06-13,Mercury,2026-06-13T19:30:00+05:30,14.33,24.37,2026-06-13T19:30:00+05:30,14.33,poor,evening,-9.66,2026-06-13T14:00:00+05:30,77.09
2026-06-13,Venus,2026-06-13T19:30:00+05:30,27.35,37.62,2026-06-13T19:30:00+05:30,27.35,good,evening,-9.66,2026-06-13T15:00:00+05:30,78.83
2026-06-13,Mars,2026-06-13T05:30:00+05:30,22.98,33.44,2026-06-13T05:30:00+05:30,22.98,fair,predawn,-8.31,2026-06-13T10:00:00+05:30,84.13
2026-06-13,Jupiter,2026-06-13T19:30:00+05:30,23.43,33.95,2026-06-13T19:30:00+05:30,23.43,fair,evening,-9.66,2026-06-13T15:00:00+05:30,79.9
2026-06-13,Saturn,2026-06-13T05:30:00+05:30,53.48,68.87,2026-06-13T05:30:00+05:30,53.48,excellent,predawn,-8.31,2026-06-13T08:00:00+05:30,81.65
2026-06-13,Uranus,2026-06-13T05:30:00+05:30,9.82,19.28,2026-06-13T05:30:00+05:30,9.82,poor,predawn,-8.31,2026-06-13T11:00:00+05:30,80.66
2026-06-13,Neptune,2026-06-13T05:30:00+05:30,60.78,77.77,2026-06-13T05:30:00+05:30,60.78,excellent,predawn,-8.31,2026-06-13T07:30:00+05:30,78.86
2026-06-14,Mercury,2026-06-14T19:30:00+05:30,14.43,24.47,2026-06-14T19:30:00+05:30,14.43,poor,evening,-9.6,2026-06-14T14:00:00+05:30,77.33
2026-06-14,Venus,2026-06-14T19:30:00+05:30,27.56,37.83,2026-06-14T19:30:00+05:30,27.56,good,evening,-9.6,2026-06-14T15:00:00+05:30,79.02
2026-06-14,Mars,2026-06-14T05:30:00+05:30,23.24,33.67,2026-06-14T05:30:00+05:30,23.24,fair,predawn,-8.34,2026-06-14T10:00:00+05:30,83.99
2026-06-14,Jupiter,2026-06-14T19:30:00+05:30,22.71,33.19,2026-06-14T19:30:00+05:30,22.71,fair,evening,-9.6,2026-06-14T15:00:00+05:30,79.81
2026-06-14,Saturn,2026-06-14T05:30:00+05:30,54.37,69.76,2026-06-14T05:30:00+05:30,54.37,excellent,predawn,-8.34,2026-06-14T08:00:00+05:30,81.44
2026-06-14,Uranus,2026-06-14T05:30:00+05:30,10.68,20.18,2026-06-14T05:30:00+05:30,10.68,poor,predawn,-8.34,2026-06-14T11:00:00+05:30,80.69
2026-06-14,Neptune,2026-06-14T05:30:00+05:30,61.67,78.71,2026-06-14T05:30:00+05:30,61.67,excellent,predawn,-8.34,2026-06-14T07:30:00+05:30,78.58
2026-06-15,Mercury,2026-06-15T19:30:00+05:30,14.46,24.52,2026-06-15T19:30:00+05:30,14.46,poor,evening,-9.54,2026-06-15T14:00:00+05:30,77.59
2026-06-15,Venus,2026-06-15T19:30:00+05:30,27.77,38.04,2026-06-15T19:30:00+05:30,27.77,good,evening,-9.54,2026-06-15T15:00:00+05:30,79.22
2026-06-15,Mars,2026-06-15T05:30:00+05:30,23.5,33.89,2026-06-15T05:30:00+05:30,23.5,fair,predawn,-8.37,2026-06-15T10:00:00+05:30,83.84
2026-06-15,Jupiter,2026-06-15T19:30:00+05:30,21.99,32.44,2026-06-15T19:30:00+05:30,21.99,fair,evening,-9.54,2026-06-15T15:00:00+05:30,79.67
2026-06-15,Saturn,2026-06-15T05:30:00+05:30,55.27,70.64,2026-06-15T05:30:00+05:30,55.27,excellent,predawn,-8.37,2026-06-15T08:00:00+05:30,81.14
2026-06-15,Uranus,2026-06-15T05:30:00+05:30,11.55,21.08,2026-06-15T05:30:00+05:30,11.55,poor,predawn,-8.37,2026-06-15T11:00:00+05:30,80.64
2026-06-15,Neptune,2026-06-15T05:30:00+05:30,62.57,79.66,2026-06-15T05:30:00+05:30,62.57,excellent,predawn,-8.37,2026-06-15T07:00:00+05:30,78.84
2026-06-16,Mercury,2026-06-16T19:30:00+05:30,14.43,24.5,2026-06-16T19:30:00+05:30,14.43,poor,evening,-9.48,2026-06-16T14:00:00+05:30,77.87
2026-06-16,Venus,2026-06-16T19:30:00+05:30,27.97,38.24,2026-06-16T19:30:00+05:30,27.97,good,evening,-9.48,2026-06-16T15:00:00+05:30,79.42
2026-06-16,Mars,2026-06-16T05:30:00+05:30,23.76,34.12,2026-06-16T05:30:00+05:30,23.76,fair,predawn,-8.41,2026-06-16T10:00:00+05:30,83.67
2026-06-16,Jupiter,2026-06-16T19:30:00+05:30,21.27,31.69,2026-06-16T19:30:00+05:30,21.27,fair,evening,-9.48,2026-06-16T15:00:00+05:30,79.48
2026-06-16,Saturn,2026-06-16T05:30:00+05:30,56.16,71.53,2026-06-16T05:30:00+05:30,56.16,excellent,predawn,-8.41,2026-06-16T07:30:00+05:30,81.33
2026-06-16,Uranus,2026-06-16T05:30:00+05:30,12.41,21.98,2026-06-16T05:30:00+05:30,12.41,poor,predawn,-8.41,2026-06-16T11:00:00+05:30,80.5
2026-06-16,Neptune,2026-06-16T05:30:00+05:30,63.46,80.6,2026-06-16T05:30:00+05:30,63.46,excellent,predawn,-8.41,2026-06-16T07:00:00+05:30,79.05
2026-06-17,Mercury,2026-06-17T19:30:00+05:30,14.34,24.43,2026-06-17T19:30:00+05:30,14.34,poor,evening,-9.42,2026-06-17T14:00:00+05:30,78.18
2026-06-17,Venus,2026-06-17T19:30:00+05:30,28.17,38.45,2026-06-17T19:30:00+05:30,28.17,good,evening,-9.42,2026-06-17T15:00:00+05:30,79.62
2026-06-17,Mars,2026-06-17T05:30:00+05:30,24.02,34.35,2026-06-17T05:30:00+05:30,24.02,fair,predawn,-8.45,2026-06-17T10:00:00+05:30,83.5
2026-06-17,Jupiter,2026-06-17T19:30:00+05:30,20.55,30.94,2026-06-17T19:30:00+05:30,20.55,fair,evening,-9.42,2026-06-17T14:30:00+05:30,79.72
2026-06-17,Saturn,2026-06-17T05:30:00+05:30,57.06,72.42,2026-06-17T05:30:00+05:30,57.06,excellent,predawn,-8.45,2026-06-17T07:30:00+05:30,81.63
2026-06-17,Uranus,2026-06-17T05:30:00+05:30,13.27,22.88,2026-06-17T05:30:00+05:30,13.27,poor,predawn,-8.45,2026-06-17T11:00:00+05:30,80.28
2026-06-17,Neptune,2026-06-17T05:30:00+05:30,64.34,81.54,2026-06-17T05:30:00+05:30,64.34,excellent,predawn,-8.45,2026-06-17T07:00:00+05:30,79.17
2026-06-18,Mercury,2026-06-18T19:30:00+05:30,14.18,24.3,2026-06-18T19:30:00+05:30,14.18,poor,evening,-9.37,2026-06-18T14:00:00+05:30,78.51
2026-06-18,Venus,2026-06-18T19:30:00+05:30,28.35,38.65,2026-06-18T19:30:00+05:30,28.35,good,evening,-9.37,2026-06-18T15:00:00+05:30,79.82
2026-06-18,Mars,2026-06-18T05:30:00+05:30,24.27,34.58,2026-06-18T05:30:00+05:30,24.27,fair,predawn,-8.49,2026-06-18T10:00:00+05:30,83.32
2026-06-18,Jupiter,2026-06-18T19:30:00+05:30,19.83,30.19,2026-06-18T19:30:00+05:30,19.83,fair,evening,-9.37,2026-06-18T14:30:00+05:30,79.95
2026-06-18,Saturn,2026-06-18T05:30:00+05:30,57.95,73.31,2026-06-18T05:30:00+05:30,57.95,excellent,predawn,-8.49,2026-06-18T07:30:00+05:30,81.84
2026-06-18,Uranus,2026-06-18T05:30:00+05:30,14.13,23.78,2026-06-18T05:30:00+05:30,14.13,poor,predawn,-8.49,2026-06-18T11:00:00+05:30,79.99
2026-06-18,Neptune,2026-06-18T05:30:00+05:30,65.22,82.49,2026-06-18T05:30:00+05:30,65.22,excellent,predawn,-8.49,2026-06-18T07:00:00+05:30,79.21
2026-06-19,Mercury,2026-06-19T19:30:00+05:30,13.96,24.1,2026-06-19T19:30:00+05:30,13.96,poor,evening,-9.32,2026-06-19T14:00:00+05:30,78.87
2026-06-19,Venus,2026-06-19T19:30:00+05:30,28.54,38.85,2026-06-19T19:30:00+05:30,28.54,good,evening,-9.32,2026-06-19T15:30:00+05:30,80.16
2026-06-19,Mars,2026-06-19T05:30:00+05:30,24.53,34.81,2026-06-19T05:30:00+05:30,24.53,fair,predawn,-8.53,2026-06-19T10:00:00+05:30,83.14
2026-06-19,Jupiter,2026-06-19T19:30:00+05:30,19.11,29.44,2026-06-19T19:30:00+05:30,19.11,fair,evening,-9.32,2026-06-19T14:30:00+05:30,80.12
2026-06-19,Saturn,2026-06-19T05:30:00+05:30,58.84,74.21,2026-06-19T05:30:00+05:30,58.84,excellent,predawn,-8.53,2026-06-19T07:30:00+05:30,81.94
2026-06-19,Uranus,2026-06-19T05:30:00+05:30,15.0,24.68,2026-06-19T05:30:00+05:30,15.0,poor,predawn,-8.53,2026-06-19T10:30:00+05:30,80.24
2026-06-19,Neptune,2026-06-19T05:30:00+05:30,66.09,83.43,2026-06-19T05:30:00+05:30,66.09,excellent,predawn,-8.53,2026-06-19T07:00:00+05:30,79.16
2026-06-20,Mercury,2026-06-20T19:30:00+05:30,13.66,23.85,2026-06-20T19:30:00+05:30,13.66,poor,evening,-9.26,2026-06-20T14:00:00+05:30,79.25
2026-06-20,Venus,2026-06-20T19:30:00+05:30,28.71,39.05,2026-06-20T19:30:00+05:30,28.71,good,evening,-9.26,2026-06-20T15:30:00+05:30,80.52
2026-06-20,Mars,2026-06-20T05:30:00+05:30,24.78,35.04,2026-06-20T05:30:00+05:30,24.78,fair,predawn,-8.58,2026-06-20T10:00:00+05:30,82.94
2026-06-20,Jupiter,2026-06-20T19:30:00+05:30,18.4,28.69,2026-06-20T19:30:00+05:30,18.4,fair,evening,-9.26,2026-06-20T14:30:00+05:30,80.24
2026-06-20,Saturn,2026-06-20T05:30:00+05:30,59.74,75.1,2026-06-20T05:30:00+05:30,59.74,excellent,predawn,-8.58,2026-06-20T07:30:00+05:30,81.94
2026-06-20,Uranus,2026-06-20T05:30:00+05:30,15.86,25.58,2026-06-20T05:30:00+05:30,15.86,fair,predawn,-8.58,2026-06-20T10:30:00+05:30,80.45
2026-06-20,Neptune,2026-06-20T05:30:00+05:30,66.95,84.38,2026-06-20T05:30:00+05:30,66.95,excellent,predawn,-8.58,2026-06-20T07:00:00+05:30,79.03
2026-06-21,Mercury,2026-06-21T19:30:00+05:30,13.29,23.53,2026-06-21T19:30:00+05:30,13.29,poor,evening,-9.22,2026-06-21T14:00:00+05:30,79.65
2026-06-21,Venus,2026-06-21T19:30:00+05:30,28.88,39.25,2026-06-21T19:30:00+05:30,28.88,good,evening,-9.22,2026-06-21T15:30:00+05:30,80.88
2026-06-21,Mars,2026-06-21T05:30:00+05:30,25.03,35.27,2026-06-21T05:30:00+05:30,25.03,good,predawn,-8.62,2026-06-21T10:00:00+05:30,82.75
2026-06-21,Jupiter,2026-06-21T19:30:00+05:30,17.68,27.95,2026-06-21T19:30:00+05:30,17.68,fair,evening,-9.22,2026-06-21T14:30:00+05:30,80.3
2026-06-21,Saturn,2026-06-21T05:30:00+05:30,60.63,76.0,2026-06-21T05:30:00+05:30,60.63,excellent,predawn,-8.62,2026-06-21T07:30:00+05:30,81.83
2026-06-21,Uranus,2026-06-21T05:30:00+05:30,16.73,26.48,2026-06-21T05:30:00+05:30,16.73,fair,predawn,-8.62,2026-06-21T10:30:00+05:30,80.57
2026-06-21,Neptune,2026-06-21T05:30:00+05:30,67.8,85.32,2026-06-21T05:30:00+05:30,67.8,excellent,predawn,-8.62,2026-06-21T07:00:00+05:30,78.81
2026-06-22,Mercury,2026-06-22T19:30:00+05:30,12.86,23.14,2026-06-22T19:30:00+05:30,12.86,poor,evening,-9.17,2026-06-22T14:00:00+05:30,80.05
2026-06-22,Venus,2026-06-22T19:30:00+05:30,29.04,39.44,2026-06-22T19:30:00+05:30,29.04,good,evening,-9.17,2026-06-22T15:30:00+05:30,81.24
2026-06-22,Mars,2026-06-22T05:30:00+05:30,25.28,35.51,2026-06-22T05:30:00+05:30,25.28,good,predawn,-8.67,2026-06-22T10:00:00+05:30,82.55
2026-06-22,Jupiter,2026-06-22T19:30:00+05:30,16.96,27.2,2026-06-22T19:30:00+05:30,16.96,fair,evening,-9.17,2026-06-22T14:30:00+05:30,80.31
2026-06-22,Saturn,2026-06-22T05:30:00+05:30,61.52,76.89,2026-06-22T05:30:00+05:30,61.52,excellent,predawn,-8.67,2026-06-22T07:30:00+05:30,81.63
2026-06-22,Uranus,2026-06-22T05:30:00+05:30,17.6,27.38,2026-06-22T05:30:00+05:30,17.6,fair,predawn,-8.67,2026-06-22T10:30:00+05:30,80.61
2026-06-22,Neptune,2026-06-22T05:30:00+05:30,68.65,86.27,2026-06-22T05:30:00+05:30,68.65,excellent,predawn,-8.67,2026-06-22T06:30:00+05:30,78.67
2026-06-23,Mercury,2026-06-23T19:30:00+05:30,12.34,22.69,2026-06-23T19:30:00+05:30,12.34,poor,evening,-9.13,2026-06-23T14:00:00+05:30,80.46
2026-06-23,Venus,2026-06-23T19:30:00+05:30,29.2,39.64,2026-06-23T19:30:00+05:30,29.2,good,evening,-9.13,2026-06-23T15:30:00+05:30,81.61
2026-06-23,Mars,2026-06-23T05:30:00+05:30,25.53,35.74,2026-06-23T05:30:00+05:30,25.53,good,predawn,-8.72,2026-06-23T10:00:00+05:30,82.34
2026-06-23,Jupiter,2026-06-23T19:30:00+05:30,16.25,26.46,2026-06-23T19:30:00+05:30,16.25,fair,evening,-9.13,2026-06-23T14:30:00+05:30,80.27
2026-06-23,Saturn,2026-06-23T05:30:00+05:30,62.41,77.79,2026-06-23T05:30:00+05:30,62.41,excellent,predawn,-8.72,2026-06-23T07:30:00+05:30,81.33
2026-06-23,Uranus,2026-06-23T05:30:00+05:30,18.46,28.28,2026-06-23T05:30:00+05:30,18.46,fair,predawn,-8.72,2026-06-23T10:30:00+05:30,80.56
2026-06-23,Neptune,2026-06-23T05:30:00+05:30,69.48,87.21,2026-06-23T05:30:00+05:30,69.48,excellent,predawn,-8.72,2026-06-23T06:30:00+05:30,78.94
2026-06-24,Mercury,2026-06-24T19:30:00+05:30,11.76,22.17,2026-06-24T19:30:00+05:30,11.76,poor,evening,-9.08,2026-06-24T14:00:00+05:30,80.85
2026-06-24,Venus,2026-06-24T19:30:00+05:30,29.35,39.83,2026-06-24T19:30:00+05:30,29.35,good,evening,-9.08,2026-06-24T15:30:00+05:30,81.99
2026-06-24,Mars,2026-06-24T05:30:00+05:30,25.78,35.98,2026-06-24T05:30:00+05:30,25.78,good,predawn,-8.77,2026-06-24T10:00:00+05:30,82.13
2026-06-24,Jupiter,2026-06-24T19:30:00+05:30,15.53,25.71,2026-06-24T19:30:00+05:30,15.53,fair,evening,-9.08,2026-06-24T14:30:00+05:30,80.17
2026-06-24,Saturn,2026-06-24T05:30:00+05:30,63.3,78.69,2026-06-24T05:30:00+05:30,63.3,excellent,predawn,-8.77,2026-06-24T07:00:00+05:30,81.44
2026-06-24,Uranus,2026-06-24T05:30:00+05:30,19.33,29.18,2026-06-24T05:30:00+05:30,19.33,fair,predawn,-8.77,2026-06-24T10:30:00+05:30,80.43
2026-06-24,Neptune,2026-06-24T05:30:00+05:30,70.3,88.16,2026-06-24T05:30:00+05:30,70.3,excellent,predawn,-8.77,2026-06-24T06:30:00+05:30,79.12
2026-06-25,Mercury,2026-06-25T19:30:00+05:30,11.1,21.58,2026-06-25T19:30:00+05:30,11.1,poor,evening,-9.04,2026-06-25T14:00:00+05:30,81.22
2026-06-25,Venus,2026-06-25T19:30:00+05:30,29.49,40.02,2026-06-25T19:30:00+05:30,29.49,good,evening,-9.04,2026-06-25T15:30:00+05:30,82.37
2026-06-25,Mars,2026-06-25T05:30:00+05:30,26.02,36.21,2026-06-25T05:30:00+05:30,26.02,good,predawn,-8.83,2026-06-25T10:00:00+05:30,81.92
2026-06-25,Jupiter,2026-06-25T19:30:00+05:30,14.82,24.97,2026-06-25T19:30:00+05:30,14.82,poor,evening,-9.04,2026-06-25T14:30:00+05:30,80.01
2026-06-25,Saturn,2026-06-25T05:30:00+05:30,64.19,79.59,2026-06-25T05:30:00+05:30,64.19,excellent,predawn,-8.83,2026-06-25T07:00:00+05:30,81.75
2026-06-25,Uranus,2026-06-25T05:30:00+05:30,20.2,30.08,2026-06-25T05:30:00+05:30,20.2,fair,predawn,-8.83,2026-06-25T10:30:00+05:30,80.22
2026-06-25,Neptune,2026-06-25T05:30:00+05:30,71.11,89.11,2026-06-25T05:30:00+05:30,71.11,excellent,predawn,-8.83,2026-06-25T06:30:00+05:30,79.22
2026-06-26,Mercury,2026-06-26T19:30:00+05:30,10.36,20.92,2026-06-26T19:30:00+05:30,10.36,poor,evening,-9.01,2026-06-26T14:00:00+05:30,81.53
2026-06-26,Venus,2026-06-26T19:30:00+05:30,29.62,40.21,2026-06-26T19:30:00+05:30,29.62,good,evening,-9.01,2026-06-26T15:30:00+05:30,82.75
2026-06-26,Mars,2026-06-26T05:30:00+05:30,26.27,36.45,2026-06-26T05:30:00+05:30,26.27,good,predawn,-8.88,2026-06-26T10:00:00+05:30,81.71
2026-06-26,Jupiter,2026-06-26T19:30:00+05:30,14.1,24.23,2026-06-26T19:30:00+05:30,14.1,poor,evening,-9.01,2026-06-26T14:00:00+05:30,79.89
2026-06-26,Saturn,2026-06-26T05:30:00+05:30,65.08,80.49,2026-06-26T05:30:00+05:30,65.08,excellent,predawn,-8.88,2026-06-26T07:00:00+05:30,81.97
2026-06-26,Uranus,2026-06-26T05:30:00+05:30,21.07,30.99,2026-06-26T05:30:00+05:30,21.07,fair,predawn,-8.88,2026-06-26T10:30:00+05:30,79.94
2026-06-26,Neptune,2026-06-26T05:30:00+05:30,71.9,90.05,2026-06-26T05:30:00+05:30,71.9,excellent,predawn,-8.88,2026-06-26T06:30:00+05:30,79.23
2026-06-27,Mercury,2026-06-27T19:30:00+05:30,9.55,20.19,2026-06-27T19:30:00+05:30,9.55,poor,evening,-8.97,2026-06-27T14:00:00+05:30,81.77
2026-06-27,Venus,2026-06-27T19:30:00+05:30,29.75,40.4,2026-06-27T19:30:00+05:30,29.75,good,evening,-8.97,2026-06-27T15:30:00+05:30,83.14
2026-06-27,Mars,2026-06-27T05:30:00+05:30,26.51,36.69,2026-06-27T05:30:00+05:30,26.51,good,predawn,-8.94,2026-06-27T10:00:00+05:30,81.5
2026-06-27,Jupiter,2026-06-27T19:30:00+05:30,13.39,23.49,2026-06-27T19:30:00+05:30,13.39,poor,evening,-8.97,2026-06-27T14:00:00+05:30,80.16
2026-06-27,Saturn,2026-06-27T05:30:00+05:30,65.96,81.39,2026-06-27T05:30:00+05:30,65.96,excellent,predawn,-8.94,2026-06-27T07:00:00+05:30,82.08
2026-06-27,Uranus,2026-06-27T05:30:00+05:30,21.94,31.89,2026-06-27T05:30:00+05:30,21.94,fair,predawn,-8.94,2026-06-27T10:00:00+05:30,80.15
2026-06-27,Neptune,2026-06-27T05:30:00+05:30,72.68,91.0,2026-06-27T05:30:00+05:30,72.68,excellent,predawn,-8.94,2026-06-27T06:30:00+05:30,79.15
2026-06-28,Mercury,2026-06-28T19:30:00+05:30,8.66,19.39,2026-06-28T19:30:00+05:30,8.66,poor,evening,-8.94,2026-06-28T14:00:00+05:30,81.91
2026-06-28,Venus,2026-06-28T19:30:00+05:30,29.86,40.58,2026-06-28T19:30:00+05:30,29.86,good,evening,-8.94,2026-06-28T15:30:00+05:30,83.54
2026-06-28,Mars,2026-06-28T05:30:00+05:30,26.75,36.92,2026-06-28T05:30:00+05:30,26.75,good,predawn,-8.99,2026-06-28T10:00:00+05:30,81.28
2026-06-28,Jupiter,2026-06-28T19:30:00+05:30,12.67,22.75,2026-06-28T19:30:00+05:30,12.67,poor,evening,-8.94,2026-06-28T14:00:00+05:30,80.38
2026-06-28,Saturn,2026-06-28T05:30:00+05:30,66.84,82.3,2026-06-28T05:30:00+05:30,66.84,excellent,predawn,-8.99,2026-06-28T07:00:00+05:30,82.08
2026-06-28,Uranus,2026-06-28T05:30:00+05:30,22.81,32.79,2026-06-28T05:30:00+05:30,22.81,fair,predawn,-8.99,2026-06-28T10:00:00+05:30,80.35
2026-06-28,Neptune,2026-06-28T05:30:00+05:30,73.43,91.95,2026-06-28T05:30:00+05:30,73.43,excellent,predawn,-8.99,2026-06-28T06:30:00+05:30,78.98
2026-06-29,Mercury,2026-06-29T19:30:00+05:30,7.7,18.52,2026-06-29T19:30:00+05:30,7.7,poor,evening,-8.91,2026-06-29T14:00:00+05:30,81.9
2026-06-29,Venus,2026-06-29T19:30:00+05:30,29.97,40.77,2026-06-29T19:30:00+05:30,29.97,good,evening,-8.91,2026-06-29T15:30:00+05:30,83.93
2026-06-29,Mars,2026-06-29T05:30:00+05:30,26.99,37.16,2026-06-29T05:30:00+05:30,26.99,good,predawn,-9.05,2026-06-29T10:00:00+05:30,81.07
2026-06-29,Jupiter,2026-06-29T19:30:00+05:30,11.96,22.01,2026-06-29T19:30:00+05:30,11.96,poor,evening,-8.91,2026-06-29T14:00:00+05:30,80.55
2026-06-29,Saturn,2026-06-29T05:30:00+05:30,67.72,83.2,2026-06-29T05:30:00+05:30,67.72,excellent,predawn,-9.05,2026-06-29T07:00:00+05:30,81.97
2026-06-29,Uranus,2026-06-29T05:30:00+05:30,23.68,33.69,2026-06-29T05:30:00+05:30,23.68,fair,predawn,-9.05,2026-06-29T10:00:00+05:30,80.48
2026-06-29,Neptune,2026-06-29T05:30:00+05:30,74.16,92.9,2026-06-29T05:30:00+05:30,74.16,excellent,predawn,-9.05,2026-06-29T06:30:00+05:30,78.74
2026-06-30,Mercury,2026-06-30T19:30:00+05:30,6.66,17.58,2026-06-30T19:30:00+05:30,6.66,poor,evening,-8.88,2026-06-30T13:30:00+05:30,81.86
2026-06-30,Venus,2026-06-30T19:30:00+05:30,30.07,40.95,2026-06-30T19:30:00+05:30,30.07,good,evening,-8.88,2026-06-30T15:30:00+05:30,84.34
2026-06-30,Mars,2026-06-30T05:30:00+05:30,27.23,37.4,2026-06-30T05:30:00+05:30,27.23,good,predawn,-9.11,2026-06-30T10:00:00+05:30,80.85
2026-06-30,Jupiter,2026-06-30T19:30:00+05:30,11.25,21.27,2026-06-30T19:30:00+05:30,11.25,poor,evening,-8.88,2026-06-30T14:00:00+05:30,80.67
2026-06-30,Saturn,2026-06-30T05:30:00+05:30,68.6,84.11,2026-06-30T05:30:00+05:30,68.6,excellent,predawn,-9.11,2026-06-30T07:00:00+05:30,81.75
2026-06-30,Uranus,2026-06-30T05:30:00+05:30,24.55,34.59,2026-06-30T05:30:00+05:30,24.55,fair,predawn,-9.11,2026-06-30T10:00:00+05:30,80.53
2026-06-30,Neptune,2026-06-30T05:30:00+05:30,74.86,93.84,2026-06-30T05:30:00+05:30,74.86,excellent,predawn,-9.11,2026-06-30T06:00:00+05:30,78.78
2026-07-01,Mercury,2026-07-01T19:30:00+05:30,5.55,16.58,2026-07-01T19:30:00+05:30,5.55,poor,evening,-8.86,2026-07-01T13:30:00+05:30,82.5
2026-07-01,Venus,2026-07-01T19:30:00+05:30,30.17,41.13,2026-07-01T19:30:00+05:30,30.17,good,evening,-8.86,2026-07-01T15:30:00+05:30,84.74
2026-07-01,Mars,2026-07-01T05:30:00+05:30,27.47,37.65,2026-07-01T05:30:00+05:30,27.47,good,predawn,-9.17,2026-07-01T10:00:00+05:30,80.63
2026-07-01,Jupiter,2026-07-01T19:30:00+05:30,10.53,20.53,2026-07-01T19:30:00+05:30,10.53,poor,evening,-8.86,2026-07-01T14:00:00+05:30,80.73
2026-07-01,Saturn,2026-07-01T05:30:00+05:30,69.47,85.02,2026-07-01T05:30:00+05:30,69.47,excellent,predawn,-9.17,2026-07-01T07:00:00+05:30,81.44
2026-07-01,Uranus,2026-07-01T05:30:00+05:30,25.42,35.5,2026-07-01T05:30:00+05:30,25.42,good,predawn,-9.17,2026-07-01T10:00:00+05:30,80.49
2026-07-01,Neptune,2026-07-01T05:30:00+05:30,75.53,94.79,2026-07-01T05:30:00+05:30,75.53,excellent,predawn,-9.17,2026-07-01T06:00:00+05:30,79.01
2026-07-02,Mercury,2026-07-02T19:30:00+05:30,4.37,15.51,2026-07-02T19:30:00+05:30,4.37,poor,evening,-8.84,2026-07-02T13:30:00+05:30,83.01
2026-07-02,Venus,2026-07-02T19:30:00+05:30,30.25,41.3,2026-07-02T19:30:00+05:30,30.25,good,evening,-8.84,2026-07-02T15:30:00+05:30,85.15
2026-07-02,Mars,2026-07-02T05:30:00+05:30,27.71,37.89,2026-07-02T05:30:00+05:30,27.71,good,predawn,-9.23,2026-07-02T10:00:00+05:30,80.42
2026-07-02,Jupiter,2026-07-02T19:30:00+05:30,9.82,19.79,2026-07-02T19:30:00+05:30,9.82,poor,evening,-8.84,2026-07-02T14:00:00+05:30,80.73
2026-07-02,Saturn,2026-07-02T05:30:00+05:30,70.34,85.93,2026-07-02T05:30:00+05:30,70.34,excellent,predawn,-9.23,2026-07-02T06:30:00+05:30,81.55
2026-07-02,Uranus,2026-07-02T05:30:00+05:30,26.29,36.4,2026-07-02T05:30:00+05:30,26.29,good,predawn,-9.23,2026-07-02T10:00:00+05:30,80.37
2026-07-02,Neptune,2026-07-02T05:30:00+05:30,76.16,95.74,2026-07-02T05:30:00+05:30,76.16,excellent,predawn,-9.23,2026-07-02T06:00:00+05:30,79.17
2026-07-03,Mercury,2026-07-03T19:30:00+05:30,3.12,14.38,2026-07-03T19:30:00+05:30,3.12,poor,evening,-8.82,2026-07-03T13:30:00+05:30,83.32
2026-07-03,Venus,2026-07-03T19:30:00+05:30,30.33,41.48,2026-07-03T19:30:00+05:30,30.33,good,evening,-8.82,2026-07-03T15:30:00+05:30,85.57
2026-07-03,Mars,2026-07-03T05:30:00+05:30,27.94,38.13,2026-07-03T05:30:00+05:30,27.94,good,predawn,-9.3,2026-07-03T10:00:00+05:30,80.2
2026-07-03,Jupiter,2026-07-03T19:30:00+05:30,9.11,19.05,2026-07-03T19:30:00+05:30,9.11,poor,evening,-8.82,2026-07-03T14:00:00+05:30,80.68
2026-07-03,Saturn,2026-07-03T05:30:00+05:30,71.2,86.84,2026-07-03T05:30:00+05:30,71.2,excellent,predawn,-9.3,2026-07-03T06:30:00+05:30,81.86
2026-07-03,Uranus,2026-07-03T05:30:00+05:30,27.17,37.3,2026-07-03T05:30:00+05:30,27.17,good,predawn,-9.3,2026-07-03T10:00:00+05:30,80.16
2026-07-03,Neptune,2026-07-03T05:30:00+05:30,76.75,96.69,2026-07-03T05:30:00+05:30,76.75,excellent,predawn,-9.3,2026-07-03T06:00:00+05:30,79.24
2026-07-04,Mercury,2026-07-04T19:30:00+05:30,1.82,13.2,2026-07-04T19:30:00+05:30,1.82,poor,evening,-8.81,2026-07-04T13:30:00+05:30,83.38
2026-07-04,Venus,2026-07-04T19:30:00+05:30,30.4,41.65,2026-07-04T19:30:00+05:30,30.4,good,evening,-8.81,2026-07-04T15:30:00+05:30,85.99
2026-07-04,Mars,2026-07-04T05:30:00+05:30,28.18,38.38,2026-07-04T05:30:00+05:30,28.18,good,predawn,-9.36,2026-07-04T10:00:00+05:30,79.98
2026-07-04,Jupiter,2026-07-04T19:30:00+05:30,8.4,18.31,2026-07-04T19:30:00+05:30,8.4,poor,evening,-8.81,2026-07-04T14:00:00+05:30,80.57
2026-07-04,Saturn,2026-07-04T05:30:00+05:30,72.05,87.75,2026-07-04T05:30:00+05:30,72.05,excellent,predawn,-9.36,2026-07-04T06:30:00+05:30,82.07
2026-07-04,Uranus,2026-07-04T05:30:00+05:30,28.04,38.21,2026-07-04T05:30:00+05:30,28.04,good,predawn,-9.36,2026-07-04T10:00:00+05:30,79.88
2026-07-04,Neptune,2026-07-04T05:30:00+05:30,77.3,97.64,2026-07-04T05:30:00+05:30,77.3,excellent,predawn,-9.36,2026-07-04T06:00:00+05:30,79.22
2026-07-05,Mercury,2026-07-05T19:30:00+05:30,0.45,11.98,2026-07-05T19:30:00+05:30,0.45,poor,evening,-8.79,2026-07-05T13:30:00+05:30,83.14
2026-07-05,Venus,2026-07-05T19:30:00+05:30,30.46,41.82,2026-07-05T19:30:00+05:30,30.46,good,evening,-8.79,2026-07-05T15:30:00+05:30,86.41
2026-07-05,Mars,2026-07-05T05:30:00+05:30,28.41,38.62,2026-07-05T05:30:00+05:30,28.41,good,predawn,-9.42,2026-07-05T09:30:00+05:30,79.84
2026-07-05,Jupiter,2026-07-05T19:30:00+05:30,7.69,17.58,2026-07-05T19:30:00+05:30,7.69,poor,evening,-8.79,2026-07-05T14:00:00+05:30,80.4
2026-07-05,Saturn,2026-07-05T05:30:00+05:30,72.9,88.67,2026-07-05T05:30:00+05:30,72.9,excellent,predawn,-9.42,2026-07-05T06:30:00+05:30,82.18
2026-07-05,Uranus,2026-07-05T05:30:00+05:30,28.91,39.11,2026-07-05T05:30:00+05:30,28.91,good,predawn,-9.42,2026-07-05T09:30:00+05:30,80.06
2026-07-05,Neptune,2026-07-05T05:30:00+05:30,77.79,98.6,2026-07-05T05:30:00+05:30,77.79,excellent,predawn,-9.42,2026-07-05T06:00:00+05:30,79.11
2026-07-06,Mercury,2026-07-06T19:30:00+05:30,-0.97,10.73,2026-07-06T19:30:00+05:30,-0.97,not visible,evening,-8.78,2026-07-06T13:00:00+05:30,83.04
2026-07-06,Venus,2026-07-06T19:30:00+05:30,30.51,41.99,2026-07-06T19:30:00+05:30,30.51,good,evening,-8.78,2026-07-06T15:30:00+05:30,86.83
2026-07-06,Mars,2026-07-06T05:30:00+05:30,28.64,38.87,2026-07-06T05:30:00+05:30,28.64,good,predawn,-9.49,2026-07-06T09:30:00+05:30,79.79
2026-07-06,Jupiter,2026-07-06T19:30:00+05:30,6.98,16.84,2026-07-06T19:30:00+05:30,6.98,poor,evening,-8.78,2026-07-06T13:30:00+05:30,80.34
2026-07-06,Saturn,2026-07-06T05:30:00+05:30,73.73,89.59,2026-07-06T05:30:00+05:30,73.73,excellent,predawn,-9.49,2026-07-06T06:30:00+05:30,82.17
2026-07-06,Uranus,2026-07-06T05:30:00+05:30,29.79,40.02,2026-07-06T05:30:00+05:30,29.79,good,predawn,-9.49,2026-07-06T09:30:00+05:30,80.27
2026-07-06,Neptune,2026-07-06T05:30:00+05:30,78.22,99.55,2026-07-06T05:30:00+05:30,78.22,excellent,predawn,-9.49,2026-07-06T06:00:00+05:30,78.91
2026-07-07,Mercury,2026-07-07T19:30:00+05:30,-2.43,9.48,2026-07-07T19:30:00+05:30,-2.43,not visible,evening,-8.78,2026-07-07T13:00:00+05:30,83.71
2026-07-07,Venus,2026-07-07T19:30:00+05:30,30.56,42.15,2026-07-07T19:30:00+05:30,30.56,good,evening,-8.78,2026-07-07T15:30:00+05:30,87.26
2026-07-07,Mars,2026-07-07T05:30:00+05:30,28.88,39.12,2026-07-07T05:30:00+05:30,28.88,good,predawn,-9.56,2026-07-07T09:30:00+05:30,79.73
2026-07-07,Jupiter,2026-07-07T19:30:00+05:30,6.27,16.1,2026-07-07T19:30:00+05:30,6.27,poor,evening,-8.78,2026-07-07T13:30:00+05:30,80.62
2026-07-07,Saturn,2026-07-07T05:30:00+05:30,74.56,90.5,2026-07-07T05:30:00+05:30,74.56,excellent,predawn,-9.56,2026-07-07T06:30:00+05:30,82.04
2026-07-07,Uranus,2026-07-07T05:30:00+05:30,30.66,40.92,2026-07-07T05:30:00+05:30,30.66,good,predawn,-9.56,2026-07-07T09:30:00+05:30,80.4
2026-07-07,Neptune,2026-07-07T05:30:00+05:30,78.58,100.5,2026-07-07T05:30:00+05:30,78.58,excellent,predawn,-9.56,2026-07-07T06:00:00+05:30,78.63
2026-07-08,Mercury,2026-07-08T19:30:00+05:30,-3.92,8.24,2026-07-08T19:30:00+05:30,-3.92,not visible,evening,-8.77,2026-07-08T13:00:00+05:30,84.04
2026-07-08,Venus,2026-07-08T19:30:00+05:30,30.59,42.32,2026-07-08T19:30:00+05:30,30.59,good,evening,-8.77,2026-07-08T15:30:00+05:30,87.68
2026-07-08,Mars,2026-07-08T05:30:00+05:30,29.11,39.37,2026-07-08T05:30:00+05:30,29.11,good,predawn,-9.62,2026-07-08T09:30:00+05:30,79.67
2026-07-08,Jupiter,2026-07-08T19:30:00+05:30,5.56,15.37,2026-07-08T19:30:00+05:30,5.56,poor,evening,-8.77,2026-07-08T13:30:00+05:30,80.84
2026-07-08,Saturn,2026-07-08T05:30:00+05:30,75.37,91.42,2026-07-08T05:30:00+05:30,75.37,excellent,predawn,-9.62,2026-07-08T06:30:00+05:30,81.81
2026-07-08,Uranus,2026-07-08T05:30:00+05:30,31.54,41.83,2026-07-08T05:30:00+05:30,31.54,good,predawn,-9.62,2026-07-08T09:30:00+05:30,80.45
2026-07-08,Neptune,2026-07-08T05:30:00+05:30,78.87,101.45,2026-07-08T05:30:00+05:30,78.87,excellent,predawn,-9.62,2026-07-08T05:30:00+05:30,78.87
2026-07-09,Mercury,2026-07-09T19:30:00+05:30,-5.44,7.08,2026-07-09T19:30:00+05:30,-5.44,not visible,evening,-8.77,2026-07-09T13:00:00+05:30,83.97
2026-07-09,Venus,2026-07-09T19:30:00+05:30,30.62,42.48,2026-07-09T19:30:00+05:30,30.62,good,evening,-8.77,2026-07-09T15:30:00+05:30,88.1
2026-07-09,Mars,2026-07-09T05:30:00+05:30,29.34,39.62,2026-07-09T05:30:00+05:30,29.34,good,predawn,-9.69,2026-07-09T09:30:00+05:30,79.61
2026-07-09,Jupiter,2026-07-09T19:30:00+05:30,4.85,14.63,2026-07-09T19:30:00+05:30,4.85,poor,evening,-8.77,2026-07-09T13:30:00+05:30,81.02
2026-07-09,Saturn,2026-07-09T05:30:00+05:30,76.17,92.35,2026-07-09T05:30:00+05:30,76.17,excellent,predawn,-9.69,2026-07-09T06:30:00+05:30,81.48
2026-07-09,Uranus,2026-07-09T05:30:00+05:30,32.41,42.74,2026-07-09T05:30:00+05:30,32.41,good,predawn,-9.69,2026-07-09T09:30:00+05:30,80.42
2026-07-09,Neptune,2026-07-09T05:30:00+05:30,79.08,102.41,2026-07-09T05:30:00+05:30,79.08,excellent,predawn,-9.69,2026-07-09T05:30:00+05:30,79.08
2026-07-10,Mercury,2026-07-10T19:30:00+05:30,-6.98,6.05,2026-07-10T19:30:00+05:30,-6.98,not visible,evening,-8.78,2026-07-10T13:00:00+05:30,83.47
2026-07-10,Venus,2026-07-10T19:30:00+05:30,30.64,42.64,2026-07-10T19:30:00+05:30,30.64,good,evening,-8.78,2026-07-10T15:30:00+05:30,88.52
2026-07-10,Mars,2026-07-10T05:30:00+05:30,29.57,39.87,2026-07-10T05:30:00+05:30,29.57,good,predawn,-9.76,2026-07-10T09:30:00+05:30,79.54
2026-07-10,Jupiter,2026-07-10T19:30:00+05:30,4.14,13.9,2026-07-10T19:30:00+05:30,4.14,poor,evening,-8.78,2026-07-10T13:30:00+05:30,81.13
2026-07-10,Saturn,2026-07-10T05:30:00+05:30,76.95,93.27,2026-07-10T05:30:00+05:30,76.95,excellent,predawn,-9.76,2026-07-10T06:00:00+05:30,81.65
2026-07-10,Uranus,2026-07-10T05:30:00+05:30,33.29,43.65,2026-07-10T05:30:00+05:30,33.29,good,predawn,-9.76,2026-07-10T09:30:00+05:30,80.3
2026-07-10,Neptune,2026-07-10T05:30:00+05:30,79.2,103.36,2026-07-10T05:30:00+05:30,79.2,excellent,predawn,-9.76,2026-07-10T05:30:00+05:30,79.2
2026-07-11,Mercury,2026-07-11T19:30:00+05:30,-8.52,5.26,2026-07-11T19:30:00+05:30,-8.52,not visible,evening,-8.78,2026-07-11T12:30:00+05:30,83.59
2026-07-11,Venus,2026-07-11T19:30:00+05:30,30.65,42.79,2026-07-11T19:30:00+05:30,30.65,good,evening,-8.78,2026-07-11T15:30:00+05:30,88.91
2026-07-11,Mars,2026-07-11T05:30:00+05:30,29.8,40.12,2026-07-11T05:30:00+05:30,29.8,good,predawn,-9.82,2026-07-11T09:30:00+05:30,79.47
2026-07-11,Jupiter,2026-07-11T19:30:00+05:30,3.43,13.16,2026-07-11T19:30:00+05:30,3.43,poor,evening,-8.78,2026-07-11T13:30:00+05:30,81.19
2026-07-11,Saturn,2026-07-11T05:30:00+05:30,77.7,94.19,2026-07-11T05:30:00+05:30,77.7,excellent,predawn,-9.82,2026-07-11T06:00:00+05:30,81.96
2026-07-11,Uranus,2026-07-11T05:30:00+05:30,34.16,44.55,2026-07-11T05:30:00+05:30,34.16,good,predawn,-9.82,2026-07-11T09:30:00+05:30,80.1
2026-07-11,Neptune,2026-07-11T05:30:00+05:30,79.23,104.32,2026-07-11T05:30:00+05:30,79.23,excellent,predawn,-9.82,2026-07-11T05:30:00+05:30,79.23
2026-07-12,Mercury,2026-07-12T19:30:00+05:30,-10.06,4.86,2026-07-12T19:30:00+05:30,-10.06,not visible,evening,-8.79,2026-07-12T12:30:00+05:30,84.1
2026-07-12,Venus,2026-07-12T19:30:00+05:30,30.65,42.94,2026-07-12T19:30:00+05:30,30.65,good,evening,-8.79,2026-07-12T15:30:00+05:30,89.24
2026-07-12,Mars,2026-07-12T05:30:00+05:30,30.02,40.38,2026-07-12T05:30:00+05:30,30.02,good,predawn,-9.89,2026-07-12T09:30:00+05:30,79.39
2026-07-12,Jupiter,2026-07-12T19:30:00+05:30,2.72,12.43,2026-07-12T19:30:00+05:30,2.72,poor,evening,-8.79,2026-07-12T13:30:00+05:30,81.19
2026-07-12,Saturn,2026-07-12T05:30:00+05:30,78.42,95.12,2026-07-12T05:30:00+05:30,78.42,excellent,predawn,-9.89,2026-07-12T06:00:00+05:30,82.15
2026-07-12,Uranus,2026-07-12T05:30:00+05:30,35.04,45.46,2026-07-12T05:30:00+05:30,35.04,good,predawn,-9.89,2026-07-12T09:30:00+05:30,79.83
2026-07-12,Neptune,2026-07-12T05:30:00+05:30,79.18,105.27,2026-07-12T05:30:00+05:30,79.18,excellent,predawn,-9.89,2026-07-12T05:30:00+05:30,79.18
2026-07-13,Mercury,2026-07-13T05:30:00+05:30,-10.68,4.83,2026-07-13T05:30:00+05:30,-10.68,not visible,predawn,-9.96,2026-07-13T12:30:00+05:30,84.17
2026-07-13,Venus,2026-07-13T19:30:00+05:30,30.64,43.09,2026-07-13T19:30:00+05:30,30.64,good,evening,-8.8,2026-07-13T15:30:00+05:30,89.38
2026-07-13,Mars,2026-07-13T05:30:00+05:30,30.25,40.63,2026-07-13T05:30:00+05:30,30.25,good,predawn,-9.96,2026-07-13T09:30:00+05:30,79.32
2026-07-13,Jupiter,2026-07-13T19:30:00+05:30,2.01,11.69,2026-07-13T19:30:00+05:30,2.01,poor,evening,-8.8,2026-07-13T13:30:00+05:30,81.13
2026-07-13,Saturn,2026-07-13T05:30:00+05:30,79.12,96.05,2026-07-13T05:30:00+05:30,79.12,excellent,predawn,-9.96,2026-07-13T06:00:00+05:30,82.24
2026-07-13,Uranus,2026-07-13T05:30:00+05:30,35.92,46.37,2026-07-13T05:30:00+05:30,35.92,good,predawn,-9.96,2026-07-13T09:00:00+05:30,79.99
2026-07-13,Neptune,2026-07-13T05:30:00+05:30,79.03,106.23,2026-07-13T05:30:00+05:30,79.03,excellent,predawn,-9.96,2026-07-13T05:30:00+05:30,79.03
2026-07-14,Mercury,2026-07-14T05:30:00+05:30,-9.14,5.12,2026-07-14T05:30:00+05:30,-9.14,not visible,predawn,-10.03,2026-07-14T12:30:00+05:30,83.79
2026-07-14,Venus,2026-07-14T19:30:00+05:30,30.63,43.24,2026-07-14T19:30:00+05:30,30.63,good,evening,-8.82,2026-07-14T15:30:00+05:30,89.22
2026-07-14,Mars,2026-07-14T05:30:00+05:30,30.48,40.89,2026-07-14T05:30:00+05:30,30.48,good,predawn,-10.03,2026-07-14T09:30:00+05:30,79.24
2026-07-14,Jupiter,2026-07-14T19:30:00+05:30,1.3,10.96,2026-07-14T19:30:00+05:30,1.3,poor,evening,-8.82,2026-07-14T13:30:00+05:30,81.01
2026-07-14,Saturn,2026-07-14T05:30:00+05:30,79.77,96.98,2026-07-14T05:30:00+05:30,79.77,excellent,predawn,-10.03,2026-07-14T06:00:00+05:30,82.21
2026-07-14,Uranus,2026-07-14T05:30:00+05:30,36.8,47.28,2026-07-14T05:30:00+05:30,36.8,good,predawn,-10.03,2026-07-14T09:00:00+05:30,80.2
2026-07-14,Neptune,2026-07-14T05:30:00+05:30,78.81,107.19,2026-07-14T05:30:00+05:30,78.81,excellent,predawn,-10.03,2026-07-14T05:30:00+05:30,78.81
2026-07-15,Mercury,2026-07-15T05:30:00+05:30,-7.62,5.8,2026-07-15T05:30:00+05:30,-7.62,not visible,predawn,-10.1,2026-07-15T12:00:00+05:30,83.05
2026-07-15,Venus,2026-07-15T19:30:00+05:30,30.6,43.39,2026-07-15T19:30:00+05:30,30.6,good,evening,-8.84,2026-07-15T15:30:00+05:30,88.88
2026-07-15,Mars,2026-07-15T05:30:00+05:30,30.71,41.15,2026-07-15T05:30:00+05:30,30.71,good,predawn,-10.1,2026-07-15T09:30:00+05:30,79.16
2026-07-15,Jupiter,2026-07-15T19:30:00+05:30,0.59,10.23,2026-07-15T19:30:00+05:30,0.59,poor,evening,-8.84,2026-07-15T13:30:00+05:30,80.83
2026-07-15,Saturn,2026-07-15T05:30:00+05:30,80.37,97.91,2026-07-15T05:30:00+05:30,80.37,excellent,predawn,-10.1,2026-07-15T06:00:00+05:30,82.06
2026-07-15,Uranus,2026-07-15T05:30:00+05:30,37.67,48.19,2026-07-15T05:30:00+05:30,37.67,good,predawn,-10.1,2026-07-15T09:00:00+05:30,80.34
2026-07-15,Neptune,2026-07-15T05:00:00+05:30,78.69,108.12,2026-07-15T05:00:00+05:30,78.69,excellent,predawn,-16.73,2026-07-15T05:00:00+05:30,78.69
2026-07-16,Mercury,2026-07-16T05:30:00+05:30,-6.12,6.75,2026-07-16T05:30:00+05:30,-6.12,not visible,predawn,-10.16,2026-07-16T12:00:00+05:30,83.65
2026-07-16,Venus,2026-07-16T19:30:00+05:30,30.57,43.53,2026-07-16T19:30:00+05:30,30.57,good,evening,-8.86,2026-07-16T15:30:00+05:30,88.47
2026-07-16,Mars,2026-07-16T05:30:00+05:30,30.93,41.4,2026-07-16T05:30:00+05:30,30.93,good,predawn,-10.16,2026-07-16T09:30:00+05:30,79.08
2026-07-16,Jupiter,2026-07-16T19:30:00+05:30,-0.12,9.49,2026-07-16T19:30:00+05:30,-0.12,not visible,evening,-8.86,2026-07-16T13:00:00+05:30,80.81
2026-07-16,Saturn,2026-07-16T05:30:00+05:30,80.9,98.85,2026-07-16T05:30:00+05:30,80.9,excellent,predawn,-10.16,2026-07-16T06:00:00+05:30,81.8
2026-07-16,Uranus,2026-07-16T05:30:00+05:30,38.55,49.1,2026-07-16T05:30:00+05:30,38.55,good,predawn,-10.16,2026-07-16T09:00:00+05:30,80.39
2026-07-16,Neptune,2026-07-16T05:00:00+05:30,78.95,109.08,2026-07-16T05:00:00+05:30,78.95,excellent,predawn,-16.8,2026-07-16T05:00:00+05:30,78.95
2026-07-17,Mercury,2026-07-17T05:30:00+05:30,-4.66,7.84,2026-07-17T05:30:00+05:30,-4.66,not visible,predawn,-10.23,2026-07-17T12:00:00+05:30,83.87
2026-07-17,Venus,2026-07-17T19:30:00+05:30,30.53,43.67,2026-07-17T19:30:00+05:30,30.53,good,evening,-8.89,2026-07-17T15:30:00+05:30,88.03
2026-07-17,Mars,2026-07-17T05:30:00+05:30,31.16,41.66,2026-07-17T05:30:00+05:30,31.16,good,predawn,-10.23,2026-07-17T09:30:00+05:30,78.99
2026-07-17,Jupiter,2026-07-17T19:30:00+05:30,-0.82,8.76,2026-07-17T19:30:00+05:30,-0.82,not visible,evening,-8.89,2026-07-17T13:00:00+05:30,81.1
2026-07-17,Saturn,2026-07-17T05:30:00+05:30,81.37,99.78,2026-07-17T05:30:00+05:30,81.37,excellent,predawn,-10.23,2026-07-17T06:00:00+05:30,81.44
2026-07-17,Uranus,2026-07-17T05:30:00+05:30,39.43,50.02,2026-07-17T05:30:00+05:30,39.43,good,predawn,-10.23,2026-07-17T09:00:00+05:30,80.35
2026-07-17,Neptune,2026-07-17T05:00:00+05:30,79.12,110.04,2026-07-17T05:00:00+05:30,79.12,excellent,predawn,-16.88,2026-07-17T05:00:00+05:30,79.12
2026-07-18,Mercury,2026-07-18T05:30:00+05:30,-3.24,8.99,2026-07-18T05:30:00+05:30,-3.24,not visible,predawn,-10.3,2026-07-18T12:00:00+05:30,83.73
2026-07-18,Venus,2026-07-18T19:30:00+05:30,30.48,43.8,2026-07-18T19:30:00+05:30,30.48,good,evening,-8.92,2026-07-18T15:30:00+05:30,87.58
2026-07-18,Mars,2026-07-18T05:30:00+05:30,31.38,41.93,2026-07-18T05:30:00+05:30,31.38,good,predawn,-10.3,2026-07-18T09:30:00+05:30,78.91
2026-07-18,Jupiter,2026-07-18T19:30:00+05:30,-1.53,8.03,2026-07-18T19:30:00+05:30,-1.53,not visible,evening,-8.92,2026-07-18T13:00:00+05:30,81.34
2026-07-18,Saturn,2026-07-18T05:30:00+05:30,81.75,100.72,2026-07-18T05:30:00+05:30,81.75,excellent,predawn,-10.3,2026-07-18T05:30:00+05:30,81.75
2026-07-18,Uranus,2026-07-18T05:30:00+05:30,40.31,50.93,2026-07-18T05:30:00+05:30,40.31,good,predawn,-10.3,2026-07-18T09:00:00+05:30,80.24
2026-07-18,Neptune,2026-07-18T05:00:00+05:30,79.21,111.0,2026-07-18T05:00:00+05:30,79.21,excellent,predawn,-16.95,2026-07-18T05:00:00+05:30,79.21
2026-07-19,Mercury,2026-07-19T05:30:00+05:30,-1.87,10.16,2026-07-19T05:30:00+05:30,-1.87,not visible,predawn,-10.37,2026-07-19T12:00:00+05:30,83.28
2026-07-19,Venus,2026-07-19T19:30:00+05:30,30.42,43.93,2026-07-19T19:30:00+05:30,30.42,good,evening,-8.95,2026-07-19T15:30:00+05:30,87.12
2026-07-19,Mars,2026-07-19T05:30:00+05:30,31.61,42.19,2026-07-19T05:30:00+05:30,31.61,good,predawn,-10.37,2026-07-19T09:30:00+05:30,78.82
2026-07-19,Jupiter,2026-07-19T19:30:00+05:30,-2.24,7.3,2026-07-19T19:30:00+05:30,-2.24,not visible,evening,-8.95,2026-07-19T13:00:00+05:30,81.51
2026-07-19,Saturn,2026-07-19T05:30:00+05:30,82.03,101.66,2026-07-19T05:30:00+05:30,82.03,excellent,predawn,-10.37,2026-07-19T05:30:00+05:30,82.03
2026-07-19,Uranus,2026-07-19T05:30:00+05:30,41.19,51.84,2026-07-19T05:30:00+05:30,41.19,good,predawn,-10.37,2026-07-19T09:00:00+05:30,80.04
2026-07-19,Neptune,2026-07-19T05:00:00+05:30,79.2,111.96,2026-07-19T05:00:00+05:30,79.2,excellent,predawn,-17.03,2026-07-19T05:00:00+05:30,79.2
2026-07-20,Mercury,2026-07-20T05:30:00+05:30,-0.57,11.31,2026-07-20T05:30:00+05:30,-0.57,not visible,predawn,-10.43,2026-07-20T12:00:00+05:30,82.62
2026-07-20,Venus,2026-07-20T19:30:00+05:30,30.36,44.06,2026-07-20T19:30:00+05:30,30.36,good,evening,-8.99,2026-07-20T15:30:00+05:30,86.65
2026-07-20,Mars,2026-07-20T05:30:00+05:30,31.84,42.45,2026-07-20T05:30:00+05:30,31.84,good,predawn,-10.43,2026-07-20T09:30:00+05:30,78.73
2026-07-20,Jupiter,2026-07-20T19:30:00+05:30,-2.95,6.56,2026-07-20T19:30:00+05:30,-2.95,not visible,evening,-8.99,2026-07-20T13:00:00+05:30,81.63
2026-07-20,Saturn,2026-07-20T05:30:00+05:30,82.2,102.6,2026-07-20T05:30:00+05:30,82.2,excellent,predawn,-10.43,2026-07-20T05:30:00+05:30,82.2
2026-07-20,Uranus,2026-07-20T05:30:00+05:30,42.07,52.76,2026-07-20T05:30:00+05:30,42.07,good,predawn,-10.43,2026-07-20T09:00:00+05:30,79.77
2026-07-20,Neptune,2026-07-20T05:00:00+05:30,79.11,112.92,2026-07-20T05:00:00+05:30,79.11,excellent,predawn,-17.11,2026-07-20T05:00:00+05:30,79.11
2026-07-21,Mercury,2026-07-21T05:30:00+05:30,0.66,12.42,2026-07-21T05:30:00+05:30,0.66,poor,predawn,-10.5,2026-07-21T11:30:00+05:30,82.85
2026-07-21,Venus,2026-07-21T19:30:00+05:30,30.28,44.19,2026-07-21T19:30:00+05:30,30.28,good,evening,-9.03,2026-07-21T15:30:00+05:30,86.18
2026-07-21,Mars,2026-07-21T05:30:00+05:30,32.06,42.72,2026-07-21T05:30:00+05:30,32.06,good,predawn,-10.5,2026-07-21T09:30:00+05:30,78.64
2026-07-21,Jupiter,2026-07-21T19:30:00+05:30,-3.65,5.83,2026-07-21T19:30:00+05:30,-3.65,not visible,evening,-9.03,2026-07-21T13:00:00+05:30,81.69
2026-07-21,Saturn,2026-07-21T05:30:00+05:30,82.26,103.54,2026-07-21T05:30:00+05:30,82.26,excellent,predawn,-10.5,2026-07-21T05:30:00+05:30,82.26
2026-07-21,Uranus,2026-07-21T05:30:00+05:30,42.95,53.67,2026-07-21T05:30:00+05:30,42.95,good,predawn,-10.5,2026-07-21T08:30:00+05:30,79.93
2026-07-21,Neptune,2026-07-21T05:00:00+05:30,78.93,113.88,2026-07-21T05:00:00+05:30,78.93,excellent,predawn,-17.18,2026-07-21T05:00:00+05:30,78.93
2026-07-22,Mercury,2026-07-22T05:30:00+05:30,1.81,13.47,2026-07-22T05:30:00+05:30,1.81,poor,predawn,-10.56,2026-07-22T11:30:00+05:30,83.01
2026-07-22,Venus,2026-07-22T19:30:00+05:30,30.2,44.31,2026-07-22T19:30:00+05:30,30.2,good,evening,-9.08,2026-07-22T15:30:00+05:30,85.71
2026-07-22,Mars,2026-07-22T05:30:00+05:30,32.29,42.98,2026-07-22T05:30:00+05:30,32.29,good,predawn,-10.56,2026-07-22T09:30:00+05:30,78.55
2026-07-22,Jupiter,2026-07-22T19:30:00+05:30,-4.36,5.1,2026-07-22T19:30:00+05:30,-4.36,not visible,evening,-9.08,2026-07-22T13:00:00+05:30,81.68
2026-07-22,Saturn,2026-07-22T05:30:00+05:30,82.19,104.49,2026-07-22T05:30:00+05:30,82.19,excellent,predawn,-10.56,2026-07-22T05:30:00+05:30,82.19
2026-07-22,Uranus,2026-07-22T05:30:00+05:30,43.82,54.59,2026-07-22T05:30:00+05:30,43.82,good,predawn,-10.56,2026-07-22T08:30:00+05:30,80.14
2026-07-22,Neptune,2026-07-22T05:00:00+05:30,78.67,114.85,2026-07-22T05:00:00+05:30,78.67,excellent,predawn,-17.26,2026-07-22T05:00:00+05:30,78.67
2026-07-23,Mercury,2026-07-23T05:30:00+05:30,2.87,14.45,2026-07-23T05:30:00+05:30,2.87,poor,predawn,-10.63,2026-07-23T11:30:00+05:30,82.96
2026-07-23,Venus,2026-07-23T19:30:00+05:30,30.11,44.43,2026-07-23T19:30:00+05:30,30.11,good,evening,-9.12,2026-07-23T15:30:00+05:30,85.23
2026-07-23,Mars,2026-07-23T05:30:00+05:30,32.51,43.25,2026-07-23T05:30:00+05:30,32.51,good,predawn,-10.63,2026-07-23T09:30:00+05:30,78.45
2026-07-23,Jupiter,2026-07-23T19:30:00+05:30,-5.07,4.37,2026-07-23T19:30:00+05:30,-5.07,not visible,evening,-9.12,2026-07-23T13:00:00+05:30,81.61
2026-07-23,Saturn,2026-07-23T05:30:00+05:30,82.01,105.44,2026-07-23T05:30:00+05:30,82.01,excellent,predawn,-10.63,2026-07-23T05:30:00+05:30,82.01
2026-07-23,Uranus,2026-07-23T05:30:00+05:30,44.7,55.5,2026-07-23T05:30:00+05:30,44.7,good,predawn,-10.63,2026-07-23T08:30:00+05:30,80.28
2026-07-23,Neptune,2026-07-23T04:30:00+05:30,78.78,115.79,2026-07-23T04:30:00+05:30,78.78,excellent,predawn,-23.9,2026-07-23T04:30:00+05:30,78.78
2026-07-24,Mercury,2026-07-24T05:30:00+05:30,3.85,15.36,2026-07-24T05:30:00+05:30,3.85,poor,predawn,-10.69,2026-07-24T11:30:00+05:30,82.76
2026-07-24,Venus,2026-07-24T19:30:00+05:30,30.01,44.54,2026-07-24T19:30:00+05:30,30.01,good,evening,-9.18,2026-07-24T15:30:00+05:30,84.75
2026-07-24,Mars,2026-07-24T05:30:00+05:30,32.74,43.52,2026-07-24T05:30:00+05:30,32.74,good,predawn,-10.69,2026-07-24T09:30:00+05:30,78.36
2026-07-24,Jupiter,2026-07-24T19:30:00+05:30,-5.77,3.64,2026-07-24T19:30:00+05:30,-5.77,not visible,evening,-9.18,2026-07-24T13:00:00+05:30,81.48
2026-07-24,Saturn,2026-07-24T05:30:00+05:30,81.71,106.38,2026-07-24T05:30:00+05:30,81.71,excellent,predawn,-10.69,2026-07-24T05:30:00+05:30,81.71
2026-07-24,Uranus,2026-07-24T05:30:00+05:30,45.58,56.42,2026-07-24T05:30:00+05:30,45.58,excellent,predawn,-10.69,2026-07-24T08:30:00+05:30,80.33
2026-07-24,Neptune,2026-07-24T04:30:00+05:30,79.0,116.75,2026-07-24T04:30:00+05:30,79.0,excellent,predawn,-23.98,2026-07-24T04:30:00+05:30,79.0
2026-07-25,Mercury,2026-07-25T05:30:00+05:30,4.73,16.18,2026-07-25T05:30:00+05:30,4.73,poor,predawn,-10.75,2026-07-25T11:30:00+05:30,82.46
2026-07-25,Venus,2026-07-25T19:30:00+05:30,29.9,44.65,2026-07-25T19:30:00+05:30,29.9,good,evening,-9.23,2026-07-25T15:30:00+05:30,84.26
2026-07-25,Mars,2026-07-25T05:30:00+05:30,32.96,43.79,2026-07-25T05:30:00+05:30,32.96,good,predawn,-10.75,2026-07-25T09:30:00+05:30,78.26
2026-07-25,Jupiter,2026-07-25T19:30:00+05:30,-6.48,2.92,2026-07-25T19:30:00+05:30,-6.48,not visible,evening,-9.23,2026-07-25T13:00:00+05:30,81.29
2026-07-25,Saturn,2026-07-25T05:00:00+05:30,81.48,107.31,2026-07-25T05:00:00+05:30,81.48,excellent,predawn,-17.48,2026-07-25T05:00:00+05:30,81.48
2026-07-25,Uranus,2026-07-25T05:30:00+05:30,46.46,57.34,2026-07-25T05:30:00+05:30,46.46,excellent,predawn,-10.75,2026-07-25T08:30:00+05:30,80.29
2026-07-25,Neptune,2026-07-25T04:30:00+05:30,79.14,117.71,2026-07-25T04:30:00+05:30,79.14,excellent,predawn,-24.07,2026-07-25T04:30:00+05:30,79.14
2026-07-26,Mercury,2026-07-26T05:30:00+05:30,5.51,16.92,2026-07-26T05:30:00+05:30,5.51,poor,predawn,-10.82,2026-07-26T11:30:00+05:30,82.1
2026-07-26,Venus,2026-07-26T19:30:00+05:30,29.78,44.76,2026-07-26T19:30:00+05:30,29.78,good,evening,-9.29,2026-07-26T15:30:00+05:30,83.78
2026-07-26,Mars,2026-07-26T05:30:00+05:30,33.19,44.06,2026-07-26T05:30:00+05:30,33.19,good,predawn,-10.82,2026-07-26T09:30:00+05:30,78.17
2026-07-26,Jupiter,2026-07-26T19:30:00+05:30,-7.18,2.2,2026-07-26T19:30:00+05:30,-7.18,not visible,evening,-9.29,2026-07-26T12:30:00+05:30,81.31
2026-07-26,Saturn,2026-07-26T05:00:00+05:30,81.84,108.27,2026-07-26T05:00:00+05:30,81.84,excellent,predawn,-17.55,2026-07-26T05:00:00+05:30,81.84
2026-07-26,Uranus,2026-07-26T05:30:00+05:30,47.34,58.25,2026-07-26T05:30:00+05:30,47.34,excellent,predawn,-10.82,2026-07-26T08:30:00+05:30,80.18
2026-07-26,Neptune,2026-07-26T04:30:00+05:30,79.19,118.68,2026-07-26T04:30:00+05:30,79.19,excellent,predawn,-24.15,2026-07-26T04:30:00+05:30,79.19
2026-07-27,Mercury,2026-07-27T06:00:00+05:30,13.22,17.58,2026-07-27T06:00:00+05:30,13.22,poor,predawn,-4.03,2026-07-27T11:30:00+05:30,81.71
2026-07-27,Venus,2026-07-27T19:30:00+05:30,29.66,44.86,2026-07-27T19:30:00+05:30,29.66,good,evening,-9.35,2026-07-27T15:30:00+05:30,83.29
2026-07-27,Mars,2026-07-27T06:00:00+05:30,40.31,44.34,2026-07-27T06:00:00+05:30,40.31,good,predawn,-4.03,2026-07-27T09:30:00+05:30,78.07
2026-07-27,Jupiter,2026-07-27T06:00:00+05:30,-5.86,1.88,2026-07-27T06:00:00+05:30,-5.86,not visible,predawn,-4.03,2026-07-27T12:30:00+05:30,81.61
2026-07-27,Saturn,2026-07-27T05:00:00+05:30,82.08,109.22,2026-07-27T05:00:00+05:30,82.08,excellent,predawn,-17.62,2026-07-27T05:00:00+05:30,82.08
2026-07-27,Uranus,2026-07-27T06:00:00+05:30,55.16,59.19,2026-07-27T06:00:00+05:30,55.16,excellent,predawn,-4.03,2026-07-27T08:30:00+05:30,79.98
2026-07-27,Neptune,2026-07-27T04:30:00+05:30,79.14,119.64,2026-07-27T04:30:00+05:30,79.14,excellent,predawn,-24.24,2026-07-27T04:30:00+05:30,79.14
2026-07-28,Mercury,2026-07-28T06:00:00+05:30,13.79,18.13,2026-07-28T06:00:00+05:30,13.79,poor,predawn,-4.08,2026-07-28T11:30:00+05:30,81.34
2026-07-28,Venus,2026-07-28T19:30:00+05:30,29.53,44.96,2026-07-28T19:30:00+05:30,29.53,good,evening,-9.42,2026-07-28T15:30:00+05:30,82.8
2026-07-28,Mars,2026-07-28T06:00:00+05:30,40.53,44.62,2026-07-28T06:00:00+05:30,40.53,good,predawn,-4.08,2026-07-28T09:30:00+05:30,77.97
2026-07-28,Jupiter,2026-07-28T06:00:00+05:30,-5.17,1.19,2026-07-28T06:00:00+05:30,-5.17,not visible,predawn,-4.08,2026-07-28T12:30:00+05:30,81.86
2026-07-28,Saturn,2026-07-28T05:00:00+05:30,82.22,110.17,2026-07-28T05:00:00+05:30,82.22,excellent,predawn,-17.7,2026-07-28T05:00:00+05:30,82.22
2026-07-28,Uranus,2026-07-28T06:00:00+05:30,56.03,60.11,2026-07-28T06:00:00+05:30,56.03,excellent,predawn,-4.08,2026-07-28T08:30:00+05:30,79.7
2026-07-28,Neptune,2026-07-28T04:30:00+05:30,79.01,120.61,2026-07-28T04:30:00+05:30,79.01,excellent,predawn,-24.32,2026-07-28T04:30:00+05:30,79.01
2026-07-29,Mercury,2026-07-29T06:00:00+05:30,14.26,18.59,2026-07-29T06:00:00+05:30,14.26,poor,predawn,-4.13,2026-07-29T11:00:00+05:30,81.12
2026-07-29,Venus,2026-07-29T19:30:00+05:30,29.39,45.06,2026-07-29T19:30:00+05:30,29.39,good,evening,-9.49,2026-07-29T15:30:00+05:30,82.31
2026-07-29,Mars,2026-07-29T06:00:00+05:30,40.76,44.89,2026-07-29T06:00:00+05:30,40.76,good,predawn,-4.13,2026-07-29T09:30:00+05:30,77.87
2026-07-29,Jupiter,2026-07-29T06:00:00+05:30,-4.49,0.59,2026-07-29T06:00:00+05:30,-4.49,not visible,predawn,-4.13,2026-07-29T12:30:00+05:30,82.04
2026-07-29,Saturn,2026-07-29T05:00:00+05:30,82.22,111.13,2026-07-29T05:00:00+05:30,82.22,excellent,predawn,-17.77,2026-07-29T05:00:00+05:30,82.22
2026-07-29,Uranus,2026-07-29T06:00:00+05:30,56.9,61.03,2026-07-29T06:00:00+05:30,56.9,excellent,predawn,-4.13,2026-07-29T08:00:00+05:30,79.89
2026-07-29,Neptune,2026-07-29T04:30:00+05:30,78.79,121.57,2026-07-29T04:30:00+05:30,78.79,excellent,predawn,-24.41,2026-07-29T04:30:00+05:30,78.79
2026-07-30,Mercury,2026-07-30T06:00:00+05:30,14.63,18.95,2026-07-30T06:00:00+05:30,14.63,poor,predawn,-4.18,2026-07-30T11:00:00+05:30,81.08
2026-07-30,Venus,2026-07-30T19:30:00+05:30,29.24,45.15,2026-07-30T19:30:00+05:30,29.24,good,evening,-9.56,2026-07-30T15:30:00+05:30,81.82
2026-07-30,Mars,2026-07-30T06:00:00+05:30,40.98,45.17,2026-07-30T06:00:00+05:30,40.98,good,predawn,-4.18,2026-07-30T09:30:00+05:30,77.77
2026-07-30,Jupiter,2026-07-30T06:00:00+05:30,-3.81,0.61,2026-07-30T06:00:00+05:30,-3.81,not visible,predawn,-4.18,2026-07-30T12:30:00+05:30,82.16
2026-07-30,Saturn,2026-07-30T05:00:00+05:30,82.11,112.09,2026-07-30T05:00:00+05:30,82.11,excellent,predawn,-17.84,2026-07-30T05:00:00+05:30,82.11
2026-07-30,Uranus,2026-07-30T06:00:00+05:30,57.76,61.95,2026-07-30T06:00:00+05:30,57.76,excellent,predawn,-4.18,2026-07-30T08:00:00+05:30,80.1
2026-07-30,Neptune,2026-07-30T04:00:00+05:30,78.59,122.52,2026-07-30T04:00:00+05:30,78.59,excellent,predawn,-30.97,2026-07-30T04:00:00+05:30,78.59
2026-07-31,Mercury,2026-07-31T06:00:00+05:30,14.89,19.22,2026-07-31T06:00:00+05:30,14.89,poor,predawn,-4.22,2026-07-31T11:00:00+05:30,81.01
2026-07-31,Venus,2026-07-31T19:30:00+05:30,29.08,45.24,2026-07-31T19:30:00+05:30,29.08,good,evening,-9.64,2026-07-31T15:30:00+05:30,81.33
2026-07-31,Mars,2026-07-31T06:00:00+05:30,41.2,45.45,2026-07-31T06:00:00+05:30,41.2,good,predawn,-4.22,2026-07-31T09:30:00+05:30,77.67
2026-07-31,Jupiter,2026-07-31T06:00:00+05:30,-3.12,1.21,2026-07-31T06:00:00+05:30,-3.12,not visible,predawn,-4.22,2026-07-31T12:30:00+05:30,82.22
2026-07-31,Saturn,2026-07-31T05:00:00+05:30,81.88,113.05,2026-07-31T05:00:00+05:30,81.88,excellent,predawn,-17.9,2026-07-31T05:00:00+05:30,81.88
2026-07-31,Uranus,2026-07-31T06:00:00+05:30,58.63,62.88,2026-07-31T06:00:00+05:30,58.63,excellent,predawn,-4.22,2026-07-31T08:00:00+05:30,80.23
2026-07-31,Neptune,2026-07-31T04:00:00+05:30,78.85,123.49,2026-07-31T04:00:00+05:30,78.85,excellent,predawn,-31.07,2026-07-31T04:00:00+05:30,78.85
2026-08-01,Mercury,2026-08-01T06:00:00+05:30,15.06,19.39,2026-08-01T06:00:00+05:30,15.06,fair,predawn,-4.27,2026-08-01T11:00:00+05:30,80.91
2026-08-01,Venus,2026-08-01T19:30:00+05:30,28.92,45.32,2026-08-01T19:30:00+05:30,28.92,good,evening,-9.72,2026-08-01T15:30:00+05:30,80.84
2026-08-01,Mars,2026-08-01T06:00:00+05:30,41.43,45.73,2026-08-01T06:00:00+05:30,41.43,good,predawn,-4.27,2026-08-01T09:30:00+05:30,77.57
2026-08-01,Jupiter,2026-08-01T06:00:00+05:30,-2.43,1.91,2026-08-01T06:00:00+05:30,-2.43,not visible,predawn,-4.27,2026-08-01T12:30:00+05:30,82.2
2026-08-01,Saturn,2026-08-01T05:00:00+05:30,81.54,114.01,2026-08-01T05:00:00+05:30,81.54,excellent,predawn,-17.97,2026-08-01T05:00:00+05:30,81.54
2026-08-01,Uranus,2026-08-01T06:00:00+05:30,59.49,63.8,2026-08-01T06:00:00+05:30,59.49,excellent,predawn,-4.27,2026-08-01T08:00:00+05:30,80.28
2026-08-01,Neptune,2026-08-01T04:00:00+05:30,79.04,124.46,2026-08-01T04:00:00+05:30,79.04,excellent,predawn,-31.17,2026-08-01T04:00:00+05:30,79.04
2026-08-02,Mercury,2026-08-02T06:00:00+05:30,15.12,19.46,2026-08-02T06:00:00+05:30,15.12,fair,predawn,-4.31,2026-08-02T11:00:00+05:30,80.79
2026-08-02,Venus,2026-08-02T19:30:00+05:30,28.75,45.39,2026-08-02T19:30:00+05:30,28.75,good,evening,-9.8,2026-08-02T15:30:00+05:30,80.34
2026-08-02,Mars,2026-08-02T06:00:00+05:30,41.65,46.01,2026-08-02T06:00:00+05:30,41.65,good,predawn,-4.31,2026-08-02T09:30:00+05:30,77.47
2026-08-02,Jupiter,2026-08-02T06:00:00+05:30,-1.75,2.63,2026-08-02T06:00:00+05:30,-1.75,not visible,predawn,-4.31,2026-08-02T12:30:00+05:30,82.12
2026-08-02,Saturn,2026-08-02T04:30:00+05:30,81.59,114.96,2026-08-02T04:30:00+05:30,81.59,excellent,predawn,-24.73,2026-08-02T04:30:00+05:30,81.59
2026-08-02,Uranus,2026-08-02T06:00:00+05:30,60.35,64.72,2026-08-02T06:00:00+05:30,60.35,excellent,predawn,-4.31,2026-08-02T08:00:00+05:30,80.24
2026-08-02,Neptune,2026-08-02T04:00:00+05:30,79.13,125.43,2026-08-02T04:00:00+05:30,79.13,excellent,predawn,-31.26,2026-08-02T04:00:00+05:30,79.13
2026-08-03,Mercury,2026-08-03T06:00:00+05:30,15.08,19.45,2026-08-03T06:00:00+05:30,15.08,fair,predawn,-4.35,2026-08-03T11:00:00+05:30,80.67
2026-08-03,Venus,2026-08-03T19:30:00+05:30,28.57,45.47,2026-08-03T19:30:00+05:30,28.57,good,evening,-9.89,2026-08-03T15:30:00+05:30,79.85
2026-08-03,Mars,2026-08-03T06:00:00+05:30,41.88,46.29,2026-08-03T06:00:00+05:30,41.88,good,predawn,-4.35,2026-08-03T09:30:00+05:30,77.36
2026-08-03,Jupiter,2026-08-03T06:00:00+05:30,-1.06,3.35,2026-08-03T06:00:00+05:30,-1.06,not visible,predawn,-4.35,2026-08-03T12:30:00+05:30,81.97
2026-08-03,Saturn,2026-08-03T04:30:00+05:30,81.9,115.93,2026-08-03T04:30:00+05:30,81.9,excellent,predawn,-24.81,2026-08-03T04:30:00+05:30,81.9
2026-08-03,Uranus,2026-08-03T06:00:00+05:30,61.21,65.65,2026-08-03T06:00:00+05:30,61.21,excellent,predawn,-4.35,2026-08-03T08:00:00+05:30,80.11
2026-08-03,Neptune,2026-08-03T04:00:00+05:30,79.14,126.4,2026-08-03T04:00:00+05:30,79.14,excellent,predawn,-31.36,2026-08-03T04:00:00+05:30,79.14
2026-08-04,Mercury,2026-08-04T06:00:00+05:30,14.94,19.34,2026-08-04T06:00:00+05:30,14.94,poor,predawn,-4.39,2026-08-04T11:00:00+05:30,80.53
2026-08-04,Venus,2026-08-04T19:30:00+05:30,28.39,45.53,2026-08-04T19:30:00+05:30,28.39,good,evening,-9.98,2026-08-04T15:30:00+05:30,79.35
2026-08-04,Mars,2026-08-04T06:00:00+05:30,42.11,46.58,2026-08-04T06:00:00+05:30,42.11,good,predawn,-4.39,2026-08-04T09:00:00+05:30,77.26
2026-08-04,Jupiter,2026-08-04T06:00:00+05:30,-0.37,4.08,2026-08-04T06:00:00+05:30,-0.37,not visible,predawn,-4.39,2026-08-04T12:30:00+05:30,81.76
2026-08-04,Saturn,2026-08-04T04:30:00+05:30,82.1,116.89,2026-08-04T04:30:00+05:30,82.1,excellent,predawn,-24.89,2026-08-04T04:30:00+05:30,82.1
2026-08-04,Uranus,2026-08-04T06:00:00+05:30,62.06,66.58,2026-08-04T06:00:00+05:30,62.06,excellent,predawn,-4.39,2026-08-04T08:00:00+05:30,79.91
2026-08-04,Neptune,2026-08-04T04:00:00+05:30,79.05,127.37,2026-08-04T04:00:00+05:30,79.05,excellent,predawn,-31.45,2026-08-04T04:00:00+05:30,79.05
2026-08-05,Mercury,2026-08-05T06:00:00+05:30,14.71,19.14,2026-08-05T06:00:00+05:30,14.71,poor,predawn,-4.43,2026-08-05T11:00:00+05:30,80.39
2026-08-05,Venus,2026-08-05T19:30:00+05:30,28.19,45.59,2026-08-05T19:30:00+05:30,28.19,good,evening,-10.07,2026-08-05T15:30:00+05:30,78.86
2026-08-05,Mars,2026-08-05T06:00:00+05:30,42.33,46.86,2026-08-05T06:00:00+05:30,42.33,good,predawn,-4.43,2026-08-05T09:00:00+05:30,77.29
2026-08-05,Jupiter,2026-08-05T06:00:00+05:30,0.33,4.81,2026-08-05T06:00:00+05:30,0.33,poor,predawn,-4.43,2026-08-05T12:00:00+05:30,81.84
2026-08-05,Saturn,2026-08-05T04:30:00+05:30,82.18,117.87,2026-08-05T04:30:00+05:30,82.18,excellent,predawn,-24.97,2026-08-05T04:30:00+05:30,82.18
2026-08-05,Uranus,2026-08-05T06:00:00+05:30,62.92,67.5,2026-08-05T06:00:00+05:30,62.92,excellent,predawn,-4.43,2026-08-05T08:00:00+05:30,79.63
2026-08-05,Neptune,2026-08-05T04:00:00+05:30,78.88,128.34,2026-08-05T04:00:00+05:30,78.88,excellent,predawn,-31.55,2026-08-05T04:00:00+05:30,78.88
2026-08-06,Mercury,2026-08-06T06:00:00+05:30,14.38,18.85,2026-08-06T06:00:00+05:30,14.38,poor,predawn,-4.47,2026-08-06T11:30:00+05:30,80.25
2026-08-06,Venus,2026-08-06T19:30:00+05:30,27.99,45.65,2026-08-06T19:30:00+05:30,27.99,good,evening,-10.17,2026-08-06T15:30:00+05:30,78.36
2026-08-06,Mars,2026-08-06T06:00:00+05:30,42.56,47.15,2026-08-06T06:00:00+05:30,42.56,good,predawn,-4.47,2026-08-06T09:00:00+05:30,77.32
2026-08-06,Jupiter,2026-08-06T06:00:00+05:30,1.02,5.55,2026-08-06T06:00:00+05:30,1.02,poor,predawn,-4.47,2026-08-06T12:00:00+05:30,82.15
2026-08-06,Saturn,2026-08-06T04:30:00+05:30,82.13,118.84,2026-08-06T04:30:00+05:30,82.13,excellent,predawn,-25.05,2026-08-06T04:30:00+05:30,82.13
2026-08-06,Uranus,2026-08-06T06:00:00+05:30,63.76,68.43,2026-08-06T06:00:00+05:30,63.76,excellent,predawn,-4.47,2026-08-06T07:30:00+05:30,79.87
2026-08-06,Neptune,2026-08-06T04:00:00+05:30,78.62,129.31,2026-08-06T04:00:00+05:30,78.62,excellent,predawn,-31.64,2026-08-06T04:00:00+05:30,78.62
2026-08-07,Mercury,2026-08-07T06:00:00+05:30,13.97,18.48,2026-08-07T06:00:00+05:30,13.97,poor,predawn,-4.51,2026-08-07T11:30:00+05:30,80.41
2026-08-07,Venus,2026-08-07T19:30:00+05:30,27.79,45.7,2026-08-07T19:30:00+05:30,27.79,good,evening,-10.27,2026-08-07T15:30:00+05:30,77.86
2026-08-07,Mars,2026-08-07T06:00:00+05:30,42.79,47.44,2026-08-07T06:00:00+05:30,42.79,good,predawn,-4.51,2026-08-07T09:00:00+05:30,77.35
2026-08-07,Jupiter,2026-08-07T06:00:00+05:30,1.72,6.28,2026-08-07T06:00:00+05:30,1.72,poor,predawn,-4.51,2026-08-07T12:00:00+05:30,82.41
2026-08-07,Saturn,2026-08-07T04:30:00+05:30,81.96,119.81,2026-08-07T04:30:00+05:30,81.96,excellent,predawn,-25.12,2026-08-07T04:30:00+05:30,81.96
2026-08-07,Uranus,2026-08-07T06:00:00+05:30,64.61,69.36,2026-08-07T06:00:00+05:30,64.61,excellent,predawn,-4.51,2026-08-07T07:30:00+05:30,80.08
2026-08-07,Neptune,2026-08-07T03:30:00+05:30,78.68,130.26,2026-08-07T03:30:00+05:30,78.68,excellent,predawn,-38.13,2026-08-07T03:30:00+05:30,78.68
2026-08-08,Mercury,2026-08-08T06:00:00+05:30,13.47,18.03,2026-08-08T06:00:00+05:30,13.47,poor,predawn,-4.54,2026-08-08T11:30:00+05:30,80.61
2026-08-08,Venus,2026-08-08T19:30:00+05:30,27.57,45.75,2026-08-08T19:30:00+05:30,27.57,good,evening,-10.37,2026-08-08T15:30:00+05:30,77.37
2026-08-08,Mars,2026-08-08T06:00:00+05:30,43.03,47.73,2026-08-08T06:00:00+05:30,43.03,good,predawn,-4.54,2026-08-08T09:00:00+05:30,77.38
2026-08-08,Jupiter,2026-08-08T06:00:00+05:30,2.41,7.02,2026-08-08T06:00:00+05:30,2.41,poor,predawn,-4.54,2026-08-08T12:00:00+05:30,82.6
2026-08-08,Saturn,2026-08-08T04:30:00+05:30,81.67,120.79,2026-08-08T04:30:00+05:30,81.67,excellent,predawn,-25.2,2026-08-08T04:30:00+05:30,81.67
2026-08-08,Uranus,2026-08-08T06:00:00+05:30,65.45,70.29,2026-08-08T06:00:00+05:30,65.45,excellent,predawn,-4.54,2026-08-08T07:30:00+05:30,80.2
2026-08-08,Neptune,2026-08-08T03:30:00+05:30,78.9,131.23,2026-08-08T03:30:00+05:30,78.9,excellent,predawn,-38.24,2026-08-08T03:30:00+05:30,78.9
2026-08-09,Mercury,2026-08-09T06:00:00+05:30,12.89,17.5,2026-08-09T06:00:00+05:30,12.89,poor,predawn,-4.57,2026-08-09T11:30:00+05:30,80.85
2026-08-09,Venus,2026-08-09T19:30:00+05:30,27.35,45.78,2026-08-09T19:30:00+05:30,27.35,good,evening,-10.48,2026-08-09T15:30:00+05:30,76.87
2026-08-09,Mars,2026-08-09T06:00:00+05:30,43.26,48.02,2026-08-09T06:00:00+05:30,43.26,good,predawn,-4.57,2026-08-09T09:00:00+05:30,77.4
2026-08-09,Jupiter,2026-08-09T06:00:00+05:30,3.11,7.76,2026-08-09T06:00:00+05:30,3.11,poor,predawn,-4.57,2026-08-09T12:00:00+05:30,82.72
2026-08-09,Saturn,2026-08-09T04:00:00+05:30,81.31,121.75,2026-08-09T04:00:00+05:30,81.31,excellent,predawn,-31.92,2026-08-09T04:00:00+05:30,81.31
2026-08-09,Uranus,2026-08-09T06:00:00+05:30,66.29,71.22,2026-08-09T06:00:00+05:30,66.29,excellent,predawn,-4.57,2026-08-09T07:30:00+05:30,80.24
2026-08-09,Neptune,2026-08-09T03:30:00+05:30,79.04,132.21,2026-08-09T03:30:00+05:30,79.04,excellent,predawn,-38.35,2026-08-09T03:30:00+05:30,79.04
2026-08-10,Mercury,2026-08-10T06:00:00+05:30,12.23,16.9,2026-08-10T06:00:00+05:30,12.23,poor,predawn,-4.61,2026-08-10T11:30:00+05:30,81.09
2026-08-10,Venus,2026-08-10T19:30:00+05:30,27.12,45.82,2026-08-10T19:30:00+05:30,27.12,good,evening,-10.59,2026-08-10T15:30:00+05:30,76.37
2026-08-10,Mars,2026-08-10T06:00:00+05:30,43.49,48.32,2026-08-10T06:00:00+05:30,43.49,good,predawn,-4.61,2026-08-10T09:00:00+05:30,77.43
2026-08-10,Jupiter,2026-08-10T06:00:00+05:30,3.81,8.49,2026-08-10T06:00:00+05:30,3.81,poor,predawn,-4.61,2026-08-10T12:00:00+05:30,82.77
2026-08-10,Saturn,2026-08-10T04:00:00+05:30,81.68,122.73,2026-08-10T04:00:00+05:30,81.68,excellent,predawn,-32.01,2026-08-10T04:00:00+05:30,81.68
2026-08-10,Uranus,2026-08-10T06:00:00+05:30,67.12,72.16,2026-08-10T06:00:00+05:30,67.12,excellent,predawn,-4.61,2026-08-10T07:30:00+05:30,80.19
2026-08-10,Neptune,2026-08-10T03:30:00+05:30,79.1,133.18,2026-08-10T03:30:00+05:30,79.1,excellent,predawn,-38.46,2026-08-10T03:30:00+05:30,79.1
2026-08-11,Mercury,2026-08-11T06:00:00+05:30,11.5,16.23,2026-08-11T06:00:00+05:30,11.5,poor,predawn,-4.64,2026-08-11T11:30:00+05:30,81.34
2026-08-11,Venus,2026-08-11T19:30:00+05:30,26.89,45.85,2026-08-11T19:30:00+05:30,26.89,good,evening,-10.7,2026-08-11T15:30:00+05:30,75.88
2026-08-11,Mars,2026-08-11T06:00:00+05:30,43.73,48.61,2026-08-11T06:00:00+05:30,43.73,good,predawn,-4.64,2026-08-11T09:00:00+05:30,77.45
2026-08-11,Jupiter,2026-08-11T06:00:00+05:30,4.51,9.23,2026-08-11T06:00:00+05:30,4.51,poor,predawn,-4.64,2026-08-11T12:00:00+05:30,82.74
2026-08-11,Saturn,2026-08-11T04:00:00+05:30,81.93,123.71,2026-08-11T04:00:00+05:30,81.93,excellent,predawn,-32.09,2026-08-11T04:00:00+05:30,81.93
2026-08-11,Uranus,2026-08-11T06:00:00+05:30,67.94,73.09,2026-08-11T06:00:00+05:30,67.94,excellent,predawn,-4.64,2026-08-11T07:30:00+05:30,80.05
2026-08-11,Neptune,2026-08-11T03:30:00+05:30,79.06,134.16,2026-08-11T03:30:00+05:30,79.06,excellent,predawn,-38.57,2026-08-11T03:30:00+05:30,79.06
2026-08-12,Mercury,2026-08-12T06:00:00+05:30,10.71,15.49,2026-08-12T06:00:00+05:30,10.71,poor,predawn,-4.67,2026-08-12T11:30:00+05:30,81.56
2026-08-12,Venus,2026-08-12T19:30:00+05:30,26.65,45.87,2026-08-12T19:30:00+05:30,26.65,good,evening,-10.82,2026-08-12T15:30:00+05:30,75.38
2026-08-12,Mars,2026-08-12T06:00:00+05:30,43.96,48.91,2026-08-12T06:00:00+05:30,43.96,good,predawn,-4.67,2026-08-12T09:00:00+05:30,77.47
2026-08-12,Jupiter,2026-08-12T06:00:00+05:30,5.21,9.97,2026-08-12T06:00:00+05:30,5.21,poor,predawn,-4.67,2026-08-12T12:00:00+05:30,82.64
2026-08-12,Saturn,2026-08-12T04:00:00+05:30,82.06,124.7,2026-08-12T04:00:00+05:30,82.06,excellent,predawn,-32.18,2026-08-12T04:00:00+05:30,82.06
2026-08-12,Uranus,2026-08-12T06:00:00+05:30,68.76,74.02,2026-08-12T06:00:00+05:30,68.76,excellent,predawn,-4.67,2026-08-12T07:30:00+05:30,79.84
2026-08-12,Neptune,2026-08-12T03:30:00+05:30,78.93,135.14,2026-08-12T03:30:00+05:30,78.93,excellent,predawn,-38.68,2026-08-12T03:30:00+05:30,78.93
2026-08-13,Mercury,2026-08-13T06:00:00+05:30,9.86,14.7,2026-08-13T06:00:00+05:30,9.86,poor,predawn,-4.69,2026-08-13T11:30:00+05:30,81.75
2026-08-13,Venus,2026-08-13T19:30:00+05:30,26.4,45.88,2026-08-13T19:30:00+05:30,26.4,good,evening,-10.94,2026-08-13T15:30:00+05:30,74.88
2026-08-13,Mars,2026-08-13T06:00:00+05:30,44.2,49.21,2026-08-13T06:00:00+05:30,44.2,good,predawn,-4.69,2026-08-13T09:00:00+05:30,77.49
2026-08-13,Jupiter,2026-08-13T06:00:00+05:30,5.91,10.71,2026-08-13T06:00:00+05:30,5.91,poor,predawn,-4.69,2026-08-13T12:00:00+05:30,82.47
2026-08-13,Saturn,2026-08-13T04:00:00+05:30,82.07,125.68,2026-08-13T04:00:00+05:30,82.07,excellent,predawn,-32.27,2026-08-13T04:00:00+05:30,82.07
2026-08-13,Uranus,2026-08-13T06:00:00+05:30,69.57,74.96,2026-08-13T06:00:00+05:30,69.57,excellent,predawn,-4.69,2026-08-13T07:00:00+05:30,79.61
2026-08-13,Neptune,2026-08-13T03:30:00+05:30,78.71,136.11,2026-08-13T03:30:00+05:30,78.71,excellent,predawn,-38.79,2026-08-13T03:30:00+05:30,78.71
2026-08-14,Mercury,2026-08-14T06:00:00+05:30,8.96,13.86,2026-08-14T06:00:00+05:30,8.96,poor,predawn,-4.72,2026-08-14T11:30:00+05:30,81.88
2026-08-14,Venus,2026-08-14T19:30:00+05:30,26.15,45.89,2026-08-14T19:30:00+05:30,26.15,good,evening,-11.06,2026-08-14T15:30:00+05:30,74.39
2026-08-14,Mars,2026-08-14T06:00:00+05:30,44.44,49.51,2026-08-14T06:00:00+05:30,44.44,good,predawn,-4.72,2026-08-14T09:00:00+05:30,77.51
2026-08-14,Jupiter,2026-08-14T06:00:00+05:30,6.61,11.45,2026-08-14T06:00:00+05:30,6.61,poor,predawn,-4.72,2026-08-14T12:00:00+05:30,82.23
2026-08-14,Saturn,2026-08-14T04:00:00+05:30,81.95,126.67,2026-08-14T04:00:00+05:30,81.95,excellent,predawn,-32.35,2026-08-14T04:00:00+05:30,81.95
2026-08-14,Uranus,2026-08-14T06:00:00+05:30,70.37,75.9,2026-08-14T06:00:00+05:30,70.37,excellent,predawn,-4.72,2026-08-14T07:00:00+05:30,79.88
2026-08-14,Neptune,2026-08-14T03:00:00+05:30,78.48,137.07,2026-08-14T03:00:00+05:30,78.48,excellent,predawn,-45.16,2026-08-14T03:00:00+05:30,78.48
2026-08-15,Mercury,2026-08-15T06:00:00+05:30,8.01,12.97,2026-08-15T06:00:00+05:30,8.01,poor,predawn,-4.74,2026-08-15T11:30:00+05:30,81.92
2026-08-15,Venus,2026-08-15T19:00:00+05:30,33.08,45.89,2026-08-15T19:00:00+05:30,33.08,good,evening,-4.11,2026-08-15T15:30:00+05:30,73.89
2026-08-15,Mars,2026-08-15T06:00:00+05:30,44.68,49.81,2026-08-15T06:00:00+05:30,44.68,good,predawn,-4.74,2026-08-15T09:00:00+05:30,77.53
2026-08-15,Jupiter,2026-08-15T06:00:00+05:30,7.32,12.19,2026-08-15T06:00:00+05:30,7.32,poor,predawn,-4.74,2026-08-15T11:30:00+05:30,82.39
2026-08-15,Saturn,2026-08-15T04:00:00+05:30,81.72,127.66,2026-08-15T04:00:00+05:30,81.72,excellent,predawn,-32.43,2026-08-15T04:00:00+05:30,81.72
2026-08-15,Uranus,2026-08-15T06:00:00+05:30,71.16,76.84,2026-08-15T06:00:00+05:30,71.16,excellent,predawn,-4.74,2026-08-15T07:00:00+05:30,80.07
2026-08-15,Neptune,2026-08-15T03:00:00+05:30,78.74,138.05,2026-08-15T03:00:00+05:30,78.74,excellent,predawn,-45.29,2026-08-15T03:00:00+05:30,78.74
2026-08-16,Mercury,2026-08-16T06:00:00+05:30,7.03,12.05,2026-08-16T06:00:00+05:30,7.03,poor,predawn,-4.77,2026-08-16T12:00:00+05:30,82.11
2026-08-16,Venus,2026-08-16T19:00:00+05:30,32.8,45.89,2026-08-16T19:00:00+05:30,32.8,good,evening,-4.22,2026-08-16T15:30:00+05:30,73.4
2026-08-16,Mars,2026-08-16T06:00:00+05:30,44.92,50.11,2026-08-16T06:00:00+05:30,44.92,good,predawn,-4.77,2026-08-16T09:00:00+05:30,77.54
2026-08-16,Jupiter,2026-08-16T06:00:00+05:30,8.03,12.93,2026-08-16T06:00:00+05:30,8.03,poor,predawn,-4.77,2026-08-16T11:30:00+05:30,82.72
2026-08-16,Saturn,2026-08-16T04:00:00+05:30,81.37,128.65,2026-08-16T04:00:00+05:30,81.37,excellent,predawn,-32.51,2026-08-16T04:00:00+05:30,81.37
2026-08-16,Uranus,2026-08-16T06:00:00+05:30,71.94,77.78,2026-08-16T06:00:00+05:30,71.94,excellent,predawn,-4.77,2026-08-16T07:00:00+05:30,80.18
2026-08-16,Neptune,2026-08-16T03:00:00+05:30,78.93,139.03,2026-08-16T03:00:00+05:30,78.93,excellent,predawn,-45.41,2026-08-16T03:00:00+05:30,78.93
2026-08-17,Mercury,2026-08-17T06:00:00+05:30,6.02,11.09,2026-08-17T06:00:00+05:30,6.02,poor,predawn,-4.79,2026-08-17T12:00:00+05:30,82.88
2026-08-17,Venus,2026-08-17T19:00:00+05:30,32.51,45.87,2026-08-17T19:00:00+05:30,32.51,good,evening,-4.34,2026-08-17T15:30:00+05:30,72.91
2026-08-17,Mars,2026-08-17T06:00:00+05:30,45.17,50.42,2026-08-17T06:00:00+05:30,45.17,excellent,predawn,-4.79,2026-08-17T09:00:00+05:30,77.55
2026-08-17,Jupiter,2026-08-17T06:00:00+05:30,8.73,13.68,2026-08-17T06:00:00+05:30,8.73,poor,predawn,-4.79,2026-08-17T11:30:00+05:30,82.98
2026-08-17,Saturn,2026-08-17T03:30:00+05:30,81.42,129.63,2026-08-17T03:30:00+05:30,81.42,excellent,predawn,-39.2,2026-08-17T03:30:00+05:30,81.42
2026-08-17,Uranus,2026-08-17T06:00:00+05:30,72.71,78.72,2026-08-17T06:00:00+05:30,72.71,excellent,predawn,-4.79,2026-08-17T07:00:00+05:30,80.2
2026-08-17,Neptune,2026-08-17T03:00:00+05:30,79.02,140.01,2026-08-17T03:00:00+05:30,79.02,excellent,predawn,-45.54,2026-08-17T03:00:00+05:30,79.02
2026-08-18,Mercury,2026-08-18T06:00:00+05:30,4.98,10.11,2026-08-18T06:00:00+05:30,4.98,poor,predawn,-4.81,2026-08-18T12:00:00+05:30,83.61
2026-08-18,Venus,2026-08-18T19:00:00+05:30,32.22,45.85,2026-08-18T19:00:00+05:30,32.22,good,evening,-4.47,2026-08-18T15:30:00+05:30,72.42
2026-08-18,Mars,2026-08-18T06:00:00+05:30,45.41,50.73,2026-08-18T06:00:00+05:30,45.41,excellent,predawn,-4.81,2026-08-18T09:00:00+05:30,77.56
2026-08-18,Jupiter,2026-08-18T06:00:00+05:30,9.44,14.42,2026-08-18T06:00:00+05:30,9.44,poor,predawn,-4.81,2026-08-18T11:30:00+05:30,83.18
2026-08-18,Saturn,2026-08-18T03:30:00+05:30,81.72,130.62,2026-08-18T03:30:00+05:30,81.72,excellent,predawn,-39.3,2026-08-18T03:30:00+05:30,81.72
2026-08-18,Uranus,2026-08-18T06:00:00+05:30,73.46,79.66,2026-08-18T06:00:00+05:30,73.46,excellent,predawn,-4.81,2026-08-18T07:00:00+05:30,80.14
2026-08-18,Neptune,2026-08-18T03:00:00+05:30,79.03,140.99,2026-08-18T03:00:00+05:30,79.03,excellent,predawn,-45.67,2026-08-18T03:00:00+05:30,79.03
2026-08-19,Mercury,2026-08-19T06:00:00+05:30,3.92,9.12,2026-08-19T06:00:00+05:30,3.92,poor,predawn,-4.83,2026-08-19T12:00:00+05:30,84.26
2026-08-19,Venus,2026-08-19T19:00:00+05:30,31.91,45.82,2026-08-19T19:00:00+05:30,31.91,good,evening,-4.59,2026-08-19T15:30:00+05:30,71.93
2026-08-19,Mars,2026-08-19T06:00:00+05:30,45.66,51.04,2026-08-19T06:00:00+05:30,45.66,excellent,predawn,-4.83,2026-08-19T09:00:00+05:30,77.57
2026-08-19,Jupiter,2026-08-19T06:00:00+05:30,10.15,15.17,2026-08-19T06:00:00+05:30,10.15,poor,predawn,-4.83,2026-08-19T11:30:00+05:30,83.29
2026-08-19,Saturn,2026-08-19T03:30:00+05:30,81.9,131.62,2026-08-19T03:30:00+05:30,81.9,excellent,predawn,-39.39,2026-08-19T03:30:00+05:30,81.9
2026-08-19,Uranus,2026-08-19T06:00:00+05:30,74.2,80.6,2026-08-19T06:00:00+05:30,74.2,excellent,predawn,-4.83,2026-08-19T07:00:00+05:30,79.99
2026-08-19,Neptune,2026-08-19T03:00:00+05:30,78.94,141.97,2026-08-19T03:00:00+05:30,78.94,excellent,predawn,-45.79,2026-08-19T03:00:00+05:30,78.94
2026-08-20,Mercury,2026-08-20T06:00:00+05:30,2.86,8.11,2026-08-20T06:00:00+05:30,2.86,poor,predawn,-4.84,2026-08-20T12:00:00+05:30,84.79
2026-08-20,Venus,2026-08-20T19:00:00+05:30,31.61,45.79,2026-08-20T19:00:00+05:30,31.61,good,evening,-4.72,2026-08-20T15:30:00+05:30,71.44
2026-08-20,Mars,2026-08-20T06:00:00+05:30,45.91,51.35,2026-08-20T06:00:00+05:30,45.91,excellent,predawn,-4.84,2026-08-20T09:00:00+05:30,77.58
2026-08-20,Jupiter,2026-08-20T06:00:00+05:30,10.87,15.91,2026-08-20T06:00:00+05:30,10.87,poor,predawn,-4.84,2026-08-20T11:30:00+05:30,83.33
2026-08-20,Saturn,2026-08-20T03:30:00+05:30,81.96,132.62,2026-08-20T03:30:00+05:30,81.96,excellent,predawn,-39.49,2026-08-20T03:30:00+05:30,81.96
2026-08-20,Uranus,2026-08-20T06:00:00+05:30,74.91,81.54,2026-08-20T06:00:00+05:30,74.91,excellent,predawn,-4.84,2026-08-20T07:00:00+05:30,79.76
2026-08-20,Neptune,2026-08-20T03:00:00+05:30,78.77,142.95,2026-08-20T03:00:00+05:30,78.77,excellent,predawn,-45.91,2026-08-20T03:00:00+05:30,78.77
2026-08-21,Mercury,2026-08-21T06:00:00+05:30,1.79,7.1,2026-08-21T06:00:00+05:30,1.79,poor,predawn,-4.86,2026-08-21T12:00:00+05:30,85.14
2026-08-21,Venus,2026-08-21T19:00:00+05:30,31.29,45.74,2026-08-21T19:00:00+05:30,31.29,good,evening,-4.85,2026-08-21T15:30:00+05:30,70.95
2026-08-21,Mars,2026-08-21T06:00:00+05:30,46.16,51.66,2026-08-21T06:00:00+05:30,46.16,excellent,predawn,-4.86,2026-08-21T09:00:00+05:30,77.58
2026-08-21,Jupiter,2026-08-21T06:00:00+05:30,11.58,16.66,2026-08-21T06:00:00+05:30,11.58,poor,predawn,-4.86,2026-08-21T11:30:00+05:30,83.28
2026-08-21,Saturn,2026-08-21T03:30:00+05:30,81.89,133.62,2026-08-21T03:30:00+05:30,81.89,excellent,predawn,-39.58,2026-08-21T03:30:00+05:30,81.89
2026-08-21,Uranus,2026-08-21T06:00:00+05:30,75.6,82.49,2026-08-21T06:00:00+05:30,75.6,excellent,predawn,-4.86,2026-08-21T06:30:00+05:30,79.64
2026-08-21,Neptune,2026-08-21T03:00:00+05:30,78.51,143.94,2026-08-21T03:00:00+05:30,78.51,excellent,predawn,-46.03,2026-08-21T03:00:00+05:30,78.51
2026-08-22,Mercury,2026-08-22T06:00:00+05:30,0.72,6.1,2026-08-22T06:00:00+05:30,0.72,poor,predawn,-4.87,2026-08-22T12:00:00+05:30,85.26
2026-08-22,Venus,2026-08-22T19:00:00+05:30,30.97,45.69,2026-08-22T19:00:00+05:30,30.97,good,evening,-4.99,2026-08-22T15:30:00+05:30,70.47
2026-08-22,Mars,2026-08-22T06:00:00+05:30,46.42,51.97,2026-08-22T06:00:00+05:30,46.42,excellent,predawn,-4.87,2026-08-22T09:00:00+05:30,77.58
2026-08-22,Jupiter,2026-08-22T06:00:00+05:30,12.29,17.4,2026-08-22T06:00:00+05:30,12.29,poor,predawn,-4.87,2026-08-22T11:30:00+05:30,83.15
2026-08-22,Saturn,2026-08-22T03:30:00+05:30,81.69,134.62,2026-08-22T03:30:00+05:30,81.69,excellent,predawn,-39.67,2026-08-22T03:30:00+05:30,81.69
2026-08-22,Uranus,2026-08-22T06:00:00+05:30,76.26,83.43,2026-08-22T06:00:00+05:30,76.26,excellent,predawn,-4.87,2026-08-22T06:30:00+05:30,79.9
2026-08-22,Neptune,2026-08-22T02:30:00+05:30,78.56,144.9,2026-08-22T02:30:00+05:30,78.56,excellent,overnight,-52.27,2026-08-22T02:30:00+05:30,78.56
2026-08-23,Mercury,2026-08-23T06:00:00+05:30,-0.35,5.11,2026-08-23T06:00:00+05:30,-0.35,not visible,predawn,-4.88,2026-08-23T12:00:00+05:30,85.13
2026-08-23,Venus,2026-08-23T19:00:00+05:30,30.64,45.62,2026-08-23T19:00:00+05:30,30.64,good,evening,-5.12,2026-08-23T15:00:00+05:30,69.99
2026-08-23,Mars,2026-08-23T06:00:00+05:30,46.67,52.29,2026-08-23T06:00:00+05:30,46.67,excellent,predawn,-4.88,2026-08-23T09:00:00+05:30,77.58
2026-08-23,Jupiter,2026-08-23T06:00:00+05:30,13.01,18.15,2026-08-23T06:00:00+05:30,13.01,poor,predawn,-4.88,2026-08-23T11:30:00+05:30,82.95
2026-08-23,Saturn,2026-08-23T03:30:00+05:30,81.38,135.62,2026-08-23T03:30:00+05:30,81.38,excellent,predawn,-39.76,2026-08-23T03:30:00+05:30,81.38
2026-08-23,Uranus,2026-08-23T06:00:00+05:30,76.89,84.38,2026-08-23T06:00:00+05:30,76.89,excellent,predawn,-4.88,2026-08-23T06:30:00+05:30,80.07
2026-08-23,Neptune,2026-08-23T02:30:00+05:30,78.78,145.88,2026-08-23T02:30:00+05:30,78.78,excellent,overnight,-52.42,2026-08-23T02:30:00+05:30,78.78
2026-08-24,Mercury,2026-08-24T06:00:00+05:30,-1.41,4.16,2026-08-24T06:00:00+05:30,-1.41,not visible,predawn,-4.89,2026-08-24T12:30:00+05:30,86.12
2026-08-24,Venus,2026-08-24T19:00:00+05:30,30.3,45.55,2026-08-24T19:00:00+05:30,30.3,good,evening,-5.26,2026-08-24T15:00:00+05:30,69.59
2026-08-24,Mars,2026-08-24T06:00:00+05:30,46.93,52.61,2026-08-24T06:00:00+05:30,46.93,excellent,predawn,-4.89,2026-08-24T09:00:00+05:30,77.58
2026-08-24,Jupiter,2026-08-24T06:00:00+05:30,13.73,18.9,2026-08-24T06:00:00+05:30,13.73,poor,predawn,-4.89,2026-08-24T11:30:00+05:30,82.67
2026-08-24,Saturn,2026-08-24T03:00:00+05:30,81.16,136.61,2026-08-24T03:00:00+05:30,81.16,excellent,predawn,-46.38,2026-08-24T03:00:00+05:30,81.16
2026-08-24,Uranus,2026-08-24T06:00:00+05:30,77.49,85.33,2026-08-24T06:00:00+05:30,77.49,excellent,predawn,-4.89,2026-08-24T06:30:00+05:30,80.17
2026-08-24,Neptune,2026-08-24T02:30:00+05:30,78.92,146.87,2026-08-24T02:30:00+05:30,78.92,excellent,overnight,-52.56,2026-08-24T02:30:00+05:30,78.92
2026-08-25,Mercury,2026-08-25T06:00:00+05:30,-2.46,3.25,2026-08-25T06:00:00+05:30,-2.46,not visible,predawn,-4.9,2026-08-25T12:30:00+05:30,87.25
2026-08-25,Venus,2026-08-25T19:00:00+05:30,29.95,45.47,2026-08-25T19:00:00+05:30,29.95,good,evening,-5.4,2026-08-25T15:00:00+05:30,69.18
2026-08-25,Mars,2026-08-25T06:00:00+05:30,47.19,52.92,2026-08-25T06:00:00+05:30,47.19,excellent,predawn,-4.9,2026-08-25T09:00:00+05:30,77.57
2026-08-25,Jupiter,2026-08-25T06:00:00+05:30,14.45,19.65,2026-08-25T06:00:00+05:30,14.45,poor,predawn,-4.9,2026-08-25T11:00:00+05:30,82.97
2026-08-25,Saturn,2026-08-25T03:00:00+05:30,81.49,137.62,2026-08-25T03:00:00+05:30,81.49,excellent,predawn,-46.49,2026-08-25T03:00:00+05:30,81.49
2026-08-25,Uranus,2026-08-25T06:00:00+05:30,78.04,86.28,2026-08-25T06:00:00+05:30,78.04,excellent,predawn,-4.9,2026-08-25T06:30:00+05:30,80.17
2026-08-25,Neptune,2026-08-25T02:30:00+05:30,78.97,147.85,2026-08-25T02:30:00+05:30,78.97,excellent,overnight,-52.71,2026-08-25T02:30:00+05:30,78.97
2026-08-26,Mercury,2026-08-26T06:00:00+05:30,-3.49,2.46,2026-08-26T06:00:00+05:30,-3.49,not visible,predawn,-4.91,2026-08-26T12:30:00+05:30,88.38
2026-08-26,Venus,2026-08-26T19:00:00+05:30,29.6,45.38,2026-08-26T19:00:00+05:30,29.6,good,evening,-5.55,2026-08-26T15:00:00+05:30,68.77
2026-08-26,Mars,2026-08-26T06:00:00+05:30,47.45,53.25,2026-08-26T06:00:00+05:30,47.45,excellent,predawn,-4.91,2026-08-26T09:00:00+05:30,77.56
2026-08-26,Jupiter,2026-08-26T06:00:00+05:30,15.17,20.4,2026-08-26T06:00:00+05:30,15.17,fair,predawn,-4.91,2026-08-26T11:00:00+05:30,83.31
2026-08-26,Saturn,2026-08-26T03:00:00+05:30,81.71,138.63,2026-08-26T03:00:00+05:30,81.71,excellent,predawn,-46.6,2026-08-26T03:00:00+05:30,81.71
2026-08-26,Uranus,2026-08-26T06:00:00+05:30,78.54,87.23,2026-08-26T06:00:00+05:30,78.54,excellent,predawn,-4.91,2026-08-26T06:30:00+05:30,80.09
2026-08-26,Neptune,2026-08-26T02:30:00+05:30,78.93,148.84,2026-08-26T02:30:00+05:30,78.93,excellent,overnight,-52.85,2026-08-26T02:30:00+05:30,78.93
2026-08-27,Mercury,2026-08-27T06:00:00+05:30,-4.5,1.89,2026-08-27T06:00:00+05:30,-4.5,not visible,predawn,-4.92,2026-08-27T12:30:00+05:30,89.43
2026-08-27,Venus,2026-08-27T19:00:00+05:30,29.24,45.27,2026-08-27T19:00:00+05:30,29.24,good,evening,-5.69,2026-08-27T15:00:00+05:30,68.37
2026-08-27,Mars,2026-08-27T06:00:00+05:30,47.72,53.57,2026-08-27T06:00:00+05:30,47.72,excellent,predawn,-4.92,2026-08-27T09:00:00+05:30,77.54
2026-08-27,Jupiter,2026-08-27T06:00:00+05:30,15.89,21.15,2026-08-27T06:00:00+05:30,15.89,fair,predawn,-4.92,2026-08-27T11:00:00+05:30,83.58
2026-08-27,Saturn,2026-08-27T03:00:00+05:30,81.8,139.64,2026-08-27T03:00:00+05:30,81.8,excellent,predawn,-46.7,2026-08-27T03:00:00+05:30,81.8
2026-08-27,Uranus,2026-08-27T06:00:00+05:30,78.99,88.18,2026-08-27T06:00:00+05:30,78.99,excellent,predawn,-4.92,2026-08-27T06:30:00+05:30,79.92
2026-08-27,Neptune,2026-08-27T02:30:00+05:30,78.8,149.82,2026-08-27T02:30:00+05:30,78.8,excellent,overnight,-52.99,2026-08-27T02:30:00+05:30,78.8
2026-08-28,Mercury,2026-08-28T19:00:00+05:30,-4.17,1.92,2026-08-28T19:00:00+05:30,-4.17,not visible,evening,-5.84,2026-08-28T12:30:00+05:30,89.25
2026-08-28,Venus,2026-08-28T19:00:00+05:30,28.88,45.16,2026-08-28T19:00:00+05:30,28.88,good,evening,-5.84,2026-08-28T15:00:00+05:30,67.97
2026-08-28,Mars,2026-08-28T06:00:00+05:30,47.98,53.89,2026-08-28T06:00:00+05:30,47.98,excellent,predawn,-4.92,2026-08-28T09:00:00+05:30,77.52
2026-08-28,Jupiter,2026-08-28T06:00:00+05:30,16.61,21.9,2026-08-28T06:00:00+05:30,16.61,fair,predawn,-4.92,2026-08-28T11:00:00+05:30,83.77
2026-08-28,Saturn,2026-08-28T03:00:00+05:30,81.77,140.65,2026-08-28T03:00:00+05:30,81.77,excellent,predawn,-46.81,2026-08-28T03:00:00+05:30,81.77
2026-08-28,Uranus,2026-08-28T06:00:00+05:30,79.38,89.13,2026-08-28T06:00:00+05:30,79.38,excellent,predawn,-4.92,2026-08-28T06:30:00+05:30,79.67
2026-08-28,Neptune,2026-08-28T02:30:00+05:30,78.58,150.81,2026-08-28T02:30:00+05:30,78.58,excellent,overnight,-53.13,2026-08-28T02:30:00+05:30,78.58
2026-08-29,Mercury,2026-08-29T19:00:00+05:30,-3.53,2.48,2026-08-29T19:00:00+05:30,-3.53,not visible,evening,-5.99,2026-08-29T12:30:00+05:30,88.19
2026-08-29,Venus,2026-08-29T19:00:00+05:30,28.5,45.03,2026-08-29T19:00:00+05:30,28.5,good,evening,-5.99,2026-08-29T15:00:00+05:30,67.56
2026-08-29,Mars,2026-08-29T06:00:00+05:30,48.25,54.22,2026-08-29T06:00:00+05:30,48.25,excellent,predawn,-4.93,2026-08-29T09:00:00+05:30,77.5
2026-08-29,Jupiter,2026-08-29T06:00:00+05:30,17.33,22.65,2026-08-29T06:00:00+05:30,17.33,fair,predawn,-4.93,2026-08-29T11:00:00+05:30,83.88
2026-08-29,Saturn,2026-08-29T03:00:00+05:30,81.61,141.66,2026-08-29T03:00:00+05:30,81.61,excellent,predawn,-46.91,2026-08-29T03:00:00+05:30,81.61
2026-08-29,Uranus,2026-08-29T06:00:00+05:30,79.69,90.09,2026-08-29T06:00:00+05:30,79.69,excellent,predawn,-4.93,2026-08-29T06:00:00+05:30,79.69
2026-08-29,Neptune,2026-08-29T02:00:00+05:30,78.36,151.78,2026-08-29T02:00:00+05:30,78.36,excellent,overnight,-59.13,2026-08-29T02:00:00+05:30,78.36
2026-08-30,Mercury,2026-08-30T19:00:00+05:30,-2.92,3.22,2026-08-30T19:00:00+05:30,-2.92,not visible,evening,-6.14,2026-08-30T12:30:00+05:30,87.11
2026-08-30,Venus,2026-08-30T19:00:00+05:30,28.12,44.9,2026-08-30T19:00:00+05:30,28.12,good,evening,-6.14,2026-08-30T15:00:00+05:30,67.17
2026-08-30,Mars,2026-08-30T06:00:00+05:30,48.52,54.55,2026-08-30T06:00:00+05:30,48.52,excellent,predawn,-4.93,2026-08-30T09:00:00+05:30,77.48
2026-08-30,Jupiter,2026-08-30T06:00:00+05:30,18.06,23.41,2026-08-30T06:00:00+05:30,18.06,fair,predawn,-4.93,2026-08-30T11:00:00+05:30,83.89
2026-08-30,Saturn,2026-08-30T03:00:00+05:30,81.34,142.68,2026-08-30T03:00:00+05:30,81.34,excellent,predawn,-47.01,2026-08-30T03:00:00+05:30,81.34
2026-08-30,Uranus,2026-08-30T06:00:00+05:30,79.93,91.04,2026-08-30T06:00:00+05:30,79.93,excellent,predawn,-4.93,2026-08-30T06:00:00+05:30,79.93
2026-08-30,Neptune,2026-08-30T02:00:00+05:30,78.62,152.77,2026-08-30T02:00:00+05:30,78.62,excellent,overnight,-59.31,2026-08-30T02:00:00+05:30,78.62
2026-08-31,Mercury,2026-08-31T19:00:00+05:30,-2.33,4.04,2026-08-31T19:00:00+05:30,-2.33,not visible,evening,-6.29,2026-08-31T12:30:00+05:30,86.02
2026-08-31,Venus,2026-08-31T19:00:00+05:30,27.73,44.75,2026-08-31T19:00:00+05:30,27.73,good,evening,-6.29,2026-08-31T15:00:00+05:30,66.77
2026-08-31,Mars,2026-08-31T06:00:00+05:30,48.8,54.88,2026-08-31T06:00:00+05:30,48.8,excellent,predawn,-4.93,2026-08-31T09:00:00+05:30,77.45
2026-08-31,Jupiter,2026-08-31T06:00:00+05:30,18.79,24.16,2026-08-31T06:00:00+05:30,18.79,fair,predawn,-4.93,2026-08-31T11:00:00+05:30,83.81
2026-08-31,Saturn,2026-08-31T03:00:00+05:30,80.95,143.7,2026-08-31T03:00:00+05:30,80.95,excellent,predawn,-47.11,2026-08-31T03:00:00+05:30,80.95
2026-08-31,Uranus,2026-08-31T06:00:00+05:30,80.09,92.0,2026-08-31T06:00:00+05:30,80.09,excellent,predawn,-4.93,2026-08-31T06:00:00+05:30,80.09
2026-08-31,Neptune,2026-08-31T02:00:00+05:30,78.8,153.76,2026-08-31T02:00:00+05:30,78.8,excellent,overnight,-59.49,2026-08-31T02:00:00+05:30,78.8
2026-09-01,Mercury,2026-09-01T19:00:00+05:30,-1.76,4.87,2026-09-01T19:00:00+05:30,-1.76,not visible,evening,-6.45,2026-09-01T13:00:00+05:30,85.21
2026-09-01,Venus,2026-09-01T19:00:00+05:30,27.34,44.59,2026-09-01T19:00:00+05:30,27.34,good,evening,-6.45,2026-09-01T15:00:00+05:30,66.37
2026-09-01,Mars,2026-09-01T06:00:00+05:30,49.07,55.21,2026-09-01T06:00:00+05:30,49.07,excellent,predawn,-4.93,2026-09-01T08:30:00+05:30,77.49
2026-09-01,Jupiter,2026-09-01T06:00:00+05:30,19.52,24.92,2026-09-01T06:00:00+05:30,19.52,fair,predawn,-4.93,2026-09-01T11:00:00+05:30,83.64
2026-09-01,Saturn,2026-09-01T02:30:00+05:30,81.25,144.69,2026-09-01T02:30:00+05:30,81.25,excellent,overnight,-53.66,2026-09-01T02:30:00+05:30,81.25
2026-09-01,Uranus,2026-09-01T06:00:00+05:30,80.16,92.96,2026-09-01T06:00:00+05:30,80.16,excellent,predawn,-4.93,2026-09-01T06:00:00+05:30,80.16
2026-09-01,Neptune,2026-09-01T02:00:00+05:30,78.89,154.74,2026-09-01T02:00:00+05:30,78.89,excellent,overnight,-59.66,2026-09-01T02:00:00+05:30,78.89
2026-09-02,Mercury,2026-09-02T19:00:00+05:30,-1.22,5.71,2026-09-02T19:00:00+05:30,-1.22,not visible,evening,-6.6,2026-09-02T13:00:00+05:30,85.09
2026-09-02,Venus,2026-09-02T19:00:00+05:30,26.93,44.41,2026-09-02T19:00:00+05:30,26.93,good,evening,-6.6,2026-09-02T15:00:00+05:30,65.98
2026-09-02,Mars,2026-09-02T06:00:00+05:30,49.35,55.54,2026-09-02T06:00:00+05:30,49.35,excellent,predawn,-4.93,2026-09-02T08:30:00+05:30,77.61
2026-09-02,Jupiter,2026-09-02T06:00:00+05:30,20.25,25.68,2026-09-02T06:00:00+05:30,20.25,fair,predawn,-4.93,2026-09-02T11:00:00+05:30,83.39
2026-09-02,Saturn,2026-09-02T02:30:00+05:30,81.49,145.72,2026-09-02T02:30:00+05:30,81.49,excellent,overnight,-53.79,2026-09-02T02:30:00+05:30,81.49
2026-09-02,Uranus,2026-09-02T06:00:00+05:30,80.14,93.92,2026-09-02T06:00:00+05:30,80.14,excellent,predawn,-4.93,2026-09-02T06:00:00+05:30,80.14
2026-09-02,Neptune,2026-09-02T02:00:00+05:30,78.89,155.73,2026-09-02T02:00:00+05:30,78.89,excellent,overnight,-59.84,2026-09-02T02:00:00+05:30,78.89
2026-09-03,Mercury,2026-09-03T19:00:00+05:30,-0.7,6.54,2026-09-03T19:00:00+05:30,-0.7,not visible,evening,-6.76,2026-09-03T13:00:00+05:30,84.74
2026-09-03,Venus,2026-09-03T19:00:00+05:30,26.52,44.22,2026-09-03T19:00:00+05:30,26.52,good,evening,-6.76,2026-09-03T15:00:00+05:30,65.59
2026-09-03,Mars,2026-09-03T06:00:00+05:30,49.63,55.88,2026-09-03T06:00:00+05:30,49.63,excellent,predawn,-4.93,2026-09-03T08:30:00+05:30,77.73
2026-09-03,Jupiter,2026-09-03T06:00:00+05:30,20.98,26.44,2026-09-03T06:00:00+05:30,20.98,fair,predawn,-4.93,2026-09-03T10:30:00+05:30,83.18
2026-09-03,Saturn,2026-09-03T02:30:00+05:30,81.62,146.74,2026-09-03T02:30:00+05:30,81.62,excellent,overnight,-53.91,2026-09-03T02:30:00+05:30,81.62
2026-09-03,Uranus,2026-09-03T06:00:00+05:30,80.03,94.88,2026-09-03T06:00:00+05:30,80.03,excellent,predawn,-4.93,2026-09-03T06:00:00+05:30,80.03
2026-09-03,Neptune,2026-09-03T02:00:00+05:30,78.8,156.73,2026-09-03T02:00:00+05:30,78.8,excellent,overnight,-60.0,2026-09-03T02:00:00+05:30,78.8
2026-09-04,Mercury,2026-09-04T19:00:00+05:30,-0.2,7.36,2026-09-04T19:00:00+05:30,-0.2,not visible,evening,-6.92,2026-09-04T13:00:00+05:30,84.21
2026-09-04,Venus,2026-09-04T19:00:00+05:30,26.09,44.02,2026-09-04T19:00:00+05:30,26.09,good,evening,-6.92,2026-09-04T15:00:00+05:30,65.2
2026-09-04,Mars,2026-09-04T06:00:00+05:30,49.92,56.22,2026-09-04T06:00:00+05:30,49.92,excellent,predawn,-4.92,2026-09-04T08:30:00+05:30,77.85
2026-09-04,Jupiter,2026-09-04T06:00:00+05:30,21.71,27.2,2026-09-04T06:00:00+05:30,21.71,fair,predawn,-4.92,2026-09-04T10:30:00+05:30,83.59
2026-09-04,Saturn,2026-09-04T02:30:00+05:30,81.62,147.76,2026-09-04T02:30:00+05:30,81.62,excellent,overnight,-54.03,2026-09-04T02:30:00+05:30,81.62
2026-09-04,Uranus,2026-09-04T06:00:00+05:30,79.84,95.84,2026-09-04T06:00:00+05:30,79.84,excellent,predawn,-4.92,2026-09-04T06:00:00+05:30,79.84
2026-09-04,Neptune,2026-09-04T02:00:00+05:30,78.62,157.72,2026-09-04T02:00:00+05:30,78.62,excellent,overnight,-60.17,2026-09-04T02:00:00+05:30,78.62
2026-09-05,Mercury,2026-09-05T19:00:00+05:30,0.27,8.17,2026-09-05T19:00:00+05:30,0.27,poor,evening,-7.08,2026-09-05T13:00:00+05:30,83.56
2026-09-05,Venus,2026-09-05T19:00:00+05:30,25.66,43.8,2026-09-05T19:00:00+05:30,25.66,good,evening,-7.08,2026-09-05T15:00:00+05:30,64.81
2026-09-05,Mars,2026-09-05T06:00:00+05:30,50.2,56.56,2026-09-05T06:00:00+05:30,50.2,excellent,predawn,-4.92,2026-09-05T08:30:00+05:30,77.97
2026-09-05,Jupiter,2026-09-05T06:00:00+05:30,22.44,27.96,2026-09-05T06:00:00+05:30,22.44,fair,predawn,-4.92,2026-09-05T10:30:00+05:30,83.93
2026-09-05,Saturn,2026-09-05T02:30:00+05:30,81.49,148.79,2026-09-05T02:30:00+05:30,81.49,excellent,overnight,-54.15,2026-09-05T02:30:00+05:30,81.49
2026-09-05,Uranus,2026-09-05T06:00:00+05:30,79.57,96.81,2026-09-05T06:00:00+05:30,79.57,excellent,predawn,-4.92,2026-09-05T06:00:00+05:30,79.57
2026-09-05,Neptune,2026-09-05T02:00:00+05:30,78.36,158.71,2026-09-05T02:00:00+05:30,78.36,excellent,overnight,-60.33,2026-09-05T02:00:00+05:30,78.36
2026-09-06,Mercury,2026-09-06T19:00:00+05:30,0.73,8.96,2026-09-06T19:00:00+05:30,0.73,poor,evening,-7.24,2026-09-06T13:00:00+05:30,82.82
2026-09-06,Venus,2026-09-06T19:00:00+05:30,25.22,43.57,2026-09-06T19:00:00+05:30,25.22,good,evening,-7.24,2026-09-06T15:00:00+05:30,64.43
2026-09-06,Mars,2026-09-06T06:00:00+05:30,50.49,56.9,2026-09-06T06:00:00+05:30,50.49,excellent,predawn,-4.92,2026-09-06T08:30:00+05:30,78.08
2026-09-06,Jupiter,2026-09-06T06:00:00+05:30,23.18,28.72,2026-09-06T06:00:00+05:30,23.18,fair,predawn,-4.92,2026-09-06T10:30:00+05:30,84.2
2026-09-06,Saturn,2026-09-06T02:30:00+05:30,81.24,149.81,2026-09-06T02:30:00+05:30,81.24,excellent,overnight,-54.26,2026-09-06T02:30:00+05:30,81.24
2026-09-06,Uranus,2026-09-06T05:30:00+05:30,79.77,97.75,2026-09-06T05:30:00+05:30,79.77,excellent,predawn,-12.19,2026-09-06T05:30:00+05:30,79.77
2026-09-06,Neptune,2026-09-06T01:30:00+05:30,78.44,159.68,2026-09-06T01:30:00+05:30,78.44,excellent,overnight,-66.01,2026-09-06T01:30:00+05:30,78.44
2026-09-07,Mercury,2026-09-07T19:00:00+05:30,1.16,9.74,2026-09-07T19:00:00+05:30,1.16,poor,evening,-7.4,2026-09-07T13:00:00+05:30,82.03
2026-09-07,Venus,2026-09-07T19:00:00+05:30,24.77,43.33,2026-09-07T19:00:00+05:30,24.77,fair,evening,-7.4,2026-09-07T15:00:00+05:30,64.05
2026-09-07,Mars,2026-09-07T06:00:00+05:30,50.78,57.24,2026-09-07T06:00:00+05:30,50.78,excellent,predawn,-4.91,2026-09-07T08:30:00+05:30,78.19
2026-09-07,Jupiter,2026-09-07T06:00:00+05:30,23.92,29.48,2026-09-07T06:00:00+05:30,23.92,fair,predawn,-4.91,2026-09-07T10:30:00+05:30,84.38
2026-09-07,Saturn,2026-09-07T02:30:00+05:30,80.88,150.84,2026-09-07T02:30:00+05:30,80.88,excellent,overnight,-54.37,2026-09-07T02:30:00+05:30,80.88
2026-09-07,Uranus,2026-09-07T05:30:00+05:30,79.98,98.72,2026-09-07T05:30:00+05:30,79.98,excellent,predawn,-12.19,2026-09-07T05:30:00+05:30,79.98
2026-09-07,Neptune,2026-09-07T01:30:00+05:30,78.65,160.67,2026-09-07T01:30:00+05:30,78.65,excellent,overnight,-66.22,2026-09-07T01:30:00+05:30,78.65
2026-09-08,Mercury,2026-09-08T19:00:00+05:30,1.57,10.49,2026-09-08T19:00:00+05:30,1.57,poor,evening,-7.56,2026-09-08T13:00:00+05:30,81.2
2026-09-08,Venus,2026-09-08T19:00:00+05:30,24.31,43.06,2026-09-08T19:00:00+05:30,24.31,fair,evening,-7.56,2026-09-08T15:00:00+05:30,63.66
2026-09-08,Mars,2026-09-08T06:00:00+05:30,51.08,57.59,2026-09-08T06:00:00+05:30,51.08,excellent,predawn,-4.91,2026-09-08T08:30:00+05:30,78.29
2026-09-08,Jupiter,2026-09-08T06:00:00+05:30,24.66,30.25,2026-09-08T06:00:00+05:30,24.66,fair,predawn,-4.91,2026-09-08T10:30:00+05:30,84.46
2026-09-08,Saturn,2026-09-08T02:00:00+05:30,81.0,151.85,2026-09-08T02:00:00+05:30,81.0,excellent,overnight,-60.8,2026-09-08T02:00:00+05:30,81.0
2026-09-08,Uranus,2026-09-08T05:30:00+05:30,80.11,99.68,2026-09-08T05:30:00+05:30,80.11,excellent,predawn,-12.2,2026-09-08T05:30:00+05:30,80.11
2026-09-08,Neptune,2026-09-08T01:30:00+05:30,78.78,161.67,2026-09-08T01:30:00+05:30,78.78,excellent,overnight,-66.44,2026-09-08T01:30:00+05:30,78.78
2026-09-09,Mercury,2026-09-09T19:00:00+05:30,1.96,11.23,2026-09-09T19:00:00+05:30,1.96,poor,evening,-7.73,2026-09-09T13:00:00+05:30,80.35
2026-09-09,Venus,2026-09-09T19:00:00+05:30,23.84,42.78,2026-09-09T19:00:00+05:30,23.84,fair,evening,-7.73,2026-09-09T15:00:00+05:30,63.28
2026-09-09,Mars,2026-09-09T06:00:00+05:30,51.37,57.94,2026-09-09T06:00:00+05:30,51.37,excellent,predawn,-4.9,2026-09-09T08:30:00+05:30,78.39
2026-09-09,Jupiter,2026-09-09T06:00:00+05:30,25.4,31.02,2026-09-09T06:00:00+05:30,25.4,good,predawn,-4.9,2026-09-09T10:30:00+05:30,84.43
2026-09-09,Saturn,2026-09-09T02:00:00+05:30,81.26,152.88,2026-09-09T02:00:00+05:30,81.26,excellent,overnight,-60.95,2026-09-09T02:00:00+05:30,81.26
2026-09-09,Uranus,2026-09-09T05:30:00+05:30,80.16,100.65,2026-09-09T05:30:00+05:30,80.16,excellent,predawn,-12.2,2026-09-09T05:30:00+05:30,80.16
2026-09-09,Neptune,2026-09-09T01:30:00+05:30,78.82,162.66,2026-09-09T01:30:00+05:30,78.82,excellent,overnight,-66.65,2026-09-09T01:30:00+05:30,78.82
2026-09-10,Mercury,2026-09-10T19:00:00+05:30,2.34,11.96,2026-09-10T19:00:00+05:30,2.34,poor,evening,-7.89,2026-09-10T13:00:00+05:30,79.49
2026-09-10,Venus,2026-09-10T19:00:00+05:30,23.36,42.48,2026-09-10T19:00:00+05:30,23.36,fair,evening,-7.89,2026-09-10T15:00:00+05:30,62.91
2026-09-10,Mars,2026-09-10T06:00:00+05:30,51.67,58.29,2026-09-10T06:00:00+05:30,51.67,excellent,predawn,-4.89,2026-09-10T08:30:00+05:30,78.49
2026-09-10,Jupiter,2026-09-10T06:00:00+05:30,26.14,31.78,2026-09-10T06:00:00+05:30,26.14,good,predawn,-4.89,2026-09-10T10:30:00+05:30,84.3
2026-09-10,Saturn,2026-09-10T02:00:00+05:30,81.41,153.91,2026-09-10T02:00:00+05:30,81.41,excellent,overnight,-61.09,2026-09-10T02:00:00+05:30,81.41
2026-09-10,Uranus,2026-09-10T05:30:00+05:30,80.11,101.62,2026-09-10T05:30:00+05:30,80.11,excellent,predawn,-12.19,2026-09-10T05:30:00+05:30,80.11
2026-09-10,Neptune,2026-09-10T01:30:00+05:30,78.77,163.66,2026-09-10T01:30:00+05:30,78.77,excellent,overnight,-66.86,2026-09-10T01:30:00+05:30,78.77
2026-09-11,Mercury,2026-09-11T19:00:00+05:30,2.69,12.66,2026-09-11T19:00:00+05:30,2.69,poor,evening,-8.05,2026-09-11T13:00:00+05:30,78.63
2026-09-11,Venus,2026-09-11T19:00:00+05:30,22.87,42.17,2026-09-11T19:00:00+05:30,22.87,fair,evening,-8.05,2026-09-11T15:00:00+05:30,62.53
2026-09-11,Mars,2026-09-11T06:00:00+05:30,51.97,58.64,2026-09-11T06:00:00+05:30,51.97,excellent,predawn,-4.88,2026-09-11T08:30:00+05:30,78.58
2026-09-11,Jupiter,2026-09-11T06:00:00+05:30,26.88,32.55,2026-09-11T06:00:00+05:30,26.88,good,predawn,-4.88,2026-09-11T10:30:00+05:30,84.08
2026-09-11,Saturn,2026-09-11T02:00:00+05:30,81.43,154.94,2026-09-11T02:00:00+05:30,81.43,excellent,overnight,-61.23,2026-09-11T02:00:00+05:30,81.43
2026-09-11,Uranus,2026-09-11T05:30:00+05:30,79.97,102.6,2026-09-11T05:30:00+05:30,79.97,excellent,predawn,-12.19,2026-09-11T05:30:00+05:30,79.97
2026-09-11,Neptune,2026-09-11T01:30:00+05:30,78.63,164.65,2026-09-11T01:30:00+05:30,78.63,excellent,overnight,-67.06,2026-09-11T01:30:00+05:30,78.63
2026-09-12,Mercury,2026-09-12T19:00:00+05:30,3.03,13.35,2026-09-12T19:00:00+05:30,3.03,poor,evening,-8.22,2026-09-12T13:00:00+05:30,77.76
2026-09-12,Venus,2026-09-12T19:00:00+05:30,22.36,41.83,2026-09-12T19:00:00+05:30,22.36,fair,evening,-8.22,2026-09-12T15:00:00+05:30,62.16
2026-09-12,Mars,2026-09-12T06:00:00+05:30,52.28,59.0,2026-09-12T06:00:00+05:30,52.28,excellent,predawn,-4.88,2026-09-12T08:30:00+05:30,78.66
2026-09-12,Jupiter,2026-09-12T06:00:00+05:30,27.63,33.33,2026-09-12T06:00:00+05:30,27.63,good,predawn,-4.88,2026-09-12T10:30:00+05:30,83.77
2026-09-12,Saturn,2026-09-12T02:00:00+05:30,81.33,155.97,2026-09-12T02:00:00+05:30,81.33,excellent,overnight,-61.37,2026-09-12T02:00:00+05:30,81.33
2026-09-12,Uranus,2026-09-12T05:30:00+05:30,79.75,103.57,2026-09-12T05:30:00+05:30,79.75,excellent,predawn,-12.19,2026-09-12T05:30:00+05:30,79.75
2026-09-12,Neptune,2026-09-12T01:30:00+05:30,78.41,165.64,2026-09-12T01:30:00+05:30,78.41,excellent,overnight,-67.26,2026-09-12T01:30:00+05:30,78.41
2026-09-13,Mercury,2026-09-13T19:00:00+05:30,3.35,14.02,2026-09-13T19:00:00+05:30,3.35,poor,evening,-8.39,2026-09-13T13:00:00+05:30,76.9
2026-09-13,Venus,2026-09-13T19:00:00+05:30,21.85,41.48,2026-09-13T19:00:00+05:30,21.85,fair,evening,-8.39,2026-09-13T15:00:00+05:30,61.78
2026-09-13,Mars,2026-09-13T06:00:00+05:30,52.59,59.35,2026-09-13T06:00:00+05:30,52.59,excellent,predawn,-4.87,2026-09-13T08:30:00+05:30,78.74
2026-09-13,Jupiter,2026-09-13T06:00:00+05:30,28.37,34.1,2026-09-13T06:00:00+05:30,28.37,good,predawn,-4.87,2026-09-13T10:00:00+05:30,83.82
2026-09-13,Saturn,2026-09-13T02:00:00+05:30,81.11,157.01,2026-09-13T02:00:00+05:30,81.11,excellent,overnight,-61.5,2026-09-13T02:00:00+05:30,81.11
2026-09-13,Uranus,2026-09-13T05:00:00+05:30,79.58,104.52,2026-09-13T05:00:00+05:30,79.58,excellent,predawn,-19.48,2026-09-13T05:00:00+05:30,79.58
2026-09-13,Neptune,2026-09-13T01:00:00+05:30,78.24,166.62,2026-09-13T01:00:00+05:30,78.24,excellent,overnight,-72.24,2026-09-13T01:00:00+05:30,78.24
2026-09-14,Mercury,2026-09-14T19:00:00+05:30,3.66,14.67,2026-09-14T19:00:00+05:30,3.66,poor,evening,-8.55,2026-09-14T13:30:00+05:30,76.21
2026-09-14,Venus,2026-09-14T19:00:00+05:30,21.32,41.11,2026-09-14T19:00:00+05:30,21.32,fair,evening,-8.55,2026-09-14T15:00:00+05:30,61.41
2026-09-14,Mars,2026-09-14T06:00:00+05:30,52.9,59.71,2026-09-14T06:00:00+05:30,52.9,excellent,predawn,-4.86,2026-09-14T08:30:00+05:30,78.82
2026-09-14,Jupiter,2026-09-14T06:00:00+05:30,29.12,34.87,2026-09-14T06:00:00+05:30,29.12,good,predawn,-4.86,2026-09-14T10:00:00+05:30,84.24
2026-09-14,Saturn,2026-09-14T02:00:00+05:30,80.77,158.04,2026-09-14T02:00:00+05:30,80.77,excellent,overnight,-61.63,2026-09-14T02:00:00+05:30,80.77
2026-09-14,Uranus,2026-09-14T05:00:00+05:30,79.85,105.5,2026-09-14T05:00:00+05:30,79.85,excellent,predawn,-19.48,2026-09-14T05:00:00+05:30,79.85
2026-09-14,Neptune,2026-09-14T01:00:00+05:30,78.49,167.61,2026-09-14T01:00:00+05:30,78.49,excellent,overnight,-72.52,2026-09-14T01:00:00+05:30,78.49
2026-09-15,Mercury,2026-09-15T19:00:00+05:30,3.95,15.3,2026-09-15T19:00:00+05:30,3.95,poor,evening,-8.72,2026-09-15T13:30:00+05:30,75.58
2026-09-15,Venus,2026-09-15T19:00:00+05:30,20.77,40.71,2026-09-15T19:00:00+05:30,20.77,fair,evening,-8.72,2026-09-15T15:00:00+05:30,61.04
2026-09-15,Mars,2026-09-15T06:00:00+05:30,53.21,60.07,2026-09-15T06:00:00+05:30,53.21,excellent,predawn,-4.85,2026-09-15T08:30:00+05:30,78.88
2026-09-15,Jupiter,2026-09-15T06:00:00+05:30,29.87,35.65,2026-09-15T06:00:00+05:30,29.87,good,predawn,-4.85,2026-09-15T10:00:00+05:30,84.58
2026-09-15,Saturn,2026-09-15T01:30:00+05:30,80.74,159.06,2026-09-15T01:30:00+05:30,80.74,excellent,overnight,-67.84,2026-09-15T01:30:00+05:30,80.74
2026-09-15,Uranus,2026-09-15T05:00:00+05:30,80.04,106.48,2026-09-15T05:00:00+05:30,80.04,excellent,predawn,-19.48,2026-09-15T05:00:00+05:30,80.04
2026-09-15,Neptune,2026-09-15T01:00:00+05:30,78.65,168.61,2026-09-15T01:00:00+05:30,78.65,excellent,overnight,-72.8,2026-09-15T01:00:00+05:30,78.65
2026-09-16,Mercury,2026-09-16T19:00:00+05:30,4.23,15.92,2026-09-16T19:00:00+05:30,4.23,poor,evening,-8.88,2026-09-16T13:30:00+05:30,74.93
2026-09-16,Venus,2026-09-16T19:00:00+05:30,20.22,40.29,2026-09-16T19:00:00+05:30,20.22,fair,evening,-8.88,2026-09-16T14:30:00+05:30,60.78
2026-09-16,Mars,2026-09-16T06:00:00+05:30,53.53,60.44,2026-09-16T06:00:00+05:30,53.53,excellent,predawn,-4.84,2026-09-16T08:30:00+05:30,78.94
2026-09-16,Jupiter,2026-09-16T06:00:00+05:30,30.62,36.42,2026-09-16T06:00:00+05:30,30.62,good,predawn,-4.84,2026-09-16T10:00:00+05:30,84.83
2026-09-16,Saturn,2026-09-16T01:30:00+05:30,81.02,160.09,2026-09-16T01:30:00+05:30,81.02,excellent,overnight,-68.02,2026-09-16T01:30:00+05:30,81.02
2026-09-16,Uranus,2026-09-16T05:00:00+05:30,80.14,107.46,2026-09-16T05:00:00+05:30,80.14,excellent,predawn,-19.48,2026-09-16T05:00:00+05:30,80.14
2026-09-16,Neptune,2026-09-16T01:00:00+05:30,78.73,169.6,2026-09-16T01:00:00+05:30,78.73,excellent,overnight,-73.07,2026-09-16T01:00:00+05:30,78.73
2026-09-17,Mercury,2026-09-17T19:00:00+05:30,4.49,16.52,2026-09-17T19:00:00+05:30,4.49,poor,evening,-9.05,2026-09-17T13:30:00+05:30,74.27
2026-09-17,Venus,2026-09-17T19:00:00+05:30,19.65,39.85,2026-09-17T19:00:00+05:30,19.65,fair,evening,-9.05,2026-09-17T14:30:00+05:30,60.53
2026-09-17,Mars,2026-09-17T06:00:00+05:30,53.85,60.8,2026-09-17T06:00:00+05:30,53.85,excellent,predawn,-4.83,2026-09-17T08:30:00+05:30,78.99
2026-09-17,Jupiter,2026-09-17T06:00:00+05:30,31.37,37.2,2026-09-17T06:00:00+05:30,31.37,good,predawn,-4.83,2026-09-17T10:00:00+05:30,84.98
2026-09-17,Saturn,2026-09-17T01:30:00+05:30,81.19,161.13,2026-09-17T01:30:00+05:30,81.19,excellent,overnight,-68.2,2026-09-17T01:30:00+05:30,81.19
2026-09-17,Uranus,2026-09-17T05:00:00+05:30,80.15,108.44,2026-09-17T05:00:00+05:30,80.15,excellent,predawn,-19.48,2026-09-17T05:00:00+05:30,80.15
2026-09-17,Neptune,2026-09-17T01:00:00+05:30,78.72,170.59,2026-09-17T01:00:00+05:30,78.72,excellent,overnight,-73.34,2026-09-17T01:00:00+05:30,78.72
2026-09-18,Mercury,2026-09-18T19:00:00+05:30,4.74,17.1,2026-09-18T19:00:00+05:30,4.74,poor,evening,-9.22,2026-09-18T13:30:00+05:30,73.6
2026-09-18,Venus,2026-09-18T19:00:00+05:30,19.06,39.39,2026-09-18T19:00:00+05:30,19.06,fair,evening,-9.22,2026-09-18T14:30:00+05:30,60.29
2026-09-18,Mars,2026-09-18T06:00:00+05:30,54.17,61.17,2026-09-18T06:00:00+05:30,54.17,excellent,predawn,-4.82,2026-09-18T08:30:00+05:30,79.04
2026-09-18,Jupiter,2026-09-18T06:00:00+05:30,32.13,37.98,2026-09-18T06:00:00+05:30,32.13,good,predawn,-4.82,2026-09-18T10:00:00+05:30,85.0
2026-09-18,Saturn,2026-09-18T01:30:00+05:30,81.23,162.17,2026-09-18T01:30:00+05:30,81.23,excellent,overnight,-68.37,2026-09-18T01:30:00+05:30,81.23
2026-09-18,Uranus,2026-09-18T05:00:00+05:30,80.07,109.42,2026-09-18T05:00:00+05:30,80.07,excellent,predawn,-19.48,2026-09-18T05:00:00+05:30,80.07
2026-09-18,Neptune,2026-09-18T01:00:00+05:30,78.62,171.58,2026-09-18T01:00:00+05:30,78.62,excellent,overnight,-73.6,2026-09-18T01:00:00+05:30,78.62
2026-09-19,Mercury,2026-09-19T19:00:00+05:30,4.97,17.67,2026-09-19T19:00:00+05:30,4.97,poor,evening,-9.38,2026-09-19T13:30:00+05:30,72.92
2026-09-19,Venus,2026-09-19T19:00:00+05:30,18.46,38.9,2026-09-19T19:00:00+05:30,18.46,fair,evening,-9.38,2026-09-19T14:30:00+05:30,60.04
2026-09-19,Mars,2026-09-19T06:00:00+05:30,54.5,61.54,2026-09-19T06:00:00+05:30,54.5,excellent,predawn,-4.81,2026-09-19T08:30:00+05:30,79.07
2026-09-19,Jupiter,2026-09-19T06:00:00+05:30,32.88,38.76,2026-09-19T06:00:00+05:30,32.88,good,predawn,-4.81,2026-09-19T10:00:00+05:30,84.91
2026-09-19,Saturn,2026-09-19T01:30:00+05:30,81.15,163.2,2026-09-19T01:30:00+05:30,81.15,excellent,overnight,-68.53,2026-09-19T01:30:00+05:30,81.15
2026-09-19,Uranus,2026-09-19T05:00:00+05:30,79.9,110.4,2026-09-19T05:00:00+05:30,79.9,excellent,predawn,-19.48,2026-09-19T05:00:00+05:30,79.9
2026-09-19,Neptune,2026-09-19T01:00:00+05:30,78.44,172.57,2026-09-19T01:00:00+05:30,78.44,excellent,overnight,-73.86,2026-09-19T01:00:00+05:30,78.44
2026-09-20,Mercury,2026-09-20T19:00:00+05:30,5.2,18.22,2026-09-20T19:00:00+05:30,5.2,poor,evening,-9.55,2026-09-20T13:30:00+05:30,72.24
2026-09-20,Venus,2026-09-20T19:00:00+05:30,17.83,38.39,2026-09-20T19:00:00+05:30,17.83,fair,evening,-9.55,2026-09-20T14:30:00+05:30,59.8
2026-09-20,Mars,2026-09-20T06:00:00+05:30,54.83,61.91,2026-09-20T06:00:00+05:30,54.83,excellent,predawn,-4.8,2026-09-20T08:30:00+05:30,79.1
2026-09-20,Jupiter,2026-09-20T06:00:00+05:30,33.64,39.55,2026-09-20T06:00:00+05:30,33.64,good,predawn,-4.8,2026-09-20T10:00:00+05:30,84.71
2026-09-20,Saturn,2026-09-20T01:30:00+05:30,80.94,164.24,2026-09-20T01:30:00+05:30,80.94,excellent,overnight,-68.7,2026-09-20T01:30:00+05:30,80.94
2026-09-20,Uranus,2026-09-20T05:00:00+05:30,79.64,111.38,2026-09-20T05:00:00+05:30,79.64,excellent,predawn,-19.48,2026-09-20T05:00:00+05:30,79.64
2026-09-20,Neptune,2026-09-20T01:00:00+05:30,78.17,173.55,2026-09-20T01:00:00+05:30,78.17,excellent,overnight,-74.12,2026-09-20T01:00:00+05:30,78.17
2026-09-21,Mercury,2026-09-21T19:00:00+05:30,5.41,18.75,2026-09-21T19:00:00+05:30,5.41,poor,evening,-9.71,2026-09-21T13:30:00+05:30,71.56
2026-09-21,Venus,2026-09-21T19:00:00+05:30,17.2,37.85,2026-09-21T19:00:00+05:30,17.2,fair,evening,-9.71,2026-09-21T14:30:00+05:30,59.56
2026-09-21,Mars,2026-09-21T06:00:00+05:30,55.16,62.29,2026-09-21T06:00:00+05:30,55.16,excellent,predawn,-4.79,2026-09-21T08:30:00+05:30,79.11
2026-09-21,Jupiter,2026-09-21T06:00:00+05:30,34.4,40.33,2026-09-21T06:00:00+05:30,34.4,good,predawn,-4.79,2026-09-21T10:00:00+05:30,84.41
2026-09-21,Saturn,2026-09-21T01:30:00+05:30,80.63,165.27,2026-09-21T01:30:00+05:30,80.63,excellent,overnight,-68.85,2026-09-21T01:30:00+05:30,80.63
2026-09-21,Uranus,2026-09-21T04:30:00+05:30,79.71,112.35,2026-09-21T04:30:00+05:30,79.71,excellent,predawn,-26.79,2026-09-21T04:30:00+05:30,79.71
2026-09-21,Neptune,2026-09-21T00:30:00+05:30,78.31,174.51,2026-09-21T00:30:00+05:30,78.31,excellent,overnight,-77.64,2026-09-21T00:30:00+05:30,78.31
2026-09-22,Mercury,2026-09-22T19:00:00+05:30,5.61,19.27,2026-09-22T19:00:00+05:30,5.61,poor,evening,-9.88,2026-09-22T13:30:00+05:30,70.88
2026-09-22,Venus,2026-09-22T19:00:00+05:30,16.54,37.28,2026-09-22T19:00:00+05:30,16.54,fair,evening,-9.88,2026-09-22T14:30:00+05:30,59.32
2026-09-22,Mars,2026-09-22T06:00:00+05:30,55.5,62.66,2026-09-22T06:00:00+05:30,55.5,excellent,predawn,-4.78,2026-09-22T08:30:00+05:30,79.12
2026-09-22,Jupiter,2026-09-22T06:00:00+05:30,35.16,41.12,2026-09-22T06:00:00+05:30,35.16,good,predawn,-4.78,2026-09-22T10:00:00+05:30,84.02
2026-09-22,Saturn,2026-09-22T01:00:00+05:30,80.49,166.28,2026-09-22T01:00:00+05:30,80.49,excellent,overnight,-74.61,2026-09-22T01:00:00+05:30,80.49
2026-09-22,Uranus,2026-09-22T04:30:00+05:30,79.95,113.33,2026-09-22T04:30:00+05:30,79.95,excellent,predawn,-26.79,2026-09-22T04:30:00+05:30,79.95
2026-09-22,Neptune,2026-09-22T00:30:00+05:30,78.51,175.47,2026-09-22T00:30:00+05:30,78.51,excellent,overnight,-78.0,2026-09-22T00:30:00+05:30,78.51
2026-09-23,Mercury,2026-09-23T19:00:00+05:30,5.79,19.77,2026-09-23T19:00:00+05:30,5.79,poor,evening,-10.04,2026-09-23T13:30:00+05:30,70.2
2026-09-23,Venus,2026-09-23T19:00:00+05:30,15.86,36.69,2026-09-23T19:00:00+05:30,15.86,fair,evening,-10.04,2026-09-23T14:30:00+05:30,59.07
2026-09-23,Mars,2026-09-23T06:00:00+05:30,55.83,63.04,2026-09-23T06:00:00+05:30,55.83,excellent,predawn,-4.76,2026-09-23T08:30:00+05:30,79.12
2026-09-23,Jupiter,2026-09-23T06:00:00+05:30,35.92,41.9,2026-09-23T06:00:00+05:30,35.92,good,predawn,-4.76,2026-09-23T09:30:00+05:30,84.5
2026-09-23,Saturn,2026-09-23T01:00:00+05:30,80.78,167.31,2026-09-23T01:00:00+05:30,80.78,excellent,overnight,-74.85,2026-09-23T01:00:00+05:30,80.78
2026-09-23,Uranus,2026-09-23T04:30:00+05:30,80.1,114.32,2026-09-23T04:30:00+05:30,80.1,excellent,predawn,-26.79,2026-09-23T04:30:00+05:30,80.1
2026-09-23,Neptune,2026-09-23T00:30:00+05:30,78.63,176.41,2026-09-23T00:30:00+05:30,78.63,excellent,overnight,-78.36,2026-09-23T00:30:00+05:30,78.63
2026-09-24,Mercury,2026-09-24T19:00:00+05:30,5.97,20.25,2026-09-24T19:00:00+05:30,5.97,poor,evening,-10.2,2026-09-24T13:30:00+05:30,69.53
2026-09-24,Venus,2026-09-24T19:00:00+05:30,15.16,36.06,2026-09-24T19:00:00+05:30,15.16,fair,evening,-10.2,2026-09-24T14:30:00+05:30,58.83
2026-09-24,Mars,2026-09-24T06:00:00+05:30,56.18,63.43,2026-09-24T06:00:00+05:30,56.18,excellent,predawn,-4.75,2026-09-24T08:00:00+05:30,79.16
2026-09-24,Jupiter,2026-09-24T06:00:00+05:30,36.69,42.69,2026-09-24T06:00:00+05:30,36.69,good,predawn,-4.75,2026-09-24T09:30:00+05:30,84.92
2026-09-24,Saturn,2026-09-24T01:00:00+05:30,80.96,168.34,2026-09-24T01:00:00+05:30,80.96,excellent,overnight,-75.08,2026-09-24T01:00:00+05:30,80.96
2026-09-24,Uranus,2026-09-24T04:30:00+05:30,80.17,115.31,2026-09-24T04:30:00+05:30,80.17,excellent,predawn,-26.79,2026-09-24T04:30:00+05:30,80.17
2026-09-24,Neptune,2026-09-24T00:30:00+05:30,78.66,177.3,2026-09-24T00:30:00+05:30,78.66,excellent,overnight,-78.72,2026-09-24T00:30:00+05:30,78.66
2026-09-25,Mercury,2026-09-25T19:00:00+05:30,6.13,20.71,2026-09-25T19:00:00+05:30,6.13,poor,evening,-10.36,2026-09-25T13:30:00+05:30,68.86
2026-09-25,Venus,2026-09-25T19:00:00+05:30,14.44,35.41,2026-09-25T19:00:00+05:30,14.44,poor,evening,-10.36,2026-09-25T14:30:00+05:30,58.58
2026-09-25,Mars,2026-09-25T06:00:00+05:30,56.52,63.81,2026-09-25T06:00:00+05:30,56.52,excellent,predawn,-4.75,2026-09-25T08:00:00+05:30,79.36
2026-09-25,Jupiter,2026-09-25T06:00:00+05:30,37.46,43.49,2026-09-25T06:00:00+05:30,37.46,good,predawn,-4.75,2026-09-25T09:30:00+05:30,85.24
2026-09-25,Saturn,2026-09-25T01:00:00+05:30,81.01,169.36,2026-09-25T01:00:00+05:30,81.01,excellent,overnight,-75.3,2026-09-25T01:00:00+05:30,81.01
2026-09-25,Uranus,2026-09-25T04:30:00+05:30,80.14,116.3,2026-09-25T04:30:00+05:30,80.14,excellent,predawn,-26.79,2026-09-25T04:30:00+05:30,80.14
2026-09-25,Neptune,2026-09-25T00:30:00+05:30,78.6,178.09,2026-09-25T00:30:00+05:30,78.6,excellent,overnight,-79.08,2026-09-25T00:30:00+05:30,78.6
2026-09-26,Mercury,2026-09-26T19:00:00+05:30,6.29,21.16,2026-09-26T19:00:00+05:30,6.29,poor,evening,-10.52,2026-09-26T13:30:00+05:30,68.21
2026-09-26,Venus,2026-09-26T19:00:00+05:30,13.7,34.72,2026-09-26T19:00:00+05:30,13.7,poor,evening,-10.52,2026-09-26T14:30:00+05:30,58.32
2026-09-26,Mars,2026-09-26T06:00:00+05:30,56.87,64.2,2026-09-26T06:00:00+05:30,56.87,excellent,predawn,-4.74,2026-09-26T08:00:00+05:30,79.56
2026-09-26,Jupiter,2026-09-26T06:00:00+05:30,38.22,44.28,2026-09-26T06:00:00+05:30,38.22,good,predawn,-4.74,2026-09-26T09:30:00+05:30,85.45
2026-09-26,Saturn,2026-09-26T01:00:00+05:30,80.95,170.38,2026-09-26T01:00:00+05:30,80.95,excellent,overnight,-75.52,2026-09-26T01:00:00+05:30,80.95
2026-09-26,Uranus,2026-09-26T04:30:00+05:30,80.02,117.29,2026-09-26T04:30:00+05:30,80.02,excellent,predawn,-26.78,2026-09-26T04:30:00+05:30,80.02
2026-09-26,Neptune,2026-09-26T00:30:00+05:30,78.45,178.55,2026-09-26T00:30:00+05:30,78.45,excellent,overnight,-79.43,2026-09-26T00:30:00+05:30,78.45
2026-09-27,Mercury,2026-09-27T19:00:00+05:30,6.43,21.58,2026-09-27T19:00:00+05:30,6.43,poor,evening,-10.68,2026-09-27T13:30:00+05:30,67.56
2026-09-27,Venus,2026-09-27T19:00:00+05:30,12.94,34.0,2026-09-27T19:00:00+05:30,12.94,poor,evening,-10.68,2026-09-27T14:00:00+05:30,58.08
2026-09-27,Mars,2026-09-27T06:00:00+05:30,57.22,64.58,2026-09-27T06:00:00+05:30,57.22,excellent,predawn,-4.73,2026-09-27T08:00:00+05:30,79.75
2026-09-27,Jupiter,2026-09-27T06:00:00+05:30,38.99,45.07,2026-09-27T06:00:00+05:30,38.99,good,predawn,-4.73,2026-09-27T09:30:00+05:30,85.53
2026-09-27,Saturn,2026-09-27T01:00:00+05:30,80.76,171.39,2026-09-27T01:00:00+05:30,80.76,excellent,overnight,-75.73,2026-09-27T01:00:00+05:30,80.76
2026-09-27,Uranus,2026-09-27T04:30:00+05:30,79.81,118.29,2026-09-27T04:30:00+05:30,79.81,excellent,predawn,-26.78,2026-09-27T04:30:00+05:30,79.81
2026-09-27,Neptune,2026-09-27T00:30:00+05:30,78.22,178.4,2026-09-27T00:30:00+05:30,78.22,excellent,overnight,-79.78,2026-09-27T00:30:00+05:30,78.22
2026-09-28,Mercury,2026-09-28T19:00:00+05:30,6.56,21.99,2026-09-28T19:00:00+05:30,6.56,poor,evening,-10.84,2026-09-28T13:30:00+05:30,66.92
2026-09-28,Venus,2026-09-28T19:00:00+05:30,12.15,33.25,2026-09-28T19:00:00+05:30,12.15,poor,evening,-10.84,2026-09-28T14:00:00+05:30,58.0
2026-09-28,Mars,2026-09-28T06:00:00+05:30,57.58,64.98,2026-09-28T06:00:00+05:30,57.58,excellent,predawn,-4.72,2026-09-28T08:00:00+05:30,79.94
2026-09-28,Jupiter,2026-09-28T06:00:00+05:30,39.76,45.87,2026-09-28T06:00:00+05:30,39.76,good,predawn,-4.72,2026-09-28T09:30:00+05:30,85.48
2026-09-28,Saturn,2026-09-28T01:00:00+05:30,80.46,172.38,2026-09-28T01:00:00+05:30,80.46,excellent,overnight,-75.93,2026-09-28T01:00:00+05:30,80.46
2026-09-28,Uranus,2026-09-28T04:00:00+05:30,79.56,119.26,2026-09-28T04:00:00+05:30,79.56,excellent,predawn,-34.11,2026-09-28T04:00:00+05:30,79.56
2026-09-28,Neptune,2026-09-28T00:00:00+05:30,78.11,177.77,2026-09-28T00:00:00+05:30,78.11,excellent,overnight,-79.61,2026-09-28T00:00:00+05:30,78.11
2026-09-29,Mercury,2026-09-29T19:00:00+05:30,6.69,22.38,2026-09-29T19:00:00+05:30,6.69,poor,evening,-11.0,2026-09-29T13:30:00+05:30,66.29
2026-09-29,Venus,2026-09-29T19:00:00+05:30,11.33,32.47,2026-09-29T19:00:00+05:30,11.33,poor,evening,-11.0,2026-09-29T14:00:00+05:30,57.91
2026-09-29,Mars,2026-09-29T06:00:00+05:30,57.93,65.37,2026-09-29T06:00:00+05:30,57.93,excellent,predawn,-4.71,2026-09-29T08:00:00+05:30,80.11
2026-09-29,Jupiter,2026-09-29T06:00:00+05:30,40.54,46.67,2026-09-29T06:00:00+05:30,40.54,good,predawn,-4.71,2026-09-29T09:30:00+05:30,85.29
2026-09-29,Saturn,2026-09-29T00:30:00+05:30,80.24,173.34,2026-09-29T00:30:00+05:30,80.24,excellent,overnight,-80.47,2026-09-29T00:30:00+05:30,80.24
2026-09-29,Uranus,2026-09-29T04:00:00+05:30,79.85,120.26,2026-09-29T04:00:00+05:30,79.85,excellent,predawn,-34.11,2026-09-29T04:00:00+05:30,79.85
2026-09-29,Neptune,2026-09-29T00:00:00+05:30,78.35,176.93,2026-09-29T00:00:00+05:30,78.35,excellent,overnight,-80.0,2026-09-29T00:00:00+05:30,78.35
2026-09-30,Mercury,2026-09-30T19:00:00+05:30,6.8,22.75,2026-09-30T19:00:00+05:30,6.8,poor,evening,-11.15,2026-09-30T13:30:00+05:30,65.68
2026-09-30,Venus,2026-09-30T19:00:00+05:30,10.49,31.65,2026-09-30T19:00:00+05:30,10.49,poor,evening,-11.15,2026-09-30T14:00:00+05:30,57.82
2026-09-30,Mars,2026-09-30T06:00:00+05:30,58.29,65.76,2026-09-30T06:00:00+05:30,58.29,excellent,predawn,-4.7,2026-09-30T08:00:00+05:30,80.28
2026-09-30,Jupiter,2026-09-30T06:00:00+05:30,41.31,47.47,2026-09-30T06:00:00+05:30,41.31,good,predawn,-4.7,2026-09-30T09:30:00+05:30,84.99
2026-09-30,Saturn,2026-09-30T00:30:00+05:30,80.54,174.29,2026-09-30T00:30:00+05:30,80.54,excellent,overnight,-80.81,2026-09-30T00:30:00+05:30,80.54
2026-09-30,Uranus,2026-09-30T04:00:00+05:30,80.05,121.25,2026-09-30T04:00:00+05:30,80.05,excellent,predawn,-34.11,2026-09-30T04:00:00+05:30,80.05
2026-09-30,Neptune,2026-09-30T00:00:00+05:30,78.5,176.01,2026-09-30T00:00:00+05:30,78.5,excellent,overnight,-80.39,2026-09-30T00:00:00+05:30,78.5
2026-10-01,Mercury,2026-10-01T19:00:00+05:30,6.89,23.1,2026-10-01T19:00:00+05:30,6.89,poor,evening,-11.31,2026-10-01T13:30:00+05:30,65.08
2026-10-01,Venus,2026-10-01T19:00:00+05:30,9.63,30.79,2026-10-01T19:00:00+05:30,9.63,poor,evening,-11.31,2026-10-01T14:00:00+05:30,57.73
2026-10-01,Mars,2026-10-01T06:00:00+05:30,58.66,66.16,2026-10-01T06:00:00+05:30,58.66,excellent,predawn,-4.7,2026-10-01T08:00:00+05:30,80.44
2026-10-01,Jupiter,2026-10-01T06:00:00+05:30,42.09,48.27,2026-10-01T06:00:00+05:30,42.09,good,predawn,-4.7,2026-10-01T09:30:00+05:30,84.58
2026-10-01,Saturn,2026-10-01T00:30:00+05:30,80.72,175.2,2026-10-01T00:30:00+05:30,80.72,excellent,overnight,-81.14,2026-10-01T00:30:00+05:30,80.72
2026-10-01,Uranus,2026-10-01T04:00:00+05:30,80.16,122.25,2026-10-01T04:00:00+05:30,80.16,excellent,predawn,-34.1,2026-10-01T04:00:00+05:30,80.16
2026-10-01,Neptune,2026-10-01T00:00:00+05:30,78.57,175.05,2026-10-01T00:00:00+05:30,78.57,excellent,overnight,-80.77,2026-10-01T00:00:00+05:30,78.57
2026-10-02,Mercury,2026-10-02T18:30:00+05:30,14.01,23.42,2026-10-02T18:30:00+05:30,14.01,poor,evening,-4.1,2026-10-02T13:30:00+05:30,64.49
2026-10-02,Venus,2026-10-02T18:30:00+05:30,15.43,29.92,2026-10-02T18:30:00+05:30,15.43,fair,evening,-4.1,2026-10-02T14:00:00+05:30,57.62
2026-10-02,Mars,2026-10-02T06:00:00+05:30,59.03,66.56,2026-10-02T06:00:00+05:30,59.03,excellent,predawn,-4.69,2026-10-02T08:00:00+05:30,80.59
2026-10-02,Jupiter,2026-10-02T06:00:00+05:30,42.87,49.08,2026-10-02T06:00:00+05:30,42.87,good,predawn,-4.69,2026-10-02T09:00:00+05:30,84.75
2026-10-02,Saturn,2026-10-02T00:30:00+05:30,80.79,176.03,2026-10-02T00:30:00+05:30,80.79,excellent,overnight,-81.47,2026-10-02T00:30:00+05:30,80.79
2026-10-02,Uranus,2026-10-02T04:00:00+05:30,80.18,123.25,2026-10-02T04:00:00+05:30,80.18,excellent,predawn,-34.1,2026-10-02T04:00:00+05:30,80.18
2026-10-02,Neptune,2026-10-02T00:00:00+05:30,78.55,174.07,2026-10-02T00:00:00+05:30,78.55,excellent,overnight,-81.16,2026-10-02T00:00:00+05:30,78.55
2026-10-03,Mercury,2026-10-03T18:30:00+05:30,14.06,23.72,2026-10-03T18:30:00+05:30,14.06,poor,evening,-4.25,2026-10-03T13:30:00+05:30,63.92
2026-10-03,Venus,2026-10-03T18:30:00+05:30,14.52,29.0,2026-10-03T18:30:00+05:30,14.52,poor,evening,-4.25,2026-10-03T14:00:00+05:30,57.51
2026-10-03,Mars,2026-10-03T06:00:00+05:30,59.4,66.97,2026-10-03T06:00:00+05:30,59.4,excellent,predawn,-4.69,2026-10-03T08:00:00+05:30,80.72
2026-10-03,Jupiter,2026-10-03T06:00:00+05:30,43.65,49.88,2026-10-03T06:00:00+05:30,43.65,good,predawn,-4.69,2026-10-03T09:00:00+05:30,85.23
2026-10-03,Saturn,2026-10-03T00:30:00+05:30,80.74,176.72,2026-10-03T00:30:00+05:30,80.74,excellent,overnight,-81.79,2026-10-03T00:30:00+05:30,80.74
2026-10-03,Uranus,2026-10-03T04:00:00+05:30,80.11,124.25,2026-10-03T04:00:00+05:30,80.11,excellent,predawn,-34.1,2026-10-03T04:00:00+05:30,80.11
2026-10-03,Neptune,2026-10-03T00:00:00+05:30,78.44,173.09,2026-10-03T00:00:00+05:30,78.44,excellent,overnight,-81.54,2026-10-03T00:00:00+05:30,78.44
2026-10-04,Mercury,2026-10-04T18:30:00+05:30,14.1,24.0,2026-10-04T18:30:00+05:30,14.1,poor,evening,-4.4,2026-10-04T13:30:00+05:30,63.37
2026-10-04,Venus,2026-10-04T18:30:00+05:30,13.58,28.04,2026-10-04T18:30:00+05:30,13.58,poor,evening,-4.4,2026-10-04T14:00:00+05:30,57.38
2026-10-04,Mars,2026-10-04T06:00:00+05:30,59.77,67.37,2026-10-04T06:00:00+05:30,59.77,excellent,predawn,-4.69,2026-10-04T08:00:00+05:30,80.84
2026-10-04,Jupiter,2026-10-04T06:00:00+05:30,44.43,50.69,2026-10-04T06:00:00+05:30,44.43,good,predawn,-4.69,2026-10-04T09:00:00+05:30,85.62
2026-10-04,Saturn,2026-10-04T00:30:00+05:30,80.57,177.18,2026-10-04T00:30:00+05:30,80.57,excellent,overnight,-82.11,2026-10-04T00:30:00+05:30,80.57
2026-10-04,Uranus,2026-10-04T04:00:00+05:30,79.94,125.26,2026-10-04T04:00:00+05:30,79.94,excellent,predawn,-34.1,2026-10-04T04:00:00+05:30,79.94
2026-10-04,Neptune,2026-10-04T00:00:00+05:30,78.25,172.1,2026-10-04T00:00:00+05:30,78.25,excellent,overnight,-81.91,2026-10-04T00:00:00+05:30,78.25
2026-10-05,Mercury,2026-10-05T18:30:00+05:30,14.13,24.26,2026-10-05T18:30:00+05:30,14.13,poor,evening,-4.55,2026-10-05T13:30:00+05:30,62.83
2026-10-05,Venus,2026-10-05T18:30:00+05:30,12.62,27.04,2026-10-05T18:30:00+05:30,12.62,poor,evening,-4.55,2026-10-05T13:30:00+05:30,57.25
2026-10-05,Mars,2026-10-05T06:00:00+05:30,60.15,67.78,2026-10-05T06:00:00+05:30,60.15,excellent,predawn,-4.69,2026-10-05T08:00:00+05:30,80.96
2026-10-05,Jupiter,2026-10-05T06:00:00+05:30,45.21,51.5,2026-10-05T06:00:00+05:30,45.21,excellent,predawn,-4.69,2026-10-05T09:00:00+05:30,85.89
2026-10-05,Saturn,2026-10-05T00:30:00+05:30,80.29,177.27,2026-10-05T00:30:00+05:30,80.29,excellent,overnight,-82.41,2026-10-05T00:30:00+05:30,80.29
2026-10-05,Uranus,2026-10-05T04:00:00+05:30,79.69,126.26,2026-10-05T04:00:00+05:30,79.69,excellent,predawn,-34.09,2026-10-05T04:00:00+05:30,79.69
2026-10-05,Neptune,2026-10-05T23:30:00+05:30,78.18,170.12,2026-10-05T23:30:00+05:30,78.18,excellent,overnight,-77.16,2026-10-05T23:30:00+05:30,78.18
2026-10-06,Mercury,2026-10-06T18:30:00+05:30,14.13,24.48,2026-10-06T18:30:00+05:30,14.13,poor,evening,-4.7,2026-10-06T13:30:00+05:30,62.32
2026-10-06,Venus,2026-10-06T18:30:00+05:30,11.62,26.01,2026-10-06T18:30:00+05:30,11.62,poor,evening,-4.7,2026-10-06T13:30:00+05:30,57.33
2026-10-06,Mars,2026-10-06T06:00:00+05:30,60.53,68.2,2026-10-06T06:00:00+05:30,60.53,excellent,predawn,-4.69,2026-10-06T08:00:00+05:30,81.05
2026-10-06,Jupiter,2026-10-06T06:00:00+05:30,46.0,52.32,2026-10-06T06:00:00+05:30,46.0,excellent,predawn,-4.69,2026-10-06T09:00:00+05:30,86.02
2026-10-06,Saturn,2026-10-06T00:00:00+05:30,80.0,176.98,2026-10-06T00:00:00+05:30,80.0,excellent,overnight,-82.66,2026-10-06T00:00:00+05:30,80.0
2026-10-06,Uranus,2026-10-06T03:30:00+05:30,79.74,127.24,2026-10-06T03:30:00+05:30,79.74,excellent,predawn,-41.44,2026-10-06T03:30:00+05:30,79.74
2026-10-06,Neptune,2026-10-06T23:30:00+05:30,78.37,169.11,2026-10-06T23:30:00+05:30,78.37,excellent,overnight,-77.41,2026-10-06T23:30:00+05:30,78.37
2026-10-07,Mercury,2026-10-07T18:30:00+05:30,14.12,24.68,2026-10-07T18:30:00+05:30,14.12,poor,evening,-4.84,2026-10-07T13:30:00+05:30,61.82
2026-10-07,Venus,2026-10-07T18:30:00+05:30,10.6,24.94,2026-10-07T18:30:00+05:30,10.6,poor,evening,-4.84,2026-10-07T13:30:00+05:30,57.4
2026-10-07,Mars,2026-10-07T06:00:00+05:30,60.92,68.61,2026-10-07T06:00:00+05:30,60.92,excellent,predawn,-4.69,2026-10-07T08:00:00+05:30,81.13
2026-10-07,Jupiter,2026-10-07T06:00:00+05:30,46.79,53.13,2026-10-07T06:00:00+05:30,46.79,excellent,predawn,-4.69,2026-10-07T09:00:00+05:30,85.99
2026-10-07,Saturn,2026-10-07T00:00:00+05:30,80.3,176.38,2026-10-07T00:00:00+05:30,80.3,excellent,overnight,-83.02,2026-10-07T00:00:00+05:30,80.3
2026-10-07,Uranus,2026-10-07T03:30:00+05:30,79.99,128.25,2026-10-07T03:30:00+05:30,79.99,excellent,predawn,-41.43,2026-10-07T03:30:00+05:30,79.99
2026-10-07,Neptune,2026-10-07T23:30:00+05:30,78.47,168.11,2026-10-07T23:30:00+05:30,78.47,excellent,overnight,-77.65,2026-10-07T23:30:00+05:30,78.47
2026-10-08,Mercury,2026-10-08T18:30:00+05:30,14.1,24.85,2026-10-08T18:30:00+05:30,14.1,poor,evening,-4.98,2026-10-08T13:30:00+05:30,61.34
2026-10-08,Venus,2026-10-08T18:30:00+05:30,9.55,23.84,2026-10-08T18:30:00+05:30,9.55,poor,evening,-4.98,2026-10-08T13:30:00+05:30,57.46
2026-10-08,Mars,2026-10-08T06:00:00+05:30,61.31,69.03,2026-10-08T06:00:00+05:30,61.31,excellent,predawn,-4.69,2026-10-08T08:00:00+05:30,81.19
2026-10-08,Jupiter,2026-10-08T06:00:00+05:30,47.58,53.95,2026-10-08T06:00:00+05:30,47.58,excellent,predawn,-4.69,2026-10-08T09:00:00+05:30,85.81
2026-10-08,Saturn,2026-10-08T00:00:00+05:30,80.49,175.6,2026-10-08T00:00:00+05:30,80.49,excellent,overnight,-83.39,2026-10-08T00:00:00+05:30,80.49
2026-10-08,Uranus,2026-10-08T03:30:00+05:30,80.15,129.26,2026-10-08T03:30:00+05:30,80.15,excellent,predawn,-41.43,2026-10-08T03:30:00+05:30,80.15
2026-10-08,Neptune,2026-10-08T23:30:00+05:30,78.49,167.1,2026-10-08T23:30:00+05:30,78.49,excellent,overnight,-77.89,2026-10-08T23:30:00+05:30,78.49
2026-10-09,Mercury,2026-10-09T18:30:00+05:30,14.05,24.99,2026-10-09T18:30:00+05:30,14.05,poor,evening,-5.12,2026-10-09T14:00:00+05:30,60.91
2026-10-09,Venus,2026-10-09T18:30:00+05:30,8.47,22.7,2026-10-09T18:30:00+05:30,8.47,poor,evening,-5.12,2026-10-09T13:30:00+05:30,57.49
2026-10-09,Mars,2026-10-09T06:00:00+05:30,61.7,69.45,2026-10-09T06:00:00+05:30,61.7,excellent,predawn,-4.69,2026-10-09T08:00:00+05:30,81.24
2026-10-09,Jupiter,2026-10-09T06:00:00+05:30,48.37,54.77,2026-10-09T06:00:00+05:30,48.37,excellent,predawn,-4.69,2026-10-09T09:00:00+05:30,85.48
2026-10-09,Saturn,2026-10-09T00:00:00+05:30,80.57,174.73,2026-10-09T00:00:00+05:30,80.57,excellent,overnight,-83.74,2026-10-09T00:00:00+05:30,80.57
2026-10-09,Uranus,2026-10-09T03:30:00+05:30,80.21,130.27,2026-10-09T03:30:00+05:30,80.21,excellent,predawn,-41.43,2026-10-09T03:30:00+05:30,80.21
2026-10-09,Neptune,2026-10-09T23:30:00+05:30,78.42,166.09,2026-10-09T23:30:00+05:30,78.42,excellent,overnight,-78.11,2026-10-09T23:30:00+05:30,78.42
2026-10-10,Mercury,2026-10-10T18:30:00+05:30,13.99,25.08,2026-10-10T18:30:00+05:30,13.99,poor,evening,-5.25,2026-10-10T14:00:00+05:30,60.5
2026-10-10,Venus,2026-10-10T18:30:00+05:30,7.35,21.53,2026-10-10T18:30:00+05:30,7.35,poor,evening,-5.25,2026-10-10T13:30:00+05:30,57.5
2026-10-10,Mars,2026-10-10T06:00:00+05:30,62.09,69.87,2026-10-10T06:00:00+05:30,62.09,excellent,predawn,-4.7,2026-10-10T08:00:00+05:30,81.27
2026-10-10,Jupiter,2026-10-10T06:00:00+05:30,49.16,55.59,2026-10-10T06:00:00+05:30,49.16,excellent,predawn,-4.7,2026-10-10T09:00:00+05:30,85.05
2026-10-10,Saturn,2026-10-10T00:00:00+05:30,80.53,173.79,2026-10-10T00:00:00+05:30,80.53,excellent,overnight,-84.09,2026-10-10T00:00:00+05:30,80.53
2026-10-10,Uranus,2026-10-10T03:30:00+05:30,80.18,131.28,2026-10-10T03:30:00+05:30,80.18,excellent,predawn,-41.42,2026-10-10T03:30:00+05:30,80.18
2026-10-10,Neptune,2026-10-10T23:30:00+05:30,78.27,165.08,2026-10-10T23:30:00+05:30,78.27,excellent,overnight,-78.32,2026-10-10T23:30:00+05:30,78.27
2026-10-11,Mercury,2026-10-11T18:30:00+05:30,13.89,25.14,2026-10-11T18:30:00+05:30,13.89,poor,evening,-5.39,2026-10-11T14:00:00+05:30,60.1
2026-10-11,Venus,2026-10-11T18:30:00+05:30,6.21,20.33,2026-10-11T18:30:00+05:30,6.21,poor,evening,-5.39,2026-10-11T13:30:00+05:30,57.49
2026-10-11,Mars,2026-10-11T06:00:00+05:30,62.49,70.3,2026-10-11T06:00:00+05:30,62.49,excellent,predawn,-4.7,2026-10-11T08:00:00+05:30,81.28
2026-10-11,Jupiter,2026-10-11T06:00:00+05:30,49.96,56.41,2026-10-11T06:00:00+05:30,49.96,excellent,predawn,-4.7,2026-10-11T08:30:00+05:30,85.01
2026-10-11,Saturn,2026-10-11T00:00:00+05:30,80.38,172.81,2026-10-11T00:00:00+05:30,80.38,excellent,overnight,-84.43,2026-10-11T00:00:00+05:30,80.38
2026-10-11,Uranus,2026-10-11T03:30:00+05:30,80.06,132.29,2026-10-11T03:30:00+05:30,80.06,excellent,predawn,-41.42,2026-10-11T03:30:00+05:30,80.06
2026-10-11,Neptune,2026-10-11T23:30:00+05:30,78.03,164.07,2026-10-11T23:30:00+05:30,78.03,excellent,overnight,-78.53,2026-10-11T23:30:00+05:30,78.03
2026-10-12,Mercury,2026-10-12T18:30:00+05:30,13.78,25.16,2026-10-12T18:30:00+05:30,13.78,poor,evening,-5.52,2026-10-12T14:00:00+05:30,59.72
2026-10-12,Venus,2026-10-12T18:30:00+05:30,5.05,19.1,2026-10-12T18:30:00+05:30,5.05,poor,evening,-5.52,2026-10-12T13:00:00+05:30,57.67
2026-10-12,Mars,2026-10-12T06:00:00+05:30,62.89,70.73,2026-10-12T06:00:00+05:30,62.89,excellent,predawn,-4.71,2026-10-12T08:00:00+05:30,81.27
2026-10-12,Jupiter,2026-10-12T06:00:00+05:30,50.76,57.24,2026-10-12T06:00:00+05:30,50.76,excellent,predawn,-4.71,2026-10-12T08:30:00+05:30,85.55
2026-10-12,Saturn,2026-10-12T00:00:00+05:30,80.12,171.82,2026-10-12T00:00:00+05:30,80.12,excellent,overnight,-84.77,2026-10-12T00:00:00+05:30,80.12
2026-10-12,Uranus,2026-10-12T03:30:00+05:30,79.84,133.31,2026-10-12T03:30:00+05:30,79.84,excellent,predawn,-41.41,2026-10-12T03:30:00+05:30,79.84
2026-10-12,Neptune,2026-10-12T23:00:00+05:30,77.99,163.08,2026-10-12T23:00:00+05:30,77.99,excellent,overnight,-71.56,2026-10-12T23:00:00+05:30,77.99
2026-10-13,Mercury,2026-10-13T18:30:00+05:30,13.63,25.13,2026-10-13T18:30:00+05:30,13.63,poor,evening,-5.65,2026-10-13T14:00:00+05:30,59.37
2026-10-13,Venus,2026-10-13T18:30:00+05:30,3.85,17.85,2026-10-13T18:30:00+05:30,3.85,poor,evening,-5.65,2026-10-13T13:00:00+05:30,57.9
2026-10-13,Mars,2026-10-13T06:00:00+05:30,63.3,71.16,2026-10-13T06:00:00+05:30,63.3,excellent,predawn,-4.72,2026-10-13T08:00:00+05:30,81.24
2026-10-13,Jupiter,2026-10-13T06:00:00+05:30,51.56,58.07,2026-10-13T06:00:00+05:30,51.56,excellent,predawn,-4.72,2026-10-13T08:30:00+05:30,85.99
2026-10-13,Saturn,2026-10-13T23:30:00+05:30,80.07,169.8,2026-10-13T23:30:00+05:30,80.07,excellent,overnight,-78.89,2026-10-13T23:30:00+05:30,80.07
2026-10-13,Uranus,2026-10-13T03:00:00+05:30,79.63,134.3,2026-10-13T03:00:00+05:30,79.63,excellent,predawn,-48.76,2026-10-13T03:00:00+05:30,79.63
2026-10-13,Neptune,2026-10-13T23:00:00+05:30,78.22,162.07,2026-10-13T23:00:00+05:30,78.22,excellent,overnight,-71.7,2026-10-13T23:00:00+05:30,78.22
2026-10-14,Mercury,2026-10-14T18:30:00+05:30,13.45,25.05,2026-10-14T18:30:00+05:30,13.45,poor,evening,-5.77,2026-10-14T14:00:00+05:30,59.03
2026-10-14,Venus,2026-10-14T18:30:00+05:30,2.63,16.57,2026-10-14T18:30:00+05:30,2.63,poor,evening,-5.77,2026-10-14T13:00:00+05:30,58.09
2026-10-14,Mars,2026-10-14T06:00:00+05:30,63.71,71.6,2026-10-14T06:00:00+05:30,63.71,excellent,predawn,-4.73,2026-10-14T07:30:00+05:30,81.4
2026-10-14,Jupiter,2026-10-14T06:00:00+05:30,52.36,58.9,2026-10-14T06:00:00+05:30,52.36,excellent,predawn,-4.73,2026-10-14T08:30:00+05:30,86.31
2026-10-14,Saturn,2026-10-14T23:30:00+05:30,80.27,168.77,2026-10-14T23:30:00+05:30,80.27,excellent,overnight,-79.06,2026-10-14T23:30:00+05:30,80.27
2026-10-14,Uranus,2026-10-14T03:00:00+05:30,79.92,135.32,2026-10-14T03:00:00+05:30,79.92,excellent,predawn,-48.76,2026-10-14T03:00:00+05:30,79.92
2026-10-14,Neptune,2026-10-14T23:00:00+05:30,78.36,161.05,2026-10-14T23:00:00+05:30,78.36,excellent,overnight,-71.83,2026-10-14T23:00:00+05:30,78.36
2026-10-15,Mercury,2026-10-15T18:30:00+05:30,13.24,24.91,2026-10-15T18:30:00+05:30,13.24,poor,evening,-5.89,2026-10-15T13:30:00+05:30,58.73
2026-10-15,Venus,2026-10-15T18:30:00+05:30,1.38,15.29,2026-10-15T18:30:00+05:30,1.38,poor,evening,-5.89,2026-10-15T13:00:00+05:30,58.25
2026-10-15,Mars,2026-10-15T06:00:00+05:30,64.12,72.03,2026-10-15T06:00:00+05:30,64.12,excellent,predawn,-4.75,2026-10-15T07:30:00+05:30,81.67
2026-10-15,Jupiter,2026-10-15T06:00:00+05:30,53.16,59.73,2026-10-15T06:00:00+05:30,53.16,excellent,predawn,-4.75,2026-10-15T08:30:00+05:30,86.47
2026-10-15,Saturn,2026-10-15T23:30:00+05:30,80.36,167.73,2026-10-15T23:30:00+05:30,80.36,excellent,overnight,-79.21,2026-10-15T23:30:00+05:30,80.36
2026-10-15,Uranus,2026-10-15T03:00:00+05:30,80.12,136.33,2026-10-15T03:00:00+05:30,80.12,excellent,predawn,-48.75,2026-10-15T03:00:00+05:30,80.12
2026-10-15,Neptune,2026-10-15T23:00:00+05:30,78.42,160.04,2026-10-15T23:00:00+05:30,78.42,excellent,overnight,-71.95,2026-10-15T23:00:00+05:30,78.42
2026-10-16,Mercury,2026-10-16T18:30:00+05:30,12.98,24.72,2026-10-16T18:30:00+05:30,12.98,poor,evening,-6.01,2026-10-16T13:30:00+05:30,58.48
2026-10-16,Venus,2026-10-16T18:30:00+05:30,0.11,14.0,2026-10-16T18:30:00+05:30,0.11,poor,evening,-6.01,2026-10-16T13:00:00+05:30,58.37
2026-10-16,Mars,2026-10-16T06:00:00+05:30,64.54,72.48,2026-10-16T06:00:00+05:30,64.54,excellent,predawn,-4.76,2026-10-16T07:30:00+05:30,81.93
2026-10-16,Jupiter,2026-10-16T06:00:00+05:30,53.97,60.57,2026-10-16T06:00:00+05:30,53.97,excellent,predawn,-4.76,2026-10-16T08:30:00+05:30,86.44
2026-10-16,Saturn,2026-10-16T23:30:00+05:30,80.34,166.69,2026-10-16T23:30:00+05:30,80.34,excellent,overnight,-79.35,2026-10-16T23:30:00+05:30,80.34
2026-10-16,Uranus,2026-10-16T03:00:00+05:30,80.23,137.35,2026-10-16T03:00:00+05:30,80.23,excellent,predawn,-48.74,2026-10-16T03:00:00+05:30,80.23
2026-10-16,Neptune,2026-10-16T23:00:00+05:30,78.39,159.02,2026-10-16T23:00:00+05:30,78.39,excellent,overnight,-72.06,2026-10-16T23:00:00+05:30,78.39
2026-10-17,Mercury,2026-10-17T18:30:00+05:30,12.68,24.45,2026-10-17T18:30:00+05:30,12.68,poor,evening,-6.13,2026-10-17T13:30:00+05:30,58.27
2026-10-17,Venus,2026-10-17T18:30:00+05:30,-1.18,12.71,2026-10-17T18:30:00+05:30,-1.18,not visible,evening,-6.13,2026-10-17T12:30:00+05:30,58.56
2026-10-17,Mars,2026-10-17T06:00:00+05:30,64.96,72.92,2026-10-17T06:00:00+05:30,64.96,excellent,predawn,-4.78,2026-10-17T07:30:00+05:30,82.17
2026-10-17,Jupiter,2026-10-17T06:00:00+05:30,54.77,61.41,2026-10-17T06:00:00+05:30,54.77,excellent,predawn,-4.78,2026-10-17T08:30:00+05:30,86.24
2026-10-17,Saturn,2026-10-17T23:30:00+05:30,80.2,165.64,2026-10-17T23:30:00+05:30,80.2,excellent,overnight,-79.47,2026-10-17T23:30:00+05:30,80.2
2026-10-17,Uranus,2026-10-17T03:00:00+05:30,80.24,138.37,2026-10-17T03:00:00+05:30,80.24,excellent,predawn,-48.73,2026-10-17T03:00:00+05:30,80.24
2026-10-17,Neptune,2026-10-17T23:00:00+05:30,78.27,158.01,2026-10-17T23:00:00+05:30,78.27,excellent,overnight,-72.16,2026-10-17T23:00:00+05:30,78.27
2026-10-18,Mercury,2026-10-18T18:30:00+05:30,12.32,24.11,2026-10-18T18:30:00+05:30,12.32,poor,evening,-6.24,2026-10-18T13:30:00+05:30,58.09
2026-10-18,Venus,2026-10-18T18:30:00+05:30,-2.5,11.45,2026-10-18T18:30:00+05:30,-2.5,not visible,evening,-6.24,2026-10-18T12:30:00+05:30,58.94
2026-10-18,Mars,2026-10-18T06:00:00+05:30,65.39,73.37,2026-10-18T06:00:00+05:30,65.39,excellent,predawn,-4.8,2026-10-18T07:30:00+05:30,82.4
2026-10-18,Jupiter,2026-10-18T06:00:00+05:30,55.58,62.25,2026-10-18T06:00:00+05:30,55.58,excellent,predawn,-4.8,2026-10-18T08:30:00+05:30,85.88
2026-10-18,Saturn,2026-10-18T23:30:00+05:30,79.96,164.6,2026-10-18T23:30:00+05:30,79.96,excellent,overnight,-79.58,2026-10-18T23:30:00+05:30,79.96
2026-10-18,Uranus,2026-10-18T03:00:00+05:30,80.16,139.39,2026-10-18T03:00:00+05:30,80.16,excellent,predawn,-48.72,2026-10-18T03:00:00+05:30,80.16
2026-10-18,Neptune,2026-10-18T23:00:00+05:30,78.08,156.99,2026-10-18T23:00:00+05:30,78.08,excellent,overnight,-72.25,2026-10-18T23:00:00+05:30,78.08
2026-10-19,Mercury,2026-10-19T18:30:00+05:30,11.91,23.69,2026-10-19T18:30:00+05:30,11.91,poor,evening,-6.35,2026-10-19T13:30:00+05:30,57.95
2026-10-19,Venus,2026-10-19T18:30:00+05:30,-3.83,10.23,2026-10-19T18:30:00+05:30,-3.83,not visible,evening,-6.35,2026-10-19T12:30:00+05:30,59.26
2026-10-19,Mars,2026-10-19T06:00:00+05:30,65.81,73.82,2026-10-19T06:00:00+05:30,65.81,excellent,predawn,-4.82,2026-10-19T07:30:00+05:30,82.62
2026-10-19,Jupiter,2026-10-19T06:00:00+05:30,56.4,63.09,2026-10-19T06:00:00+05:30,56.4,excellent,predawn,-4.82,2026-10-19T08:30:00+05:30,85.4
2026-10-19,Saturn,2026-10-19T23:30:00+05:30,79.62,163.54,2026-10-19T23:30:00+05:30,79.62,excellent,overnight,-79.67,2026-10-19T23:30:00+05:30,79.62
2026-10-19,Uranus,2026-10-19T03:00:00+05:30,79.98,140.41,2026-10-19T03:00:00+05:30,79.98,excellent,predawn,-48.72,2026-10-19T03:00:00+05:30,79.98
2026-10-19,Neptune,2026-10-19T23:00:00+05:30,77.8,155.98,2026-10-19T23:00:00+05:30,77.8,excellent,overnight,-72.33,2026-10-19T23:00:00+05:30,77.8
2026-10-20,Mercury,2026-10-20T18:30:00+05:30,11.43,23.18,2026-10-20T18:30:00+05:30,11.43,poor,evening,-6.46,2026-10-20T13:30:00+05:30,57.85
2026-10-20,Venus,2026-10-20T18:30:00+05:30,-5.17,9.09,2026-10-20T18:30:00+05:30,-5.17,not visible,evening,-6.46,2026-10-20T12:30:00+05:30,59.54
2026-10-20,Mars,2026-10-20T06:00:00+05:30,66.25,74.27,2026-10-20T06:00:00+05:30,66.25,excellent,predawn,-4.84,2026-10-20T07:30:00+05:30,82.82
2026-10-20,Jupiter,2026-10-20T06:00:00+05:30,57.21,63.94,2026-10-20T06:00:00+05:30,57.21,excellent,predawn,-4.84,2026-10-20T08:00:00+05:30,85.3
2026-10-20,Saturn,2026-10-20T23:00:00+05:30,79.84,162.51,2026-10-20T23:00:00+05:30,79.84,excellent,overnight,-72.4,2026-10-20T23:00:00+05:30,79.84
2026-10-20,Uranus,2026-10-20T03:00:00+05:30,79.71,141.44,2026-10-20T03:00:00+05:30,79.71,excellent,predawn,-48.71,2026-10-20T03:00:00+05:30,79.71
2026-10-20,Neptune,2026-10-20T22:30:00+05:30,78.05,154.98,2026-10-20T22:30:00+05:30,78.05,excellent,overnight,-65.04,2026-10-20T22:30:00+05:30,78.05
2026-10-21,Mercury,2026-10-21T18:30:00+05:30,10.88,22.57,2026-10-21T18:30:00+05:30,10.88,poor,evening,-6.57,2026-10-21T13:30:00+05:30,57.79
2026-10-21,Venus,2026-10-21T18:30:00+05:30,-6.53,8.08,2026-10-21T18:30:00+05:30,-6.53,not visible,evening,-6.57,2026-10-21T12:30:00+05:30,59.77
2026-10-21,Mars,2026-10-21T06:00:00+05:30,66.68,74.73,2026-10-21T06:00:00+05:30,66.68,excellent,predawn,-4.86,2026-10-21T07:30:00+05:30,82.99
2026-10-21,Jupiter,2026-10-21T06:00:00+05:30,58.03,64.78,2026-10-21T06:00:00+05:30,58.03,excellent,predawn,-4.86,2026-10-21T08:00:00+05:30,85.88
2026-10-21,Saturn,2026-10-21T23:00:00+05:30,80.05,161.46,2026-10-21T23:00:00+05:30,80.05,excellent,overnight,-72.46,2026-10-21T23:00:00+05:30,80.05
2026-10-21,Uranus,2026-10-21T02:30:00+05:30,79.85,142.44,2026-10-21T02:30:00+05:30,79.85,excellent,overnight,-56.04,2026-10-21T02:30:00+05:30,79.85
2026-10-21,Neptune,2026-10-21T22:30:00+05:30,78.23,153.97,2026-10-21T22:30:00+05:30,78.23,excellent,overnight,-65.11,2026-10-21T22:30:00+05:30,78.23
2026-10-22,Mercury,2026-10-22T18:30:00+05:30,10.26,21.85,2026-10-22T18:30:00+05:30,10.26,poor,evening,-6.67,2026-10-22T13:30:00+05:30,57.77
2026-10-22,Venus,2026-10-22T06:00:00+05:30,-6.98,7.65,2026-10-22T06:00:00+05:30,-6.98,not visible,predawn,-4.89,2026-10-22T12:00:00+05:30,60.05
2026-10-22,Mars,2026-10-22T06:00:00+05:30,67.12,75.19,2026-10-22T06:00:00+05:30,67.12,excellent,predawn,-4.89,2026-10-22T07:30:00+05:30,83.14
2026-10-22,Jupiter,2026-10-22T06:00:00+05:30,58.84,65.63,2026-10-22T06:00:00+05:30,58.84,excellent,predawn,-4.89,2026-10-22T08:00:00+05:30,86.37
2026-10-22,Saturn,2026-10-22T23:00:00+05:30,80.15,160.4,2026-10-22T23:00:00+05:30,80.15,excellent,overnight,-72.52,2026-10-22T23:00:00+05:30,80.15
2026-10-22,Uranus,2026-10-22T02:30:00+05:30,80.09,143.46,2026-10-22T02:30:00+05:30,80.09,excellent,overnight,-56.03,2026-10-22T02:30:00+05:30,80.09
2026-10-22,Neptune,2026-10-22T22:30:00+05:30,78.33,152.95,2026-10-22T22:30:00+05:30,78.33,excellent,overnight,-65.16,2026-10-22T22:30:00+05:30,78.33
2026-10-23,Mercury,2026-10-23T18:30:00+05:30,9.54,21.02,2026-10-23T18:30:00+05:30,9.54,poor,evening,-6.76,2026-10-23T13:30:00+05:30,57.79
2026-10-23,Venus,2026-10-23T06:00:00+05:30,-5.49,6.94,2026-10-23T06:00:00+05:30,-5.49,not visible,predawn,-4.92,2026-10-23T12:00:00+05:30,60.53
2026-10-23,Mars,2026-10-23T06:00:00+05:30,67.56,75.65,2026-10-23T06:00:00+05:30,67.56,excellent,predawn,-4.92,2026-10-23T07:30:00+05:30,83.27
2026-10-23,Jupiter,2026-10-23T06:00:00+05:30,59.66,66.49,2026-10-23T06:00:00+05:30,59.66,excellent,predawn,-4.92,2026-10-23T08:00:00+05:30,86.72
2026-10-23,Saturn,2026-10-23T23:00:00+05:30,80.15,159.35,2026-10-23T23:00:00+05:30,80.15,excellent,overnight,-72.56,2026-10-23T23:00:00+05:30,80.15
2026-10-23,Uranus,2026-10-23T02:30:00+05:30,80.23,144.49,2026-10-23T02:30:00+05:30,80.23,excellent,overnight,-56.02,2026-10-23T02:30:00+05:30,80.23
2026-10-23,Neptune,2026-10-23T22:30:00+05:30,78.34,151.93,2026-10-23T22:30:00+05:30,78.34,excellent,overnight,-65.21,2026-10-23T22:30:00+05:30,78.34
2026-10-24,Mercury,2026-10-24T18:30:00+05:30,8.72,20.05,2026-10-24T18:30:00+05:30,8.72,poor,evening,-6.86,2026-10-24T13:30:00+05:30,57.83
2026-10-24,Venus,2026-10-24T06:00:00+05:30,-4.01,6.54,2026-10-24T06:00:00+05:30,-4.01,not visible,predawn,-4.95,2026-10-24T12:00:00+05:30,60.95
2026-10-24,Mars,2026-10-24T06:00:00+05:30,68.01,76.12,2026-10-24T06:00:00+05:30,68.01,excellent,predawn,-4.95,2026-10-24T07:30:00+05:30,83.36
2026-10-24,Jupiter,2026-10-24T06:00:00+05:30,60.49,67.34,2026-10-24T06:00:00+05:30,60.49,excellent,predawn,-4.95,2026-10-24T08:00:00+05:30,86.88
2026-10-24,Saturn,2026-10-24T23:00:00+05:30,80.04,158.29,2026-10-24T23:00:00+05:30,80.04,excellent,overnight,-72.59,2026-10-24T23:00:00+05:30,80.04
2026-10-24,Uranus,2026-10-24T02:30:00+05:30,80.29,145.52,2026-10-24T02:30:00+05:30,80.29,excellent,overnight,-56.0,2026-10-24T02:30:00+05:30,80.29
2026-10-24,Neptune,2026-10-24T22:30:00+05:30,78.27,150.91,2026-10-24T22:30:00+05:30,78.27,excellent,overnight,-65.25,2026-10-24T22:30:00+05:30,78.27
2026-10-25,Mercury,2026-10-25T18:30:00+05:30,7.8,18.96,2026-10-25T18:30:00+05:30,7.8,poor,evening,-6.95,2026-10-25T13:30:00+05:30,57.91
2026-10-25,Venus,2026-10-25T06:00:00+05:30,-2.51,6.51,2026-10-25T06:00:00+05:30,-2.51,not visible,predawn,-4.98,2026-10-25T12:00:00+05:30,61.31
2026-10-25,Mars,2026-10-25T06:00:00+05:30,68.46,76.59,2026-10-25T06:00:00+05:30,68.46,excellent,predawn,-4.98,2026-10-25T07:30:00+05:30,83.43
2026-10-25,Jupiter,2026-10-25T06:00:00+05:30,61.31,68.2,2026-10-25T06:00:00+05:30,61.31,excellent,predawn,-4.98,2026-10-25T08:00:00+05:30,86.82
2026-10-25,Saturn,2026-10-25T23:00:00+05:30,79.82,157.24,2026-10-25T23:00:00+05:30,79.82,excellent,overnight,-72.61,2026-10-25T23:00:00+05:30,79.82
2026-10-25,Uranus,2026-10-25T02:30:00+05:30,80.24,146.55,2026-10-25T02:30:00+05:30,80.24,excellent,overnight,-55.99,2026-10-25T02:30:00+05:30,80.24
2026-10-25,Neptune,2026-10-25T22:30:00+05:30,78.11,149.9,2026-10-25T22:30:00+05:30,78.11,excellent,overnight,-65.29,2026-10-25T22:30:00+05:30,78.11
2026-10-26,Mercury,2026-10-26T18:30:00+05:30,6.77,17.71,2026-10-26T18:30:00+05:30,6.77,poor,evening,-7.03,2026-10-26T13:30:00+05:30,58.0
2026-10-26,Venus,2026-10-26T06:00:00+05:30,-1.03,6.86,2026-10-26T06:00:00+05:30,-1.03,not visible,predawn,-5.02,2026-10-26T12:00:00+05:30,61.6
2026-10-26,Mars,2026-10-26T06:00:00+05:30,68.91,77.06,2026-10-26T06:00:00+05:30,68.91,excellent,predawn,-5.02,2026-10-26T07:30:00+05:30,83.46
2026-10-26,Jupiter,2026-10-26T06:00:00+05:30,62.14,69.06,2026-10-26T06:00:00+05:30,62.14,excellent,predawn,-5.02,2026-10-26T08:00:00+05:30,86.56
2026-10-26,Saturn,2026-10-26T23:00:00+05:30,79.5,156.18,2026-10-26T23:00:00+05:30,79.5,excellent,overnight,-72.63,2026-10-26T23:00:00+05:30,79.5
2026-10-26,Uranus,2026-10-26T02:30:00+05:30,80.1,147.57,2026-10-26T02:30:00+05:30,80.1,excellent,overnight,-55.97,2026-10-26T02:30:00+05:30,80.1
2026-10-26,Neptune,2026-10-26T22:30:00+05:30,77.87,148.88,2026-10-26T22:30:00+05:30,77.87,excellent,overnight,-65.31,2026-10-26T22:30:00+05:30,77.87
2026-10-27,Mercury,2026-10-27T18:30:00+05:30,5.61,16.32,2026-10-27T18:30:00+05:30,5.61,poor,evening,-7.11,2026-10-27T13:00:00+05:30,58.22
2026-10-27,Venus,2026-10-27T06:00:00+05:30,0.46,7.54,2026-10-27T06:00:00+05:30,0.46,poor,predawn,-5.05,2026-10-27T11:30:00+05:30,61.94
2026-10-27,Mars,2026-10-27T06:00:00+05:30,69.37,77.53,2026-10-27T06:00:00+05:30,69.37,excellent,predawn,-5.05,2026-10-27T07:30:00+05:30,83.46
2026-10-27,Jupiter,2026-10-27T06:00:00+05:30,62.97,69.92,2026-10-27T06:00:00+05:30,62.97,excellent,predawn,-5.05,2026-10-27T08:00:00+05:30,86.13
2026-10-27,Saturn,2026-10-27T22:30:00+05:30,79.62,155.14,2026-10-27T22:30:00+05:30,79.62,excellent,overnight,-65.33,2026-10-27T22:30:00+05:30,79.62
2026-10-27,Uranus,2026-10-27T02:30:00+05:30,79.86,148.6,2026-10-27T02:30:00+05:30,79.86,excellent,overnight,-55.95,2026-10-27T02:30:00+05:30,79.86
2026-10-27,Neptune,2026-10-27T22:00:00+05:30,77.87,147.88,2026-10-27T22:00:00+05:30,77.87,excellent,overnight,-58.02,2026-10-27T22:00:00+05:30,77.87
2026-10-28,Mercury,2026-10-28T18:30:00+05:30,4.33,14.76,2026-10-28T18:30:00+05:30,4.33,poor,evening,-7.19,2026-10-28T13:00:00+05:30,58.64
2026-10-28,Venus,2026-10-28T06:00:00+05:30,1.93,8.46,2026-10-28T06:00:00+05:30,1.93,poor,predawn,-5.09,2026-10-28T11:30:00+05:30,62.48
2026-10-28,Mars,2026-10-28T06:00:00+05:30,69.83,78.01,2026-10-28T06:00:00+05:30,69.83,excellent,predawn,-5.09,2026-10-28T07:30:00+05:30,83.43
2026-10-28,Jupiter,2026-10-28T06:00:00+05:30,63.8,70.79,2026-10-28T06:00:00+05:30,63.8,excellent,predawn,-5.09,2026-10-28T08:00:00+05:30,85.58
2026-10-28,Saturn,2026-10-28T22:30:00+05:30,79.84,154.08,2026-10-28T22:30:00+05:30,79.84,excellent,overnight,-65.34,2026-10-28T22:30:00+05:30,79.84
2026-10-28,Uranus,2026-10-28T02:00:00+05:30,79.77,149.61,2026-10-28T02:00:00+05:30,79.77,excellent,overnight,-63.25,2026-10-28T02:00:00+05:30,79.77
2026-10-28,Neptune,2026-10-28T22:00:00+05:30,78.09,146.86,2026-10-28T22:00:00+05:30,78.09,excellent,overnight,-58.04,2026-10-28T22:00:00+05:30,78.09
2026-10-29,Mercury,2026-10-29T18:30:00+05:30,2.93,13.06,2026-10-29T18:30:00+05:30,2.93,poor,evening,-7.27,2026-10-29T13:00:00+05:30,59.07
2026-10-29,Venus,2026-10-29T06:00:00+05:30,3.39,9.54,2026-10-29T06:00:00+05:30,3.39,poor,predawn,-5.13,2026-10-29T11:30:00+05:30,62.95
2026-10-29,Mars,2026-10-29T06:00:00+05:30,70.3,78.5,2026-10-29T06:00:00+05:30,70.3,excellent,predawn,-5.13,2026-10-29T07:30:00+05:30,83.36
2026-10-29,Jupiter,2026-10-29T06:00:00+05:30,64.63,71.66,2026-10-29T06:00:00+05:30,64.63,excellent,predawn,-5.13,2026-10-29T07:30:00+05:30,85.66
2026-10-29,Saturn,2026-10-29T22:30:00+05:30,79.96,153.03,2026-10-29T22:30:00+05:30,79.96,excellent,overnight,-65.34,2026-10-29T22:30:00+05:30,79.96
2026-10-29,Uranus,2026-10-29T02:00:00+05:30,80.05,150.65,2026-10-29T02:00:00+05:30,80.05,excellent,overnight,-63.22,2026-10-29T02:00:00+05:30,80.05
2026-10-29,Neptune,2026-10-29T22:00:00+05:30,78.23,145.84,2026-10-29T22:00:00+05:30,78.23,excellent,overnight,-58.06,2026-10-29T22:00:00+05:30,78.23
2026-10-30,Mercury,2026-10-30T18:30:00+05:30,1.39,11.19,2026-10-30T18:30:00+05:30,1.39,poor,evening,-7.34,2026-10-30T13:00:00+05:30,59.48
2026-10-30,Venus,2026-10-30T06:00:00+05:30,4.83,10.72,2026-10-30T06:00:00+05:30,4.83,poor,predawn,-5.18,2026-10-30T11:30:00+05:30,63.34
2026-10-30,Mars,2026-10-30T06:00:00+05:30,70.77,78.98,2026-10-30T06:00:00+05:30,70.77,excellent,predawn,-5.18,2026-10-30T07:30:00+05:30,83.26
2026-10-30,Jupiter,2026-10-30T06:00:00+05:30,65.47,72.53,2026-10-30T06:00:00+05:30,65.47,excellent,predawn,-5.18,2026-10-30T07:30:00+05:30,86.27
2026-10-30,Saturn,2026-10-30T22:30:00+05:30,79.98,151.97,2026-10-30T22:30:00+05:30,79.98,excellent,overnight,-65.34,2026-10-30T22:30:00+05:30,79.98
2026-10-30,Uranus,2026-10-30T02:00:00+05:30,80.23,151.68,2026-10-30T02:00:00+05:30,80.23,excellent,overnight,-63.19,2026-10-30T02:00:00+05:30,80.23
2026-10-30,Neptune,2026-10-30T22:00:00+05:30,78.28,144.82,2026-10-30T22:00:00+05:30,78.28,excellent,overnight,-58.07,2026-10-30T22:00:00+05:30,78.28
2026-10-31,Mercury,2026-10-31T18:30:00+05:30,-0.26,9.19,2026-10-31T18:30:00+05:30,-0.26,not visible,evening,-7.4,2026-10-31T13:00:00+05:30,59.84
2026-10-31,Venus,2026-10-31T06:00:00+05:30,6.25,11.98,2026-10-31T06:00:00+05:30,6.25,poor,predawn,-5.22,2026-10-31T11:30:00+05:30,63.65
2026-10-31,Mars,2026-10-31T06:00:00+05:30,71.24,79.48,2026-10-31T06:00:00+05:30,71.24,excellent,predawn,-5.22,2026-10-31T07:00:00+05:30,83.45
2026-10-31,Jupiter,2026-10-31T06:00:00+05:30,66.3,73.4,2026-10-31T06:00:00+05:30,66.3,excellent,predawn,-5.22,2026-10-31T07:30:00+05:30,86.77
2026-10-31,Saturn,2026-10-31T22:30:00+05:30,79.89,150.91,2026-10-31T22:30:00+05:30,79.89,excellent,overnight,-65.33,2026-10-31T22:30:00+05:30,79.89
2026-10-31,Uranus,2026-10-31T02:00:00+05:30,80.32,152.72,2026-10-31T02:00:00+05:30,80.32,excellent,overnight,-63.17,2026-10-31T02:00:00+05:30,80.32
2026-10-31,Neptune,2026-10-31T22:00:00+05:30,78.25,143.8,2026-10-31T22:00:00+05:30,78.25,excellent,overnight,-58.07,2026-10-31T22:00:00+05:30,78.25
2026-11-01,Mercury,2026-11-01T18:30:00+05:30,-2.01,7.06,2026-11-01T18:30:00+05:30,-2.01,not visible,evening,-7.46,2026-11-01T12:30:00+05:30,60.55
2026-11-01,Venus,2026-11-01T06:00:00+05:30,7.64,13.27,2026-11-01T06:00:00+05:30,7.64,poor,predawn,-5.27,2026-11-01T11:00:00+05:30,63.92
2026-11-01,Mars,2026-11-01T06:00:00+05:30,71.72,79.97,2026-11-01T06:00:00+05:30,71.72,excellent,predawn,-5.27,2026-11-01T07:00:00+05:30,83.8
2026-11-01,Jupiter,2026-11-01T06:00:00+05:30,67.14,74.28,2026-11-01T06:00:00+05:30,67.14,excellent,predawn,-5.27,2026-11-01T07:30:00+05:30,87.11
2026-11-01,Saturn,2026-11-01T22:30:00+05:30,79.7,149.85,2026-11-01T22:30:00+05:30,79.7,excellent,overnight,-65.31,2026-11-01T22:30:00+05:30,79.7
2026-11-01,Uranus,2026-11-01T02:00:00+05:30,80.31,153.75,2026-11-01T02:00:00+05:30,80.31,excellent,overnight,-63.14,2026-11-01T02:00:00+05:30,80.31
2026-11-01,Neptune,2026-11-01T22:00:00+05:30,78.13,142.78,2026-11-01T22:00:00+05:30,78.13,excellent,overnight,-58.07,2026-11-01T22:00:00+05:30,78.13
2026-11-02,Mercury,2026-11-02T18:30:00+05:30,-3.85,4.84,2026-11-02T18:30:00+05:30,-3.85,not visible,evening,-7.52,2026-11-02T12:30:00+05:30,61.26
2026-11-02,Venus,2026-11-02T06:00:00+05:30,9.01,14.58,2026-11-02T06:00:00+05:30,9.01,poor,predawn,-5.32,2026-11-02T11:00:00+05:30,64.47
2026-11-02,Mars,2026-11-02T06:00:00+05:30,72.2,80.47,2026-11-02T06:00:00+05:30,72.2,excellent,predawn,-5.32,2026-11-02T07:00:00+05:30,84.12
2026-11-02,Jupiter,2026-11-02T06:00:00+05:30,67.99,75.16,2026-11-02T06:00:00+05:30,67.99,excellent,predawn,-5.32,2026-11-02T07:30:00+05:30,87.23
2026-11-02,Saturn,2026-11-02T22:30:00+05:30,79.4,148.79,2026-11-02T22:30:00+05:30,79.4,excellent,overnight,-65.29,2026-11-02T22:30:00+05:30,79.4
2026-11-02,Uranus,2026-11-02T02:00:00+05:30,80.2,154.79,2026-11-02T02:00:00+05:30,80.2,excellent,overnight,-63.11,2026-11-02T02:00:00+05:30,80.2
2026-11-02,Neptune,2026-11-02T22:00:00+05:30,77.93,141.76,2026-11-02T22:00:00+05:30,77.93,excellent,overnight,-58.06,2026-11-02T22:00:00+05:30,77.93
2026-11-03,Mercury,2026-11-03T18:30:00+05:30,-5.76,2.55,2026-11-03T18:30:00+05:30,-5.76,not visible,evening,-7.58,2026-11-03T12:30:00+05:30,61.87
2026-11-03,Venus,2026-11-03T06:00:00+05:30,10.35,15.89,2026-11-03T06:00:00+05:30,10.35,poor,predawn,-5.38,2026-11-03T11:00:00+05:30,64.95
2026-11-03,Mars,2026-11-03T06:00:00+05:30,72.68,80.97,2026-11-03T06:00:00+05:30,72.68,excellent,predawn,-5.38,2026-11-03T07:00:00+05:30,84.43
2026-11-03,Jupiter,2026-11-03T06:00:00+05:30,68.83,76.04,2026-11-03T06:00:00+05:30,68.83,excellent,predawn,-5.38,2026-11-03T07:30:00+05:30,87.09
2026-11-03,Saturn,2026-11-03T22:00:00+05:30,79.4,147.76,2026-11-03T22:00:00+05:30,79.4,excellent,overnight,-58.04,2026-11-03T22:00:00+05:30,79.4
2026-11-03,Uranus,2026-11-03T02:00:00+05:30,80.0,155.83,2026-11-03T02:00:00+05:30,80.0,excellent,overnight,-63.09,2026-11-03T02:00:00+05:30,80.0
2026-11-03,Neptune,2026-11-03T21:30:00+05:30,77.68,140.76,2026-11-03T21:30:00+05:30,77.68,excellent,evening,-50.81,2026-11-03T21:30:00+05:30,77.68
2026-11-04,Mercury,2026-11-04T06:00:00+05:30,-6.68,1.46,2026-11-04T06:00:00+05:30,-6.68,not visible,predawn,-5.43,2026-11-04T12:00:00+05:30,62.47
2026-11-04,Venus,2026-11-04T06:00:00+05:30,11.66,17.2,2026-11-04T06:00:00+05:30,11.66,poor,predawn,-5.43,2026-11-04T11:00:00+05:30,65.35
2026-11-04,Mars,2026-11-04T06:00:00+05:30,73.17,81.48,2026-11-04T06:00:00+05:30,73.17,excellent,predawn,-5.43,2026-11-04T07:00:00+05:30,84.71
2026-11-04,Jupiter,2026-11-04T06:00:00+05:30,69.68,76.93,2026-11-04T06:00:00+05:30,69.68,excellent,predawn,-5.43,2026-11-04T07:30:00+05:30,86.73
2026-11-04,Saturn,2026-11-04T22:00:00+05:30,79.65,146.7,2026-11-04T22:00:00+05:30,79.65,excellent,overnight,-58.02,2026-11-04T22:00:00+05:30,79.65
2026-11-04,Uranus,2026-11-04T02:00:00+05:30,79.7,156.86,2026-11-04T02:00:00+05:30,79.7,excellent,overnight,-63.06,2026-11-04T02:00:00+05:30,79.7
2026-11-04,Neptune,2026-11-04T21:30:00+05:30,77.94,139.74,2026-11-04T21:30:00+05:30,77.94,excellent,evening,-50.8,2026-11-04T21:30:00+05:30,77.94
2026-11-05,Mercury,2026-11-05T06:00:00+05:30,-4.5,1.0,2026-11-05T06:00:00+05:30,-4.5,not visible,predawn,-5.49,2026-11-05T12:00:00+05:30,63.36
2026-11-05,Venus,2026-11-05T06:00:00+05:30,12.93,18.49,2026-11-05T06:00:00+05:30,12.93,poor,predawn,-5.49,2026-11-05T11:00:00+05:30,65.67
2026-11-05,Mars,2026-11-05T06:00:00+05:30,73.67,81.99,2026-11-05T06:00:00+05:30,73.67,excellent,predawn,-5.49,2026-11-05T07:00:00+05:30,84.95
2026-11-05,Jupiter,2026-11-05T06:00:00+05:30,70.52,77.82,2026-11-05T06:00:00+05:30,70.52,excellent,predawn,-5.49,2026-11-05T07:30:00+05:30,86.2
2026-11-05,Saturn,2026-11-05T22:00:00+05:30,79.79,145.65,2026-11-05T22:00:00+05:30,79.79,excellent,overnight,-58.0,2026-11-05T22:00:00+05:30,79.79
2026-11-05,Uranus,2026-11-05T01:30:00+05:30,80.01,157.88,2026-11-05T01:30:00+05:30,80.01,excellent,overnight,-70.19,2026-11-05T01:30:00+05:30,80.01
2026-11-05,Neptune,2026-11-05T21:30:00+05:30,78.12,138.72,2026-11-05T21:30:00+05:30,78.12,excellent,evening,-50.79,2026-11-05T21:30:00+05:30,78.12
2026-11-06,Mercury,2026-11-06T06:00:00+05:30,-2.34,3.25,2026-11-06T06:00:00+05:30,-2.34,not visible,predawn,-5.55,2026-11-06T12:00:00+05:30,64.08
2026-11-06,Venus,2026-11-06T06:00:00+05:30,14.17,19.76,2026-11-06T06:00:00+05:30,14.17,poor,predawn,-5.55,2026-11-06T11:00:00+05:30,65.92
2026-11-06,Mars,2026-11-06T06:00:00+05:30,74.16,82.5,2026-11-06T06:00:00+05:30,74.16,excellent,predawn,-5.55,2026-11-06T07:00:00+05:30,85.16
2026-11-06,Jupiter,2026-11-06T06:00:00+05:30,71.37,78.71,2026-11-06T06:00:00+05:30,71.37,excellent,predawn,-5.55,2026-11-06T07:30:00+05:30,85.57
2026-11-06,Saturn,2026-11-06T22:00:00+05:30,79.83,144.59,2026-11-06T22:00:00+05:30,79.83,excellent,overnight,-57.97,2026-11-06T22:00:00+05:30,79.83
2026-11-06,Uranus,2026-11-06T01:30:00+05:30,80.23,158.92,2026-11-06T01:30:00+05:30,80.23,excellent,overnight,-70.14,2026-11-06T01:30:00+05:30,80.23
2026-11-06,Neptune,2026-11-06T21:30:00+05:30,78.21,137.7,2026-11-06T21:30:00+05:30,78.21,excellent,evening,-50.77,2026-11-06T21:30:00+05:30,78.21
2026-11-07,Mercury,2026-11-07T06:00:00+05:30,-0.25,5.48,2026-11-07T06:00:00+05:30,-0.25,not visible,predawn,-5.61,2026-11-07T12:00:00+05:30,64.6
2026-11-07,Venus,2026-11-07T06:00:00+05:30,15.37,21.01,2026-11-07T06:00:00+05:30,15.37,fair,predawn,-5.61,2026-11-07T10:30:00+05:30,66.15
2026-11-07,Mars,2026-11-07T06:00:00+05:30,74.66,83.02,2026-11-07T06:00:00+05:30,74.66,excellent,predawn,-5.61,2026-11-07T07:00:00+05:30,85.32
2026-11-07,Jupiter,2026-11-07T06:00:00+05:30,72.23,79.6,2026-11-07T06:00:00+05:30,72.23,excellent,predawn,-5.61,2026-11-07T07:00:00+05:30,86.1
2026-11-07,Saturn,2026-11-07T22:00:00+05:30,79.77,143.53,2026-11-07T22:00:00+05:30,79.77,excellent,overnight,-57.93,2026-11-07T22:00:00+05:30,79.77
2026-11-07,Uranus,2026-11-07T01:30:00+05:30,80.35,159.96,2026-11-07T01:30:00+05:30,80.35,excellent,overnight,-70.1,2026-11-07T01:30:00+05:30,80.35
2026-11-07,Neptune,2026-11-07T21:30:00+05:30,78.22,136.68,2026-11-07T21:30:00+05:30,78.22,excellent,evening,-50.75,2026-11-07T21:30:00+05:30,78.22
2026-11-08,Mercury,2026-11-08T06:00:00+05:30,1.74,7.6,2026-11-08T06:00:00+05:30,1.74,poor,predawn,-5.68,2026-11-08T11:30:00+05:30,65.29
2026-11-08,Venus,2026-11-08T06:00:00+05:30,16.53,22.22,2026-11-08T06:00:00+05:30,16.53,fair,predawn,-5.68,2026-11-08T10:30:00+05:30,66.62
2026-11-08,Mars,2026-11-08T06:00:00+05:30,75.17,83.54,2026-11-08T06:00:00+05:30,75.17,excellent,predawn,-5.68,2026-11-08T07:00:00+05:30,85.43
2026-11-08,Jupiter,2026-11-08T06:00:00+05:30,73.08,80.5,2026-11-08T06:00:00+05:30,73.08,excellent,predawn,-5.68,2026-11-08T07:00:00+05:30,86.72
2026-11-08,Saturn,2026-11-08T22:00:00+05:30,79.61,142.48,2026-11-08T22:00:00+05:30,79.61,excellent,overnight,-57.89,2026-11-08T22:00:00+05:30,79.61
2026-11-08,Uranus,2026-11-08T01:30:00+05:30,80.38,161.01,2026-11-08T01:30:00+05:30,80.38,excellent,overnight,-70.05,2026-11-08T01:30:00+05:30,80.38
2026-11-08,Neptune,2026-11-08T21:30:00+05:30,78.15,135.66,2026-11-08T21:30:00+05:30,78.15,excellent,evening,-50.72,2026-11-08T21:30:00+05:30,78.15
2026-11-09,Mercury,2026-11-09T06:00:00+05:30,3.59,9.58,2026-11-09T06:00:00+05:30,3.59,poor,predawn,-5.75,2026-11-09T11:30:00+05:30,65.98
2026-11-09,Venus,2026-11-09T06:00:00+05:30,17.66,23.41,2026-11-09T06:00:00+05:30,17.66,fair,predawn,-5.75,2026-11-09T10:30:00+05:30,67.02
2026-11-09,Mars,2026-11-09T06:00:00+05:30,75.68,84.07,2026-11-09T06:00:00+05:30,75.68,excellent,predawn,-5.75,2026-11-09T07:00:00+05:30,85.48
2026-11-09,Jupiter,2026-11-09T06:00:00+05:30,73.94,81.4,2026-11-09T06:00:00+05:30,73.94,excellent,predawn,-5.75,2026-11-09T07:00:00+05:30,87.2
2026-11-09,Saturn,2026-11-09T22:00:00+05:30,79.35,141.42,2026-11-09T22:00:00+05:30,79.35,excellent,overnight,-57.84,2026-11-09T22:00:00+05:30,79.35
2026-11-09,Uranus,2026-11-09T01:30:00+05:30,80.3,162.05,2026-11-09T01:30:00+05:30,80.3,excellent,overnight,-70.0,2026-11-09T01:30:00+05:30,80.3
2026-11-09,Neptune,2026-11-09T21:30:00+05:30,77.99,134.64,2026-11-09T21:30:00+05:30,77.99,excellent,evening,-50.69,2026-11-09T21:30:00+05:30,77.99
2026-11-10,Mercury,2026-11-10T06:00:00+05:30,5.28,11.39,2026-11-10T06:00:00+05:30,5.28,poor,predawn,-5.82,2026-11-10T11:30:00+05:30,66.47
2026-11-10,Venus,2026-11-10T06:00:00+05:30,18.74,24.56,2026-11-10T06:00:00+05:30,18.74,fair,predawn,-5.82,2026-11-10T10:30:00+05:30,67.35
2026-11-10,Mars,2026-11-10T06:00:00+05:30,76.19,84.6,2026-11-10T06:00:00+05:30,76.19,excellent,predawn,-5.82,2026-11-10T07:00:00+05:30,85.48
2026-11-10,Jupiter,2026-11-10T06:00:00+05:30,74.8,82.31,2026-11-10T06:00:00+05:30,74.8,excellent,predawn,-5.82,2026-11-10T07:00:00+05:30,87.48
2026-11-10,Saturn,2026-11-10T21:30:00+05:30,79.2,140.39,2026-11-10T21:30:00+05:30,79.2,excellent,evening,-50.65,2026-11-10T21:30:00+05:30,79.2
2026-11-10,Uranus,2026-11-10T01:30:00+05:30,80.13,163.09,2026-11-10T01:30:00+05:30,80.13,excellent,overnight,-69.95,2026-11-10T01:30:00+05:30,80.13
2026-11-10,Neptune,2026-11-10T21:30:00+05:30,77.76,133.61,2026-11-10T21:30:00+05:30,77.76,excellent,evening,-50.65,2026-11-10T21:30:00+05:30,77.76
2026-11-11,Mercury,2026-11-11T06:00:00+05:30,6.8,13.02,2026-11-11T06:00:00+05:30,6.8,poor,predawn,-5.89,2026-11-11T11:30:00+05:30,66.77
2026-11-11,Venus,2026-11-11T06:00:00+05:30,19.79,25.68,2026-11-11T06:00:00+05:30,19.79,fair,predawn,-5.89,2026-11-11T10:30:00+05:30,67.62
2026-11-11,Mars,2026-11-11T06:00:00+05:30,76.71,85.14,2026-11-11T06:00:00+05:30,76.71,excellent,predawn,-5.89,2026-11-11T07:00:00+05:30,85.41
2026-11-11,Jupiter,2026-11-11T06:00:00+05:30,75.66,83.21,2026-11-11T06:00:00+05:30,75.66,excellent,predawn,-5.89,2026-11-11T07:00:00+05:30,87.47
2026-11-11,Saturn,2026-11-11T21:30:00+05:30,79.46,139.34,2026-11-11T21:30:00+05:30,79.46,excellent,evening,-50.61,2026-11-11T21:30:00+05:30,79.46
2026-11-11,Uranus,2026-11-11T01:30:00+05:30,79.86,164.14,2026-11-11T01:30:00+05:30,79.86,excellent,overnight,-69.9,2026-11-11T01:30:00+05:30,79.86
2026-11-11,Neptune,2026-11-11T21:00:00+05:30,77.77,132.61,2026-11-11T21:00:00+05:30,77.77,excellent,evening,-43.46,2026-11-11T21:00:00+05:30,77.77
2026-11-12,Mercury,2026-11-12T06:00:00+05:30,8.12,14.45,2026-11-12T06:00:00+05:30,8.12,poor,predawn,-5.96,2026-11-12T11:30:00+05:30,66.92
2026-11-12,Venus,2026-11-12T06:00:00+05:30,20.79,26.77,2026-11-12T06:00:00+05:30,20.79,fair,predawn,-5.96,2026-11-12T10:30:00+05:30,67.82
2026-11-12,Mars,2026-11-12T06:00:00+05:30,77.23,85.68,2026-11-12T06:00:00+05:30,77.23,excellent,predawn,-5.96,2026-11-12T07:00:00+05:30,85.28
2026-11-12,Jupiter,2026-11-12T06:00:00+05:30,76.52,84.12,2026-11-12T06:00:00+05:30,76.52,excellent,predawn,-5.96,2026-11-12T07:00:00+05:30,87.17
2026-11-12,Saturn,2026-11-12T21:30:00+05:30,79.63,138.29,2026-11-12T21:30:00+05:30,79.63,excellent,evening,-50.56,2026-11-12T21:30:00+05:30,79.63
2026-11-12,Uranus,2026-11-12T01:00:00+05:30,79.97,165.16,2026-11-12T01:00:00+05:30,79.97,excellent,overnight,-76.55,2026-11-12T01:00:00+05:30,79.97
2026-11-12,Neptune,2026-11-12T21:00:00+05:30,77.99,131.59,2026-11-12T21:00:00+05:30,77.99,excellent,evening,-43.43,2026-11-12T21:00:00+05:30,77.99
2026-11-13,Mercury,2026-11-13T06:00:00+05:30,9.26,15.69,2026-11-13T06:00:00+05:30,9.26,poor,predawn,-6.04,2026-11-13T11:00:00+05:30,67.24
2026-11-13,Venus,2026-11-13T06:00:00+05:30,21.76,27.81,2026-11-13T06:00:00+05:30,21.76,fair,predawn,-6.04,2026-11-13T10:30:00+05:30,67.97
2026-11-13,Mars,2026-11-13T06:00:00+05:30,77.75,86.22,2026-11-13T06:00:00+05:30,77.75,excellent,predawn,-6.04,2026-11-13T07:00:00+05:30,85.1
2026-11-13,Jupiter,2026-11-13T06:00:00+05:30,77.38,85.04,2026-11-13T06:00:00+05:30,77.38,excellent,predawn,-6.04,2026-11-13T07:00:00+05:30,86.67
2026-11-13,Saturn,2026-11-13T21:30:00+05:30,79.7,137.24,2026-11-13T21:30:00+05:30,79.7,excellent,evening,-50.51,2026-11-13T21:30:00+05:30,79.7
2026-11-13,Uranus,2026-11-13T01:00:00+05:30,80.22,166.21,2026-11-13T01:00:00+05:30,80.22,excellent,overnight,-76.45,2026-11-13T01:00:00+05:30,80.22
2026-11-13,Neptune,2026-11-13T21:00:00+05:30,78.12,130.57,2026-11-13T21:00:00+05:30,78.12,excellent,evening,-43.39,2026-11-13T21:00:00+05:30,78.12
2026-11-14,Mercury,2026-11-14T06:00:00+05:30,10.21,16.73,2026-11-14T06:00:00+05:30,10.21,poor,predawn,-6.12,2026-11-14T11:00:00+05:30,67.46
2026-11-14,Venus,2026-11-14T06:00:00+05:30,22.69,28.83,2026-11-14T06:00:00+05:30,22.69,fair,predawn,-6.12,2026-11-14T10:30:00+05:30,68.06
2026-11-14,Mars,2026-11-14T06:00:00+05:30,78.28,86.77,2026-11-14T06:00:00+05:30,78.28,excellent,predawn,-6.12,2026-11-14T07:00:00+05:30,84.86
2026-11-14,Jupiter,2026-11-14T06:00:00+05:30,78.24,85.95,2026-11-14T06:00:00+05:30,78.24,excellent,predawn,-6.12,2026-11-14T07:00:00+05:30,86.03
2026-11-14,Saturn,2026-11-14T21:30:00+05:30,79.67,136.19,2026-11-14T21:30:00+05:30,79.67,excellent,evening,-50.45,2026-11-14T21:30:00+05:30,79.67
2026-11-14,Uranus,2026-11-14T01:00:00+05:30,80.38,167.26,2026-11-14T01:00:00+05:30,80.38,excellent,overnight,-76.36,2026-11-14T01:00:00+05:30,80.38
2026-11-14,Neptune,2026-11-14T21:00:00+05:30,78.18,129.55,2026-11-14T21:00:00+05:30,78.18,excellent,evening,-43.35,2026-11-14T21:00:00+05:30,78.18
2026-11-15,Mercury,2026-11-15T06:00:00+05:30,10.99,17.59,2026-11-15T06:00:00+05:30,10.99,poor,predawn,-6.2,2026-11-15T11:00:00+05:30,67.54
2026-11-15,Venus,2026-11-15T06:00:00+05:30,23.58,29.8,2026-11-15T06:00:00+05:30,23.58,fair,predawn,-6.2,2026-11-15T10:00:00+05:30,68.33
2026-11-15,Mars,2026-11-15T06:00:00+05:30,78.82,87.32,2026-11-15T06:00:00+05:30,78.82,excellent,predawn,-6.2,2026-11-15T06:30:00+05:30,85.13
2026-11-15,Jupiter,2026-11-15T06:00:00+05:30,79.11,86.87,2026-11-15T06:00:00+05:30,79.11,excellent,predawn,-6.2,2026-11-15T06:30:00+05:30,85.95
2026-11-15,Saturn,2026-11-15T21:30:00+05:30,79.55,135.14,2026-11-15T21:30:00+05:30,79.55,excellent,evening,-50.39,2026-11-15T21:30:00+05:30,79.55
2026-11-15,Uranus,2026-11-15T01:00:00+05:30,80.43,168.3,2026-11-15T01:00:00+05:30,80.43,excellent,overnight,-76.27,2026-11-15T01:00:00+05:30,80.43
2026-11-15,Neptune,2026-11-15T21:00:00+05:30,78.15,128.53,2026-11-15T21:00:00+05:30,78.15,excellent,evening,-43.3,2026-11-15T21:00:00+05:30,78.15
2026-11-16,Mercury,2026-11-16T06:00:00+05:30,11.59,18.27,2026-11-16T06:00:00+05:30,11.59,poor,predawn,-6.28,2026-11-16T11:00:00+05:30,67.52
2026-11-16,Venus,2026-11-16T06:00:00+05:30,24.43,30.74,2026-11-16T06:00:00+05:30,24.43,fair,predawn,-6.28,2026-11-16T10:00:00+05:30,68.61
2026-11-16,Mars,2026-11-16T06:00:00+05:30,79.35,87.88,2026-11-16T06:00:00+05:30,79.35,excellent,predawn,-6.28,2026-11-16T06:30:00+05:30,85.57
2026-11-16,Jupiter,2026-11-16T06:00:00+05:30,79.97,87.8,2026-11-16T06:00:00+05:30,79.97,excellent,predawn,-6.28,2026-11-16T06:30:00+05:30,86.64
2026-11-16,Saturn,2026-11-16T21:30:00+05:30,79.32,134.09,2026-11-16T21:30:00+05:30,79.32,excellent,evening,-50.33,2026-11-16T21:30:00+05:30,79.32
2026-11-16,Uranus,2026-11-16T01:00:00+05:30,80.39,169.35,2026-11-16T01:00:00+05:30,80.39,excellent,overnight,-76.17,2026-11-16T01:00:00+05:30,80.39
2026-11-16,Neptune,2026-11-16T21:00:00+05:30,78.04,127.51,2026-11-16T21:00:00+05:30,78.04,excellent,evening,-43.25,2026-11-16T21:00:00+05:30,78.04
2026-11-17,Mercury,2026-11-17T06:00:00+05:30,12.04,18.8,2026-11-17T06:00:00+05:30,12.04,poor,predawn,-6.37,2026-11-17T11:00:00+05:30,67.41
2026-11-17,Venus,2026-11-17T06:00:00+05:30,25.24,31.64,2026-11-17T06:00:00+05:30,25.24,good,predawn,-6.37,2026-11-17T10:00:00+05:30,68.84
2026-11-17,Mars,2026-11-17T06:00:00+05:30,79.9,88.44,2026-11-17T06:00:00+05:30,79.9,excellent,predawn,-6.37,2026-11-17T06:30:00+05:30,85.98
2026-11-17,Jupiter,2026-11-17T06:00:00+05:30,80.83,88.72,2026-11-17T06:00:00+05:30,80.83,excellent,predawn,-6.37,2026-11-17T06:30:00+05:30,87.23
2026-11-17,Saturn,2026-11-17T21:30:00+05:30,79.01,133.04,2026-11-17T21:30:00+05:30,79.01,excellent,evening,-50.26,2026-11-17T21:30:00+05:30,79.01
2026-11-17,Uranus,2026-11-17T01:00:00+05:30,80.24,170.4,2026-11-17T01:00:00+05:30,80.24,excellent,overnight,-76.08,2026-11-17T01:00:00+05:30,80.24
2026-11-17,Neptune,2026-11-17T21:00:00+05:30,77.85,126.48,2026-11-17T21:00:00+05:30,77.85,excellent,evening,-43.19,2026-11-17T21:00:00+05:30,77.85
2026-11-18,Mercury,2026-11-18T06:00:00+05:30,12.35,19.18,2026-11-18T06:00:00+05:30,12.35,poor,predawn,-6.46,2026-11-18T11:00:00+05:30,67.22
2026-11-18,Venus,2026-11-18T06:00:00+05:30,26.01,32.5,2026-11-18T06:00:00+05:30,26.01,good,predawn,-6.46,2026-11-18T10:00:00+05:30,69.02
2026-11-18,Mars,2026-11-18T06:00:00+05:30,80.44,89.01,2026-11-18T06:00:00+05:30,80.44,excellent,predawn,-6.46,2026-11-18T06:30:00+05:30,86.36
2026-11-18,Jupiter,2026-11-18T06:00:00+05:30,81.69,89.65,2026-11-18T06:00:00+05:30,81.69,excellent,predawn,-6.46,2026-11-18T06:30:00+05:30,87.62
2026-11-18,Saturn,2026-11-18T21:00:00+05:30,79.28,132.02,2026-11-18T21:00:00+05:30,79.28,excellent,evening,-43.13,2026-11-18T21:00:00+05:30,79.28
2026-11-18,Uranus,2026-11-18T01:00:00+05:30,80.0,171.45,2026-11-18T01:00:00+05:30,80.0,excellent,overnight,-75.99,2026-11-18T01:00:00+05:30,80.0
2026-11-18,Neptune,2026-11-18T20:30:00+05:30,77.59,125.48,2026-11-18T20:30:00+05:30,77.59,excellent,evening,-36.06,2026-11-18T20:30:00+05:30,77.59
2026-11-19,Mercury,2026-11-19T06:00:00+05:30,12.54,19.44,2026-11-19T06:00:00+05:30,12.54,poor,predawn,-6.55,2026-11-19T11:00:00+05:30,66.97
2026-11-19,Venus,2026-11-19T06:00:00+05:30,26.75,33.34,2026-11-19T06:00:00+05:30,26.75,good,predawn,-6.55,2026-11-19T10:00:00+05:30,69.16
2026-11-19,Mars,2026-11-19T06:00:00+05:30,80.99,89.58,2026-11-19T06:00:00+05:30,80.99,excellent,predawn,-6.55,2026-11-19T06:30:00+05:30,86.7
2026-11-19,Jupiter,2026-11-19T06:00:00+05:30,82.55,90.58,2026-11-19T06:00:00+05:30,82.55,excellent,predawn,-6.55,2026-11-19T06:30:00+05:30,87.72
2026-11-19,Saturn,2026-11-19T21:00:00+05:30,79.49,130.98,2026-11-19T21:00:00+05:30,79.49,excellent,evening,-43.07,2026-11-19T21:00:00+05:30,79.49
2026-11-19,Uranus,2026-11-19T00:30:00+05:30,79.92,172.48,2026-11-19T00:30:00+05:30,79.92,excellent,overnight,-80.82,2026-11-19T00:30:00+05:30,79.92
2026-11-19,Neptune,2026-11-19T20:30:00+05:30,77.84,124.46,2026-11-19T20:30:00+05:30,77.84,excellent,evening,-36.01,2026-11-19T20:30:00+05:30,77.84
2026-11-20,Mercury,2026-11-20T06:00:00+05:30,12.61,19.58,2026-11-20T06:00:00+05:30,12.61,poor,predawn,-6.64,2026-11-20T11:00:00+05:30,66.67
2026-11-20,Venus,2026-11-20T06:00:00+05:30,27.45,34.13,2026-11-20T06:00:00+05:30,27.45,good,predawn,-6.64,2026-11-20T10:00:00+05:30,69.25
2026-11-20,Mars,2026-11-20T06:00:00+05:30,81.55,90.16,2026-11-20T06:00:00+05:30,81.55,excellent,predawn,-6.64,2026-11-20T06:30:00+05:30,86.97
2026-11-20,Jupiter,2026-11-20T06:00:00+05:30,83.4,91.52,2026-11-20T06:00:00+05:30,83.4,excellent,predawn,-6.64,2026-11-20T06:30:00+05:30,87.48
2026-11-20,Saturn,2026-11-20T21:00:00+05:30,79.59,129.93,2026-11-20T21:00:00+05:30,79.59,excellent,evening,-43.0,2026-11-20T21:00:00+05:30,79.59
2026-11-20,Uranus,2026-11-20T00:30:00+05:30,80.21,173.53,2026-11-20T00:30:00+05:30,80.21,excellent,overnight,-80.64,2026-11-20T00:30:00+05:30,80.21
2026-11-20,Neptune,2026-11-20T20:30:00+05:30,78.02,123.44,2026-11-20T20:30:00+05:30,78.02,excellent,evening,-35.95,2026-11-20T20:30:00+05:30,78.02
2026-11-21,Mercury,2026-11-21T06:00:00+05:30,12.58,19.62,2026-11-21T06:00:00+05:30,12.58,poor,predawn,-6.73,2026-11-21T11:00:00+05:30,66.33
2026-11-21,Venus,2026-11-21T06:00:00+05:30,28.12,34.89,2026-11-21T06:00:00+05:30,28.12,good,predawn,-6.73,2026-11-21T10:00:00+05:30,69.3
2026-11-21,Mars,2026-11-21T06:00:00+05:30,82.1,90.74,2026-11-21T06:00:00+05:30,82.1,excellent,predawn,-6.73,2026-11-21T06:30:00+05:30,87.15
2026-11-21,Jupiter,2026-11-21T06:00:00+05:30,84.24,92.46,2026-11-21T06:00:00+05:30,84.24,excellent,predawn,-6.73,2026-11-21T06:30:00+05:30,86.98
2026-11-21,Saturn,2026-11-21T21:00:00+05:30,79.6,128.89,2026-11-21T21:00:00+05:30,79.6,excellent,evening,-42.93,2026-11-21T21:00:00+05:30,79.6
2026-11-21,Uranus,2026-11-21T00:30:00+05:30,80.39,174.58,2026-11-21T00:30:00+05:30,80.39,excellent,overnight,-80.47,2026-11-21T00:30:00+05:30,80.39
2026-11-21,Neptune,2026-11-21T20:30:00+05:30,78.12,122.42,2026-11-21T20:30:00+05:30,78.12,excellent,evening,-35.89,2026-11-21T20:30:00+05:30,78.12
2026-11-22,Mercury,2026-11-22T06:00:00+05:30,12.47,19.58,2026-11-22T06:00:00+05:30,12.47,poor,predawn,-6.82,2026-11-22T11:00:00+05:30,65.96
2026-11-22,Venus,2026-11-22T06:00:00+05:30,28.75,35.62,2026-11-22T06:00:00+05:30,28.75,good,predawn,-6.82,2026-11-22T10:00:00+05:30,69.32
2026-11-22,Mars,2026-11-22T06:00:00+05:30,82.66,91.33,2026-11-22T06:00:00+05:30,82.66,excellent,predawn,-6.82,2026-11-22T06:30:00+05:30,87.22
2026-11-22,Jupiter,2026-11-22T06:00:00+05:30,85.07,93.4,2026-11-22T06:00:00+05:30,85.07,excellent,predawn,-6.82,2026-11-22T06:30:00+05:30,86.33
2026-11-22,Saturn,2026-11-22T21:00:00+05:30,79.52,127.85,2026-11-22T21:00:00+05:30,79.52,excellent,evening,-42.86,2026-11-22T21:00:00+05:30,79.52
2026-11-22,Uranus,2026-11-22T00:30:00+05:30,80.48,175.63,2026-11-22T00:30:00+05:30,80.48,excellent,overnight,-80.3,2026-11-22T00:30:00+05:30,80.48
2026-11-22,Neptune,2026-11-22T20:30:00+05:30,78.14,121.4,2026-11-22T20:30:00+05:30,78.14,excellent,evening,-35.83,2026-11-22T20:30:00+05:30,78.14
2026-11-23,Mercury,2026-11-23T06:00:00+05:30,12.28,19.46,2026-11-23T06:00:00+05:30,12.28,poor,predawn,-6.92,2026-11-23T11:00:00+05:30,65.56
2026-11-23,Venus,2026-11-23T06:00:00+05:30,29.35,36.32,2026-11-23T06:00:00+05:30,29.35,good,predawn,-6.92,2026-11-23T10:00:00+05:30,69.3
2026-11-23,Mars,2026-11-23T06:00:00+05:30,83.23,91.92,2026-11-23T06:00:00+05:30,83.23,excellent,predawn,-6.92,2026-11-23T06:30:00+05:30,87.18
2026-11-23,Jupiter,2026-11-23T06:00:00+05:30,85.86,94.34,2026-11-23T06:00:00+05:30,85.86,excellent,predawn,-6.92,2026-11-23T06:00:00+05:30,85.86
2026-11-23,Saturn,2026-11-23T21:00:00+05:30,79.34,126.81,2026-11-23T21:00:00+05:30,79.34,excellent,evening,-42.78,2026-11-23T21:00:00+05:30,79.34
2026-11-23,Uranus,2026-11-23T00:30:00+05:30,80.47,176.68,2026-11-23T00:30:00+05:30,80.47,excellent,overnight,-80.13,2026-11-23T00:30:00+05:30,80.47
2026-11-23,Neptune,2026-11-23T20:30:00+05:30,78.07,120.38,2026-11-23T20:30:00+05:30,78.07,excellent,evening,-35.76,2026-11-23T20:30:00+05:30,78.07
2026-11-24,Mercury,2026-11-24T06:00:00+05:30,12.02,19.27,2026-11-24T06:00:00+05:30,12.02,poor,predawn,-7.02,2026-11-24T11:00:00+05:30,65.14
2026-11-24,Venus,2026-11-24T06:00:00+05:30,29.91,36.98,2026-11-24T06:00:00+05:30,29.91,good,predawn,-7.02,2026-11-24T10:00:00+05:30,69.25
2026-11-24,Mars,2026-11-24T06:00:00+05:30,83.79,92.52,2026-11-24T06:00:00+05:30,83.79,excellent,predawn,-7.02,2026-11-24T06:30:00+05:30,87.02
2026-11-24,Jupiter,2026-11-24T06:00:00+05:30,86.61,95.29,2026-11-24T06:00:00+05:30,86.61,excellent,predawn,-7.02,2026-11-24T06:00:00+05:30,86.61
2026-11-24,Saturn,2026-11-24T21:00:00+05:30,79.06,125.77,2026-11-24T21:00:00+05:30,79.06,excellent,evening,-42.7,2026-11-24T21:00:00+05:30,79.06
2026-11-24,Uranus,2026-11-24T00:30:00+05:30,80.35,177.73,2026-11-24T00:30:00+05:30,80.35,excellent,overnight,-79.97,2026-11-24T00:30:00+05:30,80.35
2026-11-24,Neptune,2026-11-24T20:30:00+05:30,77.93,119.36,2026-11-24T20:30:00+05:30,77.93,excellent,evening,-35.69,2026-11-24T20:30:00+05:30,77.93
2026-11-25,Mercury,2026-11-25T06:00:00+05:30,11.71,19.03,2026-11-25T06:00:00+05:30,11.71,poor,predawn,-7.12,2026-11-25T11:00:00+05:30,64.7
2026-11-25,Venus,2026-11-25T06:00:00+05:30,30.45,37.61,2026-11-25T06:00:00+05:30,30.45,good,predawn,-7.12,2026-11-25T09:30:00+05:30,69.21
2026-11-25,Mars,2026-11-25T06:00:00+05:30,84.36,93.13,2026-11-25T06:00:00+05:30,84.36,excellent,predawn,-7.12,2026-11-25T06:30:00+05:30,86.76
2026-11-25,Jupiter,2026-11-25T06:00:00+05:30,87.25,96.25,2026-11-25T06:00:00+05:30,87.25,excellent,predawn,-7.12,2026-11-25T06:00:00+05:30,87.25
2026-11-25,Saturn,2026-11-25T20:30:00+05:30,79.11,124.76,2026-11-25T20:30:00+05:30,79.11,excellent,evening,-35.62,2026-11-25T20:30:00+05:30,79.11
2026-11-25,Uranus,2026-11-25T00:30:00+05:30,80.14,178.78,2026-11-25T00:30:00+05:30,80.14,excellent,overnight,-79.81,2026-11-25T00:30:00+05:30,80.14
2026-11-25,Neptune,2026-11-25T20:30:00+05:30,77.7,118.34,2026-11-25T20:30:00+05:30,77.7,excellent,evening,-35.62,2026-11-25T20:30:00+05:30,77.7
2026-11-26,Mercury,2026-11-26T06:00:00+05:30,11.35,18.74,2026-11-26T06:00:00+05:30,11.35,poor,predawn,-7.22,2026-11-26T11:00:00+05:30,64.24
2026-11-26,Venus,2026-11-26T06:00:00+05:30,30.95,38.22,2026-11-26T06:00:00+05:30,30.95,good,predawn,-7.22,2026-11-26T09:30:00+05:30,69.3
2026-11-26,Mars,2026-11-26T06:00:00+05:30,84.93,93.73,2026-11-26T06:00:00+05:30,84.93,excellent,predawn,-7.22,2026-11-26T06:30:00+05:30,86.41
2026-11-26,Jupiter,2026-11-26T06:00:00+05:30,87.72,97.2,2026-11-26T06:00:00+05:30,87.72,excellent,predawn,-7.22,2026-11-26T06:00:00+05:30,87.72
2026-11-26,Saturn,2026-11-26T20:30:00+05:30,79.35,123.72,2026-11-26T20:30:00+05:30,79.35,excellent,evening,-35.54,2026-11-26T20:30:00+05:30,79.35
2026-11-26,Uranus,2026-11-26T00:00:00+05:30,79.87,179.77,2026-11-26T00:00:00+05:30,79.87,excellent,overnight,-79.84,2026-11-26T00:00:00+05:30,79.87
2026-11-26,Neptune,2026-11-26T20:00:00+05:30,77.69,117.34,2026-11-26T20:00:00+05:30,77.69,excellent,evening,-28.55,2026-11-26T20:00:00+05:30,77.69
2026-11-27,Mercury,2026-11-27T06:00:00+05:30,10.94,18.41,2026-11-27T06:00:00+05:30,10.94,poor,predawn,-7.32,2026-11-27T11:00:00+05:30,63.76
2026-11-27,Venus,2026-11-27T06:00:00+05:30,31.43,38.79,2026-11-27T06:00:00+05:30,31.43,good,predawn,-7.32,2026-11-27T09:30:00+05:30,69.35
2026-11-27,Mars,2026-11-27T06:00:00+05:30,85.5,94.35,2026-11-27T06:00:00+05:30,85.5,excellent,predawn,-7.32,2026-11-27T06:30:00+05:30,86.01
2026-11-27,Jupiter,2026-11-27T06:00:00+05:30,87.87,98.16,2026-11-27T06:00:00+05:30,87.87,excellent,predawn,-7.32,2026-11-27T06:00:00+05:30,87.87
2026-11-27,Saturn,2026-11-27T20:30:00+05:30,79.5,122.69,2026-11-27T20:30:00+05:30,79.5,excellent,evening,-35.47,2026-11-27T20:30:00+05:30,79.5
2026-11-27,Uranus,2026-11-27T00:00:00+05:30,80.18,179.12,2026-11-27T00:00:00+05:30,80.18,excellent,overnight,-79.64,2026-11-27T00:00:00+05:30,80.18
2026-11-27,Neptune,2026-11-27T20:00:00+05:30,77.91,116.32,2026-11-27T20:00:00+05:30,77.91,excellent,evening,-28.48,2026-11-27T20:00:00+05:30,77.91
2026-11-28,Mercury,2026-11-28T06:00:00+05:30,10.5,18.05,2026-11-28T06:00:00+05:30,10.5,poor,predawn,-7.43,2026-11-28T11:00:00+05:30,63.28
2026-11-28,Venus,2026-11-28T06:00:00+05:30,31.87,39.34,2026-11-28T06:00:00+05:30,31.87,good,predawn,-7.43,2026-11-28T09:30:00+05:30,69.38
2026-11-28,Mars,2026-11-28T06:00:00+05:30,86.07,94.97,2026-11-28T06:00:00+05:30,86.07,excellent,predawn,-7.43,2026-11-28T06:00:00+05:30,86.07
2026-11-28,Jupiter,2026-11-28T06:00:00+05:30,87.65,99.12,2026-11-28T06:00:00+05:30,87.65,excellent,predawn,-7.43,2026-11-28T06:00:00+05:30,87.65
2026-11-28,Saturn,2026-11-28T20:30:00+05:30,79.56,121.65,2026-11-28T20:30:00+05:30,79.56,excellent,evening,-35.38,2026-11-28T20:30:00+05:30,79.56
2026-11-28,Uranus,2026-11-28T00:00:00+05:30,80.4,178.07,2026-11-28T00:00:00+05:30,80.4,excellent,overnight,-79.44,2026-11-28T00:00:00+05:30,80.4
2026-11-28,Neptune,2026-11-28T20:00:00+05:30,78.05,115.3,2026-11-28T20:00:00+05:30,78.05,excellent,evening,-28.4,2026-11-28T20:00:00+05:30,78.05
2026-11-29,Mercury,2026-11-29T06:00:00+05:30,10.02,17.66,2026-11-29T06:00:00+05:30,10.02,poor,predawn,-7.53,2026-11-29T11:00:00+05:30,62.78
2026-11-29,Venus,2026-11-29T06:00:00+05:30,32.29,39.86,2026-11-29T06:00:00+05:30,32.29,good,predawn,-7.53,2026-11-29T09:30:00+05:30,69.38
2026-11-29,Mars,2026-11-29T06:00:00+05:30,86.63,95.6,2026-11-29T06:00:00+05:30,86.63,excellent,predawn,-7.53,2026-11-29T06:00:00+05:30,86.63
2026-11-29,Jupiter,2026-11-29T06:00:00+05:30,87.13,100.09,2026-11-29T06:00:00+05:30,87.13,excellent,predawn,-7.53,2026-11-29T06:00:00+05:30,87.13
2026-11-29,Saturn,2026-11-29T20:30:00+05:30,79.52,120.62,2026-11-29T20:30:00+05:30,79.52,excellent,evening,-35.3,2026-11-29T20:30:00+05:30,79.52
2026-11-29,Uranus,2026-11-29T00:00:00+05:30,80.52,177.02,2026-11-29T00:00:00+05:30,80.52,excellent,overnight,-79.25,2026-11-29T00:00:00+05:30,80.52
2026-11-29,Neptune,2026-11-29T20:00:00+05:30,78.12,114.28,2026-11-29T20:00:00+05:30,78.12,excellent,evening,-28.33,2026-11-29T20:00:00+05:30,78.12
2026-11-30,Mercury,2026-11-30T06:00:00+05:30,9.52,17.24,2026-11-30T06:00:00+05:30,9.52,poor,predawn,-7.64,2026-11-30T11:00:00+05:30,62.28
2026-11-30,Venus,2026-11-30T06:00:00+05:30,32.68,40.35,2026-11-30T06:00:00+05:30,32.68,good,predawn,-7.64,2026-11-30T09:30:00+05:30,69.35
2026-11-30,Mars,2026-11-30T06:00:00+05:30,87.17,96.23,2026-11-30T06:00:00+05:30,87.17,excellent,predawn,-7.64,2026-11-30T06:00:00+05:30,87.17
2026-11-30,Jupiter,2026-11-30T06:00:00+05:30,86.45,101.06,2026-11-30T06:00:00+05:30,86.45,excellent,predawn,-7.64,2026-11-30T06:00:00+05:30,86.45
2026-11-30,Saturn,2026-11-30T20:30:00+05:30,79.38,119.59,2026-11-30T20:30:00+05:30,79.38,excellent,evening,-35.21,2026-11-30T20:30:00+05:30,79.38
2026-11-30,Uranus,2026-11-30T00:00:00+05:30,80.54,175.96,2026-11-30T00:00:00+05:30,80.54,excellent,overnight,-79.06,2026-11-30T00:00:00+05:30,80.54
2026-11-30,Neptune,2026-11-30T20:00:00+05:30,78.1,113.26,2026-11-30T20:00:00+05:30,78.1,excellent,evening,-28.25,2026-11-30T20:00:00+05:30,78.1
2026-12-01,Mercury,2026-12-01T06:00:00+05:30,8.99,16.81,2026-12-01T06:00:00+05:30,8.99,poor,predawn,-7.75,2026-12-01T11:00:00+05:30,61.78
2026-12-01,Venus,2026-12-01T06:00:00+05:30,33.04,40.82,2026-12-01T06:00:00+05:30,33.04,good,predawn,-7.75,2026-12-01T09:30:00+05:30,69.3
2026-12-01,Mars,2026-12-01T06:00:00+05:30,87.69,96.87,2026-12-01T06:00:00+05:30,87.69,excellent,predawn,-7.75,2026-12-01T06:00:00+05:30,87.69
2026-12-01,Jupiter,2026-12-01T05:30:00+05:30,85.88,102.01,2026-12-01T05:30:00+05:30,85.88,excellent,predawn,-14.65,2026-12-01T05:30:00+05:30,85.88
2026-12-01,Saturn,2026-12-01T20:30:00+05:30,79.16,118.56,2026-12-01T20:30:00+05:30,79.16,excellent,evening,-35.12,2026-12-01T20:30:00+05:30,79.16
2026-12-01,Uranus,2026-12-01T00:00:00+05:30,80.46,174.91,2026-12-01T00:00:00+05:30,80.46,excellent,overnight,-78.88,2026-12-01T00:00:00+05:30,80.46
2026-12-01,Neptune,2026-12-01T20:00:00+05:30,78.0,112.24,2026-12-01T20:00:00+05:30,78.0,excellent,evening,-28.17,2026-12-01T20:00:00+05:30,78.0
2026-12-02,Mercury,2026-12-02T06:00:00+05:30,8.44,16.35,2026-12-02T06:00:00+05:30,8.44,poor,predawn,-7.86,2026-12-02T11:00:00+05:30,61.27
2026-12-02,Venus,2026-12-02T06:00:00+05:30,33.38,41.27,2026-12-02T06:00:00+05:30,33.38,good,predawn,-7.86,2026-12-02T09:30:00+05:30,69.23
2026-12-02,Mars,2026-12-02T06:00:00+05:30,88.15,97.51,2026-12-02T06:00:00+05:30,88.15,excellent,predawn,-7.86,2026-12-02T06:00:00+05:30,88.15
2026-12-02,Jupiter,2026-12-02T05:30:00+05:30,86.66,102.98,2026-12-02T05:30:00+05:30,86.66,excellent,predawn,-14.75,2026-12-02T05:30:00+05:30,86.66
2026-12-02,Saturn,2026-12-02T20:00:00+05:30,78.94,117.55,2026-12-02T20:00:00+05:30,78.94,excellent,evening,-28.08,2026-12-02T20:00:00+05:30,78.94
2026-12-02,Uranus,2026-12-02T00:00:00+05:30,80.27,173.86,2026-12-02T00:00:00+05:30,80.27,excellent,overnight,-78.71,2026-12-02T00:00:00+05:30,80.27
2026-12-02,Neptune,2026-12-02T20:00:00+05:30,77.82,111.22,2026-12-02T20:00:00+05:30,77.82,excellent,evening,-28.08,2026-12-02T20:00:00+05:30,77.82
2026-12-03,Mercury,2026-12-03T06:00:00+05:30,7.88,15.89,2026-12-03T06:00:00+05:30,7.88,poor,predawn,-7.97,2026-12-03T11:00:00+05:30,60.76
2026-12-03,Venus,2026-12-03T06:00:00+05:30,33.7,41.69,2026-12-03T06:00:00+05:30,33.7,good,predawn,-7.97,2026-12-03T09:30:00+05:30,69.14
2026-12-03,Mars,2026-12-03T06:00:00+05:30,88.49,98.16,2026-12-03T06:00:00+05:30,88.49,excellent,predawn,-7.97,2026-12-03T06:00:00+05:30,88.49
2026-12-03,Jupiter,2026-12-03T05:30:00+05:30,87.33,103.96,2026-12-03T05:30:00+05:30,87.33,excellent,predawn,-14.86,2026-12-03T05:30:00+05:30,87.33
2026-12-03,Saturn,2026-12-03T20:00:00+05:30,79.22,116.52,2026-12-03T20:00:00+05:30,79.22,excellent,evening,-27.99,2026-12-03T20:00:00+05:30,79.22
2026-12-03,Uranus,2026-12-03T23:30:00+05:30,80.15,171.77,2026-12-03T23:30:00+05:30,80.15,excellent,overnight,-74.38,2026-12-03T23:30:00+05:30,80.15
2026-12-03,Neptune,2026-12-03T20:00:00+05:30,77.57,110.2,2026-12-03T20:00:00+05:30,77.57,excellent,evening,-27.99,2026-12-03T20:00:00+05:30,77.57
2026-12-04,Mercury,2026-12-04T06:00:00+05:30,7.3,15.41,2026-12-04T06:00:00+05:30,7.3,poor,predawn,-8.08,2026-12-04T11:00:00+05:30,60.24
2026-12-04,Venus,2026-12-04T06:00:00+05:30,33.99,42.09,2026-12-04T06:00:00+05:30,33.99,good,predawn,-8.08,2026-12-04T09:30:00+05:30,69.03
2026-12-04,Mars,2026-12-04T06:00:00+05:30,88.61,98.82,2026-12-04T06:00:00+05:30,88.61,excellent,predawn,-8.08,2026-12-04T06:00:00+05:30,88.61
2026-12-04,Jupiter,2026-12-04T05:30:00+05:30,87.81,104.95,2026-12-04T05:30:00+05:30,87.81,excellent,predawn,-14.96,2026-12-04T05:30:00+05:30,87.81
2026-12-04,Saturn,2026-12-04T20:00:00+05:30,79.41,115.5,2026-12-04T20:00:00+05:30,79.41,excellent,evening,-27.9,2026-12-04T20:00:00+05:30,79.41
2026-12-04,Uranus,2026-12-04T23:30:00+05:30,80.4,170.71,2026-12-04T23:30:00+05:30,80.4,excellent,overnight,-74.22,2026-12-04T23:30:00+05:30,80.4
2026-12-04,Neptune,2026-12-04T19:30:00+05:30,77.77,109.2,2026-12-04T19:30:00+05:30,77.77,excellent,evening,-20.97,2026-12-04T19:30:00+05:30,77.77
2026-12-05,Mercury,2026-12-05T06:00:00+05:30,6.71,14.92,2026-12-05T06:00:00+05:30,6.71,poor,predawn,-8.2,2026-12-05T11:30:00+05:30,59.78
2026-12-05,Venus,2026-12-05T06:00:00+05:30,34.26,42.47,2026-12-05T06:00:00+05:30,34.26,good,predawn,-8.2,2026-12-05T09:30:00+05:30,68.91
2026-12-05,Mars,2026-12-05T06:00:00+05:30,88.45,99.48,2026-12-05T06:00:00+05:30,88.45,excellent,predawn,-8.2,2026-12-05T06:00:00+05:30,88.45
2026-12-05,Jupiter,2026-12-05T05:30:00+05:30,87.94,105.93,2026-12-05T05:30:00+05:30,87.94,excellent,predawn,-15.07,2026-12-05T05:30:00+05:30,87.94
2026-12-05,Saturn,2026-12-05T20:00:00+05:30,79.52,114.47,2026-12-05T20:00:00+05:30,79.52,excellent,evening,-27.81,2026-12-05T20:00:00+05:30,79.52
2026-12-05,Uranus,2026-12-05T23:30:00+05:30,80.55,169.65,2026-12-05T23:30:00+05:30,80.55,excellent,overnight,-74.07,2026-12-05T23:30:00+05:30,80.55
2026-12-05,Neptune,2026-12-05T19:30:00+05:30,77.96,108.18,2026-12-05T19:30:00+05:30,77.96,excellent,evening,-20.89,2026-12-05T19:30:00+05:30,77.96
2026-12-06,Mercury,2026-12-06T06:00:00+05:30,6.1,14.42,2026-12-06T06:00:00+05:30,6.1,poor,predawn,-8.31,2026-12-06T11:30:00+05:30,59.39
2026-12-06,Venus,2026-12-06T06:00:00+05:30,34.51,42.83,2026-12-06T06:00:00+05:30,34.51,good,predawn,-8.31,2026-12-06T09:30:00+05:30,68.77
2026-12-06,Mars,2026-12-06T06:00:00+05:30,88.08,100.15,2026-12-06T06:00:00+05:30,88.08,excellent,predawn,-8.31,2026-12-06T06:00:00+05:30,88.08
2026-12-06,Jupiter,2026-12-06T05:30:00+05:30,87.67,106.92,2026-12-06T05:30:00+05:30,87.67,excellent,predawn,-15.18,2026-12-06T05:30:00+05:30,87.67
2026-12-06,Saturn,2026-12-06T20:00:00+05:30,79.53,113.45,2026-12-06T20:00:00+05:30,79.53,excellent,evening,-27.72,2026-12-06T20:00:00+05:30,79.53
2026-12-06,Uranus,2026-12-06T23:30:00+05:30,80.6,168.6,2026-12-06T23:30:00+05:30,80.6,excellent,overnight,-73.92,2026-12-06T23:30:00+05:30,80.6
2026-12-06,Neptune,2026-12-06T19:30:00+05:30,78.07,107.17,2026-12-06T19:30:00+05:30,78.07,excellent,evening,-20.8,2026-12-06T19:30:00+05:30,78.07
2026-12-07,Mercury,2026-12-07T06:00:00+05:30,5.49,13.92,2026-12-07T06:00:00+05:30,5.49,poor,predawn,-8.42,2026-12-07T11:30:00+05:30,59.01
2026-12-07,Venus,2026-12-07T06:00:00+05:30,34.73,43.16,2026-12-07T06:00:00+05:30,34.73,good,predawn,-8.42,2026-12-07T09:30:00+05:30,68.61
2026-12-07,Mars,2026-12-07T06:00:00+05:30,87.58,100.83,2026-12-07T06:00:00+05:30,87.58,excellent,predawn,-8.42,2026-12-07T06:00:00+05:30,87.58
2026-12-07,Jupiter,2026-12-07T05:30:00+05:30,87.1,107.92,2026-12-07T05:30:00+05:30,87.1,excellent,predawn,-15.29,2026-12-07T05:30:00+05:30,87.1
2026-12-07,Saturn,2026-12-07T20:00:00+05:30,79.45,112.43,2026-12-07T20:00:00+05:30,79.45,excellent,evening,-27.62,2026-12-07T20:00:00+05:30,79.45
2026-12-07,Uranus,2026-12-07T23:30:00+05:30,80.55,167.54,2026-12-07T23:30:00+05:30,80.55,excellent,overnight,-73.77,2026-12-07T23:30:00+05:30,80.55
2026-12-07,Neptune,2026-12-07T19:30:00+05:30,78.11,106.15,2026-12-07T19:30:00+05:30,78.11,excellent,evening,-20.71,2026-12-07T19:30:00+05:30,78.11
2026-12-08,Mercury,2026-12-08T06:00:00+05:30,4.87,13.41,2026-12-08T06:00:00+05:30,4.87,poor,predawn,-8.54,2026-12-08T11:30:00+05:30,58.63
2026-12-08,Venus,2026-12-08T06:00:00+05:30,34.94,43.48,2026-12-08T06:00:00+05:30,34.94,good,predawn,-8.54,2026-12-08T09:30:00+05:30,68.45
2026-12-08,Mars,2026-12-08T06:00:00+05:30,87.02,101.52,2026-12-08T06:00:00+05:30,87.02,excellent,predawn,-8.54,2026-12-08T06:00:00+05:30,87.02
2026-12-08,Jupiter,2026-12-08T05:30:00+05:30,86.37,108.92,2026-12-08T05:30:00+05:30,86.37,excellent,predawn,-15.4,2026-12-08T05:30:00+05:30,86.37
2026-12-08,Saturn,2026-12-08T20:00:00+05:30,79.29,111.41,2026-12-08T20:00:00+05:30,79.29,excellent,evening,-27.52,2026-12-08T20:00:00+05:30,79.29
2026-12-08,Uranus,2026-12-08T23:30:00+05:30,80.39,166.49,2026-12-08T23:30:00+05:30,80.39,excellent,overnight,-73.62,2026-12-08T23:30:00+05:30,80.39
2026-12-08,Neptune,2026-12-08T19:30:00+05:30,78.06,105.13,2026-12-08T19:30:00+05:30,78.06,excellent,evening,-20.61,2026-12-08T19:30:00+05:30,78.06
2026-12-09,Mercury,2026-12-09T06:00:00+05:30,4.24,12.9,2026-12-09T06:00:00+05:30,4.24,poor,predawn,-8.66,2026-12-09T11:30:00+05:30,58.25
2026-12-09,Venus,2026-12-09T06:00:00+05:30,35.12,43.78,2026-12-09T06:00:00+05:30,35.12,good,predawn,-8.66,2026-12-09T09:30:00+05:30,68.27
2026-12-09,Mars,2026-12-09T06:00:00+05:30,86.42,102.21,2026-12-09T06:00:00+05:30,86.42,excellent,predawn,-8.66,2026-12-09T06:00:00+05:30,86.42
2026-12-09,Jupiter,2026-12-09T05:00:00+05:30,86.03,109.9,2026-12-09T05:00:00+05:30,86.03,excellent,predawn,-22.4,2026-12-09T05:00:00+05:30,86.03
2026-12-09,Saturn,2026-12-09T20:00:00+05:30,79.03,110.39,2026-12-09T20:00:00+05:30,79.03,excellent,evening,-27.42,2026-12-09T20:00:00+05:30,79.03
2026-12-09,Uranus,2026-12-09T23:30:00+05:30,80.14,165.43,2026-12-09T23:30:00+05:30,80.14,excellent,overnight,-73.48,2026-12-09T23:30:00+05:30,80.14
2026-12-09,Neptune,2026-12-09T19:30:00+05:30,77.93,104.11,2026-12-09T19:30:00+05:30,77.93,excellent,evening,-20.52,2026-12-09T19:30:00+05:30,77.93
2026-12-10,Mercury,2026-12-10T06:00:00+05:30,3.61,12.38,2026-12-10T06:00:00+05:30,3.61,poor,predawn,-8.77,2026-12-10T11:30:00+05:30,57.88
2026-12-10,Venus,2026-12-10T06:00:00+05:30,35.29,44.07,2026-12-10T06:00:00+05:30,35.29,good,predawn,-8.77,2026-12-10T09:30:00+05:30,68.09
2026-12-10,Mars,2026-12-10T05:30:00+05:30,86.68,102.89,2026-12-10T05:30:00+05:30,86.68,excellent,predawn,-15.62,2026-12-10T05:30:00+05:30,86.68
2026-12-10,Jupiter,2026-12-10T05:00:00+05:30,86.81,110.9,2026-12-10T05:00:00+05:30,86.81,excellent,predawn,-22.51,2026-12-10T05:00:00+05:30,86.81
2026-12-10,Saturn,2026-12-10T19:30:00+05:30,79.07,109.4,2026-12-10T19:30:00+05:30,79.07,excellent,evening,-20.42,2026-12-10T19:30:00+05:30,79.07
2026-12-10,Uranus,2026-12-10T23:00:00+05:30,80.11,164.39,2026-12-10T23:00:00+05:30,80.11,excellent,overnight,-67.68,2026-12-10T23:00:00+05:30,80.11
2026-12-10,Neptune,2026-12-10T19:30:00+05:30,77.72,103.09,2026-12-10T19:30:00+05:30,77.72,excellent,evening,-20.42,2026-12-10T19:30:00+05:30,77.72
2026-12-11,Mercury,2026-12-11T06:00:00+05:30,2.97,11.86,2026-12-11T06:00:00+05:30,2.97,poor,predawn,-8.89,2026-12-11T11:30:00+05:30,57.51
2026-12-11,Venus,2026-12-11T06:00:00+05:30,35.44,44.33,2026-12-11T06:00:00+05:30,35.44,good,predawn,-8.89,2026-12-11T09:30:00+05:30,67.89
2026-12-11,Mars,2026-12-11T05:30:00+05:30,87.34,103.6,2026-12-11T05:30:00+05:30,87.34,excellent,predawn,-15.74,2026-12-11T05:30:00+05:30,87.34
2026-12-11,Jupiter,2026-12-11T05:00:00+05:30,87.47,111.91,2026-12-11T05:00:00+05:30,87.47,excellent,predawn,-22.62,2026-12-11T05:00:00+05:30,87.47
2026-12-11,Saturn,2026-12-11T19:30:00+05:30,79.32,108.38,2026-12-11T19:30:00+05:30,79.32,excellent,evening,-20.32,2026-12-11T19:30:00+05:30,79.32
2026-12-11,Uranus,2026-12-11T23:00:00+05:30,80.39,163.34,2026-12-11T23:00:00+05:30,80.39,excellent,overnight,-67.55,2026-12-11T23:00:00+05:30,80.39
2026-12-11,Neptune,2026-12-11T19:00:00+05:30,77.62,102.1,2026-12-11T19:00:00+05:30,77.62,excellent,evening,-13.45,2026-12-11T19:00:00+05:30,77.62
2026-12-12,Mercury,2026-12-12T06:00:00+05:30,2.32,11.34,2026-12-12T06:00:00+05:30,2.32,poor,predawn,-9.01,2026-12-12T11:30:00+05:30,57.14
2026-12-12,Venus,2026-12-12T06:00:00+05:30,35.57,44.58,2026-12-12T06:00:00+05:30,35.57,good,predawn,-9.01,2026-12-12T09:30:00+05:30,67.69
2026-12-12,Mars,2026-12-12T05:30:00+05:30,88.01,104.31,2026-12-12T05:30:00+05:30,88.01,excellent,predawn,-15.85,2026-12-12T05:30:00+05:30,88.01
2026-12-12,Jupiter,2026-12-12T05:00:00+05:30,87.89,112.92,2026-12-12T05:00:00+05:30,87.89,excellent,predawn,-22.73,2026-12-12T05:00:00+05:30,87.89
2026-12-12,Saturn,2026-12-12T19:30:00+05:30,79.48,107.37,2026-12-12T19:30:00+05:30,79.48,excellent,evening,-20.22,2026-12-12T19:30:00+05:30,79.48
2026-12-12,Uranus,2026-12-12T23:00:00+05:30,80.57,162.28,2026-12-12T23:00:00+05:30,80.57,excellent,overnight,-67.42,2026-12-12T23:00:00+05:30,80.57
2026-12-12,Neptune,2026-12-12T19:00:00+05:30,77.85,101.08,2026-12-12T19:00:00+05:30,77.85,excellent,evening,-13.35,2026-12-12T19:00:00+05:30,77.85
2026-12-13,Mercury,2026-12-13T06:00:00+05:30,1.67,10.82,2026-12-13T06:00:00+05:30,1.67,poor,predawn,-9.12,2026-12-13T11:30:00+05:30,56.78
2026-12-13,Venus,2026-12-13T06:00:00+05:30,35.69,44.82,2026-12-13T06:00:00+05:30,35.69,good,predawn,-9.12,2026-12-13T09:30:00+05:30,67.48
2026-12-13,Mars,2026-12-13T05:30:00+05:30,88.68,105.04,2026-12-13T05:30:00+05:30,88.68,excellent,predawn,-15.97,2026-12-13T05:30:00+05:30,88.68
2026-12-13,Jupiter,2026-12-13T05:00:00+05:30,87.91,113.93,2026-12-13T05:00:00+05:30,87.91,excellent,predawn,-22.84,2026-12-13T05:00:00+05:30,87.91
2026-12-13,Saturn,2026-12-13T19:30:00+05:30,79.56,106.36,2026-12-13T19:30:00+05:30,79.56,excellent,evening,-20.12,2026-12-13T19:30:00+05:30,79.56
2026-12-13,Uranus,2026-12-13T23:00:00+05:30,80.65,161.23,2026-12-13T23:00:00+05:30,80.65,excellent,overnight,-67.3,2026-12-13T23:00:00+05:30,80.65
2026-12-13,Neptune,2026-12-13T19:00:00+05:30,78.01,100.06,2026-12-13T19:00:00+05:30,78.01,excellent,evening,-13.25,2026-12-13T19:00:00+05:30,78.01
2026-12-14,Mercury,2026-12-14T06:00:00+05:30,1.02,10.3,2026-12-14T06:00:00+05:30,1.02,poor,predawn,-9.24,2026-12-14T11:30:00+05:30,56.42
2026-12-14,Venus,2026-12-14T06:00:00+05:30,35.78,45.03,2026-12-14T06:00:00+05:30,35.78,good,predawn,-9.24,2026-12-14T09:30:00+05:30,67.27
2026-12-14,Mars,2026-12-14T05:30:00+05:30,89.3,105.77,2026-12-14T05:30:00+05:30,89.3,excellent,predawn,-16.08,2026-12-14T05:30:00+05:30,89.3
2026-12-14,Jupiter,2026-12-14T05:00:00+05:30,87.53,114.95,2026-12-14T05:00:00+05:30,87.53,excellent,predawn,-22.95,2026-12-14T05:00:00+05:30,87.53
2026-12-14,Saturn,2026-12-14T19:30:00+05:30,79.54,105.35,2026-12-14T19:30:00+05:30,79.54,excellent,evening,-20.01,2026-12-14T19:30:00+05:30,79.54
2026-12-14,Uranus,2026-12-14T23:00:00+05:30,80.63,160.17,2026-12-14T23:00:00+05:30,80.63,excellent,overnight,-67.17,2026-12-14T23:00:00+05:30,80.63
2026-12-14,Neptune,2026-12-14T19:00:00+05:30,78.1,99.05,2026-12-14T19:00:00+05:30,78.1,excellent,evening,-13.15,2026-12-14T19:00:00+05:30,78.1
2026-12-15,Mercury,2026-12-15T06:00:00+05:30,0.36,9.77,2026-12-15T06:00:00+05:30,0.36,poor,predawn,-9.36,2026-12-15T11:30:00+05:30,56.07
2026-12-15,Venus,2026-12-15T06:00:00+05:30,35.87,45.24,2026-12-15T06:00:00+05:30,35.87,good,predawn,-9.36,2026-12-15T09:30:00+05:30,67.04
2026-12-15,Mars,2026-12-15T05:30:00+05:30,89.57,106.5,2026-12-15T05:30:00+05:30,89.57,excellent,predawn,-16.2,2026-12-15T05:30:00+05:30,89.57
2026-12-15,Jupiter,2026-12-15T05:00:00+05:30,86.88,115.97,2026-12-15T05:00:00+05:30,86.88,excellent,predawn,-23.06,2026-12-15T05:00:00+05:30,86.88
2026-12-15,Saturn,2026-12-15T19:30:00+05:30,79.43,104.34,2026-12-15T19:30:00+05:30,79.43,excellent,evening,-19.9,2026-12-15T19:30:00+05:30,79.43
2026-12-15,Uranus,2026-12-15T23:00:00+05:30,80.51,159.11,2026-12-15T23:00:00+05:30,80.51,excellent,overnight,-67.05,2026-12-15T23:00:00+05:30,80.51
2026-12-15,Neptune,2026-12-15T19:00:00+05:30,78.1,98.03,2026-12-15T19:00:00+05:30,78.1,excellent,evening,-13.05,2026-12-15T19:00:00+05:30,78.1
2026-12-16,Mercury,2026-12-16T06:00:00+05:30,-0.3,9.25,2026-12-16T06:00:00+05:30,-0.3,not visible,predawn,-9.47,2026-12-16T11:30:00+05:30,55.73
2026-12-16,Venus,2026-12-16T06:00:00+05:30,35.93,45.43,2026-12-16T06:00:00+05:30,35.93,good,predawn,-9.47,2026-12-16T09:30:00+05:30,66.82
2026-12-16,Mars,2026-12-16T05:30:00+05:30,89.06,107.25,2026-12-16T05:30:00+05:30,89.06,excellent,predawn,-16.31,2026-12-16T05:30:00+05:30,89.06
2026-12-16,Jupiter,2026-12-16T05:00:00+05:30,86.09,117.0,2026-12-16T05:00:00+05:30,86.09,excellent,predawn,-23.18,2026-12-16T05:00:00+05:30,86.09
2026-12-16,Saturn,2026-12-16T19:30:00+05:30,79.24,103.33,2026-12-16T19:30:00+05:30,79.24,excellent,evening,-19.8,2026-12-16T19:30:00+05:30,79.24
2026-12-16,Uranus,2026-12-16T23:00:00+05:30,80.28,158.06,2026-12-16T23:00:00+05:30,80.28,excellent,overnight,-66.93,2026-12-16T23:00:00+05:30,80.28
2026-12-16,Neptune,2026-12-16T19:00:00+05:30,78.02,97.02,2026-12-16T19:00:00+05:30,78.02,excellent,evening,-12.94,2026-12-16T19:00:00+05:30,78.02
2026-12-17,Mercury,2026-12-17T06:00:00+05:30,-0.96,8.72,2026-12-17T06:00:00+05:30,-0.96,not visible,predawn,-9.59,2026-12-17T12:00:00+05:30,55.4
2026-12-17,Venus,2026-12-17T06:00:00+05:30,35.98,45.61,2026-12-17T06:00:00+05:30,35.98,good,predawn,-9.59,2026-12-17T09:30:00+05:30,66.59
2026-12-17,Mars,2026-12-17T05:30:00+05:30,88.38,108.0,2026-12-17T05:30:00+05:30,88.38,excellent,predawn,-16.42,2026-12-17T05:30:00+05:30,88.38
2026-12-17,Jupiter,2026-12-17T04:30:00+05:30,86.31,118.01,2026-12-17T04:30:00+05:30,86.31,excellent,predawn,-30.17,2026-12-17T04:30:00+05:30,86.31
2026-12-17,Saturn,2026-12-17T19:30:00+05:30,78.97,102.32,2026-12-17T19:30:00+05:30,78.97,excellent,evening,-19.69,2026-12-17T19:30:00+05:30,78.97
2026-12-17,Uranus,2026-12-17T22:30:00+05:30,80.05,157.02,2026-12-17T22:30:00+05:30,80.05,excellent,overnight,-60.5,2026-12-17T22:30:00+05:30,80.05
2026-12-17,Neptune,2026-12-17T19:00:00+05:30,77.87,96.0,2026-12-17T19:00:00+05:30,77.87,excellent,evening,-12.84,2026-12-17T19:00:00+05:30,77.87
2026-12-18,Mercury,2026-12-18T06:00:00+05:30,-1.63,8.19,2026-12-18T06:00:00+05:30,-1.63,not visible,predawn,-9.71,2026-12-18T12:00:00+05:30,55.21
2026-12-18,Venus,2026-12-18T06:00:00+05:30,36.02,45.77,2026-12-18T06:00:00+05:30,36.02,good,predawn,-9.71,2026-12-18T09:30:00+05:30,66.36
2026-12-18,Mars,2026-12-18T05:30:00+05:30,87.68,108.76,2026-12-18T05:30:00+05:30,87.68,excellent,predawn,-16.54,2026-12-18T05:30:00+05:30,87.68
2026-12-18,Jupiter,2026-12-18T04:30:00+05:30,87.06,119.04,2026-12-18T04:30:00+05:30,87.06,excellent,predawn,-30.28,2026-12-18T04:30:00+05:30,87.06
2026-12-18,Saturn,2026-12-18T19:00:00+05:30,79.22,101.34,2026-12-18T19:00:00+05:30,79.22,excellent,evening,-12.73,2026-12-18T19:00:00+05:30,79.22
2026-12-18,Uranus,2026-12-18T22:30:00+05:30,80.36,155.97,2026-12-18T22:30:00+05:30,80.36,excellent,overnight,-60.39,2026-12-18T22:30:00+05:30,80.36
2026-12-18,Neptune,2026-12-18T19:00:00+05:30,77.64,94.99,2026-12-18T19:00:00+05:30,77.64,excellent,evening,-12.73,2026-12-18T19:00:00+05:30,77.64
2026-12-19,Mercury,2026-12-19T06:00:00+05:30,-2.3,7.67,2026-12-19T06:00:00+05:30,-2.3,not visible,predawn,-9.82,2026-12-19T12:00:00+05:30,55.03
2026-12-19,Venus,2026-12-19T06:00:00+05:30,36.05,45.92,2026-12-19T06:00:00+05:30,36.05,good,predawn,-9.82,2026-12-19T09:30:00+05:30,66.12
2026-12-19,Mars,2026-12-19T05:30:00+05:30,86.96,109.53,2026-12-19T05:30:00+05:30,86.96,excellent,predawn,-16.65,2026-12-19T05:30:00+05:30,86.96
2026-12-19,Jupiter,2026-12-19T04:30:00+05:30,87.64,120.07,2026-12-19T04:30:00+05:30,87.64,excellent,predawn,-30.4,2026-12-19T04:30:00+05:30,87.64
2026-12-19,Saturn,2026-12-19T19:00:00+05:30,79.44,100.34,2026-12-19T19:00:00+05:30,79.44,excellent,evening,-12.62,2026-12-19T19:00:00+05:30,79.44
2026-12-19,Uranus,2026-12-19T22:30:00+05:30,80.57,154.91,2026-12-19T22:30:00+05:30,80.57,excellent,overnight,-60.27,2026-12-19T22:30:00+05:30,80.57
2026-12-19,Neptune,2026-12-19T18:30:00+05:30,77.72,93.99,2026-12-19T18:30:00+05:30,77.72,excellent,evening,-5.81,2026-12-19T18:30:00+05:30,77.72
2026-12-20,Mercury,2026-12-20T06:00:00+05:30,-2.97,7.14,2026-12-20T06:00:00+05:30,-2.97,not visible,predawn,-9.94,2026-12-20T12:00:00+05:30,54.85
2026-12-20,Venus,2026-12-20T06:00:00+05:30,36.06,46.06,2026-12-20T06:00:00+05:30,36.06,good,predawn,-9.94,2026-12-20T09:00:00+05:30,65.89
2026-12-20,Mars,2026-12-20T05:00:00+05:30,86.41,110.3,2026-12-20T05:00:00+05:30,86.41,excellent,predawn,-23.63,2026-12-20T05:00:00+05:30,86.41
2026-12-20,Jupiter,2026-12-20T04:30:00+05:30,87.9,121.11,2026-12-20T04:30:00+05:30,87.9,excellent,predawn,-30.51,2026-12-20T04:30:00+05:30,87.9
2026-12-20,Saturn,2026-12-20T19:00:00+05:30,79.58,99.34,2026-12-20T19:00:00+05:30,79.58,excellent,evening,-12.51,2026-12-20T19:00:00+05:30,79.58
2026-12-20,Uranus,2026-12-20T22:30:00+05:30,80.69,153.86,2026-12-20T22:30:00+05:30,80.69,excellent,overnight,-60.16,2026-12-20T22:30:00+05:30,80.69
2026-12-20,Neptune,2026-12-20T18:30:00+05:30,77.93,92.98,2026-12-20T18:30:00+05:30,77.93,excellent,evening,-5.7,2026-12-20T18:30:00+05:30,77.93
2026-12-21,Mercury,2026-12-21T06:00:00+05:30,-3.64,6.62,2026-12-21T06:00:00+05:30,-3.64,not visible,predawn,-10.05,2026-12-21T12:00:00+05:30,54.68
2026-12-21,Venus,2026-12-21T06:00:00+05:30,36.05,46.19,2026-12-21T06:00:00+05:30,36.05,good,predawn,-10.05,2026-12-21T09:00:00+05:30,65.68
2026-12-21,Mars,2026-12-21T05:00:00+05:30,87.15,111.08,2026-12-21T05:00:00+05:30,87.15,excellent,predawn,-23.75,2026-12-21T05:00:00+05:30,87.15
2026-12-21,Jupiter,2026-12-21T04:30:00+05:30,87.72,122.15,2026-12-21T04:30:00+05:30,87.72,excellent,predawn,-30.62,2026-12-21T04:30:00+05:30,87.72
2026-12-21,Saturn,2026-12-21T19:00:00+05:30,79.63,98.34,2026-12-21T19:00:00+05:30,79.63,excellent,evening,-12.4,2026-12-21T19:00:00+05:30,79.63
2026-12-21,Uranus,2026-12-21T22:30:00+05:30,80.7,152.81,2026-12-21T22:30:00+05:30,80.7,excellent,overnight,-60.05,2026-12-21T22:30:00+05:30,80.7
2026-12-21,Neptune,2026-12-21T18:30:00+05:30,78.07,91.97,2026-12-21T18:30:00+05:30,78.07,excellent,evening,-5.59,2026-12-21T18:30:00+05:30,78.07
2026-12-22,Mercury,2026-12-22T06:00:00+05:30,-4.31,6.09,2026-12-22T06:00:00+05:30,-4.31,not visible,predawn,-10.16,2026-12-22T12:00:00+05:30,54.51
2026-12-22,Venus,2026-12-22T06:00:00+05:30,36.04,46.3,2026-12-22T06:00:00+05:30,36.04,good,predawn,-10.16,2026-12-22T09:00:00+05:30,65.46
2026-12-22,Mars,2026-12-22T05:00:00+05:30,87.9,111.88,2026-12-22T05:00:00+05:30,87.9,excellent,predawn,-23.86,2026-12-22T05:00:00+05:30,87.9
2026-12-22,Jupiter,2026-12-22T04:30:00+05:30,87.18,123.2,2026-12-22T04:30:00+05:30,87.18,excellent,predawn,-30.74,2026-12-22T04:30:00+05:30,87.18
2026-12-22,Saturn,2026-12-22T19:00:00+05:30,79.59,97.34,2026-12-22T19:00:00+05:30,79.59,excellent,evening,-12.28,2026-12-22T19:00:00+05:30,79.59
2026-12-22,Uranus,2026-12-22T22:30:00+05:30,80.61,151.75,2026-12-22T22:30:00+05:30,80.61,excellent,overnight,-59.95,2026-12-22T22:30:00+05:30,80.61
2026-12-22,Neptune,2026-12-22T18:30:00+05:30,78.12,90.95,2026-12-22T18:30:00+05:30,78.12,excellent,evening,-5.48,2026-12-22T18:30:00+05:30,78.12
2026-12-23,Mercury,2026-12-23T06:00:00+05:30,-4.99,5.57,2026-12-23T06:00:00+05:30,-4.99,not visible,predawn,-10.27,2026-12-23T12:00:00+05:30,54.35
2026-12-23,Venus,2026-12-23T06:00:00+05:30,36.01,46.41,2026-12-23T06:00:00+05:30,36.01,good,predawn,-10.27,2026-12-23T09:00:00+05:30,65.25
2026-12-23,Mars,2026-12-23T05:00:00+05:30,88.66,112.69,2026-12-23T05:00:00+05:30,88.66,excellent,predawn,-23.97,2026-12-23T05:00:00+05:30,88.66
2026-12-23,Jupiter,2026-12-23T04:30:00+05:30,86.45,124.25,2026-12-23T04:30:00+05:30,86.45,excellent,predawn,-30.85,2026-12-23T04:30:00+05:30,86.45
2026-12-23,Saturn,2026-12-23T19:00:00+05:30,79.47,96.35,2026-12-23T19:00:00+05:30,79.47,excellent,evening,-12.17,2026-12-23T19:00:00+05:30,79.47
2026-12-23,Uranus,2026-12-23T22:30:00+05:30,80.42,150.7,2026-12-23T22:30:00+05:30,80.42,excellent,overnight,-59.84,2026-12-23T22:30:00+05:30,80.42
2026-12-23,Neptune,2026-12-23T18:30:00+05:30,78.1,89.94,2026-12-23T18:30:00+05:30,78.1,excellent,evening,-5.37,2026-12-23T18:30:00+05:30,78.1
2026-12-24,Mercury,2026-12-24T06:00:00+05:30,-5.67,5.05,2026-12-24T06:00:00+05:30,-5.67,not visible,predawn,-10.39,2026-12-24T12:00:00+05:30,54.2
2026-12-24,Venus,2026-12-24T06:00:00+05:30,35.97,46.5,2026-12-24T06:00:00+05:30,35.97,good,predawn,-10.39,2026-12-24T09:00:00+05:30,65.02
2026-12-24,Mars,2026-12-24T05:00:00+05:30,89.41,113.5,2026-12-24T05:00:00+05:30,89.41,excellent,predawn,-24.09,2026-12-24T05:00:00+05:30,89.41
2026-12-24,Jupiter,2026-12-24T04:00:00+05:30,85.88,125.28,2026-12-24T04:00:00+05:30,85.88,excellent,predawn,-37.84,2026-12-24T04:00:00+05:30,85.88
2026-12-24,Saturn,2026-12-24T19:00:00+05:30,79.26,95.36,2026-12-24T19:00:00+05:30,79.26,excellent,evening,-12.05,2026-12-24T19:00:00+05:30,79.26
2026-12-24,Uranus,2026-12-24T22:30:00+05:30,80.14,149.65,2026-12-24T22:30:00+05:30,80.14,excellent,overnight,-59.74,2026-12-24T22:30:00+05:30,80.14
2026-12-24,Neptune,2026-12-24T18:30:00+05:30,78.0,88.93,2026-12-24T18:30:00+05:30,78.0,excellent,evening,-5.25,2026-12-24T18:30:00+05:30,78.0
2026-12-25,Mercury,2026-12-25T06:00:00+05:30,-6.35,4.53,2026-12-25T06:00:00+05:30,-6.35,not visible,predawn,-10.5,2026-12-25T12:00:00+05:30,54.06
2026-12-25,Venus,2026-12-25T06:00:00+05:30,35.92,46.59,2026-12-25T06:00:00+05:30,35.92,good,predawn,-10.5,2026-12-25T09:00:00+05:30,64.79
2026-12-25,Mars,2026-12-25T05:00:00+05:30,89.73,114.33,2026-12-25T05:00:00+05:30,89.73,excellent,predawn,-24.2,2026-12-25T05:00:00+05:30,89.73
2026-12-25,Jupiter,2026-12-25T04:00:00+05:30,86.67,126.33,2026-12-25T04:00:00+05:30,86.67,excellent,predawn,-37.95,2026-12-25T04:00:00+05:30,86.67
2026-12-25,Saturn,2026-12-25T18:30:00+05:30,79.08,94.38,2026-12-25T18:30:00+05:30,79.08,excellent,evening,-5.14,2026-12-25T18:30:00+05:30,79.08
2026-12-25,Uranus,2026-12-25T22:00:00+05:30,80.31,148.62,2026-12-25T22:00:00+05:30,80.31,excellent,overnight,-53.01,2026-12-25T22:00:00+05:30,80.31
2026-12-25,Neptune,2026-12-25T18:30:00+05:30,77.82,87.92,2026-12-25T18:30:00+05:30,77.82,excellent,evening,-5.14,2026-12-25T18:30:00+05:30,77.82
2026-12-26,Mercury,2026-12-26T06:00:00+05:30,-7.04,4.03,2026-12-26T06:00:00+05:30,-7.04,not visible,predawn,-10.6,2026-12-26T12:00:00+05:30,53.92
2026-12-26,Venus,2026-12-26T06:00:00+05:30,35.86,46.66,2026-12-26T06:00:00+05:30,35.86,good,predawn,-10.6,2026-12-26T09:00:00+05:30,64.56
2026-12-26,Mars,2026-12-26T05:00:00+05:30,88.99,115.16,2026-12-26T05:00:00+05:30,88.99,excellent,predawn,-24.31,2026-12-26T05:00:00+05:30,88.99
2026-12-26,Jupiter,2026-12-26T04:00:00+05:30,87.33,127.39,2026-12-26T04:00:00+05:30,87.33,excellent,predawn,-38.07,2026-12-26T04:00:00+05:30,87.33
2026-12-26,Saturn,2026-12-26T18:30:00+05:30,79.37,93.39,2026-12-26T18:30:00+05:30,79.37,excellent,evening,-5.02,2026-12-26T18:30:00+05:30,79.37
2026-12-26,Uranus,2026-12-26T22:00:00+05:30,80.55,147.56,2026-12-26T22:00:00+05:30,80.55,excellent,overnight,-52.91,2026-12-26T22:00:00+05:30,80.55
2026-12-26,Neptune,2026-12-26T18:30:00+05:30,77.57,86.91,2026-12-26T18:30:00+05:30,77.57,excellent,evening,-5.02,2026-12-26T18:30:00+05:30,77.57
2026-12-27,Mercury,2026-12-27T06:00:00+05:30,-7.72,3.53,2026-12-27T06:00:00+05:30,-7.72,not visible,predawn,-10.71,2026-12-27T12:00:00+05:30,53.79
2026-12-27,Venus,2026-12-27T06:00:00+05:30,35.79,46.73,2026-12-27T06:00:00+05:30,35.79,good,predawn,-10.71,2026-12-27T09:00:00+05:30,64.33
2026-12-27,Mars,2026-12-27T05:00:00+05:30,88.2,116.0,2026-12-27T05:00:00+05:30,88.2,excellent,predawn,-24.42,2026-12-27T05:00:00+05:30,88.2
2026-12-27,Jupiter,2026-12-27T04:00:00+05:30,87.73,128.45,2026-12-27T04:00:00+05:30,87.73,excellent,predawn,-38.18,2026-12-27T04:00:00+05:30,87.73
2026-12-27,Saturn,2026-12-27T18:30:00+05:30,79.58,92.41,2026-12-27T18:30:00+05:30,79.58,excellent,evening,-4.9,2026-12-27T18:30:00+05:30,79.58
2026-12-27,Uranus,2026-12-27T22:00:00+05:30,80.71,146.51,2026-12-27T22:00:00+05:30,80.71,excellent,overnight,-52.81,2026-12-27T22:00:00+05:30,80.71
2026-12-27,Neptune,2026-12-27T18:30:00+05:30,77.25,85.9,2026-12-27T18:30:00+05:30,77.25,excellent,evening,-4.9,2026-12-27T18:00:00+05:30,77.82
2026-12-28,Mercury,2026-12-28T06:30:00+05:30,-1.72,3.05,2026-12-28T06:30:00+05:30,-1.72,not visible,predawn,-4.02,2026-12-28T12:30:00+05:30,53.78
2026-12-28,Venus,2026-12-28T06:30:00+05:30,42.12,46.78,2026-12-28T06:30:00+05:30,42.12,good,predawn,-4.02,2026-12-28T09:00:00+05:30,64.1
2026-12-28,Mars,2026-12-28T05:00:00+05:30,87.39,116.86,2026-12-28T05:00:00+05:30,87.39,excellent,predawn,-24.53,2026-12-28T05:00:00+05:30,87.39
2026-12-28,Jupiter,2026-12-28T04:00:00+05:30,87.72,129.52,2026-12-28T04:00:00+05:30,87.72,excellent,predawn,-38.3,2026-12-28T04:00:00+05:30,87.72
2026-12-28,Saturn,2026-12-28T18:30:00+05:30,79.7,91.42,2026-12-28T18:30:00+05:30,79.7,excellent,evening,-4.78,2026-12-28T18:30:00+05:30,79.7
2026-12-28,Uranus,2026-12-28T22:00:00+05:30,80.76,145.46,2026-12-28T22:00:00+05:30,80.76,excellent,overnight,-52.71,2026-12-28T22:00:00+05:30,80.76
2026-12-28,Neptune,2026-12-28T18:30:00+05:30,76.86,84.89,2026-12-28T18:30:00+05:30,76.86,excellent,evening,-4.78,2026-12-28T18:00:00+05:30,78.01
2026-12-29,Mercury,2026-12-29T06:30:00+05:30,-2.41,2.61,2026-12-29T06:30:00+05:30,-2.41,not visible,predawn,-4.12,2026-12-29T12:30:00+05:30,53.82
2026-12-29,Venus,2026-12-29T06:30:00+05:30,42.01,46.83,2026-12-29T06:30:00+05:30,42.01,good,predawn,-4.12,2026-12-29T09:00:00+05:30,63.86
2026-12-29,Mars,2026-12-29T05:00:00+05:30,86.58,117.72,2026-12-29T05:00:00+05:30,86.58,excellent,predawn,-24.64,2026-12-29T05:00:00+05:30,86.58
2026-12-29,Jupiter,2026-12-29T04:00:00+05:30,87.3,130.59,2026-12-29T04:00:00+05:30,87.3,excellent,predawn,-38.41,2026-12-29T04:00:00+05:30,87.3
2026-12-29,Saturn,2026-12-29T18:30:00+05:30,79.74,90.43,2026-12-29T18:30:00+05:30,79.74,excellent,evening,-4.66,2026-12-29T18:30:00+05:30,79.74
2026-12-29,Uranus,2026-12-29T22:00:00+05:30,80.7,144.41,2026-12-29T22:00:00+05:30,80.7,excellent,overnight,-52.61,2026-12-29T22:00:00+05:30,80.7
2026-12-29,Neptune,2026-12-29T18:30:00+05:30,76.42,83.88,2026-12-29T18:30:00+05:30,76.42,excellent,evening,-4.66,2026-12-29T18:00:00+05:30,78.12
2026-12-30,Mercury,2026-12-30T06:30:00+05:30,-3.09,2.22,2026-12-30T06:30:00+05:30,-3.09,not visible,predawn,-4.22,2026-12-30T12:30:00+05:30,53.86
2026-12-30,Venus,2026-12-30T06:30:00+05:30,41.89,46.87,2026-12-30T06:30:00+05:30,41.89,good,predawn,-4.22,2026-12-30T09:00:00+05:30,63.62
2026-12-30,Mars,2026-12-30T04:30:00+05:30,86.83,118.58,2026-12-30T04:30:00+05:30,86.83,excellent,predawn,-31.64,2026-12-30T04:30:00+05:30,86.83
2026-12-30,Jupiter,2026-12-30T04:00:00+05:30,86.62,131.66,2026-12-30T04:00:00+05:30,86.62,excellent,predawn,-38.53,2026-12-30T04:00:00+05:30,86.62
2026-12-30,Saturn,2026-12-30T18:30:00+05:30,79.69,89.45,2026-12-30T18:30:00+05:30,79.69,excellent,evening,-4.54,2026-12-30T18:30:00+05:30,79.69
2026-12-30,Uranus,2026-12-30T22:00:00+05:30,80.55,143.36,2026-12-30T22:00:00+05:30,80.55,excellent,overnight,-52.52,2026-12-30T22:00:00+05:30,80.55
2026-12-30,Neptune,2026-12-30T18:30:00+05:30,75.92,82.87,2026-12-30T18:30:00+05:30,75.92,excellent,evening,-4.54,2026-12-30T18:00:00+05:30,78.15
2026-12-31,Mercury,2026-12-31T06:30:00+05:30,-3.78,1.92,2026-12-31T06:30:00+05:30,-3.78,not visible,predawn,-4.31,2026-12-31T12:30:00+05:30,53.92
2026-12-31,Venus,2026-12-31T06:30:00+05:30,41.76,46.9,2026-12-31T06:30:00+05:30,41.76,good,predawn,-4.31,2026-12-31T09:00:00+05:30,63.38
2026-12-31,Mars,2026-12-31T04:30:00+05:30,87.66,119.46,2026-12-31T04:30:00+05:30,87.66,excellent,predawn,-31.75,2026-12-31T04:30:00+05:30,87.66
2026-12-31,Jupiter,2026-12-31T04:00:00+05:30,85.8,132.73,2026-12-31T04:00:00+05:30,85.8,excellent,predawn,-38.64,2026-12-31T04:00:00+05:30,85.8
2026-12-31,Saturn,2026-12-31T18:30:00+05:30,79.56,88.47,2026-12-31T18:30:00+05:30,79.56,excellent,evening,-4.42,2026-12-31T18:30:00+05:30,79.56
2026-12-31,Uranus,2026-12-31T22:00:00+05:30,80.3,142.31,2026-12-31T22:00:00+05:30,80.3,excellent,overnight,-52.43,2026-12-31T22:00:00+05:30,80.3
2026-12-31,Neptune,2026-12-31T18:30:00+05:30,75.38,81.86,2026-12-31T18:30:00+05:30,75.38,excellent,evening,-4.42,2026-12-31T18:00:00+05:30,78.11
